p_name,p_helpfulness,p_correctness,p_coherence,p_complexity,p_verbosity,method,params,status,lam_helpfulness,lam_correctness,lam_coherence,lam_complexity,lam_verbosity,dist_l2,dist_R,proxy_pRlam,min_delta,moved,usable,t_star,t_star_lp,u_alpha
balanced,0.2,0.2,0.2,0.2,0.2,Avg,rho=0.5,OK,0.20729856714224332,0.19425871924504728,0.19891899136373103,0.20467079105920039,0.19485293118977803,0.01164940226640742,0.01050613742061887,0.35081985891381157,-0.0047059577091122596,True,True,,,
balanced,0.2,0.2,0.2,0.2,0.2,Cert,,FLOOR_COLLAPSED,0.2,0.2,0.2,0.2,0.2,0.0,0.0,0.35070948002132807,0.0,False,True,0.0,-0.0,
balanced,0.2,0.2,0.2,0.2,0.2,MaxMin,c=0.0,OK_EXACT_D0,0.20586918787521202,0.19518365524249204,0.199217094587612,0.20383530914937198,0.19589475314531202,0.009477348365003718,0.008551324817840558,0.3507993001533597,-0.003947076452735363,True,True,-0.003947076452735363,,
balanced,0.2,0.2,0.2,0.2,0.2,MaxMin,c=0.25,OK,0.2050584856792956,0.19688515595108014,0.1983711389617323,0.2030135519037238,0.19667166750416795,0.007622533133936885,0.006854552629208819,0.3507806681607705,-0.0025635546691589435,True,True,-0.0025635546691589435,,
balanced,0.2,0.2,0.2,0.2,0.2,MaxMin,c=0.5,OK,0.20394578999160717,0.19816761207907685,0.1980159195779294,0.20188568311057858,0.19798499524080804,0.005520826409600632,0.004952120782181159,0.3507585216329993,-0.001518868847392081,True,True,-0.001518868847392081,,
balanced,0.2,0.2,0.2,0.2,0.2,MaxMin,c=0.75,OK,0.20239415209377212,0.19914913043410767,0.19908112930967267,0.2003128864177852,0.1990627017446624,0.0028769241459779956,0.0025751966104394933,0.3507333970766335,-0.0007031621848223701,True,True,-0.0007031621848223701,,
balanced,0.2,0.2,0.2,0.2,0.2,MaxMin,c=0.9,OK,0.20134195593918036,0.19968627622522223,0.19966319534682608,0.199655495839696,0.19965307664907536,0.0015005814379251167,0.0013391752891903656,0.35071923382693637,-0.0002575262745817204,True,True,-0.0002575262745817204,,
balanced,0.2,0.2,0.2,0.2,0.2,MaxMin,c=1.0,OK,0.2,0.2,0.2,0.2,0.2,0.0,0.0,0.35070948002132807,0.0,False,True,0.0,,
balanced,0.2,0.2,0.2,0.2,0.2,Fair,"alpha=0.0,eps=0.02",OK,0.3042189532978816,0.17563559094796455,0.17384308426617875,0.1732451253089711,0.17305724617900406,0.11653812337110382,0.10400300251814025,0.3514669798627857,-0.020000000000000007,True,True,,,0.10378749920728811
balanced,0.2,0.2,0.2,0.2,0.2,Fair,"alpha=0.0,eps=0.05",OK,0.46054738324470396,0.13908897736991138,0.13460771066544686,0.13311281327242774,0.13264311544751012,0.29134530842775946,0.2600075062953506,0.3526032296249721,-0.05000000000000001,True,True,,,0.2594687480182203
balanced,0.2,0.2,0.2,0.2,0.2,Fair,"alpha=0.0,eps=0.1",OK,0.7210947664894078,0.07817795473982277,0.0692154213308937,0.06622562654485548,0.0652862308950202,0.5826906168555189,0.5200150125907012,0.35449697922861606,-0.10000000000000002,True,True,,,0.5189374960364406
balanced,0.2,0.2,0.2,0.2,0.2,Fair,"alpha=1.0,eps=0.02",OK,0.2009257408197657,0.199319439308274,0.19983573283706735,0.20056592461691203,0.19935316241798096,0.0014442341052821842,0.0013015245803886478,0.35072314571250385,-0.0005581073828698146,True,True,,,-19.55841103879766
balanced,0.2,0.2,0.2,0.2,0.2,Fair,"alpha=1.0,eps=0.05",OK,0.20231435259428876,0.19829859768195718,0.1995893325748572,0.20141481198552508,0.19838290516337181,0.0036105864035695045,0.003253812483465964,0.3507436442602427,-0.0013952689320612566,True,True,,,-14.976957379426887
balanced,0.2,0.2,0.2,0.2,0.2,Fair,"alpha=1.0,eps=0.1",OK,0.2046287068370651,0.19659719462100386,0.1991786651088507,0.20282962291313011,0.1967658105199503,0.007221173717451525,0.006507625785085343,0.35077780850759205,-0.002790538469296517,True,True,,,-11.51122147662716
balanced,0.2,0.2,0.2,0.2,0.2,Fair,"alpha=2.0,eps=0.02",OK,0.20046063495590685,0.19965933459886984,0.19991989550210226,0.2002833645603583,0.19967677038276277,0.0007207128889095259,0.000649538238400885,0.3507163007787504,-0.00027935006486295554,True,True,,,-249.9574523398237
balanced,0.2,0.2,0.2,0.2,0.2,Fair,"alpha=2.0,eps=0.05",OK,0.20115158736581232,0.19914833652164005,0.19979973874774884,0.20070841140909118,0.19919192595570767,0.0018017821999935075,0.001623845575664547,0.3507265319146676,-0.00069837514224086,True,True,,,-99.98298093592948
balanced,0.2,0.2,0.2,0.2,0.2,Fair,"alpha=2.0,eps=0.1",OK,0.20230317476484402,0.19829667304926996,0.19959947750363846,0.20141682276522965,0.19838385191701796,0.0036035643941504402,0.003247691145695708,0.3507435838079409,-0.0013967502793216374,True,True,,,-49.99149046796474
dominant_helpfulness,0.5,0.125,0.125,0.125,0.125,Avg,rho=0.5,OK,0.8072985706257897,0.04425863170558335,0.04891949358749778,0.054670364998390765,0.04485293908273848,0.3436708199015821,0.3068681136683272,0.5389351808277913,-0.06627335174611354,True,True,,,
dominant_helpfulness,0.5,0.125,0.125,0.125,0.125,Cert,,FLOOR_COLLAPSED,0.5,0.125,0.125,0.125,0.125,0.0,0.0,0.4447671412098343,0.0,False,True,0.0,-0.0,
dominant_helpfulness,0.5,0.125,0.125,0.125,0.125,MaxMin,c=0.0,OK_EXACT_D0,0.7449512419608051,0.05641538064235497,0.06462043030586746,0.07076250847369243,0.06325043861727998,0.27405358455062606,0.24479150636942268,0.5198725084148814,-0.05629689487134065,True,True,-0.05629689487134065,,
dominant_helpfulness,0.5,0.125,0.125,0.125,0.125,MaxMin,c=0.25,OK,0.6850356878589933,0.08174217552986202,0.07855966700947752,0.07749801993418858,0.07716444966747861,0.20690777576833258,0.1846522777420358,0.5013929439987473,-0.03550902825326203,True,True,-0.03550902825326203,,
dominant_helpfulness,0.5,0.125,0.125,0.125,0.125,MaxMin,c=0.5,OK,0.6229999357505954,0.0962449544620163,0.09412942557100937,0.0934237102381389,0.09320197397824002,0.13753910621391832,0.12274506913379532,0.48240836699418055,-0.023604139527103874,True,True,-0.023604139527103874,,
dominant_helpfulness,0.5,0.125,0.125,0.125,0.125,MaxMin,c=0.75,OK,0.5614413870268037,0.11063617231918695,0.10957941543093713,0.10922689387364481,0.10911613134942741,0.06870404772686321,0.06131407510304155,0.4635698268166691,-0.011790827883521416,True,True,-0.011790827883521416,,
dominant_helpfulness,0.5,0.125,0.125,0.125,0.125,MaxMin,c=0.9,OK,0.5245687709949747,0.11925628863574929,0.11883371975765003,0.11869275579457884,0.1186484648170472,0.027472915191395927,0.024517862354216328,0.45228583339956796,-0.004714837410571987,True,True,-0.004714837410571987,,
dominant_helpfulness,0.5,0.125,0.125,0.125,0.125,MaxMin,c=1.0,OK,0.5,0.125,0.125,0.125,0.125,0.0,0.0,0.4447671412098343,0.0,False,True,0.0,,
dominant_helpfulness,0.5,0.125,0.125,0.125,0.125,Fair,"alpha=0.0,eps=0.02",OK,0.6042189532978816,0.10063559094796455,0.09884308426617874,0.09824512530897109,0.09805724617900405,0.11653812337110377,0.1040030025181402,0.4766608908134784,-0.020000000000000004,True,True,,,0.10378749920728811
dominant_helpfulness,0.5,0.125,0.125,0.125,0.125,Fair,"alpha=0.0,eps=0.05",OK,0.760547383244704,0.06408897736991137,0.059607710665446845,0.05811281327242773,0.05764311544751009,0.29134530842775946,0.2600075062953506,0.5245015152189444,-0.05000000000000002,True,True,,,0.2594687480182203
dominant_helpfulness,0.5,0.125,0.125,0.125,0.125,Fair,"alpha=0.0,eps=0.1",OK,0.9968077005608939,0.00319229943910615,0.0,0.0,0.0,0.5554547751640408,0.49582038532553263,0.5968607670811108,-0.1,True,True,,,0.5181706550108877
dominant_helpfulness,0.5,0.125,0.125,0.125,0.125,Fair,"alpha=1.0,eps=0.02",OK,0.5009257413600764,0.12431943904974124,0.12483573281747638,0.125565924723363,0.1243531620493431,0.0014442347824889649,0.0013015251885746403,0.4450597447235893,-0.0005581075935468456,True,True,,,-19.55841103879766
dominant_helpfulness,0.5,0.125,0.125,0.125,0.125,Fair,"alpha=1.0,eps=0.05",OK,0.5023143531762388,0.12329859758855828,0.12458933254766989,0.12641481153765155,0.12338290514988147,0.0036105866542407838,0.0032538127050910147,0.44549864992443633,-0.0013952690070493643,True,True,,,-14.976957379426889
dominant_helpfulness,0.5,0.125,0.125,0.125,0.125,Fair,"alpha=1.0,eps=0.1",OK,0.5046287071857776,0.12159719486287263,0.12417866478872727,0.12782962291502342,0.12176581024759905,0.00722117398613042,0.006507626016468126,0.4462301588951359,-0.0027905382736034346,True,True,,,-11.511221476627162
dominant_helpfulness,0.5,0.125,0.125,0.125,0.125,Fair,"alpha=2.0,eps=0.02",OK,0.5004606349179208,0.12465933462104051,0.12491989549789449,0.12528336455593747,0.12467677040720668,0.0007207128419183849,0.0006495381960899322,0.4449127656886609,-0.0002793500468458379,True,True,,,-249.9574523398237
dominant_helpfulness,0.5,0.125,0.125,0.125,0.125,Fair,"alpha=2.0,eps=0.05",OK,0.5011515872173801,0.12414833673530581,0.12479973878189833,0.12570841138149047,0.12419192588392532,0.0018017820216755986,0.001623845412430643,0.4451312023818948,-0.0006983749666583086,True,True,,,-99.98298093592948
dominant_helpfulness,0.5,0.125,0.125,0.125,0.125,Fair,"alpha=2.0,eps=0.1",OK,0.5023031746263739,0.12329667336749614,0.12459947724428752,0.12641682280923777,0.1233838519526047,0.0036035641853987923,0.003247690951771568,0.4454952636133377,-0.0013967500219072629,True,True,,,-49.99149046796474
dominant_correctness,0.125,0.5,0.125,0.125,0.125,Avg,rho=0.5,OK,0.057298352368641496,0.7942587248586349,0.0489185671915884,0.05467069939933871,0.04485365618179656,0.3291348380466813,0.29859537118267304,0.5289174939480314,-0.06732889958444443,True,True,,,
dominant_correctness,0.125,0.5,0.125,0.125,0.125,Cert,,FLOOR_COLLAPSED,0.125,0.5,0.125,0.125,0.125,0.0,0.0,0.4397582977882468,0.0,False,True,0.0,-0.0,
dominant_correctness,0.125,0.5,0.125,0.125,0.125,MaxMin,c=0.0,OK_EXACT_D0,0.06710091327507504,0.742279858802625,0.06681798912623753,0.06443494383274999,0.05936629496331251,0.2709481313456507,0.24591261962333674,0.5131711876679468,-0.055289192090221886,True,True,-0.055289192090221886,,
dominant_correctness,0.125,0.5,0.125,0.125,0.125,MaxMin,c=0.25,OK,0.08098595099845884,0.6821801645087151,0.07618071761598538,0.08146617424869923,0.07918699262814138,0.20372578828273388,0.18481652021959138,0.4949291655953196,-0.03857464570201362,True,True,-0.03857464570201362,,
dominant_correctness,0.125,0.5,0.125,0.125,0.125,MaxMin,c=0.5,OK,0.09568773951168169,0.6213274524617618,0.0924875737507607,0.09600755623663487,0.09448967803916089,0.13567630131284633,0.12308319970815501,0.4765007217463531,-0.02568975335630721,True,True,-0.02568975335630721,,
dominant_correctness,0.125,0.5,0.125,0.125,0.125,MaxMin,c=0.75,OK,0.11034891373587387,0.5606428485081318,0.10874938153188482,0.11050876706509287,0.1097500891590166,0.06781480381986679,0.061520420006759904,0.45812318722343254,-0.012840456050034008,True,True,-0.012840456050034008,,
dominant_correctness,0.125,0.5,0.125,0.125,0.125,MaxMin,c=0.9,OK,0.11914023718538336,0.5242543591822583,0.11850049763565042,0.11920417118846457,0.11890073480824345,0.027122812502794448,0.024605347548726286,0.44710341160894285,-0.005135593738802695,True,True,-0.005135593738802695,,
dominant_correctness,0.125,0.5,0.125,0.125,0.125,MaxMin,c=1.0,OK,0.125,0.5,0.125,0.125,0.125,0.0,0.0,0.4397582977882468,0.0,False,True,0.0,,
dominant_correctness,0.125,0.5,0.125,0.125,0.125,Fair,"alpha=0.0,eps=0.02",OK,0.22921895329788158,0.47563559094796454,0.09884308426617873,0.09824512530897109,0.09805724617900405,0.11653812337110381,0.10400300251814021,0.4327317351891579,-0.020000000000000014,True,True,,,0.10378749920728808
dominant_correctness,0.125,0.5,0.125,0.125,0.125,Fair,"alpha=0.0,eps=0.05",OK,0.385547383244704,0.43908897736991137,0.05960771066544683,0.05811281327242772,0.05764311544751009,0.2913453084277595,0.2600075062953506,0.4221918912905244,-0.05000000000000001,True,True,,,0.25946874801822034
dominant_correctness,0.125,0.5,0.125,0.125,0.125,Fair,"alpha=0.0,eps=0.1",OK,0.6218077005608939,0.37819229943910615,0.0,0.0,0.0,0.5554547751640408,0.49582038532553263,0.4045296296646078,-0.1,True,True,,,0.5181706550108877
dominant_correctness,0.125,0.5,0.125,0.125,0.125,Fair,"alpha=1.0,eps=0.02",OK,0.12592574090937367,0.49931943924812955,0.12483573291238101,0.1255659245688651,0.1243531623612507,0.0014442341890764094,0.0013015246563265253,0.43955754855914697,-0.0005581074309013016,True,True,,,-19.558411038797665
dominant_correctness,0.125,0.5,0.125,0.125,0.125,Fair,"alpha=1.0,eps=0.05",OK,0.12731435332019633,0.4982985973619114,0.12458933259164558,0.12641481154947465,0.12338290517677204,0.0036105868409056015,0.0032538128764082117,0.43925642449302865,-0.0013952691922086429,True,True,,,-14.976957379426889
dominant_correctness,0.125,0.5,0.125,0.125,0.125,Fair,"alpha=1.0,eps=0.1",OK,0.12962870669042864,0.4965971948190154,0.12417866511289564,0.12782962297065162,0.12176581040700872,0.007221173602814281,0.006507625679177812,0.43875455122633367,-0.002790538306986593,True,True,,,-11.51122147662716
dominant_correctness,0.125,0.5,0.125,0.125,0.125,Fair,"alpha=2.0,eps=0.02",OK,0.12546063491191578,0.499659334612724,0.12491989550710432,0.12528336456743186,0.12467677040082417,0.0007207128483694849,0.0006495382021439206,0.439657804491311,-0.0002793500535731516,True,True,,,-249.9574523398237
dominant_correctness,0.125,0.5,0.125,0.125,0.125,Fair,"alpha=2.0,eps=0.05",OK,0.12615158742720503,0.4991483365036693,0.1247997387503051,0.12570841133562627,0.12419192598319434,0.0018017822062304108,0.001623845581123464,0.4395070645378319,-0.0006983751567563904,True,True,,,-99.98298093592948
dominant_correctness,0.125,0.5,0.125,0.125,0.125,Fair,"alpha=2.0,eps=0.1",OK,0.1273031747280359,0.498296673052994,0.12459947748969336,0.1264168227814701,0.1233838519478066,0.003603564362991657,0.0032476911179497195,0.4392558313009746,-0.001396750276601976,True,True,,,-49.99149046796474
dominant_coherence,0.125,0.125,0.5,0.125,0.125,Avg,rho=0.5,OK,0.05729901947073957,0.04425819048472613,0.7989189140385966,0.05467095554459718,0.044852920461340505,0.33440231546899346,0.3017447118254008,0.5326988436990708,-0.07245407583094345,True,True,,,
dominant_coherence,0.125,0.125,0.5,0.125,0.125,Cert,,FLOOR_COLLAPSED,0.125,0.125,0.5,0.125,0.125,0.0,0.0,0.44164897248127194,0.0,False,True,0.0,-0.0,
dominant_coherence,0.125,0.125,0.5,0.125,0.125,MaxMin,c=0.0,OK_EXACT_D0,0.07127252359346756,0.06278454978111755,0.7432882186389048,0.0699255371379425,0.05272917084856752,0.27240196493642255,0.2460253815328093,0.515851802982496,-0.06469755842720534,True,True,-0.06469755842720534,,
dominant_coherence,0.125,0.125,0.5,0.125,0.125,MaxMin,c=0.25,OK,0.07749661724078316,0.0759211978164416,0.6855199064651261,0.07699216410947651,0.08407011436817267,0.20751612885965404,0.18699792355838024,0.49799151924423446,-0.0379013111642706,True,True,-0.0379013111642706,,
dominant_coherence,0.125,0.125,0.5,0.125,0.125,MaxMin,c=0.5,OK,0.09354593661489954,0.09250278264242287,0.6228408285517265,0.0932119161758212,0.09789853601512992,0.13740548759795013,0.12381948818889642,0.47895583220835863,-0.02509611262385481,True,True,-0.02509611262385481,,
dominant_coherence,0.125,0.125,0.5,0.125,0.125,MaxMin,c=0.75,OK,0.10930745100170342,0.10878701761205099,0.5612857454198571,0.10914080696457237,0.11147897900181612,0.06855210789036106,0.061774002346185374,0.4602615033035123,-0.012520543759162311,True,True,-0.012520543759162311,,
dominant_coherence,0.125,0.125,0.5,0.125,0.125,MaxMin,c=0.9,OK,0.1187275416299035,0.1185195195443034,0.5244964847245734,0.11866093245215636,0.11959552164906326,0.027400917656611203,0.024691645577321966,0.4490885748529016,-0.005004578256142088,True,True,-0.005004578256142088,,
dominant_coherence,0.125,0.125,0.5,0.125,0.125,MaxMin,c=1.0,OK,0.125,0.125,0.5,0.125,0.125,0.0,0.0,0.44164897248127194,0.0,False,True,0.0,,
dominant_coherence,0.125,0.125,0.5,0.125,0.125,Fair,"alpha=0.0,eps=0.02",OK,0.2292189532978816,0.10063559094796455,0.4738430842661787,0.09824512530897109,0.09805724617900403,0.11653812337110382,0.10400300251814025,0.4346224098821829,-0.020000000000000018,True,True,,,0.10378749920728812
dominant_coherence,0.125,0.125,0.5,0.125,0.125,Fair,"alpha=0.0,eps=0.05",OK,0.385547383244704,0.06408897736991138,0.43460771066544684,0.058112813272427705,0.05764311544751009,0.2913453084277595,0.2600075062953506,0.42408256598354943,-0.05,True,True,,,0.2594687480182203
dominant_coherence,0.125,0.125,0.5,0.125,0.125,Fair,"alpha=0.0,eps=0.1",OK,0.6271245681149545,0.0032602931295633852,0.3696151387554821,0.0,0.0,0.5614266204725972,0.5011477738875493,0.40644223813922103,-0.10000000000000002,True,True,,,0.5183461252635932
dominant_coherence,0.125,0.125,0.5,0.125,0.125,Fair,"alpha=1.0,eps=0.02",OK,0.12592574090937353,0.12431943924812952,0.49983573291238104,0.12556592456886514,0.12435316236125077,0.0014442341890763208,0.0013015246563264477,0.4416171914056841,-0.000558107430901327,True,True,,,-19.558411038797665
dominant_coherence,0.125,0.125,0.5,0.125,0.125,Fair,"alpha=1.0,eps=0.05",OK,0.12731435259428855,0.12329859768195707,0.49958933257485716,0.1264148119855252,0.12338290516337201,0.00361058640356939,0.003253812483465866,0.44156951989627635,-0.001395268932061333,True,True,,,-14.976957379426887
dominant_coherence,0.125,0.125,0.5,0.125,0.125,Fair,"alpha=1.0,eps=0.1",OK,0.12962870718577763,0.12159719486287263,0.49917866478872724,0.12782962291502342,0.12176581024759905,0.0072211739861304585,0.006507626016468161,0.4414900672112049,-0.0027905382736034302,True,True,,,-11.511221476627162
dominant_coherence,0.125,0.125,0.5,0.125,0.125,Fair,"alpha=2.0,eps=0.02",OK,0.1254606349492678,0.12465933461203908,0.49991989549861604,0.1252833645566437,0.12467677038343337,0.0007207128770676781,0.0006495382275357053,0.4416336838185867,-0.0002793500541116142,True,True,,,-249.9574523398237
dominant_coherence,0.125,0.125,0.5,0.125,0.125,Fair,"alpha=2.0,eps=0.05",OK,0.1261515874153543,0.1241483364991848,0.4997997388635079,0.12570841138505137,0.12419192583690164,0.001801782273236637,0.0016238456417953264,0.44161075086182777,-0.000698375158854774,True,True,,,-99.98298093592948
dominant_coherence,0.125,0.125,0.5,0.125,0.125,Fair,"alpha=2.0,eps=0.1",OK,0.12730317603880223,0.12329667367553161,0.4995994775878596,0.1264168211576786,0.12338385154012795,0.0036035644399898038,0.003247691161895665,0.441572529199955,-0.0013967497585026514,True,True,,,-49.99149046796474
dominant_complexity,0.125,0.125,0.125,0.5,0.125,Avg,rho=0.5,OK,0.05729823224869151,0.044258702293429035,0.04891929972093385,0.8046708203413245,0.04485294539562107,0.3407914591009571,0.30531075813102704,0.5370284197708887,-0.06766809294570113,True,True,,,
dominant_complexity,0.125,0.125,0.125,0.5,0.125,Cert,,FLOOR_COLLAPSED,0.125,0.125,0.125,0.5,0.125,0.0,0.0,0.44381376055709687,0.0,False,True,0.0,-0.0,
dominant_complexity,0.125,0.125,0.125,0.5,0.125,MaxMin,c=0.0,OK_EXACT_D0,0.07279638719953248,0.055783289925869964,0.06530732257618245,0.7444427722793451,0.061670228019069975,0.273573234837949,0.24517978062434542,0.5186560753767965,-0.057911633033791106,True,True,-0.057911633033791106,,
dominant_complexity,0.125,0.125,0.125,0.5,0.125,MaxMin,c=0.25,OK,0.07717506022371472,0.08192325247798797,0.07774740806209889,0.6851161451916093,0.0780381340445892,0.20700010278051856,0.18531920485663467,0.5003370476545977,-0.036237956534564665,True,True,-0.036237956534564665,,
dominant_complexity,0.125,0.125,0.125,0.5,0.125,MaxMin,c=0.5,OK,0.09324178306399272,0.09639482665109367,0.09362185143207258,0.6229266304328448,0.09381490841999629,0.1374587025228044,0.12306147248226489,0.48134812697712004,-0.024063864802041417,True,True,-0.024063864802041417,,
dominant_complexity,0.125,0.125,0.125,0.5,0.125,MaxMin,c=0.75,OK,0.10914128769278,0.11071578449909376,0.10933107778454118,0.5613843677325644,0.10942748229102063,0.06864107080776617,0.06145170215732063,0.4625568379750874,-0.012016477803661963,True,True,-0.012016477803661963,,
dominant_complexity,0.125,0.125,0.125,0.5,0.125,MaxMin,c=0.9,OK,0.1186592219122437,0.11928875189269285,0.11873510555473603,0.5245432697377469,0.11877365090258048,0.0274447123616632,0.02457019201471208,0.45130779237297197,-0.004804540095905647,True,True,-0.004804540095905647,,
dominant_complexity,0.125,0.125,0.125,0.5,0.125,MaxMin,c=1.0,OK,0.125,0.125,0.125,0.5,0.125,0.0,0.0,0.44381376055709687,0.0,False,True,0.0,,
dominant_complexity,0.125,0.125,0.125,0.5,0.125,Fair,"alpha=0.0,eps=0.02",OK,0.22921895329788156,0.10063559094796455,0.09884308426617874,0.4732451253089711,0.09805724617900403,0.11653812337110375,0.1040030025181402,0.4367871979580079,-0.020000000000000004,True,True,,,0.10378749920728812
dominant_complexity,0.125,0.125,0.125,0.5,0.125,Fair,"alpha=0.0,eps=0.05",OK,0.385547383244704,0.06408897736991137,0.059607710665446845,0.4331128132724277,0.05764311544751009,0.2913453084277595,0.26000750629535063,0.42624735405937436,-0.050000000000000044,True,True,,,0.25946874801822023
dominant_complexity,0.125,0.125,0.125,0.5,0.125,Fair,"alpha=0.0,eps=0.1",OK,0.6303975949343255,0.0031534314478158937,0.0,0.36644897361785866,0.0,0.5651187413995983,0.5044007871516414,0.4085962218558528,-0.10000000000000002,True,True,,,0.5182596903900478
dominant_complexity,0.125,0.125,0.125,0.5,0.125,Fair,"alpha=1.0,eps=0.02",OK,0.12592574090937356,0.12431943924812952,0.12483573291238105,0.5005659245688651,0.12435316236125078,0.0014442341890762982,0.0013015246563264269,0.4440016455063181,-0.0005581074309013316,True,True,,,-19.558411038797665
dominant_complexity,0.125,0.125,0.125,0.5,0.125,Fair,"alpha=1.0,eps=0.05",OK,0.12731435327597543,0.12329859734406928,0.12458933266961063,0.5014148115484405,0.12338290516190419,0.00361058681835406,0.0032538128572331573,0.4442834729861525,-0.0013952692059397,True,True,,,-14.976957379426889
dominant_complexity,0.125,0.125,0.125,0.5,0.125,Fair,"alpha=1.0,eps=0.1",OK,0.12962870718577763,0.12159719486287263,0.12417866478872727,0.5028296229150234,0.12176581024759905,0.007221173986130455,0.006507626016468159,0.44475318536325853,-0.0027905382736034246,True,True,,,-11.511221476627162
dominant_complexity,0.125,0.125,0.125,0.5,0.125,Fair,"alpha=2.0,eps=0.02",OK,0.12546063494926776,0.12465933461203907,0.12491989549861607,0.5002833645566437,0.12467677038343339,0.0007207128770676468,0.0006495382275356773,0.4439078116138214,-0.0002793500541116303,True,True,,,-249.9574523398237
dominant_complexity,0.125,0.125,0.125,0.5,0.125,Fair,"alpha=2.0,eps=0.05",OK,0.12615158721738015,0.12414833673530584,0.12479973878189833,0.5007084113814905,0.1241919258839252,0.0018017820216756888,0.0016238454124307222,0.4440488881929811,-0.0006983749666582854,True,True,,,-99.98298093592948
dominant_complexity,0.125,0.125,0.125,0.5,0.125,Fair,"alpha=2.0,eps=0.1",OK,0.12730317473102665,0.12329667306584426,0.12459947761434334,0.5014168227705567,0.12338385181822908,0.0036035643987975927,0.003247691150164406,0.4442840158370598,-0.0013967502642397648,True,True,,,-49.99149046796474
dominant_verbosity,0.125,0.125,0.125,0.125,0.5,Avg,rho=0.5,OK,0.05729844133796265,0.04425924033383883,0.04891880630706264,0.054670517965491466,0.7948529940556445,0.32981122403171864,0.29915301068349553,0.5295841487156971,-0.07037768055650509,True,True,,,
dominant_verbosity,0.125,0.125,0.125,0.125,0.5,Cert,,FLOOR_COLLAPSED,0.125,0.125,0.125,0.125,0.5,0.0,0.0,0.44009162493019377,0.0,False,True,0.0,-0.0,
dominant_verbosity,0.125,0.125,0.125,0.125,0.5,MaxMin,c=0.0,OK_EXACT_D0,0.07322487334717998,0.05865519706049249,0.05605151229086747,0.06961078402312998,0.74245763327833,0.2714587625327935,0.24642938244930016,0.5137814846860294,-0.06300181458588042,True,True,-0.06300181458588042,,
dominant_verbosity,0.125,0.125,0.125,0.125,0.5,MaxMin,c=0.25,OK,0.07575004003586205,0.07864279319442463,0.08380292083658225,0.07697606606632396,0.6848281798668071,0.2067353448596148,0.1872572178417182,0.4960305950040351,-0.03892011921408505,True,True,-0.03892011921408505,,
dominant_verbosity,0.125,0.125,0.125,0.125,0.5,MaxMin,c=0.5,OK,0.09238512376045621,0.09430079610469326,0.09771799531768266,0.09319703685194074,0.6223990479652272,0.13690666331191903,0.12400763349485125,0.47713617455529744,-0.02577413001594283,True,True,-0.02577413001594283,,
dominant_verbosity,0.125,0.125,0.125,0.125,0.5,MaxMin,c=0.75,OK,0.10872764361512177,0.10968341922110948,0.11138834316512504,0.10913272683791672,0.561067867160727,0.06830606992078764,0.061870429673040475,0.4585740532917075,-0.012859341425956811,True,True,-0.012859341425956811,,
dominant_verbosity,0.125,0.125,0.125,0.125,0.5,MaxMin,c=0.9,OK,0.11849569861035508,0.11887773624861589,0.11955921955171062,0.11865761636256217,0.5244097292267562,0.027302945867128194,0.02473052532663567,0.4474793247588134,-0.0051400688584042,True,True,-0.0051400688584042,,
dominant_verbosity,0.125,0.125,0.125,0.125,0.5,MaxMin,c=1.0,OK,0.125,0.125,0.125,0.125,0.5,0.0,0.0,0.44009162493019377,0.0,False,True,0.0,,
dominant_verbosity,0.125,0.125,0.125,0.125,0.5,Fair,"alpha=0.0,eps=0.02",OK,0.22921895329788156,0.10063559094796456,0.09884308426617873,0.09824512530897109,0.473057246179004,0.11653812337110377,0.1040030025181402,0.43306506233110476,-0.020000000000000025,True,True,,,0.1037874992072881
dominant_verbosity,0.125,0.125,0.125,0.125,0.5,Fair,"alpha=0.0,eps=0.05",OK,0.385547383244704,0.0640889773699114,0.05960771066544685,0.058112813272427725,0.43264311544751016,0.2913453084277595,0.2600075062953506,0.42252521843247137,-0.049999999999999975,True,True,,,0.2594687480182203
dominant_verbosity,0.125,0.125,0.125,0.125,0.5,Fair,"alpha=0.0,eps=0.1",OK,0.6312492472558444,0.003146352997241461,0.0,0.0,0.36560439974691417,0.5660819631487733,0.505243666741756,0.40492183603385257,-0.1,True,True,,,0.5186416888292703
dominant_verbosity,0.125,0.125,0.125,0.125,0.5,Fair,"alpha=1.0,eps=0.02",OK,0.1259257409093736,0.12431943924812953,0.12483573291238105,0.12556592456886512,0.4993531623612507,0.0014442341890763802,0.0013015246563265004,0.4399119953724282,-0.00055810743090131,True,True,,,-19.558411038797665
dominant_verbosity,0.125,0.125,0.125,0.125,0.5,Fair,"alpha=1.0,eps=0.05",OK,0.12731435326990456,0.12329859742084906,0.1245893326674384,0.12641481144828726,0.49838290519352074,0.0036105867251237087,0.0032538127719642417,0.4396425508304499,-0.0013952691428882951,True,True,,,-14.976957379426887
dominant_verbosity,0.125,0.125,0.125,0.125,0.5,Fair,"alpha=1.0,eps=0.1",OK,0.12962870648809566,0.12159719484898773,0.12417866527080344,0.12782962308278695,0.4967658103093262,0.0072211735287264905,0.006507625614385057,0.4391934767081609,-0.0027905382808552587,True,True,,,-11.51122147662716
dominant_verbosity,0.125,0.125,0.125,0.125,0.5,Fair,"alpha=2.0,eps=0.02",OK,0.12546063504937877,0.12465933456929722,0.12491989545679992,0.1252833645275212,0.4996767703970029,0.0007207129483673413,0.0006495382913996789,0.4400018351365888,-0.00027935008946473595,True,True,,,-249.9574523398237
dominant_verbosity,0.125,0.125,0.125,0.125,0.5,Fair,"alpha=2.0,eps=0.05",OK,0.12615158712150604,0.12414833648128931,0.12479973890423451,0.1257084114498098,0.49919192604316037,0.0018017820223163756,0.0016238454199141738,0.4398671504552625,-0.000698375174143838,True,True,,,-99.98298093592948
dominant_verbosity,0.125,0.125,0.125,0.125,0.5,Fair,"alpha=2.0,eps=0.1",OK,0.1273031748050227,0.12329667289562489,0.12459947733239254,0.12641682283232022,0.49838385213463965,0.003603564440266109,0.0032476911895387753,0.43964267600394275,-0.0013967504079370424,True,True,,,-49.99149046796474
only_helpfulness,1.0,0.0,0.0,0.0,0.0,Avg,rho=0.5,OK,1.0,0.0,0.0,0.0,0.0,0.0,0.0,1.0,0.0,False,True,,,
only_helpfulness,1.0,0.0,0.0,0.0,0.0,Cert,,FLOOR_COLLAPSED,1.0,0.0,0.0,0.0,0.0,0.0,0.0,1.0,0.0,False,True,0.0,-0.0,
only_helpfulness,1.0,0.0,0.0,0.0,0.0,MaxMin,c=0.0,INFEASIBLE_BALL_MISSES_SIMPLEX,,,,,,,,,,False,False,,,
only_helpfulness,1.0,0.0,0.0,0.0,0.0,MaxMin,c=0.25,INFEASIBLE_BALL_MISSES_SIMPLEX,,,,,,,,,,False,False,,,
only_helpfulness,1.0,0.0,0.0,0.0,0.0,MaxMin,c=0.5,INFEASIBLE_BALL_MISSES_SIMPLEX,,,,,,,,,,False,False,,,
only_helpfulness,1.0,0.0,0.0,0.0,0.0,MaxMin,c=0.75,INFEASIBLE_BALL_MISSES_SIMPLEX,,,,,,,,,,False,False,,,
only_helpfulness,1.0,0.0,0.0,0.0,0.0,MaxMin,c=0.9,INFEASIBLE_BALL_MISSES_SIMPLEX,,,,,,,,,,False,False,,,
only_helpfulness,1.0,0.0,0.0,0.0,0.0,MaxMin,c=1.0,OK,1.0,0.0,0.0,0.0,0.0,0.0,0.0,1.0,0.0,False,True,0.0,,
only_helpfulness,1.0,0.0,0.0,0.0,0.0,Fair,"alpha=0.0,eps=0.02",OK,1.0,0.0,0.0,0.0,0.0,0.0,0.0,1.0,0.0,False,True,,,0.1
only_helpfulness,1.0,0.0,0.0,0.0,0.0,Fair,"alpha=0.0,eps=0.05",OK,1.0,0.0,0.0,0.0,0.0,0.0,0.0,1.0,0.0,False,True,,,0.25
only_helpfulness,1.0,0.0,0.0,0.0,0.0,Fair,"alpha=0.0,eps=0.1",OK,1.0,0.0,0.0,0.0,0.0,0.0,0.0,1.0,0.0,False,True,,,0.5
only_helpfulness,1.0,0.0,0.0,0.0,0.0,Fair,"alpha=1.0,eps=0.02",OK,0.9999999999999973,1.1700540839758771e-15,1.5662057680714735e-16,2.581284402926961e-16,1.0262884475048718e-15,3.1005165667461026e-15,2.778741180477841e-15,0.9999999999999978,-2.1640470931835735e-15,False,True,,,-19.560115027140576
only_helpfulness,1.0,0.0,0.0,0.0,0.0,Fair,"alpha=1.0,eps=0.05",OK,0.9999999999999984,2.646212157146466e-18,0.0,1.4888155812353674e-15,3.83088410286459e-18,2.152319687054027e-15,1.9185634195953462e-15,0.9999999999999988,-1.247039203362486e-15,False,True,,,-14.9786613677699
only_helpfulness,1.0,0.0,0.0,0.0,0.0,Fair,"alpha=1.0,eps=0.1",OK,0.9999999999999998,1.285863776567808e-16,6.266688556966214e-17,0.0,8.998878031629684e-17,2.790401086313961e-16,2.512431317146608e-16,0.9999999999999998,-1.6845565730969201e-16,False,True,,,-11.512925464970223
only_helpfulness,1.0,0.0,0.0,0.0,0.0,Fair,"alpha=2.0,eps=0.02",OK,0.999999999999996,2.4852096482932553e-15,0.0,1.4565073998356786e-15,0.0,4.926673739194779e-15,4.422398385617505e-15,0.9999999999999968,-3.2458167985867045e-15,False,True,,,-249.99999999998278
only_helpfulness,1.0,0.0,0.0,0.0,0.0,Fair,"alpha=2.0,eps=0.05",OK,0.9999999999999912,7.46406829222168e-16,6.4492917545044715e-15,1.0098943782206851e-19,1.465837690476639e-15,1.1010242124728337e-14,9.838849336687503e-15,0.9999999999999929,-7.074085326385668e-15,False,True,,,-99.99999999999449
only_helpfulness,1.0,0.0,0.0,0.0,0.0,Fair,"alpha=2.0,eps=0.1",OK,0.9999999999999049,0.0,2.1834690664931324e-15,6.96621465208951e-14,2.3392462074030182e-14,1.2023964544188245e-13,1.0709893262300832e-13,0.9999999999999243,-7.574760072830304e-14,False,True,,,-49.999999999998984
only_correctness,0.0,1.0,0.0,0.0,0.0,Avg,rho=0.5,OK,0.0,1.0,0.0,0.0,0.0,0.0,0.0,1.0,0.0,False,True,,,
only_correctness,0.0,1.0,0.0,0.0,0.0,Cert,,FLOOR_COLLAPSED,0.0,1.0,0.0,0.0,0.0,0.0,0.0,1.0,0.0,False,True,0.0,-0.0,
only_correctness,0.0,1.0,0.0,0.0,0.0,MaxMin,c=0.0,INFEASIBLE_BALL_MISSES_SIMPLEX,,,,,,,,,,False,False,,,
only_correctness,0.0,1.0,0.0,0.0,0.0,MaxMin,c=0.25,INFEASIBLE_BALL_MISSES_SIMPLEX,,,,,,,,,,False,False,,,
only_correctness,0.0,1.0,0.0,0.0,0.0,MaxMin,c=0.5,INFEASIBLE_BALL_MISSES_SIMPLEX,,,,,,,,,,False,False,,,
only_correctness,0.0,1.0,0.0,0.0,0.0,MaxMin,c=0.75,INFEASIBLE_BALL_MISSES_SIMPLEX,,,,,,,,,,False,False,,,
only_correctness,0.0,1.0,0.0,0.0,0.0,MaxMin,c=0.9,INFEASIBLE_BALL_MISSES_SIMPLEX,,,,,,,,,,False,False,,,
only_correctness,0.0,1.0,0.0,0.0,0.0,MaxMin,c=1.0,OK,1.5266165300806552e-16,0.9999999999999998,0.0,3.5197436969441814e-17,4.7175045168863555e-17,2.758146684485261e-16,2.5091877817484163e-16,0.9999999999999998,-1.7965539873048073e-16,False,True,-1.7965539873048073e-16,,
only_correctness,0.0,1.0,0.0,0.0,0.0,Fair,"alpha=0.0,eps=0.02",OK,0.024441320027926202,0.9755586799720738,0.0,0.0,0.0,0.034565246265794394,0.03126743995144227,0.98,-0.020000000000000004,True,True,,,0.10130584261372579
only_correctness,0.0,1.0,0.0,0.0,0.0,Fair,"alpha=0.0,eps=0.05",OK,0.06110330006981551,0.9388966999301845,0.0,0.0,0.0,0.08641311566448594,0.07816859987860564,0.9500000000000001,-0.049999999999999954,True,True,,,0.2532646065343145
only_correctness,0.0,1.0,0.0,0.0,0.0,Fair,"alpha=0.0,eps=0.1",OK,0.12220660013963101,0.877793399860369,0.0,0.0,0.0,0.17282623132897196,0.15633719975721136,0.9,-0.10000000000000002,True,True,,,0.506529213068629
only_correctness,0.0,1.0,0.0,0.0,0.0,Fair,"alpha=1.0,eps=0.02",OK,0.0006330487061990135,0.9990777770999912,0.0,0.00028917419380980225,0.0,0.001155364642044392,0.0010502456574648944,0.9992442819646331,-0.0007557180353669005,True,True,,,-19.558950452326336
only_correctness,0.0,1.0,0.0,0.0,0.0,Fair,"alpha=1.0,eps=0.05",OK,0.0015826215415057098,0.9976944425774646,5.98732881915562e-17,0.000722935881029519,0.0,0.0028884117193235625,0.0026256142521741284,0.9981107047689426,-0.0018892952310574785,True,True,,,-14.977496792955597
only_correctness,0.0,1.0,0.0,0.0,0.0,Fair,"alpha=1.0,eps=0.1",OK,0.0031652430367618196,0.9953888855487765,1.9800335646425743e-17,0.0014458714144615775,1.1647573797777464e-16,0.005776823011933877,0.005251228113388812,0.9962214098614577,-0.00377859013854227,True,True,,,-11.511760890155875
only_correctness,0.0,1.0,0.0,0.0,0.0,Fair,"alpha=2.0,eps=0.02",OK,0.0003168142608361927,0.9995367248676416,0.0,0.0001464608715223452,0.0,0.0005800395771134938,0.0005272819120608516,0.9996203635010341,-0.00037963649896587587,True,True,,,-249.97080633464438
only_correctness,0.0,1.0,0.0,0.0,0.0,Fair,"alpha=2.0,eps=0.05",OK,0.0007920356688386741,0.9988418121528816,4.3299987081046386e-15,0.0003661521782650517,1.0383746882445252e-14,0.0014500989647516273,0.0013182048000451062,0.9990509087393128,-0.0009490912606872013,True,True,,,-99.9883225339668
only_correctness,0.0,1.0,0.0,0.0,0.0,Fair,"alpha=2.0,eps=0.1",OK,0.0015840750168355374,0.99768362416659,0.0,0.000732300816574509,0.0,0.0029001991563553492,0.002636410666686112,0.9981018173779088,-0.0018981826220912793,True,True,,,-49.99416126699018
only_coherence,0.0,0.0,1.0,0.0,0.0,Avg,rho=0.5,OK,0.0,0.0,1.0,0.0,0.0,0.0,0.0,1.0,0.0,False,True,,,
only_coherence,0.0,0.0,1.0,0.0,0.0,Cert,,FLOOR_COLLAPSED,0.0,0.0,1.0,0.0,0.0,0.0,0.0,1.0,0.0,False,True,0.0,-0.0,
only_coherence,0.0,0.0,1.0,0.0,0.0,MaxMin,c=0.0,INFEASIBLE_BALL_MISSES_SIMPLEX,,,,,,,,,,False,False,,,
only_coherence,0.0,0.0,1.0,0.0,0.0,MaxMin,c=0.25,INFEASIBLE_BALL_MISSES_SIMPLEX,,,,,,,,,,False,False,,,
only_coherence,0.0,0.0,1.0,0.0,0.0,MaxMin,c=0.5,INFEASIBLE_BALL_MISSES_SIMPLEX,,,,,,,,,,False,False,,,
only_coherence,0.0,0.0,1.0,0.0,0.0,MaxMin,c=0.75,INFEASIBLE_BALL_MISSES_SIMPLEX,,,,,,,,,,False,False,,,
only_coherence,0.0,0.0,1.0,0.0,0.0,MaxMin,c=0.9,INFEASIBLE_BALL_MISSES_SIMPLEX,,,,,,,,,,False,False,,,
only_coherence,0.0,0.0,1.0,0.0,0.0,MaxMin,c=1.0,OK,0.0,1.1340667157510975e-16,0.9999999999999998,0.0,0.0,2.4932885860657617e-16,2.291133589240578e-16,0.9999999999999998,-2.002653131024278e-16,False,True,-2.002653131024278e-16,,
only_coherence,0.0,0.0,1.0,0.0,0.0,Fair,"alpha=0.0,eps=0.02",OK,0.024902609765547198,0.0,0.9750973902344529,0.0,0.0,0.03521760846892149,0.03156112150450116,0.9800000000000001,-0.01999999999999995,True,True,,,0.10082827241632558
only_coherence,0.0,0.0,1.0,0.0,0.0,Fair,"alpha=0.0,eps=0.05",OK,0.062256524413867996,0.0,0.937743475586132,0.0,0.0,0.08804402117230381,0.07890280376125298,0.9500000000000001,-0.049999999999999975,True,True,,,0.252070681040814
only_coherence,0.0,0.0,1.0,0.0,0.0,Fair,"alpha=0.0,eps=0.1",OK,0.12451304882773599,0.0,0.875486951172264,0.0,0.0,0.17608804234460762,0.15780560752250597,0.9,-0.09999999999999995,True,True,,,0.504141362081628
only_coherence,0.0,0.0,1.0,0.0,0.0,Fair,"alpha=1.0,eps=0.02",OK,0.0004506656732692967,9.61083542701975e-20,0.9994285710071426,0.000120763319588065,0.0,0.0007377089007862619,0.0006618512750573866,0.9995410445755288,-0.0004589554244712183,True,True,,,-19.559669485506163
only_coherence,0.0,0.0,1.0,0.0,0.0,Fair,"alpha=1.0,eps=0.05",OK,0.0011266642461370553,0.0,0.9985714277767651,0.0003019079770978322,0.0,0.0018442720371889734,0.0016546279935111764,0.998852611646824,-0.001147388353175909,True,True,,,-14.978215826135493
only_coherence,0.0,0.0,1.0,0.0,0.0,Fair,"alpha=1.0,eps=0.1",OK,0.0022533283974742893,0.0,0.9971428550165143,0.0006038165860113002,0.0,0.003688544535865558,0.003309256403851208,0.9977052228622276,-0.0022947771377724107,True,True,,,-11.512479923335771
only_coherence,0.0,0.0,1.0,0.0,0.0,Fair,"alpha=2.0,eps=0.02",OK,0.000225249533489144,4.951128969284763e-16,0.9997135237096699,6.122675683625685e-05,4.1613671035177695e-15,0.0003695331284351155,0.00033153820571839705,0.9997699102983872,-0.00023008970161270687,True,True,,,-249.98884767953137
only_coherence,0.0,0.0,1.0,0.0,0.0,Fair,"alpha=2.0,eps=0.05",OK,0.0005631230193340057,3.300381152677331e-15,0.9992838095640231,0.0001530674166385103,1.215726658671273e-15,0.0009238321868851802,0.0008288449484464666,0.999424775978648,-0.0005752240213520464,True,True,,,-99.99553907182086
only_coherence,0.0,0.0,1.0,0.0,0.0,Fair,"alpha=2.0,eps=0.1",OK,0.0011262462960636558,0.0,0.998567619028768,0.0003061346751681739,6.92616774875032e-27,0.0018476645814338001,0.0016576900822429235,0.9988495518775948,-0.001150448122405213,True,True,,,-49.99776953590962
only_complexity,0.0,0.0,0.0,1.0,0.0,Avg,rho=0.5,OK,0.0,0.0,0.0,1.0,0.0,0.0,0.0,1.0,0.0,False,True,,,
only_complexity,0.0,0.0,0.0,1.0,0.0,Cert,,FLOOR_COLLAPSED,0.0,0.0,0.0,1.0,0.0,0.0,0.0,1.0,0.0,False,True,0.0,-0.0,
only_complexity,0.0,0.0,0.0,1.0,0.0,MaxMin,c=0.0,INFEASIBLE_BALL_MISSES_SIMPLEX,,,,,,,,,,False,False,,,
only_complexity,0.0,0.0,0.0,1.0,0.0,MaxMin,c=0.25,INFEASIBLE_BALL_MISSES_SIMPLEX,,,,,,,,,,False,False,,,
only_complexity,0.0,0.0,0.0,1.0,0.0,MaxMin,c=0.5,INFEASIBLE_BALL_MISSES_SIMPLEX,,,,,,,,,,False,False,,,
only_complexity,0.0,0.0,0.0,1.0,0.0,MaxMin,c=0.75,INFEASIBLE_BALL_MISSES_SIMPLEX,,,,,,,,,,False,False,,,
only_complexity,0.0,0.0,0.0,1.0,0.0,MaxMin,c=0.9,INFEASIBLE_BALL_MISSES_SIMPLEX,,,,,,,,,,False,False,,,
only_complexity,0.0,0.0,0.0,1.0,0.0,MaxMin,c=1.0,OK,1.5266165300806552e-16,1.6994552921293641e-16,0.0,0.9999999999999998,4.7175045168863555e-17,3.22050236239034e-16,2.9572876508839635e-16,0.9999999999999999,-1.513336607753457e-16,False,True,-1.513336607753457e-16,,
only_complexity,0.0,0.0,0.0,1.0,0.0,Fair,"alpha=0.0,eps=0.02",OK,0.0251747497463347,0.0,0.0,0.9748252502536653,0.0,0.03560247252061517,0.031733105581606545,0.98,-0.020000000000000014,True,True,,,0.10025601193968708
only_complexity,0.0,0.0,0.0,1.0,0.0,Fair,"alpha=0.0,eps=0.05",OK,0.06293687436583675,0.0,0.0,0.9370631256341633,0.0,0.08900618130153791,0.07933276395401632,0.9500000000000001,-0.049999999999999975,True,True,,,0.25064002984921774
only_complexity,0.0,0.0,0.0,1.0,0.0,Fair,"alpha=0.0,eps=0.1",OK,0.1258737487316735,0.0,0.0,0.8741262512683265,0.0,0.17801236260307582,0.15866552790803265,0.9,-0.09999999999999995,True,True,,,0.5012800596984355
only_complexity,0.0,0.0,0.0,1.0,0.0,Fair,"alpha=1.0,eps=0.02",OK,0.00016111256085579536,1.2690195365641915e-16,0.0,0.9998388874391442,4.113768646680672e-17,0.0002278475686309474,0.00020308451745006183,0.9998720046375998,-0.00012799536240017752,True,True,,,-19.56007406587549
only_complexity,0.0,0.0,0.0,1.0,0.0,Fair,"alpha=1.0,eps=0.05",OK,0.00040278222324566384,1.0648807347600378e-19,8.388612306895887e-17,0.9995972177767541,3.4006362714126726e-17,0.0005696200827969419,0.0005077123286404406,0.9996800109416741,-0.0003199890583258094,True,True,,,-14.978620406504888
only_complexity,0.0,0.0,0.0,1.0,0.0,Fair,"alpha=1.0,eps=0.1",OK,0.0008055632176180245,0.0,0.0,0.9991944367823817,1.2724404219361955e-16,0.00113923842770449,0.001015423108269711,0.999360022859623,-0.0006399771403770025,True,True,,,-11.512884503705171
only_complexity,0.0,0.0,0.0,1.0,0.0,Fair,"alpha=2.0,eps=0.02",OK,8.055793008566308e-05,2.8849176834800705e-17,8.104367726211728e-15,0.9999194420699044,1.7762631632499586e-15,0.0001139261172909089,0.00010154433814679335,0.9999360010082264,-6.399899177350705e-05,True,True,,,-249.99897595785342
only_complexity,0.0,0.0,0.0,1.0,0.0,Fair,"alpha=2.0,eps=0.05",OK,0.00020139489150617482,4.131127905569477e-15,4.610480388097614e-15,0.9997986051084667,1.8377224535684058e-14,0.0002848153869798408,0.0002538609289303638,0.999840002467899,-0.00015999753210104245,True,True,,,-99.99959038315266
only_complexity,0.0,0.0,0.0,1.0,0.0,Fair,"alpha=2.0,eps=0.1",OK,0.0004027896510171168,1.0183053092421465e-15,2.077666142130457e-15,0.9995972103489791,7.15516902979947e-16,0.0005696305872546206,0.0005077216914470445,0.9996800050407019,-0.00031999495929815945,True,True,,,-49.999795191576396
only_verbosity,0.0,0.0,0.0,0.0,1.0,Avg,rho=0.5,OK,0.0,0.0,0.0,0.0,1.0,0.0,0.0,1.0,0.0,False,True,,,
only_verbosity,0.0,0.0,0.0,0.0,1.0,Cert,,FLOOR_COLLAPSED,0.0,0.0,0.0,0.0,1.0,0.0,0.0,1.0,0.0,False,True,0.0,-0.0,
only_verbosity,0.0,0.0,0.0,0.0,1.0,MaxMin,c=0.0,INFEASIBLE_BALL_MISSES_SIMPLEX,,,,,,,,,,False,False,,,
only_verbosity,0.0,0.0,0.0,0.0,1.0,MaxMin,c=0.25,INFEASIBLE_BALL_MISSES_SIMPLEX,,,,,,,,,,False,False,,,
only_verbosity,0.0,0.0,0.0,0.0,1.0,MaxMin,c=0.5,INFEASIBLE_BALL_MISSES_SIMPLEX,,,,,,,,,,False,False,,,
only_verbosity,0.0,0.0,0.0,0.0,1.0,MaxMin,c=0.75,INFEASIBLE_BALL_MISSES_SIMPLEX,,,,,,,,,,False,False,,,
only_verbosity,0.0,0.0,0.0,0.0,1.0,MaxMin,c=0.9,INFEASIBLE_BALL_MISSES_SIMPLEX,,,,,,,,,,False,False,,,
only_verbosity,0.0,0.0,0.0,0.0,1.0,MaxMin,c=1.0,OK,0.0,2.1957333622936663e-16,0.0,0.0,0.9999999999999998,3.1227593016306545e-16,2.8317403288119375e-16,0.9999999999999998,-1.830237882137696e-16,False,True,-1.830237882137696e-16,,
only_verbosity,0.0,0.0,0.0,0.0,1.0,Fair,"alpha=0.0,eps=0.02",OK,0.02496116195983514,0.0,0.0,0.0,0.9750388380401649,0.03530041377619022,0.03159820372099345,0.98,-0.01999999999999997,True,True,,,0.10124486740375419
only_verbosity,0.0,0.0,0.0,0.0,1.0,Fair,"alpha=0.0,eps=0.05",OK,0.06240290489958786,0.0,0.0,0.0,0.9375970951004121,0.08825103444047563,0.07899550930248371,0.95,-0.05000000000000004,True,True,,,0.2531121685093855
only_verbosity,0.0,0.0,0.0,0.0,1.0,Fair,"alpha=0.0,eps=0.1",OK,0.12480580979917572,0.0,0.0,0.0,0.8751941902008243,0.17650206888095119,0.15799101860496734,0.9,-0.09999999999999996,True,True,,,0.506224337018771
only_verbosity,0.0,0.0,0.0,0.0,1.0,Fair,"alpha=1.0,eps=0.02",OK,0.0006244838610910668,0.0,1.3809257372326657e-17,0.00027557877360871014,0.9990999373653001,0.001129617855564342,0.001013832674244258,0.9992771077845444,-0.000722892215455607,True,True,,,-19.559057365629876
only_verbosity,0.0,0.0,0.0,0.0,1.0,Fair,"alpha=1.0,eps=0.05",OK,0.0015612101866899985,0.0,7.156813048239748e-24,0.0006889460751837866,0.9977498437381263,0.002824044465723832,0.0025345815230727715,0.998192769727032,-0.0018072302729679804,True,True,,,-14.977603706259147
only_verbosity,0.0,0.0,0.0,0.0,1.0,Fair,"alpha=1.0,eps=0.1",OK,0.0031224203731719763,1.2658710527729731e-17,0.0,0.0013778917459973529,0.9954996878808307,0.005648088510321838,0.005069162665561361,0.9963855397807565,-0.0036144602192434453,True,True,,,-11.511867803459428
only_verbosity,0.0,0.0,0.0,0.0,1.0,Fair,"alpha=2.0,eps=0.02",OK,0.00031252189273625575,5.915793940075845e-17,7.462089216946606e-15,0.00013956954827724956,0.9995479085589789,0.0005670416768547959,0.0005089309589515099,0.999636892106948,-0.00036310789305201053,True,True,,,-249.97348883598897
only_verbosity,0.0,0.0,0.0,0.0,1.0,Fair,"alpha=2.0,eps=0.05",OK,0.0007813046216228971,3.031644178545639e-17,6.118879304113059e-18,0.0003489238554986235,0.9988697715228785,0.0014176040276472667,0.001272327249964777,0.9990922303679667,-0.0009077696320332954,True,True,,,-99.9893955343749
only_verbosity,0.0,0.0,0.0,0.0,1.0,Fair,"alpha=2.0,eps=0.1",OK,0.0015626087115942894,2.063413840962585e-21,7.623302626573344e-16,0.000697850190877691,0.9977395410975272,0.0028352099259538275,0.002544656196390148,0.9981844591594308,-0.001815540840569282,True,True,,,-49.99469776720062
dirichlet_11,0.11414884741515977,0.051648410594331395,0.3760408171063637,0.25644594049833863,0.2017159843858066,Avg,rho=0.5,OK,0.010845688337307403,2.814240497472811e-18,0.5235486276239826,0.2930826689442779,0.17252301509443219,0.19311171503395408,0.17352614055163612,0.43795832647076677,-0.08191977923088302,True,True,,,
dirichlet_11,0.11414884741515977,0.051648410594331395,0.3760408171063637,0.25644594049833863,0.2017159843858066,Cert,,FLOOR_COLLAPSED,0.11414884741515977,0.051648410594331395,0.3760408171063637,0.25644594049833863,0.2017159843858066,0.0,0.0,0.40240174836850834,0.0,False,True,0.0,-0.0,
dirichlet_11,0.11414884741515977,0.051648410594331395,0.3760408171063637,0.25644594049833863,0.2017159843858066,MaxMin,c=0.0,INFEASIBLE_BALL_MISSES_SIMPLEX,,,,,,,,,,False,False,,,
dirichlet_11,0.11414884741515977,0.051648410594331395,0.3760408171063637,0.25644594049833863,0.2017159843858066,MaxMin,c=0.25,INFEASIBLE_BALL_MISSES_SIMPLEX,,,,,,,,,,False,False,,,
dirichlet_11,0.11414884741515977,0.051648410594331395,0.3760408171063637,0.25644594049833863,0.2017159843858066,MaxMin,c=0.5,OK,0.07115991364300425,0.008890214263246661,0.48273065366022316,0.2740483124017115,0.16317090603181458,0.12982526551555224,0.1172954318314626,0.42652837460138754,-0.03379732295250076,True,True,-0.03379732295250076,,
dirichlet_11,0.11414884741515977,0.051648410594331395,0.3760408171063637,0.25644594049833863,0.2017159843858066,MaxMin,c=0.75,OK,0.09679431427981176,0.03371832542429176,0.4438172822127562,0.23890711420166214,0.18676296388147806,0.07581240166975758,0.0683164328966761,0.41444959962662004,-0.013846583596109286,True,True,-0.013846583596109286,,
dirichlet_11,0.11414884741515977,0.051648410594331395,0.3760408171063637,0.25644594049833863,0.2017159843858066,MaxMin,c=0.9,OK,0.10787939235042256,0.045171033046703335,0.4005255727098301,0.2501099081488841,0.19631409374416,0.02738779786880273,0.024679823011571577,0.40675412486289647,-0.005002182022351136,True,True,-0.005002182022351136,,
dirichlet_11,0.11414884741515977,0.051648410594331395,0.3760408171063637,0.25644594049833863,0.2017159843858066,MaxMin,c=1.0,OK,0.11414884741515977,0.051648410594331395,0.3760408171063637,0.25644594049833863,0.2017159843858066,0.0,0.0,0.40240174836850834,0.0,False,True,0.0,,
dirichlet_11,0.11414884741515977,0.051648410594331395,0.3760408171063637,0.25644594049833863,0.2017159843858066,Fair,"alpha=0.0,eps=0.02",OK,0.21836780071304135,0.027284001542295946,0.34988390137254244,0.22969106580730972,0.17477323056481064,0.1165381233711038,0.10400300251814022,0.39424897177912205,-0.020000000000000025,True,True,,,0.10378749920728811
dirichlet_11,0.11414884741515977,0.051648410594331395,0.3760408171063637,0.25644594049833863,0.2017159843858066,Fair,"alpha=0.0,eps=0.05",OK,0.3647929215565714,0.0,0.31071442489127477,0.18988489026237576,0.1346077632897782,0.2805199359870053,0.2502299371756903,0.3814876478617641,-0.05000000000000002,True,True,,,0.2589559585359875
dirichlet_11,0.11414884741515977,0.051648410594331395,0.3760408171063637,0.25644594049833863,0.2017159843858066,Fair,"alpha=0.0,eps=0.1",OK,0.5602160523145315,0.0,0.24575547562531622,0.12514238012756496,0.06888609193258723,0.5034900049689837,0.44852417996572747,0.357606223651279,-0.10000000000000009,True,True,,,0.5150525981644603
dirichlet_11,0.11414884741515977,0.051648410594331395,0.3760408171063637,0.25644594049833863,0.2017159843858066,Fair,"alpha=1.0,eps=0.02",OK,0.11507458832453331,0.050967849842460895,0.3758765500187447,0.25701186506720375,0.20106914674705742,0.0014442341890763104,0.0013015246563264377,0.40244038330051013,-0.000558107430901351,True,True,,,-19.558411038797665
dirichlet_11,0.11414884741515977,0.051648410594331395,0.3760408171063637,0.25644594049833863,0.2017159843858066,Fair,"alpha=1.0,eps=0.05",OK,0.11646319922663392,0.04994700813144866,0.3756301483642704,0.25786075354162774,0.20009889073601914,0.0036105860027637617,0.0032538121298763723,0.40249833573481136,-0.0013952690728725842,True,True,,,-14.976957379426889
dirichlet_11,0.11414884741515977,0.051648410594331395,0.3760408171063637,0.25644594049833863,0.2017159843858066,Fair,"alpha=1.0,eps=0.1",OK,0.11877755405928976,0.048245605351384176,0.37521948219491424,0.25927556361569326,0.19848179477871838,0.007221173668904044,0.006507625740154552,0.40259492318378315,-0.0027905383584305807,True,True,,,-11.51122147662716
dirichlet_11,0.11414884741515977,0.051648410594331395,0.3760408171063637,0.25644594049833863,0.2017159843858066,Fair,"alpha=2.0,eps=0.02",OK,0.1146094823644275,0.05130774520637044,0.3759607126049797,0.2567293050549823,0.20139275476923993,0.000720712877067673,0.0006495382275356983,0.402421554736307,-0.00027935005411168203,True,True,,,-249.9574523398237
dirichlet_11,0.11414884741515977,0.051648410594331395,0.3760408171063637,0.25644594049833863,0.2017159843858066,Fair,"alpha=2.0,eps=0.05",OK,0.11530043473448626,0.05079674699718661,0.3758405560248098,0.2571543518569837,0.2009079103865337,0.0018017821674327311,0.0016238455500918426,0.4024512643294478,-0.0006983752376696844,True,True,,,-99.98298093592948
dirichlet_11,0.11414884741515977,0.051648410594331395,0.3760408171063637,0.25644594049833863,0.2017159843858066,Fair,"alpha=2.0,eps=0.1",OK,0.11645202205899026,0.049945083589711746,0.3756402946075253,0.2578627634025662,0.20009983634120662,0.003603564379990207,0.0032476911352573717,0.40250078022886615,-0.0013967503241149363,True,True,,,-49.99149046796474
dirichlet_12,0.08597214549508839,0.6349438670222669,0.05943641939658061,0.008150739699266708,0.21149682838679743,Avg,rho=0.5,OK,4.053512797099063e-17,0.9235452865579199,0.0,2.805144819456841e-17,0.07645471344208017,0.3354362599304021,0.30394922660779244,0.6743896484926107,-0.11216100610695115,True,True,,,
dirichlet_12,0.08597214549508839,0.6349438670222669,0.05943641939658061,0.008150739699266708,0.21149682838679743,Cert,,FLOOR_COLLAPSED,0.08597214549508839,0.6349438670222669,0.05943641939658061,0.008150739699266708,0.21149682838679743,0.0,0.0,0.5572869379058648,0.0,False,True,0.0,-0.0,
dirichlet_12,0.08597214549508839,0.6349438670222669,0.05943641939658061,0.008150739699266708,0.21149682838679743,MaxMin,c=0.0,INFEASIBLE_BALL_MISSES_SIMPLEX,,,,,,,,,,False,False,,,
dirichlet_12,0.08597214549508839,0.6349438670222669,0.05943641939658061,0.008150739699266708,0.21149682838679743,MaxMin,c=0.25,INFEASIBLE_BALL_MISSES_SIMPLEX,,,,,,,,,,False,False,,,
dirichlet_12,0.08597214549508839,0.6349438670222669,0.05943641939658061,0.008150739699266708,0.21149682838679743,MaxMin,c=0.5,INFEASIBLE_BALL_MISSES_SIMPLEX,,,,,,,,,,False,False,,,
dirichlet_12,0.08597214549508839,0.6349438670222669,0.05943641939658061,0.008150739699266708,0.21149682838679743,MaxMin,c=0.75,OK,0.05548347521196127,0.7383200386699893,0.026167685736107702,0.0,0.1800288003819418,0.11738684706432687,0.10624926103996114,0.6014634065632338,-0.026183320745631934,True,True,-0.026183320745631934,,
dirichlet_12,0.08597214549508839,0.6349438670222669,0.05943641939658061,0.008150739699266708,0.21149682838679743,MaxMin,c=0.9,OK,0.07613810560389031,0.6740139051559186,0.04856803416008014,6.071532165918824e-17,0.20127995508011076,0.04372776092833641,0.039654234571358686,0.5744382954933626,-0.008580223985528294,True,True,-0.008580223985528294,,
dirichlet_12,0.08597214549508839,0.6349438670222669,0.05943641939658061,0.008150739699266708,0.21149682838679743,MaxMin,c=1.0,OK,0.08597214549508839,0.6349438670222669,0.05943641939658061,0.008150739699266708,0.21149682838679743,0.0,0.0,0.5572869379058648,0.0,False,True,0.0,,
dirichlet_12,0.08597214549508839,0.6349438670222669,0.05943641939658061,0.008150739699266708,0.21149682838679743,Fair,"alpha=0.0,eps=0.02",OK,0.1713427941720221,0.6106646024067545,0.033290738689827536,0.0,0.18470186473139583,0.09667280693322966,0.08637921324085548,0.5450425900455145,-0.020000000000000073,True,True,,,0.10358601306810836
dirichlet_12,0.08597214549508839,0.6349438670222669,0.05943641939658061,0.008150739699266708,0.21149682838679743,Fair,"alpha=0.0,eps=0.05",OK,0.2809107755627749,0.5742281488779494,0.0,0.0,0.14486107555927583,0.22299532278877177,0.19936372992204857,0.525769579586435,-0.05000000000000001,True,True,,,0.2586269398869359
dirichlet_12,0.08597214549508839,0.6349438670222669,0.05943641939658061,0.008150739699266708,0.21149682838679743,Fair,"alpha=0.0,eps=0.1",OK,0.4063430213400555,0.5128117977520241,0.0,0.0,0.08084518090792042,0.37178315713756976,0.3327992994137905,0.4923410045000579,-0.1,True,True,,,0.5151008838220097
dirichlet_12,0.08597214549508839,0.6349438670222669,0.05943641939658061,0.008150739699266708,0.21149682838679743,Fair,"alpha=1.0,eps=0.02",OK,0.08689788714328307,0.6342633060149522,0.05927215305518722,0.00871666325432124,0.2108499905322564,0.0014442343975362968,0.0013015248448829614,0.556889075306032,-0.000558107627583271,True,True,,,-19.558411038797665
dirichlet_12,0.08597214549508839,0.6349438670222669,0.05943641939658061,0.008150739699266708,0.21149682838679743,Fair,"alpha=1.0,eps=0.05",OK,0.0882864987874217,0.6332424643813278,0.0590257520324499,0.009565551255591043,0.2098797335432096,0.003610586831161644,0.0032538128681269176,0.556292281190534,-0.001395269194028234,True,True,,,-14.976957379426889
dirichlet_12,0.08597214549508839,0.6349438670222669,0.05943641939658061,0.008150739699266708,0.21149682838679743,Fair,"alpha=1.0,eps=0.1",OK,0.09060085213162843,0.6315410617354468,0.0586150846527803,0.010980362788765602,0.20826263869137893,0.007221173694290343,0.00650762576451901,0.5552976244740777,-0.0027905383921418576,True,True,,,-11.511221476627162
dirichlet_12,0.08597214549508839,0.6349438670222669,0.05943641939658061,0.008150739699266708,0.21149682838679743,Fair,"alpha=2.0,eps=0.02",OK,0.08643278025522011,0.6346032016762555,0.05935631489726711,0.008434104243112724,0.21117359892814458,0.0007207126602710817,0.0006495380338685887,0.5570877824695198,-0.0002793500203478137,True,True,,,-249.9574523398237
dirichlet_12,0.08597214549508839,0.6349438670222669,0.05943641939658061,0.008150739699266708,0.21149682838679743,Fair,"alpha=2.0,eps=0.05",OK,0.08712373287145675,0.6340922035469376,0.05923615813272781,0.008859151089233925,0.21068875435964393,0.0018017821913916745,0.0016238455677512675,0.5567890492278356,-0.0006983751398782132,True,True,,,-99.98298093592948
dirichlet_12,0.08597214549508839,0.6349438670222669,0.05943641939658061,0.008150739699266708,0.21149682838679743,Fair,"alpha=2.0,eps=0.1",OK,0.08827532028637607,0.6332405400688204,0.05903589688493763,0.009567562461735731,0.20988068029813023,0.003603564415498402,0.003247691164614982,0.5562911605460582,-0.0013967502816693879,True,True,,,-49.99149046796474
dirichlet_13,0.29988182668227864,0.13653559614210137,0.33130210717416203,0.19429198447004775,0.03798848553141006,Avg,rho=0.5,OK,0.37264305027918765,0.03493224717767573,0.43273222024896074,0.15969248229417596,2.224530865638447e-17,0.16895488925231195,0.15217635598244264,0.42915100495905917,-0.08181192172909894,True,True,,,
dirichlet_13,0.29988182668227864,0.13653559614210137,0.33130210717416203,0.19429198447004775,0.03798848553141006,Cert,,FLOOR_COLLAPSED,0.2998818266822787,0.1365355961421014,0.3313021071741621,0.1942919844700478,0.037988485531410064,1.0031442548020353e-16,1.2629985259514326e-16,0.4009566006783132,4.2697243844497247e-17,False,True,4.2697243844497247e-17,-0.0,
dirichlet_13,0.29988182668227864,0.13653559614210137,0.33130210717416203,0.19429198447004775,0.03798848553141006,MaxMin,c=0.0,INFEASIBLE_BALL_MISSES_SIMPLEX,,,,,,,,,,False,False,,,
dirichlet_13,0.29988182668227864,0.13653559614210137,0.33130210717416203,0.19429198447004775,0.03798848553141006,MaxMin,c=0.25,INFEASIBLE_BALL_MISSES_SIMPLEX,,,,,,,,,,False,False,,,
dirichlet_13,0.29988182668227864,0.13653559614210137,0.33130210717416203,0.19429198447004775,0.03798848553141006,MaxMin,c=0.5,INFEASIBLE_BALL_MISSES_SIMPLEX,,,,,,,,,,False,False,,,
dirichlet_13,0.29988182668227864,0.13653559614210137,0.33130210717416203,0.19429198447004775,0.03798848553141006,MaxMin,c=0.75,OK,0.3234377215166924,0.11356068956271989,0.37577534085552244,0.1707713739816056,0.016454874083459727,0.06385538792927713,0.05752404222161416,0.41206652060601745,-0.018166887911532616,True,True,-0.018166887911532616,,
dirichlet_13,0.29988182668227864,0.13653559614210137,0.33130210717416203,0.19429198447004775,0.03798848553141006,MaxMin,c=0.9,OK,0.30261780462605825,0.12777146453578317,0.3540500712675947,0.18546258470377547,0.030098074866788425,0.027239352584208742,0.024571178185544627,0.4052465375180041,-0.00687211493627753,True,True,-0.00687211493627753,,
dirichlet_13,0.29988182668227864,0.13653559614210137,0.33130210717416203,0.19429198447004775,0.03798848553141006,MaxMin,c=1.0,OK,0.2998818266822787,0.1365355961421014,0.3313021071741621,0.1942919844700478,0.037988485531410064,1.0031442548020353e-16,1.2629985259514326e-16,0.4009566006783132,4.2697243844497247e-17,False,True,4.2697243844497247e-17,,
dirichlet_13,0.29988182668227864,0.13653559614210137,0.33130210717416203,0.19429198447004775,0.03798848553141006,Fair,"alpha=0.0,eps=0.02",OK,0.4041007799801603,0.11217118709006593,0.3051451914403408,0.16753710977901887,0.011045731710414097,0.11653812337110385,0.10400300251814028,0.41208058552738025,-0.01999999999999997,True,True,,,0.10378749920728812
dirichlet_13,0.29988182668227864,0.13653559614210137,0.33130210717416203,0.19429198447004775,0.03798848553141006,Fair,"alpha=0.0,eps=0.05",OK,0.5292286229843014,0.07575529707110965,0.26711105271517593,0.12790502722941308,0.0,0.2574199726640442,0.22996185502697428,0.42216150857224516,-0.04999999999999995,True,True,,,0.2579520572053297
dirichlet_13,0.29988182668227864,0.13653559614210137,0.33130210717416203,0.19429198447004775,0.03798848553141006,Fair,"alpha=0.0,eps=0.1",OK,0.7182169698933966,0.01514409097756628,0.2044738144399576,0.0621651246890796,0.0,0.47405299020046343,0.4239177174719675,0.43482267505138605,-0.1,True,True,,,0.5139422510159348
dirichlet_13,0.29988182668227864,0.13653559614210137,0.33130210717416203,0.19429198447004775,0.03798848553141006,Fair,"alpha=1.0,eps=0.02",OK,0.3008075675916524,0.13585503539023094,0.33113784008654307,0.19485790903891287,0.03734164789266077,0.001444234189076451,0.0013015246563265646,0.40114579403388917,-0.0005581074309012461,True,True,,,-19.558411038797665
dirichlet_13,0.29988182668227864,0.13653559614210137,0.33130210717416203,0.19429198447004775,0.03798848553141006,Fair,"alpha=1.0,eps=0.05",OK,0.3021961796284685,0.1348341939870678,0.33089143900273793,0.19570679681676298,0.0363713905649628,0.003610586836878221,0.0032538128628008278,0.40142958421181724,-0.001395268807207739,True,True,,,-14.976957379426889
dirichlet_13,0.29988182668227864,0.13653559614210137,0.33130210717416203,0.19429198447004775,0.03798848553141006,Fair,"alpha=1.0,eps=0.1",OK,0.3045105330202671,0.13313279005513534,0.33048077353469707,0.19712160773992013,0.0347542956499804,0.007221173908353786,0.006507625980629028,0.40190256816946024,-0.002790539035406495,True,True,,,-11.51122147662716
dirichlet_13,0.29988182668227864,0.13653559614210137,0.33130210717416203,0.19429198447004775,0.03798848553141006,Fair,"alpha=2.0,eps=0.02",OK,0.30034246163358996,0.13619493075243408,0.33122200267248925,0.19457534902487147,0.03766525591661527,0.0007207128777022286,0.0006495382281236804,0.40105122327538223,-0.00027935005551118564,True,True,,,-249.95745233982367
dirichlet_13,0.29988182668227864,0.13653559614210137,0.33130210717416203,0.19429198447004775,0.03798848553141006,Fair,"alpha=2.0,eps=0.05",OK,0.301033414046388,0.13568393267089732,0.33110184592245856,0.19500039586675175,0.03718041149350452,0.0018017821877270826,0.0016238455645223417,0.40119315717001397,-0.000698375136359043,True,True,,,-99.98298093592948
dirichlet_13,0.29988182668227864,0.13653559614210137,0.33130210717416203,0.19429198447004775,0.03798848553141006,Fair,"alpha=2.0,eps=0.1",OK,0.30218500146893107,0.134832269118109,0.330901584737998,0.19570880726197323,0.03637233741298867,0.003603564462417929,0.0032476912085536297,0.40142971368450064,-0.0013967503386066635,True,True,,,-49.99149046796474
dirichlet_14,0.17452451335503213,0.2394818760679047,0.10634765284387879,0.1512153936372891,0.32843056409589505,Avg,rho=0.5,OK,0.15634764376629834,0.2732227061809685,0.011614099506212075,0.10710160712834109,0.45171394341818,0.16609667699874206,0.15139691096037639,0.39644115082337233,-0.08028388957712741,True,True,,,
dirichlet_14,0.17452451335503213,0.2394818760679047,0.10634765284387879,0.1512153936372891,0.32843056409589505,Cert,,FLOOR_COLLAPSED,0.17452451335503216,0.23948187606790475,0.10634765284387881,0.15121539363728914,0.3284305640958951,9.205483015737869e-17,1.179142790836962e-16,0.37352012605278123,5.844561677113557e-17,False,True,5.844561677113557e-17,-0.0,
dirichlet_14,0.17452451335503213,0.2394818760679047,0.10634765284387879,0.1512153936372891,0.32843056409589505,MaxMin,c=0.0,OK_EXACT_D0,0.16013426547427578,0.2666535908949304,0.026934192414215605,0.11534308808850612,0.4309348631280721,0.13800663985326114,0.12580840911032265,0.39256595869636896,-0.06726778047275102,True,True,-0.06726778047275102,,
dirichlet_14,0.17452451335503213,0.2394818760679047,0.10634765284387879,0.1512153936372891,0.32843056409589505,MaxMin,c=0.25,OK,0.15261322024852464,0.25862360660003897,0.05811561675836812,0.10771948334791298,0.4229280730451553,0.1182984079683032,0.1075459524190994,0.38943252102355924,-0.04192197356462809,True,True,-0.04192197356462809,,
dirichlet_14,0.17452451335503213,0.2394818760679047,0.10634765284387879,0.1512153936372891,0.32843056409589505,MaxMin,c=0.5,OK,0.14804103893783066,0.23971702358185742,0.08284389872150556,0.1253219387556795,0.4040761000031269,0.08744469267944803,0.07923953313048171,0.3844569841818364,-0.021355494666951608,True,True,-0.021355494666951608,,
dirichlet_14,0.17452451335503213,0.2394818760679047,0.10634765284387879,0.1512153936372891,0.32843056409589505,MaxMin,c=0.75,OK,0.16355220259053185,0.2291540366216319,0.09716942903415605,0.14051622702603067,0.3696081047276495,0.046058198858589486,0.04171870167105077,0.37873094844174504,-0.008670943962579815,True,True,-0.008670943962579815,,
dirichlet_14,0.17452451335503213,0.2394818760679047,0.10634765284387879,0.1512153936372891,0.32843056409589505,MaxMin,c=0.9,OK,0.1704059987593173,0.23560526717351504,0.10290255822940797,0.14719940513712573,0.3438867707006339,0.017288187358414704,0.015659334249116617,0.3754760356624561,-0.003254684453893729,True,True,-0.003254684453893729,,
dirichlet_14,0.17452451335503213,0.2394818760679047,0.10634765284387879,0.1512153936372891,0.32843056409589505,MaxMin,c=1.0,OK,0.17452451335503216,0.23948187606790475,0.10634765284387881,0.15121539363728914,0.3284305640958951,9.205483015737869e-17,1.179142790836962e-16,0.37352012605278123,5.844561677113557e-17,False,True,5.844561677113557e-17,,
dirichlet_14,0.17452451335503213,0.2394818760679047,0.10634765284387879,0.1512153936372891,0.32843056409589505,Fair,"alpha=0.0,eps=0.02",OK,0.2787434666529138,0.2151174670158693,0.08019073711005753,0.12446051894626023,0.3014878102748991,0.11653812337110381,0.10400300251814025,0.37163358884426895,-0.01999999999999996,True,True,,,0.10378749920728811
dirichlet_14,0.17452451335503213,0.2394818760679047,0.10634765284387879,0.1512153936372891,0.32843056409589505,Fair,"alpha=0.0,eps=0.05",OK,0.4350718965997362,0.17857085343781612,0.04095536350932564,0.08432820690971685,0.2610736795434052,0.2913453084277596,0.26000750629535063,0.3688037830315007,-0.04999999999999996,True,True,,,0.2594687480182203
dirichlet_14,0.17452451335503213,0.2394818760679047,0.10634765284387879,0.1512153936372891,0.32843056409589505,Fair,"alpha=0.0,eps=0.1",OK,0.6701515938796911,0.11735769165514741,0.0,0.017721097078936047,0.19476961738622536,0.554577603696917,0.49495738231208164,0.36260296766088346,-0.09999999999999995,True,True,,,0.5180855003205243
dirichlet_14,0.17452451335503213,0.2394818760679047,0.10634765284387879,0.1512153936372891,0.32843056409589505,Fair,"alpha=1.0,eps=0.02",OK,0.17545025476745538,0.23880131521188128,0.10618338555430994,0.15178131816875612,0.3277837262975973,0.001444234640379415,0.001301525058222182,0.3734147527599684,-0.0005581075174372912,True,True,,,-19.55841103879766
dirichlet_14,0.17452451335503213,0.2394818760679047,0.10634765284387879,0.1512153936372891,0.32843056409589505,Fair,"alpha=1.0,eps=0.05",OK,0.17683886630185766,0.23778047342882314,0.1059369853998282,0.15263020554658213,0.326813469322909,0.0036105867245993252,0.003253812775324199,0.37325669270441797,-0.001395269194929303,True,True,,,-14.976957379426887
dirichlet_14,0.17452451335503213,0.2394818760679047,0.10634765284387879,0.1512153936372891,0.32843056409589505,Fair,"alpha=1.0,eps=0.1",OK,0.17915322024018518,0.23607907095132938,0.10552631768372799,0.1540450163523218,0.3251963747724358,0.0072211735074543815,0.006507625589604387,0.3729932594301772,-0.002790538257230273,True,True,,,-11.51122147662716
dirichlet_14,0.17452451335503213,0.2394818760679047,0.10634765284387879,0.1512153936372891,0.32843056409589505,Fair,"alpha=2.0,eps=0.02",OK,0.1749851483009818,0.23914121065905034,0.10626754836482656,0.15149875818538955,0.3281073344897517,0.0007207128743070492,0.0006495382256291962,0.3734673049484078,-0.0002793500709875932,True,True,,,-249.9574523398237
dirichlet_14,0.17452451335503213,0.2394818760679047,0.10634765284387879,0.1512153936372891,0.32843056409589505,Fair,"alpha=2.0,eps=0.05",OK,0.1756761005724123,0.23863021280321056,0.10614739162577716,0.15192380501877958,0.32762248997982035,0.0018017820216756453,0.0016238454124306856,0.37338807329186385,-0.0006983749666582274,True,True,,,-99.98298093592948
dirichlet_14,0.17452451335503213,0.2394818760679047,0.10634765284387879,0.1512153936372891,0.32843056409589505,Fair,"alpha=2.0,eps=0.1",OK,0.1768276884997983,0.23777854921282143,0.10594713025375614,0.1526322159185342,0.32681441611508993,0.003603564366069797,0.003247691114715324,0.37325602056714774,-0.0013967502006326067,True,True,,,-49.99149046796474
dirichlet_15,0.5553245832636765,0.10721258024249722,0.0715542923806048,0.22826694407840128,0.037641600034820234,Avg,rho=0.5,OK,0.8278738225715363,0.0,1.1492543028346347e-17,0.17212617742846367,4.2934406030425976e-17,0.3089762413210118,0.276767821792194,0.5984608782052563,-0.08811048256398188,True,True,,,
dirichlet_15,0.5553245832636765,0.10721258024249722,0.0715542923806048,0.22826694407840128,0.037641600034820234,Cert,,FLOOR_COLLAPSED,0.5553245832636764,0.10721258024249719,0.07155429238060479,0.22826694407840123,0.03764160003482023,1.2813490069415586e-16,1.491065875261216e-16,0.49993755281231983,-1.3158764122227843e-16,False,True,0.0,-0.0,
dirichlet_15,0.5553245832636765,0.10721258024249722,0.0715542923806048,0.22826694407840128,0.037641600034820234,MaxMin,c=0.0,INFEASIBLE_BALL_MISSES_SIMPLEX,,,,,,,,,,False,False,,,
dirichlet_15,0.5553245832636765,0.10721258024249722,0.0715542923806048,0.22826694407840128,0.037641600034820234,MaxMin,c=0.25,INFEASIBLE_BALL_MISSES_SIMPLEX,,,,,,,,,,False,False,,,
dirichlet_15,0.5553245832636765,0.10721258024249722,0.0715542923806048,0.22826694407840128,0.037641600034820234,MaxMin,c=0.5,OK,0.7424268124174555,0.0598640571648222,0.02125658652409577,0.1764525438936266,2.0816681711721682e-17,0.20947698710375703,0.18705399693523517,0.5666319335512204,-0.038920999255178314,True,True,-0.038920999255178314,,
dirichlet_15,0.5553245832636765,0.10721258024249722,0.0715542923806048,0.22826694407840128,0.037641600034820234,MaxMin,c=0.75,OK,0.6401011715529853,0.08739342633857178,0.05027702940765762,0.20650327322353862,0.015725099477246592,0.09479757944605614,0.08460092378908532,0.5305522381468998,-0.01626893873075061,True,True,-0.01626893873075061,,
dirichlet_15,0.5553245832636765,0.10721258024249722,0.0715542923806048,0.22826694407840128,0.037641600034820234,MaxMin,c=0.9,OK,0.5886673455598584,0.09941767659203542,0.06318591219527246,0.21970725892653298,0.029021806726300753,0.037284033499162206,0.033273673178619886,0.5119783555443169,-0.00639859857369352,True,True,-0.00639859857369352,,
dirichlet_15,0.5553245832636765,0.10721258024249722,0.0715542923806048,0.22826694407840128,0.037641600034820234,MaxMin,c=1.0,OK,0.5553245832636764,0.10721258024249719,0.07155429238060479,0.22826694407840123,0.03764160003482023,1.2813490069415586e-16,1.491065875261216e-16,0.49993755281231983,-1.3158764122227843e-16,False,True,-1.3158764122227843e-16,,
dirichlet_15,0.5553245832636765,0.10721258024249722,0.0715542923806048,0.22826694407840128,0.037641600034820234,Fair,"alpha=0.0,eps=0.02",OK,0.6595435365615581,0.08284817119046177,0.04539737664678355,0.20151206938737237,0.010698846213824272,0.11653812337110377,0.1040030025181402,0.5375733025575864,-0.020000000000000004,True,True,,,0.10378749920728812
dirichlet_15,0.5553245832636765,0.10721258024249722,0.0715542923806048,0.22826694407840128,0.037641600034820234,Fair,"alpha=0.0,eps=0.05",OK,0.7843028531408253,0.04643382521572394,0.007377426334001444,0.16188589530944938,0.0,0.2570352290308624,0.22962172492316604,0.5808740141668092,-0.05,True,True,,,0.2579341427781446
dirichlet_15,0.5553245832636765,0.10721258024249722,0.0715542923806048,0.22826694407840128,0.037641600034820234,Fair,"alpha=0.0,eps=0.1",OK,0.902744248772397,0.0,0.0,0.09725575122760305,0.0,0.39483642284863313,0.3528616500070401,0.6179630008347855,-0.09999999999999998,True,True,,,0.511317619567629
dirichlet_15,0.5553245832636765,0.10721258024249722,0.0715542923806048,0.22826694407840128,0.037641600034820234,Fair,"alpha=1.0,eps=0.02",OK,0.5562503241730501,0.10653201949062675,0.07139002529298583,0.22883286864726637,0.036994762396070975,0.0014442341890763422,0.0013015246563264655,0.5003809614864049,-0.0005581074309013204,True,True,,,-19.558411038797665
dirichlet_15,0.5553245832636765,0.10721258024249722,0.0715542923806048,0.22826694407840128,0.037641600034820234,Fair,"alpha=1.0,eps=0.05",OK,0.5576389362205538,0.10551117808270935,0.0711436242068891,0.22968175642165434,0.036024505068193394,0.003610586844953553,0.0032538128700460886,0.5010460749058375,-0.0013952688111082453,True,True,,,-14.976957379426889
dirichlet_15,0.5553245832636765,0.10721258024249722,0.0715542923806048,0.22826694407840128,0.037641600034820234,Fair,"alpha=1.0,eps=0.1",OK,0.5599532897784577,0.1038097749830851,0.07073295764127938,0.2310965673022044,0.03440741029497339,0.0072211736753453005,0.006507625748011142,0.5021545970222476,-0.0027905383699897753,True,True,,,-11.51122147662716
dirichlet_15,0.5553245832636765,0.10721258024249722,0.0715542923806048,0.22826694407840128,0.037641600034820234,Fair,"alpha=2.0,eps=0.02",OK,0.5557852182042163,0.10687191485742462,0.07147418788292774,0.2285503086402856,0.03731837041514579,0.0007207128731663339,0.0006495382240624716,0.5001584239712669,-0.0002793500517168932,True,True,,,-249.9574523398237
dirichlet_15,0.5553245832636765,0.10721258024249722,0.0715542923806048,0.22826694407840128,0.037641600034820234,Fair,"alpha=2.0,eps=0.05",OK,0.5564761706304626,0.10636091677084263,0.07135403112823076,0.22897535547341277,0.03683352599705109,0.001801782188998767,0.0016238455656468391,0.500489730713966,-0.0006983751367289819,True,True,,,-99.98298093592948
dirichlet_15,0.5553245832636765,0.10721258024249722,0.0715542923806048,0.22826694407840128,0.037641600034820234,Fair,"alpha=2.0,eps=0.1",OK,0.5576277583543985,0.10550925335566996,0.07115376989533365,0.22968376608838545,0.03602545230621252,0.003603564115119646,0.003247690891211898,0.5010419086441535,-0.0013967502255252126,True,True,,,-49.99149046796474
dirichlet_16,0.003266691436240095,0.7482358288497472,0.006528503219455429,0.10144699691613053,0.14052197957842674,Avg,rho=0.5,OK,0.0,1.0,4.7704895589362195e-17,4.163336342344337e-17,0.0,0.30573912152379357,0.2779512153313069,0.7931126163562937,-0.11703002026056462,True,True,,,
dirichlet_16,0.003266691436240095,0.7482358288497472,0.006528503219455429,0.10144699691613053,0.14052197957842674,Cert,,FLOOR_COLLAPSED,0.003266691436240095,0.7482358288497472,0.006528503219455429,0.10144699691613053,0.14052197957842674,0.0,0.0,0.663482110816738,0.0,False,True,0.0,-0.0,
dirichlet_16,0.003266691436240095,0.7482358288497472,0.006528503219455429,0.10144699691613053,0.14052197957842674,MaxMin,c=0.0,INFEASIBLE_BALL_MISSES_SIMPLEX,,,,,,,,,,False,False,,,
dirichlet_16,0.003266691436240095,0.7482358288497472,0.006528503219455429,0.10144699691613053,0.14052197957842674,MaxMin,c=0.25,INFEASIBLE_BALL_MISSES_SIMPLEX,,,,,,,,,,False,False,,,
dirichlet_16,0.003266691436240095,0.7482358288497472,0.006528503219455429,0.10144699691613053,0.14052197957842674,MaxMin,c=0.5,INFEASIBLE_BALL_MISSES_SIMPLEX,,,,,,,,,,False,False,,,
dirichlet_16,0.003266691436240095,0.7482358288497472,0.006528503219455429,0.10144699691613053,0.14052197957842674,MaxMin,c=0.75,OK,0.0,0.8793704491807732,0.0,0.04090000119805321,0.07972954962117351,0.15687969756211545,0.14261248801825951,0.7317221406541567,-0.050864233394461944,True,True,-0.050864233394461944,,
dirichlet_16,0.003266691436240095,0.7482358288497472,0.006528503219455429,0.10144699691613053,0.14052197957842674,MaxMin,c=0.9,OK,0.0,0.7970400645237362,1.9689111452336738e-16,0.08207957659839395,0.12088035887786962,0.05653349697707314,0.051348857670126445,0.6894101466594138,-0.016417145354895163,True,True,-0.016417145354895163,,
dirichlet_16,0.003266691436240095,0.7482358288497472,0.006528503219455429,0.10144699691613053,0.14052197957842674,MaxMin,c=1.0,OK,0.003266691436240095,0.7482358288497472,0.006528503219455429,0.10144699691613053,0.14052197957842674,0.0,0.0,0.663482110816738,0.0,False,True,0.0,,
dirichlet_16,0.003266691436240095,0.7482358288497472,0.006528503219455429,0.10144699691613053,0.14052197957842674,Fair,"alpha=0.0,eps=0.02",OK,0.08702929725909042,0.7236287333008097,0.0,0.07491708770992916,0.11442488173017087,0.09512727914991528,0.08494251995491393,0.6438702497918167,-0.019999999999999952,True,True,,,0.10310315275994525
dirichlet_16,0.003266691436240095,0.7482358288497472,0.006528503219455429,0.10144699691613053,0.14052197957842674,Fair,"alpha=0.0,eps=0.05",OK,0.2024673885143953,0.6865970119552872,0.0,0.0352344607835809,0.07570113874673672,0.22827335404310695,0.20388251807119553,0.6144769532173359,-0.049999999999999954,True,True,,,0.2574164565822454
dirichlet_16,0.003266691436240095,0.7482358288497472,0.006528503219455429,0.10144699691613053,0.14052197957842674,Fair,"alpha=0.0,eps=0.1",OK,0.3635746004422876,0.6250191411704197,0.0,0.0,0.011406258387292673,0.4147398285808461,0.3707049264757601,0.5678967125073897,-0.1,True,True,,,0.5142712568599518
dirichlet_16,0.003266691436240095,0.7482358288497472,0.006528503219455429,0.10144699691613053,0.14052197957842674,Fair,"alpha=1.0,eps=0.02",OK,0.004192432757799618,0.7475552674221645,0.006364236329155688,0.10201292213941389,0.13987514135146623,0.0014442352691340186,0.0013015256369203988,0.6630442917338084,-0.0005581079818689523,True,True,,,-19.558411038797665
dirichlet_16,0.003266691436240095,0.7482358288497472,0.006528503219455429,0.10144699691613053,0.14052197957842674,Fair,"alpha=1.0,eps=0.05",OK,0.0055810441445547304,0.7465344263982592,0.006117836016896458,0.10286180858818798,0.13890488485210178,0.0036105863419904796,0.003253812430952887,0.6623875637699068,-0.0013952690382332104,True,True,,,-14.976957379426889
dirichlet_16,0.003266691436240095,0.7482358288497472,0.006528503219455429,0.10144699691613053,0.14052197957842674,Fair,"alpha=1.0,eps=0.1",OK,0.00789539822816771,0.7448330228988735,0.005707168320687924,0.10427662024066443,0.1372877903116064,0.007221174024577536,0.006507626073635082,0.6612930161062225,-0.002790538939718235,True,True,,,-11.51122147662716
dirichlet_16,0.003266691436240095,0.7482358288497472,0.006528503219455429,0.10144699691613053,0.14052197957842674,Fair,"alpha=2.0,eps=0.02",OK,0.0037273263349448635,0.7478951635353331,0.006448398678955947,0.10173036148539431,0.1401987499653718,0.0007207128177213753,0.0006495381729962724,0.6632630281861891,-0.00027934999439430965,True,True,,,-249.9574523398237
dirichlet_16,0.003266691436240095,0.7482358288497472,0.006528503219455429,0.10144699691613053,0.14052197957842674,Fair,"alpha=2.0,eps=0.05",OK,0.004418278937724989,0.7473841653642588,0.006328241890532352,0.10215540804331895,0.13971390576416493,0.0018017820845963785,0.0016238454708852117,0.6629344041210598,-0.0006983751487380977,True,True,,,-99.98298093592948
dirichlet_16,0.003266691436240095,0.7482358288497472,0.006528503219455429,0.10144699691613053,0.14052197957842674,Fair,"alpha=2.0,eps=0.1",OK,0.0055698661755845145,0.746532501965538,0.00612798068769347,0.10286381974789029,0.13890583142329369,0.0036035644088608476,0.0032476911575137755,0.6623866974657426,-0.001396750225212995,True,True,,,-49.99149046796474
dirichlet_17,0.1746015249700055,0.43130918208822927,0.3853925893886305,0.008177715613737731,0.0005189879393968516,Avg,rho=0.5,OK,0.02115468878372799,0.5320818195689908,0.4467634916472813,0.0,1.7021127075075168e-17,0.1937384526251527,0.1749618729371857,0.518871325089374,-0.12483701454850597,True,True,,,
dirichlet_17,0.1746015249700055,0.43130918208822927,0.3853925893886305,0.008177715613737731,0.0005189879393968516,Cert,,FLOOR_COLLAPSED,0.17460152497000553,0.4313091820882293,0.3853925893886306,0.008177715613737733,0.0005189879393968517,8.328486549353166e-17,9.68704401263659e-17,0.4860817403894733,2.4930338329313788e-17,False,True,2.4930338329313788e-17,-0.0,
dirichlet_17,0.1746015249700055,0.43130918208822927,0.3853925893886305,0.008177715613737731,0.0005189879393968516,MaxMin,c=0.0,INFEASIBLE_BALL_MISSES_SIMPLEX,,,,,,,,,,False,False,,,
dirichlet_17,0.1746015249700055,0.43130918208822927,0.3853925893886305,0.008177715613737731,0.0005189879393968516,MaxMin,c=0.25,INFEASIBLE_BALL_MISSES_SIMPLEX,,,,,,,,,,False,False,,,
dirichlet_17,0.1746015249700055,0.43130918208822927,0.3853925893886305,0.008177715613737731,0.0005189879393968516,MaxMin,c=0.5,INFEASIBLE_BALL_MISSES_SIMPLEX,,,,,,,,,,False,False,,,
dirichlet_17,0.1746015249700055,0.43130918208822927,0.3853925893886305,0.008177715613737731,0.0005189879393968516,MaxMin,c=0.75,INFEASIBLE_BALL_MISSES_SIMPLEX,,,,,,,,,,False,False,,,
dirichlet_17,0.1746015249700055,0.43130918208822927,0.3853925893886305,0.008177715613737731,0.0005189879393968516,MaxMin,c=0.9,OK,0.12445802525647687,0.4766670925075367,0.3988748822359863,2.1163626406917047e-16,0.0,0.06943073672869121,0.06290646228232215,0.49903078676089424,-0.04103118107573767,True,True,-0.04103118107573767,,
dirichlet_17,0.1746015249700055,0.43130918208822927,0.3853925893886305,0.008177715613737731,0.0005189879393968516,MaxMin,c=1.0,OK,0.17460152497000553,0.4313091820882293,0.3853925893886306,0.008177715613737733,0.0005189879393968517,8.328486549353166e-17,9.68704401263659e-17,0.4860817403894733,2.4930338329313788e-17,False,True,2.4930338329313788e-17,,
dirichlet_17,0.1746015249700055,0.43130918208822927,0.3853925893886305,0.008177715613737731,0.0005189879393968516,Fair,"alpha=0.0,eps=0.02",OK,0.23253375517607638,0.40714472087217374,0.36032152395175,0.0,0.0,0.06808646844852653,0.06117560599976481,0.4778775023507299,-0.0199999999999999,True,True,,,0.10223397149060892
dirichlet_17,0.1746015249700055,0.43130918208822927,0.3853925893886305,0.008177715613737731,0.0005189879393968516,Fair,"alpha=0.0,eps=0.05",OK,0.3062926662242641,0.37095714746503866,0.32275018631069724,0.0,0.0,0.15803841245889103,0.1422052794382897,0.4638272061733704,-0.04999999999999996,True,True,,,0.2554170291879544
dirichlet_17,0.1746015249700055,0.43130918208822927,0.3853925893886305,0.008177715613737731,0.0005189879393968516,Fair,"alpha=0.0,eps=0.1",OK,0.42922418463791023,0.3106445251198136,0.26013129024227605,0.0,0.0,0.30846425352483875,0.2777091427323246,0.4404100458777714,-0.10000000000000002,True,True,,,0.5107221253501968
dirichlet_17,0.1746015249700055,0.43130918208822927,0.3853925893886305,0.008177715613737731,0.0005189879393968516,Fair,"alpha=1.0,eps=0.02",OK,0.17548885574258113,0.43059872235651475,0.385204352829024,0.0087080690718801,0.0,0.001370461675685607,0.001236442918825775,0.485910193152049,-0.0005832003180047824,True,True,,,-19.558428840514434
dirichlet_17,0.1746015249700055,0.43130918208822927,0.3853925893886305,0.008177715613737731,0.0005189879393968516,Fair,"alpha=1.0,eps=0.05",OK,0.17658642865285093,0.42935083098571847,0.3847754893411946,0.009287251020236038,0.0,0.003107444519044033,0.0028147972048883025,0.48549864789128466,-0.0016109182783743087,True,True,,,-14.977166160292676
dirichlet_17,0.1746015249700055,0.43130918208822927,0.3853925893886305,0.008177715613737731,0.0005189879393968516,Fair,"alpha=1.0,eps=0.1",OK,0.1784160014732124,0.42727092057919536,0.3840603733374717,0.010252704610120657,2.6671373443143415e-17,0.006099796261530147,0.005534313541757989,0.48481264031726534,-0.0033238604908061645,True,True,,,-11.511539917082679
dirichlet_17,0.1746015249700055,0.43130918208822927,0.3853925893886305,0.008177715613737731,0.0005189879393968516,Fair,"alpha=2.0,eps=0.02",OK,0.17506215998100308,0.4309685166412186,0.38531248489252024,0.008461080160180923,0.00019575832507727373,0.0007207129388285883,0.0006495382837057165,0.4860088070148575,-0.0002793501023477423,True,True,,,-249.9574523398237
dirichlet_17,0.1746015249700055,0.43130918208822927,0.3853925893886305,0.008177715613737731,0.0005189879393968516,Fair,"alpha=2.0,eps=0.05",OK,0.1756675649902044,0.4303885950376728,0.3851375166569775,0.00880632331514546,0.0,0.0016472644184402697,0.0014879756612035768,0.4858417312308384,-0.0007562006745749618,True,True,,,-99.98355748693172
dirichlet_17,0.1746015249700055,0.43130918208822927,0.3853925893886305,0.008177715613737731,0.0005189879393968516,Fair,"alpha=2.0,eps=0.1",OK,0.17658024180716841,0.4293441959756056,0.38478377012793824,0.009291792089286492,1.151531127396853e-15,0.00310767863706581,0.002815178866470443,0.4854980980207598,-0.001616278947220372,True,True,,,-49.992525285967524
dirichlet_18,0.43643368638229163,0.08604259514475139,0.06551338575188821,0.016330835010806878,0.39567949771026184,Avg,rho=0.5,OK,0.5441337099066403,6.776263578034403e-17,1.3769367590565906e-17,0.0,0.45586629009335966,0.16487502269470922,0.14988285746543129,0.530846434685827,-0.07126449508648643,True,True,,,
dirichlet_18,0.43643368638229163,0.08604259514475139,0.06551338575188821,0.016330835010806878,0.39567949771026184,Cert,,FLOOR_COLLAPSED,0.43643368638229163,0.08604259514475139,0.06551338575188821,0.016330835010806878,0.39567949771026184,0.0,0.0,0.48165881187674586,0.0,False,True,0.0,-0.0,
dirichlet_18,0.43643368638229163,0.08604259514475139,0.06551338575188821,0.016330835010806878,0.39567949771026184,MaxMin,c=0.0,INFEASIBLE_BALL_MISSES_SIMPLEX,,,,,,,,,,False,False,,,
dirichlet_18,0.43643368638229163,0.08604259514475139,0.06551338575188821,0.016330835010806878,0.39567949771026184,MaxMin,c=0.25,INFEASIBLE_BALL_MISSES_SIMPLEX,,,,,,,,,,False,False,,,
dirichlet_18,0.43643368638229163,0.08604259514475139,0.06551338575188821,0.016330835010806878,0.39567949771026184,MaxMin,c=0.5,INFEASIBLE_BALL_MISSES_SIMPLEX,,,,,,,,,,False,False,,,
dirichlet_18,0.43643368638229163,0.08604259514475139,0.06551338575188821,0.016330835010806878,0.39567949771026184,MaxMin,c=0.75,OK,0.5019971024042523,0.04856484628658412,0.027625111058289083,1.700029006457271e-16,0.4218129402508743,0.0899350739721487,0.08140952841548374,0.5090962508546211,-0.03110284130198611,True,True,-0.03110284130198611,,
dirichlet_18,0.43643368638229163,0.08604259514475139,0.06551338575188821,0.016330835010806878,0.39567949771026184,MaxMin,c=0.9,OK,0.47686449211938464,0.0747439851431101,0.05365701822123491,0.004015633352228383,0.3907188711640419,0.04559774225950434,0.04075694039549647,0.4930072256853299,-0.009302347013329838,True,True,-0.009302347013329838,,
dirichlet_18,0.43643368638229163,0.08604259514475139,0.06551338575188821,0.016330835010806878,0.39567949771026184,MaxMin,c=1.0,OK,0.43643368638229163,0.08604259514475139,0.06551338575188821,0.016330835010806878,0.39567949771026184,0.0,0.0,0.48165881187674586,0.0,False,True,0.0,,
dirichlet_18,0.43643368638229163,0.08604259514475139,0.06551338575188821,0.016330835010806878,0.39567949771026184,Fair,"alpha=0.0,eps=0.02",OK,0.5300917898819606,0.061725893174246996,0.03936276508999688,0.0,0.3688195518537955,0.10504832302536615,0.09380501102036568,0.5034279148300566,-0.020000000000000007,True,True,,,0.10367460497647576
dirichlet_18,0.43643368638229163,0.08604259514475139,0.06551338575188821,0.016330835010806878,0.39567949771026184,Fair,"alpha=0.0,eps=0.05",OK,0.6457611919974626,0.025362950758343113,0.0001516273708170729,0.0,0.32872422987337724,0.23774332245481697,0.21245846058968326,0.5277925945919671,-0.049999999999999996,True,True,,,0.25892121360595466
dirichlet_18,0.43643368638229163,0.08604259514475139,0.06551338575188821,0.016330835010806878,0.39567949771026184,Fair,"alpha=0.0,eps=0.1",OK,0.7343513554946777,0.0,0.0,0.0,0.26564864450532233,0.3429649959086658,0.3064315067472435,0.5375728926952859,-0.1,True,True,,,0.513427056539504
dirichlet_18,0.43643368638229163,0.08604259514475139,0.06551338575188821,0.016330835010806878,0.39567949771026184,Fair,"alpha=1.0,eps=0.02",OK,0.437359427330489,0.0853620344170323,0.06534911869638399,0.016896759460741165,0.3950326600953536,0.0014442341416475827,0.0013015246130195126,0.48174360770068014,-0.0005581074104597802,True,True,,,-19.558411038797665
dirichlet_18,0.43643368638229163,0.08604259514475139,0.06551338575188821,0.016330835010806878,0.39567949771026184,Fair,"alpha=1.0,eps=0.05",OK,0.43874803970248755,0.08434119250666271,0.06510271834353362,0.017745646560281544,0.39406240288703454,0.003610586840905108,0.0032538128764077736,0.48187080149203876,-0.0013952691922087149,True,True,,,-14.976957379426889
dirichlet_18,0.43643368638229163,0.08604259514475139,0.06551338575188821,0.016330835010806878,0.39567949771026184,Fair,"alpha=1.0,eps=0.1",OK,0.4410623948015777,0.08263978902465051,0.06469204997534317,0.019160458908101696,0.3924453072903269,0.007221175988171156,0.0065076278208907766,0.4820827914140397,-0.0027905390847801914,True,True,,,-11.51122147662716
dirichlet_18,0.43643368638229163,0.08604259514475139,0.06551338575188821,0.016330835010806878,0.39567949771026184,Fair,"alpha=2.0,eps=0.02",OK,0.4368943212733724,0.08570192980286626,0.06543328126437764,0.016614199574704412,0.3953562680846793,0.0007207128234526808,0.0006495381789921029,0.4817005507703167,-0.0002793500162559777,True,True,,,-249.9574523398237
dirichlet_18,0.43643368638229163,0.08604259514475139,0.06551338575188821,0.016330835010806878,0.39567949771026184,Fair,"alpha=2.0,eps=0.05",OK,0.43758527349497656,0.0851909318635323,0.06531312457180394,0.017039246553872067,0.3948714235158152,0.001801782057021929,0.0016238454455475405,0.4817631590366481,-0.000698374980074939,True,True,,,-99.98298093592948
dirichlet_18,0.43643368638229163,0.08604259514475139,0.06551338575188821,0.016330835010806878,0.39567949771026184,Fair,"alpha=2.0,eps=0.1",OK,0.43873686109683807,0.08433926821381554,0.06511286325057264,0.017747657790037875,0.39406334964873596,0.003603564349079839,0.0032476911052661387,0.48186750644114934,-0.001396750263313404,True,True,,,-49.99149046796474
dirichlet_19,0.42704454918173507,0.3088590247225328,0.20972752905813435,0.014692586751762425,0.0396763102858355,Avg,rho=0.5,OK,0.5585561708690344,0.3174126962047405,0.12403113292622503,6.695329579924253e-17,0.0,0.16279565703053,0.144891527416653,0.48251335541828416,-0.06756116723290136,True,True,,,
dirichlet_19,0.42704454918173507,0.3088590247225328,0.20972752905813435,0.014692586751762425,0.0396763102858355,Cert,,FLOOR_COLLAPSED,0.42704454918173496,0.30885902472253274,0.2097275290581343,0.014692586751762422,0.039676310285835494,1.3619512758127423e-16,1.5899860095168734e-16,0.4510685195030731,-1.3413028437076721e-16,False,True,0.0,-0.0,
dirichlet_19,0.42704454918173507,0.3088590247225328,0.20972752905813435,0.014692586751762425,0.0396763102858355,MaxMin,c=0.0,INFEASIBLE_BALL_MISSES_SIMPLEX,,,,,,,,,,False,False,,,
dirichlet_19,0.42704454918173507,0.3088590247225328,0.20972752905813435,0.014692586751762425,0.0396763102858355,MaxMin,c=0.25,INFEASIBLE_BALL_MISSES_SIMPLEX,,,,,,,,,,False,False,,,
dirichlet_19,0.42704454918173507,0.3088590247225328,0.20972752905813435,0.014692586751762425,0.0396763102858355,MaxMin,c=0.5,INFEASIBLE_BALL_MISSES_SIMPLEX,,,,,,,,,,False,False,,,
dirichlet_19,0.42704454918173507,0.3088590247225328,0.20972752905813435,0.014692586751762425,0.0396763102858355,MaxMin,c=0.75,OK,0.5213244440185721,0.30567615004705867,0.17169540868182465,0.0,0.0013039972525446177,0.10969766613262961,0.09760817968268629,0.47502048499452776,-0.029266790883245464,True,True,-0.029266790883245464,,
dirichlet_19,0.42704454918173507,0.3088590247225328,0.20972752905813435,0.014692586751762425,0.0396763102858355,MaxMin,c=0.9,OK,0.464173644088364,0.300178948523232,0.2004088535580085,0.005160882103195719,0.0300776717271997,0.0415179284186315,0.03705216017698088,0.45973344635140295,-0.007125209711233014,True,True,-0.007125209711233014,,
dirichlet_19,0.42704454918173507,0.3088590247225328,0.20972752905813435,0.014692586751762425,0.0396763102858355,MaxMin,c=1.0,OK,0.42704454918173496,0.30885902472253274,0.2097275290581343,0.014692586751762422,0.039676310285835494,1.3619512758127423e-16,1.5899860095168734e-16,0.4510685195030731,-1.3413028437076721e-16,False,True,-1.3413028437076721e-16,,
dirichlet_19,0.42704454918173507,0.3088590247225328,0.20972752905813435,0.014692586751762425,0.0396763102858355,Fair,"alpha=0.0,eps=0.02",OK,0.5190429032630687,0.28454982042525867,0.18357789773348135,0.0,0.01282937857819125,0.10332021889847745,0.09227220835874704,0.47138428160019213,-0.02000000000000008,True,True,,,0.10365686245219936
dirichlet_19,0.42704454918173507,0.3088590247225328,0.20972752905813435,0.014692586751762425,0.0396763102858355,Fair,"alpha=0.0,eps=0.05",OK,0.6062119960916414,0.24830613385346378,0.1454818700548947,0.0,0.0,0.20416956930192123,0.18275389273221243,0.485644482827876,-0.050000000000000086,True,True,,,0.25750019857645573
dirichlet_19,0.42704454918173507,0.3088590247225328,0.20972752905813435,0.014692586751762425,0.0396763102858355,Fair,"alpha=0.0,eps=0.1",OK,0.7291435145052878,0.1879935115082388,0.08286297398647358,0.0,0.0,0.35179106607616145,0.3156617996717064,0.5024367797946998,-0.10000000000000002,True,True,,,0.5128052947386983
dirichlet_19,0.42704454918173507,0.3088590247225328,0.20972752905813435,0.014692586751762425,0.0396763102858355,Fair,"alpha=1.0,eps=0.02",OK,0.42797029050069046,0.30817846366683393,0.2095632621122247,0.015258511370063014,0.03902947235018782,0.0014442347310133937,0.0013015251459155364,0.451184195635959,-0.0005581076770516133,True,True,,,-19.55841103879766
dirichlet_19,0.42704454918173507,0.3088590247225328,0.20972752905813435,0.014692586751762425,0.0396763102858355,Fair,"alpha=1.0,eps=0.05",OK,0.42935890185882386,0.3071576228509349,0.20931686069868213,0.01610739915774065,0.03805921543381856,0.003610586524182692,0.0032538125778344335,0.4513577096523198,-0.0013952685778973312,True,True,,,-14.976957379426889
dirichlet_19,0.42704454918173507,0.3088590247225328,0.20972752905813435,0.014692586751762425,0.0396763102858355,Fair,"alpha=1.0,eps=0.1",OK,0.4316732557680452,0.30545621948140117,0.20890619425112558,0.017522209882570566,0.03644212061685757,0.00722117365209811,0.006507625725900373,0.4516469001613109,-0.0027905383556681208,True,True,,,-11.511221476627162
dirichlet_19,0.42704454918173507,0.3088590247225328,0.20972752905813435,0.014692586751762425,0.0396763102858355,Fair,"alpha=2.0,eps=0.02",OK,0.4275051841495608,0.308518359323419,0.2096474245199557,0.014975951329383412,0.039353080677681035,0.0007207129027650385,0.0006495382505404909,0.4511258522502041,-0.0002793500637297841,True,True,,,-249.9574523398237
dirichlet_19,0.42704454918173507,0.3088590247225328,0.20972752905813435,0.014692586751762425,0.0396763102858355,Fair,"alpha=2.0,eps=0.05",OK,0.42819613655417993,0.30800736124856776,0.20952726780538794,0.015400998142968192,0.0388682362488963,0.0018017821918804519,0.0016238455682311445,0.45121185137518366,-0.000698375138612571,True,True,,,-99.98298093592948
dirichlet_19,0.42704454918173507,0.3088590247225328,0.20972752905813435,0.014692586751762425,0.0396763102858355,Fair,"alpha=2.0,eps=0.1",OK,0.4293477236015051,0.3071556977167692,0.20932700694215683,0.016109409581373513,0.038060162158195486,0.0036035642026769977,0.0032476909795415405,0.4513551831872929,-0.0013967503204853303,True,True,,,-49.99149046796474
dirichlet_20,0.49635533264561205,0.18182391409745344,0.017940541661388847,0.11654973105284337,0.1873304805427022,Avg,rho=0.5,OK,0.755983258478358,0.11260249386854004,0.0,0.0,0.13141424765310206,0.2987149022644833,0.26653307289336214,0.5314091115373674,-0.08979603751693335,True,True,,,
dirichlet_20,0.49635533264561205,0.18182391409745344,0.017940541661388847,0.11654973105284337,0.1873304805427022,Cert,,FLOOR_COLLAPSED,0.4963553326456121,0.18182391409745347,0.01794054166138885,0.11654973105284339,0.18733048054270224,6.947562107041945e-17,8.389613305710331e-17,0.4567105556201406,2.7010882926085945e-17,False,True,2.7010882926085945e-17,-0.0,
dirichlet_20,0.49635533264561205,0.18182391409745344,0.017940541661388847,0.11654973105284337,0.1873304805427022,MaxMin,c=0.0,INFEASIBLE_BALL_MISSES_SIMPLEX,,,,,,,,,,False,False,,,
dirichlet_20,0.49635533264561205,0.18182391409745344,0.017940541661388847,0.11654973105284337,0.1873304805427022,MaxMin,c=0.25,INFEASIBLE_BALL_MISSES_SIMPLEX,,,,,,,,,,False,False,,,
dirichlet_20,0.49635533264561205,0.18182391409745344,0.017940541661388847,0.11654973105284337,0.1873304805427022,MaxMin,c=0.5,INFEASIBLE_BALL_MISSES_SIMPLEX,,,,,,,,,,False,False,,,
dirichlet_20,0.49635533264561205,0.18182391409745344,0.017940541661388847,0.11654973105284337,0.1873304805427022,MaxMin,c=0.75,OK,0.5690446414482028,0.16472547207435964,0.0,0.09778398498787223,0.16844590148956534,0.08128183019782882,0.07253937753790726,0.4786563859334918,-0.01403142413012194,True,True,-0.01403142413012194,,
dirichlet_20,0.49635533264561205,0.18182391409745344,0.017940541661388847,0.11654973105284337,0.1873304805427022,MaxMin,c=0.9,OK,0.524797919617067,0.17517457823730567,0.010802009493082276,0.10924800880147018,0.17997748385107498,0.03180463442190546,0.028383651445430296,0.4653115030996701,-0.005458236927435113,True,True,-0.005458236927435113,,
dirichlet_20,0.49635533264561205,0.18182391409745344,0.017940541661388847,0.11654973105284337,0.1873304805427022,MaxMin,c=1.0,OK,0.4963553326456121,0.18182391409745347,0.01794054166138885,0.11654973105284339,0.18733048054270224,6.947562107041945e-17,8.389613305710331e-17,0.4567105556201406,2.7010882926085945e-17,False,True,2.7010882926085945e-17,,
dirichlet_20,0.49635533264561205,0.18182391409745344,0.017940541661388847,0.11654973105284337,0.1873304805427022,Fair,"alpha=0.0,eps=0.02",OK,0.5920113416459096,0.1573579174595948,0.0,0.08988902600367299,0.1607417148908225,0.10718337435004642,0.09566692616360961,0.48493221342807835,-0.020000000000000004,True,True,,,0.10350103455293087
dirichlet_20,0.49635533264561205,0.18182391409745344,0.017940541661388847,0.11654973105284337,0.1873304805427022,Fair,"alpha=0.0,eps=0.05",OK,0.7074494329012146,0.1203261961140724,0.0,0.05020639907732471,0.12201797190738832,0.23944041638128205,0.21379746091054647,0.5164765598420644,-0.04999999999999999,True,True,,,0.2578143383752308
dirichlet_20,0.49635533264561205,0.18182391409745344,0.017940541661388847,0.11654973105284337,0.1873304805427022,Fair,"alpha=0.0,eps=0.1",OK,0.8837157640538649,0.058679691885890325,0.0,0.0,0.057604544060244914,0.44265915185921917,0.39545248054351406,0.5641630354330199,-0.09999999999999995,True,True,,,0.5148309733322218
dirichlet_20,0.49635533264561205,0.18182391409745344,0.017940541661388847,0.11654973105284337,0.1873304805427022,Fair,"alpha=1.0,eps=0.02",OK,0.49728107366491164,0.18114335256912256,0.0177762741320186,0.11711565744528651,0.1866836421886606,0.001444235710604848,0.0013015260356088216,0.45694487790535426,-0.0005581080747530547,True,True,,,-19.558411038797665
dirichlet_20,0.49635533264561205,0.18182391409745344,0.017940541661388847,0.11654973105284337,0.1873304805427022,Fair,"alpha=1.0,eps=0.05",OK,0.49866968601045586,0.1801225113539111,0.017529874357223054,0.11796454257147655,0.18571338570693346,0.0036105869008978466,0.00325381293250773,0.4572963615477123,-0.0013952692772585627,True,True,,,-14.976957379426889
dirichlet_20,0.49635533264561205,0.18182391409745344,0.017940541661388847,0.11654973105284337,0.1873304805427022,Fair,"alpha=1.0,eps=0.1",OK,0.5009840393302413,0.17842110820963347,0.017119206803463502,0.11937935421140582,0.18409629144525608,0.007221173780547666,0.006507625854486982,0.45788216749803906,-0.002790538887760711,True,True,,,-11.51122147662716
dirichlet_20,0.49635533264561205,0.18182391409745344,0.017940541661388847,0.11654973105284337,0.1873304805427022,Fair,"alpha=2.0,eps=0.02",OK,0.4968159676232361,0.1814832486966012,0.0178604371276259,0.11683309562632402,0.18700725092621287,0.0007207129114686484,0.0006495382583123575,0.4568268580465018,-0.00027935006505785243,True,True,,,-249.9574523398237
dirichlet_20,0.49635533264561205,0.18182391409745344,0.017940541661388847,0.11654973105284337,0.1873304805427022,Fair,"alpha=2.0,eps=0.05",OK,0.497506919919549,0.1809722504928197,0.017740280356597082,0.11725814255593558,0.18652240667509867,0.0018017821645152452,0.0016238455472943967,0.4570013116370733,-0.0006983752471684855,True,True,,,-99.98298093592948
dirichlet_20,0.49635533264561205,0.18182391409745344,0.017940541661388847,0.11654973105284337,0.1873304805427022,Fair,"alpha=2.0,eps=0.1",OK,0.4986585074038782,0.18012058720586957,0.017540019139499482,0.11796655381343664,0.18571433243731617,0.0036035643730514483,0.0032476911254318134,0.4572920677030166,-0.001396750231079959,True,True,,,-49.99149046796474
dirichlet_21,0.632775498878638,0.15287301528472802,0.1014888057157034,0.09324645200272964,0.019616228118200903,Avg,rho=0.5,OK,0.9841458552370371,0.01585414476296282,1.0625181290357943e-17,0.0,0.0,0.4020136479135641,0.3602668605084429,0.6973198355106223,-0.11274397618326625,True,True,,,
dirichlet_21,0.632775498878638,0.15287301528472802,0.1014888057157034,0.09324645200272964,0.019616228118200903,Cert,,FLOOR_COLLAPSED,0.6327754988786382,0.15287301528472805,0.10148880571570341,0.09324645200272966,0.019616228118200907,1.1616172636829685e-16,1.2820299739555387e-16,0.549966985207023,3.54163907718516e-17,False,True,3.54163907718516e-17,-0.0,
dirichlet_21,0.632775498878638,0.15287301528472802,0.1014888057157034,0.09324645200272964,0.019616228118200903,MaxMin,c=0.0,INFEASIBLE_BALL_MISSES_SIMPLEX,,,,,,,,,,False,False,,,
dirichlet_21,0.632775498878638,0.15287301528472802,0.1014888057157034,0.09324645200272964,0.019616228118200903,MaxMin,c=0.25,INFEASIBLE_BALL_MISSES_SIMPLEX,,,,,,,,,,False,False,,,
dirichlet_21,0.632775498878638,0.15287301528472802,0.1014888057157034,0.09324645200272964,0.019616228118200903,MaxMin,c=0.5,OK,0.8322370751787227,0.09549926678703544,0.04148512751915512,0.03077853051508663,3.4694469519536134e-18,0.22575240077234512,0.20185503356145817,0.6348539727684663,-0.04725729542634049,True,True,-0.04725729542634049,,
dirichlet_21,0.632775498878638,0.15287301528472802,0.1014888057157034,0.09324645200272964,0.019616228118200903,MaxMin,c=0.75,OK,0.72445314522807,0.13006708061607258,0.07720842905057639,0.06827134510528106,3.469446951953614e-18,0.1025816287519711,0.09158813239570099,0.589821800912296,-0.018741270043437366,True,True,-0.018741270043437366,,
dirichlet_21,0.632775498878638,0.15287301528472802,0.1014888057157034,0.09324645200272964,0.019616228118200903,MaxMin,c=0.9,OK,0.6689102762720454,0.1444253916082472,0.09241968443372105,0.08397000649491927,0.010274641191067187,0.04040607790239503,0.0360599029765478,0.5658031312511532,-0.006934396527688482,True,True,-0.006934396527688482,,
dirichlet_21,0.632775498878638,0.15287301528472802,0.1014888057157034,0.09324645200272964,0.019616228118200903,MaxMin,c=1.0,OK,0.6327754988786382,0.15287301528472805,0.10148880571570341,0.09324645200272966,0.019616228118200907,1.1616172636829685e-16,1.2820299739555387e-16,0.549966985207023,3.54163907718516e-17,False,True,3.54163907718516e-17,,
dirichlet_21,0.632775498878638,0.15287301528472802,0.1014888057157034,0.09324645200272964,0.019616228118200903,Fair,"alpha=0.0,eps=0.02",OK,0.7292108511019847,0.12854121779980582,0.07563156168630902,0.06661636941190047,0.0,0.10795539958919853,0.09639715188678893,0.5918095724535019,-0.02,True,True,,,0.10340913080471159
dirichlet_21,0.632775498878638,0.15287301528472802,0.1014888057157034,0.09324645200272964,0.019616228118200903,Fair,"alpha=0.0,eps=0.05",OK,0.8426038592474417,0.0921744941436798,0.038049218721178016,0.027172427887700412,0.0,0.23767079237917632,0.21252672645563903,0.6391852195692846,-0.05000000000000001,True,True,,,0.2570032470910747
dirichlet_21,0.632775498878638,0.15287301528472802,0.1014888057157034,0.09324645200272964,0.019616228118200903,Fair,"alpha=0.0,eps=0.1",OK,0.9685718752208632,0.03142812477913677,0.0,0.0,0.0,0.38325936739598004,0.34329181922190305,0.6911498922622543,-0.10000000000000003,True,True,,,0.511790645529214
dirichlet_21,0.632775498878638,0.15287301528472802,0.1014888057157034,0.09324645200272964,0.019616228118200903,Fair,"alpha=1.0,eps=0.02",OK,0.6337012401859407,0.15219245423900057,0.10132453877458186,0.09381237660899797,0.0189693901914789,0.0014442347095882224,0.0013015251265995876,0.5503848322546887,-0.0005581076688336054,True,True,,,-19.558411038797665
dirichlet_21,0.632775498878638,0.15287301528472802,0.1014888057157034,0.09324645200272964,0.019616228118200903,Fair,"alpha=1.0,eps=0.05",OK,0.6350898521294993,0.1511716126416729,0.10107813814443631,0.09466126384876708,0.017999133235624378,0.003610586960121657,0.003253812983497624,0.5510116028215862,-0.0013952691988215271,True,True,,,-14.976957379426889
dirichlet_21,0.632775498878638,0.15287301528472802,0.1014888057157034,0.09324645200272964,0.019616228118200903,Fair,"alpha=1.0,eps=0.1",OK,0.6374042058114112,0.14947021003911604,0.10066747093427664,0.09607607455240835,0.016382038662787913,0.007221173550012701,0.006507625631477063,0.5520562206027537,-0.0027905383577630995,True,True,,,-11.51122147662716
dirichlet_21,0.632775498878638,0.15287301528472802,0.1014888057157034,0.09324645200272964,0.019616228118200903,Fair,"alpha=2.0,eps=0.02",OK,0.6332361338269618,0.15253234989794529,0.10140870121193728,0.09352981655999376,0.019292998503161997,0.0007207128757309154,0.0006495382263111051,0.5501749288966099,-0.0002793500531805458,True,True,,,-249.9574523398237
dirichlet_21,0.632775498878638,0.15287301528472802,0.1014888057157034,0.09324645200272964,0.019616228118200903,Fair,"alpha=2.0,eps=0.05",OK,0.6339270865635306,0.15202135160536487,0.1012885441844426,0.09395486315667669,0.018808154489985292,0.00180178224303038,0.0016238456149747697,0.5504868445305803,-0.0006983753103178326,True,True,,,-99.98298093592948
dirichlet_21,0.632775498878638,0.15287301528472802,0.1014888057157034,0.09324645200272964,0.019616228118200903,Fair,"alpha=2.0,eps=0.1",OK,0.6350786742857109,0.15116968827226904,0.10108828308906481,0.09466327454891785,0.018000079804037488,0.0036035648658415183,0.0032476915639456814,0.5510067039538022,-0.001396750329439836,True,True,,,-49.99149046796474
dirichlet_22,0.07969936724846238,0.013664113895498048,0.37725546566094154,0.13008504765809048,0.3992960055370076,Avg,rho=0.5,OK,2.3413536602487287e-17,0.0,0.478661754943719,8.512849271275995e-18,0.521338245056281,0.22054106308246574,0.19625189626563724,0.4959564469711543,-0.10546210483980388,True,True,,,
dirichlet_22,0.07969936724846238,0.013664113895498048,0.37725546566094154,0.13008504765809048,0.3992960055370076,Cert,,FLOOR_COLLAPSED,0.07969936724846238,0.013664113895498048,0.37725546566094154,0.13008504765809048,0.3992960055370076,0.0,0.0,0.4476432259931569,0.0,False,True,0.0,-0.0,
dirichlet_22,0.07969936724846238,0.013664113895498048,0.37725546566094154,0.13008504765809048,0.3992960055370076,MaxMin,c=0.0,INFEASIBLE_BALL_MISSES_SIMPLEX,,,,,,,,,,False,False,,,
dirichlet_22,0.07969936724846238,0.013664113895498048,0.37725546566094154,0.13008504765809048,0.3992960055370076,MaxMin,c=0.25,INFEASIBLE_BALL_MISSES_SIMPLEX,,,,,,,,,,False,False,,,
dirichlet_22,0.07969936724846238,0.013664113895498048,0.37725546566094154,0.13008504765809048,0.3992960055370076,MaxMin,c=0.5,INFEASIBLE_BALL_MISSES_SIMPLEX,,,,,,,,,,False,False,,,
dirichlet_22,0.07969936724846238,0.013664113895498048,0.37725546566094154,0.13008504765809048,0.3992960055370076,MaxMin,c=0.75,OK,0.04147789523209342,1.4224732503009818e-16,0.4121201846331735,0.09223995765905113,0.45416196247568186,0.0854731632063057,0.0759976669750443,0.4682421138451903,-0.030714845305061078,True,True,-0.030714845305061078,,
dirichlet_22,0.07969936724846238,0.013664113895498048,0.37725546566094154,0.13008504765809048,0.3992960055370076,MaxMin,c=0.9,OK,0.06906607261982738,0.0033256672492259966,0.38537328402549703,0.11958904706098913,0.4226459290444605,0.03067954310375792,0.027373251696098076,0.455420503365678,-0.008430331630115244,True,True,-0.008430331630115244,,
dirichlet_22,0.07969936724846238,0.013664113895498048,0.37725546566094154,0.13008504765809048,0.3992960055370076,MaxMin,c=1.0,OK,0.07969936724846238,0.013664113895498048,0.37725546566094154,0.13008504765809048,0.3992960055370076,0.0,0.0,0.4476432259931569,0.0,False,True,0.0,,
dirichlet_22,0.07969936724846238,0.013664113895498048,0.37725546566094154,0.13008504765809048,0.3992960055370076,Fair,"alpha=0.0,eps=0.02",OK,0.17247788344042028,0.0,0.351174675174028,0.10370693026922069,0.37264051111633106,0.10431245931117016,0.09296491828032212,0.4352897296144063,-0.020000000000000025,True,True,,,0.10319511783669015
dirichlet_22,0.07969936724846238,0.013664113895498048,0.37725546566094154,0.13008504765809048,0.3992960055370076,Fair,"alpha=0.0,eps=0.05",OK,0.28973176189519645,0.0,0.3121993056144529,0.06486142418833421,0.3332075083020165,0.23906992553411835,0.21283977852546646,0.41556174792439465,-0.05000000000000001,True,True,,,0.2568531016137738
dirichlet_22,0.07969936724846238,0.013664113895498048,0.37725546566094154,0.13008504765809048,0.3992960055370076,Fair,"alpha=0.0,eps=0.1",OK,0.4851548926531568,0.0,0.24724035634849442,0.00011891405352343343,0.2674858369448255,0.4644888977873348,0.413390792402541,0.38268177844104184,-0.1,True,True,,,0.5129497412422466
dirichlet_22,0.07969936724846238,0.013664113895498048,0.37725546566094154,0.13008504765809048,0.3992960055370076,Fair,"alpha=1.0,eps=0.02",OK,0.0806251085693826,0.012983552840623452,0.3770911986685493,0.1306509722747582,0.39864916764668656,0.0014442347162307815,0.0013015251324706041,0.44751725866687386,-0.0005581076770326669,True,True,,,-19.55841103879766
dirichlet_22,0.07969936724846238,0.013664113895498048,0.37725546566094154,0.13008504765809048,0.3992960055370076,Fair,"alpha=1.0,eps=0.05",OK,0.08201372008870825,0.01196271158250493,0.37684479847188096,0.1314998589338561,0.3976789109230498,0.003610586154145648,0.003253812258293991,0.4473283077379877,-0.0013952689237409742,True,True,,,-14.976957379426889
dirichlet_22,0.07969936724846238,0.013664113895498048,0.37725546566094154,0.13008504765809048,0.3992960055370076,Fair,"alpha=1.0,eps=0.1",OK,0.08432807387319834,0.010261308482537729,0.37643413094686007,0.1329146708538042,0.3960618158435997,0.0072211737835042545,0.006507625847537839,0.44701338937239593,-0.0027905384954567064,True,True,,,-11.51122147662716
dirichlet_22,0.07969936724846238,0.013664113895498048,0.37725546566094154,0.13008504765809048,0.3992960055370076,Fair,"alpha=2.0,eps=0.02",OK,0.08016000219807051,0.013323448504993741,0.3771753611617017,0.13036841221458742,0.39897277592064667,0.0007207128780991437,0.000649538228521441,0.44758078399640866,-0.00027935005617096213,True,True,,,-249.9574523398237
dirichlet_22,0.07969936724846238,0.013664113895498048,0.37725546566094154,0.13008504765809048,0.3992960055370076,Fair,"alpha=2.0,eps=0.05",OK,0.08085095469675312,0.012812450451651957,0.37705520429360245,0.1307934590366072,0.39848793152138534,0.0018017822243070656,0.0016238455955850265,0.4474871209780055,-0.0006983751151887614,True,True,,,-99.98298093592948
dirichlet_22,0.07969936724846238,0.013664113895498048,0.37725546566094154,0.13008504765809048,0.3992960055370076,Fair,"alpha=2.0,eps=0.1",OK,0.08200254076354688,0.011960787338690465,0.37685494314496737,0.1315018699335076,0.39767985881928775,0.003603562606481225,0.0032476895448197854,0.44733101628919614,-0.001396749960824263,True,True,,,-49.99149046796474
dirichlet_23,0.33493582699630764,0.44559289581784395,0.12898054513390741,0.06739982157712732,0.023090910474813858,Avg,rho=0.5,OK,0.392967287653324,0.6070327123466759,0.0,3.997656697861396e-17,7.691059161069047e-17,0.22614679282508993,0.20312289573443854,0.5129083671642153,-0.1035953997899212,True,True,,,
dirichlet_23,0.33493582699630764,0.44559289581784395,0.12898054513390741,0.06739982157712732,0.023090910474813858,Cert,,FLOOR_COLLAPSED,0.3349358269963076,0.44559289581784384,0.1289805451339074,0.0673998215771273,0.023090910474813854,1.27993912314e-16,1.4728462154175168e-16,0.4574702689830668,-1.295265061542393e-16,False,True,0.0,-0.0,
dirichlet_23,0.33493582699630764,0.44559289581784395,0.12898054513390741,0.06739982157712732,0.023090910474813858,MaxMin,c=0.0,INFEASIBLE_BALL_MISSES_SIMPLEX,,,,,,,,,,False,False,,,
dirichlet_23,0.33493582699630764,0.44559289581784395,0.12898054513390741,0.06739982157712732,0.023090910474813858,MaxMin,c=0.25,INFEASIBLE_BALL_MISSES_SIMPLEX,,,,,,,,,,False,False,,,
dirichlet_23,0.33493582699630764,0.44559289581784395,0.12898054513390741,0.06739982157712732,0.023090910474813858,MaxMin,c=0.5,INFEASIBLE_BALL_MISSES_SIMPLEX,,,,,,,,,,False,False,,,
dirichlet_23,0.33493582699630764,0.44559289581784395,0.12898054513390741,0.06739982157712732,0.023090910474813858,MaxMin,c=0.75,OK,0.32999766368011824,0.5269720731458086,0.10115802811180716,0.04187223506226572,1.52655665885959e-16,0.09276796986454076,0.08397096346667346,0.48051187870208917,-0.021974629119407268,True,True,-0.021974629119407268,,
dirichlet_23,0.33493582699630764,0.44559289581784395,0.12898054513390741,0.06739982157712732,0.023090910474813858,MaxMin,c=0.9,OK,0.32623406294201174,0.4816106865662506,0.11932876607148,0.05879299969497367,0.014033484725283906,0.04027745189609099,0.03653900944742796,0.4663610333401947,-0.007626370965444006,True,True,-0.007626370965444006,,
dirichlet_23,0.33493582699630764,0.44559289581784395,0.12898054513390741,0.06739982157712732,0.023090910474813858,MaxMin,c=1.0,OK,0.3349358269963076,0.44559289581784384,0.1289805451339074,0.0673998215771273,0.023090910474813854,1.27993912314e-16,1.4728462154175168e-16,0.4574702689830668,-1.295265061542393e-16,False,True,-1.295265061542393e-16,,
dirichlet_23,0.33493582699630764,0.44559289581784395,0.12898054513390741,0.06739982157712732,0.023090910474813858,Fair,"alpha=0.0,eps=0.02",OK,0.4350626344088829,0.4212456319520657,0.10298117862704037,0.04071055501201093,0.0,0.11198053837825066,0.09996238846053658,0.4712053025936284,-0.020000000000000163,True,True,,,0.1035885760241873
dirichlet_23,0.33493582699630764,0.44559289581784395,0.12898054513390741,0.06739982157712732,0.023090910474813858,Fair,"alpha=0.0,eps=0.05",OK,0.54845564255434,0.38487890829593974,0.06539883566190935,0.0012666134878108885,0.0,0.24130131589957887,0.21572780379122122,0.48257184812205645,-0.050000000000000135,True,True,,,0.25718269231055035
dirichlet_23,0.33493582699630764,0.44559289581784395,0.12898054513390741,0.06739982157712732,0.023090910474813858,Fair,"alpha=0.0,eps=0.1",OK,0.6726598806816032,0.3245605331249842,0.002779586193412647,0.0,0.0,0.3869224436360978,0.3468130517738681,0.4877176271505392,-0.10000000000000006,True,True,,,0.5125009882782132
dirichlet_23,0.33493582699630764,0.44559289581784395,0.12898054513390741,0.06739982157712732,0.023090910474813858,Fair,"alpha=1.0,eps=0.02",OK,0.33586156831202607,0.4449123348316293,0.1288162780097972,0.06796574615880216,0.022444072687745217,0.001444234635567472,0.0013015250582168337,0.45748207254116036,-0.0005581076224932039,True,True,,,-19.558411038797665
dirichlet_23,0.33493582699630764,0.44559289581784395,0.12898054513390741,0.06739982157712732,0.023090910474813858,Fair,"alpha=1.0,eps=0.05",OK,0.3372501803666826,0.443891493030824,0.1285698771614895,0.06881463319932563,0.021473816241678306,0.0036105867716152034,0.0032538128152952285,0.45749977778020817,-0.0013952693225370988,True,True,,,-14.976957379426889
dirichlet_23,0.33493582699630764,0.44559289581784395,0.12898054513390741,0.06739982157712732,0.023090910474813858,Fair,"alpha=1.0,eps=0.1",OK,0.33956453361351197,0.4421900905284905,0.12815921043429251,0.07022944469216102,0.019856720731544153,0.007221173709501688,0.006507625778532737,0.45752928675591664,-0.0027905383936617837,True,True,,,-11.51122147662716
dirichlet_23,0.33493582699630764,0.44559289581784395,0.12898054513390741,0.06739982157712732,0.023090910474813858,Fair,"alpha=2.0,eps=0.02",OK,0.33539646194405465,0.4452522304284747,0.12890044063374076,0.0676831861334923,0.02276768086023753,0.000720712875623858,0.0006495382262898123,0.4574756730946877,-0.00027935005525839816,True,True,,,-249.9574523398237
dirichlet_23,0.33493582699630764,0.44559289581784395,0.12898054513390741,0.06739982157712732,0.023090910474813858,Fair,"alpha=2.0,eps=0.05",OK,0.3360874144261718,0.4447412323668661,0.12878028380844858,0.06810823294930103,0.022282836449212463,0.0018017822132277467,0.0016238455861116293,0.4574837792774908,-0.0006983751205283927,True,True,,,-99.98298093592948
dirichlet_23,0.33493582699630764,0.44559289581784395,0.12898054513390741,0.06739982157712732,0.023090910474813858,Fair,"alpha=2.0,eps=0.1",OK,0.337239001748672,0.4438895688805913,0.12858002263041196,0.06881664435486337,0.021474762385461362,0.0036035643883708906,0.0032476911402993846,0.4574972895475486,-0.0013967502683880488,True,True,,,-49.99149046796474
dirichlet_24,0.28356743031879594,0.25931316112899694,0.40856504305184216,0.042033046211393796,0.0065213192889710505,Avg,rho=0.5,OK,0.267001502975709,0.21357076803303102,0.5194277289912598,6.57469091241156e-17,1.0200817783783539e-16,0.1283223916066955,0.11500533766013223,0.4693476780664458,-0.03610247002643635,True,True,,,
dirichlet_24,0.28356743031879594,0.25931316112899694,0.40856504305184216,0.042033046211393796,0.0065213192889710505,Cert,,FLOOR_COLLAPSED,0.283567430318796,0.259313161128997,0.4085650430518422,0.0420330462113938,0.006521319288971051,9.640209695879514e-17,1.153754645711566e-16,0.447273726978925,3.220768790194104e-17,False,True,3.220768790194104e-17,-0.0,
dirichlet_24,0.28356743031879594,0.25931316112899694,0.40856504305184216,0.042033046211393796,0.0065213192889710505,MaxMin,c=0.0,INFEASIBLE_BALL_MISSES_SIMPLEX,,,,,,,,,,False,False,,,
dirichlet_24,0.28356743031879594,0.25931316112899694,0.40856504305184216,0.042033046211393796,0.0065213192889710505,MaxMin,c=0.25,INFEASIBLE_BALL_MISSES_SIMPLEX,,,,,,,,,,False,False,,,
dirichlet_24,0.28356743031879594,0.25931316112899694,0.40856504305184216,0.042033046211393796,0.0065213192889710505,MaxMin,c=0.5,INFEASIBLE_BALL_MISSES_SIMPLEX,,,,,,,,,,False,False,,,
dirichlet_24,0.28356743031879594,0.25931316112899694,0.40856504305184216,0.042033046211393796,0.0065213192889710505,MaxMin,c=0.75,INFEASIBLE_BALL_MISSES_SIMPLEX,,,,,,,,,,False,False,,,
dirichlet_24,0.28356743031879594,0.25931316112899694,0.40856504305184216,0.042033046211393796,0.0065213192889710505,MaxMin,c=0.9,OK,0.2712632192914347,0.2466821495536661,0.45242505647118286,0.02962957468371634,0.0,0.04930527913695791,0.04433082248114585,0.4559989230147408,-0.009810377962452703,True,True,-0.009810377962452703,,
dirichlet_24,0.28356743031879594,0.25931316112899694,0.40856504305184216,0.042033046211393796,0.0065213192889710505,MaxMin,c=1.0,OK,0.283567430318796,0.259313161128997,0.4085650430518422,0.0420330462113938,0.006521319288971051,9.640209695879514e-17,1.153754645711566e-16,0.447273726978925,3.220768790194104e-17,False,True,3.220768790194104e-17,,
dirichlet_24,0.28356743031879594,0.25931316112899694,0.40856504305184216,0.042033046211393796,0.0065213192889710505,Fair,"alpha=0.0,eps=0.02",OK,0.3660909298347611,0.2350396512302308,0.38324341082637187,0.01562600810863624,0.0,0.0937036583082975,0.08380822670975681,0.45188139914068615,-0.019999999999999976,True,True,,,0.10273286214251186
dirichlet_24,0.28356743031879594,0.25931316112899694,0.40856504305184216,0.042033046211393796,0.0065213192889710505,Fair,"alpha=0.0,eps=0.05",OK,0.45555118052316795,0.19878110613174796,0.3456677133450841,0.0,0.0,0.19750422446081575,0.17701952187809947,0.4518845615352749,-0.04999999999999995,True,True,,,0.25607876372910643
dirichlet_24,0.28356743031879594,0.25931316112899694,0.40856504305184216,0.042033046211393796,0.0065213192889710505,Fair,"alpha=0.0,eps=0.1",OK,0.5784826989368141,0.13846848378652288,0.283048817276663,0.0,0.0,0.34516963832001235,0.310028590884405,0.4468621520742407,-0.09999999999999999,True,True,,,0.5113838598913489
dirichlet_24,0.28356743031879594,0.25931316112899694,0.40856504305184216,0.042033046211393796,0.0065213192889710505,Fair,"alpha=1.0,eps=0.02",OK,0.28449317127744167,0.2586326012505466,0.4084007762864503,0.04259897072171605,0.005874480463845578,0.0014442342808409384,0.001301524719733787,0.4473167036321457,-0.0005581067078989384,True,True,,,-19.558411038797665
dirichlet_24,0.28356743031879594,0.25931316112899694,0.40856504305184216,0.042033046211393796,0.0065213192889710505,Fair,"alpha=1.0,eps=0.05",OK,0.28588178406749254,0.25761175851427603,0.40815437561586554,0.04344785737679767,0.004904224425568325,0.0036105869751955387,0.003253812992421768,0.4473811681259884,-0.0013952691717832402,True,True,,,-14.976957379426887
dirichlet_24,0.28356743031879594,0.25931316112899694,0.40856504305184216,0.042033046211393796,0.0065213192889710505,Fair,"alpha=1.0,eps=0.1",OK,0.2881961369661256,0.2559103559005487,0.4077437082953867,0.04486266933153347,0.0032871295064053926,0.007221173726177151,0.00650762579167138,0.4474886091457571,-0.002790538344272904,True,True,,,-11.51122147662716
dirichlet_24,0.28356743031879594,0.25931316112899694,0.40856504305184216,0.042033046211393796,0.0065213192889710505,Fair,"alpha=2.0,eps=0.02",OK,0.28402806538639186,0.25897249572429726,0.4084849385431605,0.04231641077456056,0.00619808957158994,0.0007207130091974114,0.0006495383453251948,0.44729530952254987,-0.00027935006750492465,True,True,,,-249.9574523398237
dirichlet_24,0.28356743031879594,0.25931316112899694,0.40856504305184216,0.042033046211393796,0.0065213192889710505,Fair,"alpha=2.0,eps=0.05",OK,0.28471901769491986,0.2584614976577899,0.4083647818014226,0.04274145759617229,0.005713245249695451,0.0018017821911904144,0.0016238455675262986,0.4473276832834616,-0.000698375136298379,True,True,,,-99.98298093592948
dirichlet_24,0.28356743031879594,0.25931316112899694,0.40856504305184216,0.042033046211393796,0.0065213192889710505,Fair,"alpha=2.0,eps=0.1",OK,0.2858706054852466,0.2576098338763446,0.4081645199715125,0.04344986919323594,0.004905171473660402,0.0036035648235697706,0.003247691531986587,0.4473816394324415,-0.0013967505342910493,True,True,,,-49.99149046796474
dirichlet_25,0.1522338181206526,0.5475804929740837,0.24739436144658847,0.00581048234519229,0.046980845113482626,Avg,rho=0.5,OK,0.00795318894098439,0.7940884748598798,0.19795833619913578,4.286494932875112e-17,5.820979820121003e-17,0.2937140909027289,0.2662011835406771,0.581922581332334,-0.11975136703907242,True,True,,,
dirichlet_25,0.1522338181206526,0.5475804929740837,0.24739436144658847,0.00581048234519229,0.046980845113482626,Cert,,FLOOR_COLLAPSED,0.15223381812065262,0.5475804929740838,0.24739436144658852,0.005810482345192291,0.04698084511348264,1.2794982158516685e-16,1.465813625916671e-16,0.5015879487171213,3.992283662818813e-17,False,True,3.992283662818813e-17,-0.0,
dirichlet_25,0.1522338181206526,0.5475804929740837,0.24739436144658847,0.00581048234519229,0.046980845113482626,MaxMin,c=0.0,INFEASIBLE_BALL_MISSES_SIMPLEX,,,,,,,,,,False,False,,,
dirichlet_25,0.1522338181206526,0.5475804929740837,0.24739436144658847,0.00581048234519229,0.046980845113482626,MaxMin,c=0.25,INFEASIBLE_BALL_MISSES_SIMPLEX,,,,,,,,,,False,False,,,
dirichlet_25,0.1522338181206526,0.5475804929740837,0.24739436144658847,0.00581048234519229,0.046980845113482626,MaxMin,c=0.5,INFEASIBLE_BALL_MISSES_SIMPLEX,,,,,,,,,,False,False,,,
dirichlet_25,0.1522338181206526,0.5475804929740837,0.24739436144658847,0.00581048234519229,0.046980845113482626,MaxMin,c=0.75,OK,0.12064231651410474,0.6519632532111089,0.21298792256481394,5.204170427930423e-18,0.014406507709972264,0.11904803991390876,0.10771193847408529,0.5361208411504073,-0.02706606024559947,True,True,-0.02706606024559947,,
dirichlet_25,0.1522338181206526,0.5475804929740837,0.24739436144658847,0.00581048234519229,0.046980845113482626,MaxMin,c=0.9,OK,0.14211044406780413,0.5851243773479654,0.2362705244844806,0.0,0.036494654099749904,0.04218397340119965,0.038226135312157405,0.5144343292436087,-0.008769653124526886,True,True,-0.008769653124526886,,
dirichlet_25,0.1522338181206526,0.5475804929740837,0.24739436144658847,0.00581048234519229,0.046980845113482626,MaxMin,c=1.0,OK,0.15223381812065262,0.5475804929740838,0.24739436144658852,0.005810482345192291,0.04698084511348264,1.2794982158516685e-16,1.465813625916671e-16,0.5015879487171213,3.992283662818813e-17,False,True,3.992283662818813e-17,,
dirichlet_25,0.1522338181206526,0.5475804929740837,0.24739436144658847,0.00581048234519229,0.046980845113482626,Fair,"alpha=0.0,eps=0.02",OK,0.23523349477870245,0.5233119388750143,0.22125009401998696,0.0,0.020204472326296387,0.09440427748463574,0.0843694776212406,0.49491773759104013,-0.01999999999999993,True,True,,,0.10356066765865135
dirichlet_25,0.1522338181206526,0.5475804929740837,0.24739436144658847,0.00581048234519229,0.046980845113482626,Fair,"alpha=0.0,eps=0.05",OK,0.330111561756467,0.48703599510172296,0.18285244314180998,0.0,0.0,0.20423699134756748,0.18280089158336393,0.4820937536647467,-0.04999999999999994,True,True,,,0.2577835712941977
dirichlet_25,0.1522338181206526,0.5475804929740837,0.24739436144658847,0.00581048234519229,0.046980845113482626,Fair,"alpha=0.0,eps=0.1",OK,0.4530430801701132,0.42672337275649797,0.12023354707338885,0.0,0.0,0.3514306330796238,0.3153100580039532,0.4576888287633453,-0.09999999999999992,True,True,,,0.5130886674564401
dirichlet_25,0.1522338181206526,0.5475804929740837,0.24739436144658847,0.00581048234519229,0.046980845113482626,Fair,"alpha=1.0,eps=0.02",OK,0.1531595594372586,0.5468999319431361,0.24723009445324245,0.006376406966644392,0.04633400719971838,0.001444234714673277,0.0013015251305746453,0.50135026013278,-0.0005581076573873356,True,True,,,-19.55841103879766
dirichlet_25,0.1522338181206526,0.5475804929740837,0.24739436144658847,0.00581048234519229,0.046980845113482626,Fair,"alpha=1.0,eps=0.05",OK,0.15454817159436302,0.5458790901182416,0.24698369428308578,0.0072252938846208105,0.04536375011968882,0.003610587086524229,0.0032538131009696835,0.5009937272140685,-0.0013952693671434938,True,True,,,-14.976957379426887
dirichlet_25,0.1522338181206526,0.5475804929740837,0.24739436144658847,0.00581048234519229,0.046980845113482626,Fair,"alpha=1.0,eps=0.1",OK,0.15686252475116816,0.5441776876570517,0.2465730266656109,0.008640105495169453,0.0437466554309999,0.00722117372679874,0.00650762579427504,0.5003995057639216,-0.0027905384175246524,True,True,,,-11.511221476627162
dirichlet_25,0.1522338181206526,0.5475804929740837,0.24739436144658847,0.00581048234519229,0.046980845113482626,Fair,"alpha=2.0,eps=0.02",OK,0.1526944530984313,0.5472398275625563,0.2473142568870369,0.006093846972207857,0.0466576154797678,0.0007207129482535972,0.0006495382914488016,0.5014690782498893,-0.0002793500741898341,True,True,,,-249.9574523398237
dirichlet_25,0.1522338181206526,0.5475804929740837,0.24739436144658847,0.00581048234519229,0.046980845113482626,Fair,"alpha=2.0,eps=0.05",OK,0.15338540547977433,0.5467288295060534,0.24719410019964436,0.006518893732757007,0.04617277108177082,0.0018017821761390589,0.0016238455541202313,0.5012907725971639,-0.0006983751337036717,True,True,,,-99.98298093592948
dirichlet_25,0.1522338181206526,0.5475804929740837,0.24739436144658847,0.00581048234519229,0.046980845113482626,Fair,"alpha=2.0,eps=0.1",OK,0.15453699286430897,0.5458771660415729,0.2469938388842066,0.007227305229687887,0.045364696980223815,0.0036035644487752336,0.003247691194240735,0.5009935964664721,-0.0013967502653375943,True,True,,,-49.99149046796474
dirichlet_26,0.030099609448743837,0.012994274629629415,0.3463617676071789,0.23751605438909834,0.37302829392534964,Avg,rho=0.5,OK,0.0,0.0,0.3849943303183032,0.17846466185051274,0.436541007831184,0.10044025264890855,0.08940935968211709,0.45823633848720496,-0.04772686173246371,True,True,,,
dirichlet_26,0.030099609448743837,0.012994274629629415,0.3463617676071789,0.23751605438909834,0.37302829392534964,Cert,,FLOOR_COLLAPSED,0.030099609448743837,0.012994274629629415,0.3463617676071789,0.23751605438909834,0.37302829392534964,0.0,0.0,0.44166633400651006,0.0,False,True,0.0,-0.0,
dirichlet_26,0.030099609448743837,0.012994274629629415,0.3463617676071789,0.23751605438909834,0.37302829392534964,MaxMin,c=0.0,INFEASIBLE_BALL_MISSES_SIMPLEX,,,,,,,,,,False,False,,,
dirichlet_26,0.030099609448743837,0.012994274629629415,0.3463617676071789,0.23751605438909834,0.37302829392534964,MaxMin,c=0.25,INFEASIBLE_BALL_MISSES_SIMPLEX,,,,,,,,,,False,False,,,
dirichlet_26,0.030099609448743837,0.012994274629629415,0.3463617676071789,0.23751605438909834,0.37302829392534964,MaxMin,c=0.5,INFEASIBLE_BALL_MISSES_SIMPLEX,,,,,,,,,,False,False,,,
dirichlet_26,0.030099609448743837,0.012994274629629415,0.3463617676071789,0.23751605438909834,0.37302829392534964,MaxMin,c=0.75,INFEASIBLE_BALL_MISSES_SIMPLEX,,,,,,,,,,False,False,,,
dirichlet_26,0.030099609448743837,0.012994274629629415,0.3463617676071789,0.23751605438909834,0.37302829392534964,MaxMin,c=0.9,OK,0.018031062404388294,0.0012777978528990992,0.35467623356190503,0.22561006632876937,0.40040483985203834,0.03526022998368807,0.031486287867140896,0.44919838310620464,-0.009566791636343146,True,True,-0.009566791636343146,,
dirichlet_26,0.030099609448743837,0.012994274629629415,0.3463617676071789,0.23751605438909834,0.37302829392534964,MaxMin,c=1.0,OK,0.030099609448743837,0.012994274629629415,0.3463617676071789,0.23751605438909834,0.37302829392534964,0.0,0.0,0.44166633400651006,0.0,False,True,0.0,,
dirichlet_26,0.030099609448743837,0.012994274629629415,0.3463617676071789,0.23751605438909834,0.37302829392534964,Fair,"alpha=0.0,eps=0.02",OK,0.1221619534342214,0.0,0.3202857425663354,0.21116152203512678,0.3463907819643164,0.10357800854550184,0.09230231778419931,0.42461223414281163,-0.02000000000000008,True,True,,,0.1031580347192069
dirichlet_26,0.030099609448743837,0.012994274629629415,0.3463617676071789,0.23751605438909834,0.37302829392534964,Fair,"alpha=0.0,eps=0.05",OK,0.23941583188899765,0.0,0.2813103730067604,0.17231601595424031,0.3069577791500018,0.23839080104704927,0.2122281892292043,0.3987258372641699,-0.05000000000000005,True,True,,,0.2568160184962905
dirichlet_26,0.030099609448743837,0.012994274629629415,0.3463617676071789,0.23751605438909834,0.37302829392534964,Fair,"alpha=0.0,eps=0.1",OK,0.4348389626469579,0.0,0.21635142374080188,0.10757350581942954,0.2412361077928108,0.46383157607809217,0.41279934447144295,0.35558184246643354,-0.10000000000000007,True,True,,,0.5129126581247632
dirichlet_26,0.030099609448743837,0.012994274629629415,0.3463617676071789,0.23751605438909834,0.37302829392534964,Fair,"alpha=1.0,eps=0.02",OK,0.031025350742125386,0.012313713535357214,0.3461975007256264,0.23808197900330336,0.37238145599358763,0.0014442347221324385,0.0013015251392520957,0.44157105035445643,-0.0005581077079510031,True,True,,,-19.55841103879766
dirichlet_26,0.030099609448743837,0.012994274629629415,0.3463617676071789,0.23751605438909834,0.37302829392534964,Fair,"alpha=1.0,eps=0.05",OK,0.032413962758322666,0.011292872062464277,0.34595110021020525,0.2389308659715727,0.3714111989974351,0.003610586859202024,0.0032538128913624054,0.4414281248071324,-0.001395269133759204,True,True,,,-14.976957379426887
dirichlet_26,0.030099609448743837,0.012994274629629415,0.3463617676071789,0.23751605438909834,0.37302829392534964,Fair,"alpha=1.0,eps=0.1",OK,0.03472831618318654,0.009591469288282578,0.3455404328770787,0.24034567742121174,0.36979410423024045,0.007221173758556129,0.006507625822543295,0.44118991564950666,-0.0027905384364065827,True,True,,,-11.51122147662716
dirichlet_26,0.030099609448743837,0.012994274629629415,0.3463617676071789,0.23751605438909834,0.37302829392534964,Fair,"alpha=2.0,eps=0.02",OK,0.030560244406317633,0.012653609238953943,0.3462816631065052,0.23779941894346648,0.3727050643047568,0.0007207128844915365,0.0006495382341824231,0.44161930339611244,-0.0002793500563009946,True,True,,,-249.9574523398237
dirichlet_26,0.030099609448743837,0.012994274629629415,0.3463617676071789,0.23751605438909834,0.37302829392534964,Fair,"alpha=2.0,eps=0.05",OK,0.031251196948427803,0.012142611265813646,0.34616150637654663,0.23822446561373084,0.37222021979548103,0.0018017821948662209,0.0016238455674079803,0.44154875743557326,-0.0006983750472590322,True,True,,,-99.98298093592948
dirichlet_26,0.030099609448743837,0.012994274629629415,0.3463617676071789,0.23751605438909834,0.37302829392534964,Fair,"alpha=2.0,eps=0.1",OK,0.0324027840540135,0.011290947680195706,0.3459612452164111,0.23893287710395675,0.37141214594542293,0.003603564213787858,0.0032476909856912514,0.44143118100409384,-0.0013967502773948848,True,True,,,-49.99149046796474
dirichlet_27,0.18418611410119867,0.06078553309529848,0.19270023192552205,0.05303530820915666,0.5092928126688242,Avg,rho=0.5,OK,0.1189043323365725,0.0,0.12498010697158474,3.1862838376865016e-17,0.7561155606918428,0.2761825849801098,0.2505250476079282,0.535430768863933,-0.062185867059096414,True,True,,,
dirichlet_27,0.18418611410119867,0.06078553309529848,0.19270023192552205,0.05303530820915666,0.5092928126688242,Cert,,FLOOR_COLLAPSED,0.18418611410119867,0.06078553309529848,0.19270023192552205,0.05303530820915666,0.5092928126688242,0.0,0.0,0.45956111824025625,0.0,False,True,0.0,-0.0,
dirichlet_27,0.18418611410119867,0.06078553309529848,0.19270023192552205,0.05303530820915666,0.5092928126688242,MaxMin,c=0.0,INFEASIBLE_BALL_MISSES_SIMPLEX,,,,,,,,,,False,False,,,
dirichlet_27,0.18418611410119867,0.06078553309529848,0.19270023192552205,0.05303530820915666,0.5092928126688242,MaxMin,c=0.25,INFEASIBLE_BALL_MISSES_SIMPLEX,,,,,,,,,,False,False,,,
dirichlet_27,0.18418611410119867,0.06078553309529848,0.19270023192552205,0.05303530820915666,0.5092928126688242,MaxMin,c=0.5,OK,0.14331696357076762,0.02231687922254473,0.15851361266796676,0.013183552259952581,0.6626689922787684,0.17155542735832816,0.15539187096711612,0.5074440228308095,-0.03229712698205281,True,True,-0.03229712698205281,,
dirichlet_27,0.18418611410119867,0.06078553309529848,0.19270023192552205,0.05303530820915666,0.5092928126688242,MaxMin,c=0.75,OK,0.1648775030778151,0.042611035593347626,0.17654877967164812,0.034207364779086175,0.581755316878103,0.08105128129212763,0.07341481664674553,0.48218337408382594,-0.015258762513425325,True,True,-0.015258762513425325,,
dirichlet_27,0.18418611410119867,0.06078553309529848,0.19270023192552205,0.05303530820915666,0.5092928126688242,MaxMin,c=0.9,OK,0.17658522438857338,0.05363109039989104,0.18634216675285117,0.04562363466338998,0.5378178837952945,0.03190606768256626,0.028899951629287386,0.46846643367229457,-0.006006655314316979,True,True,-0.006006655314316979,,
dirichlet_27,0.18418611410119867,0.06078553309529848,0.19270023192552205,0.05303530820915666,0.5092928126688242,MaxMin,c=1.0,OK,0.18418611410119867,0.06078553309529848,0.19270023192552205,0.05303530820915666,0.5092928126688242,0.0,0.0,0.45956111824025625,0.0,False,True,0.0,,
dirichlet_27,0.18418611410119867,0.06078553309529848,0.19270023192552205,0.05303530820915666,0.5092928126688242,Fair,"alpha=0.0,eps=0.02",OK,0.28840506739908023,0.03642112404326303,0.1665433161917008,0.02628043351812775,0.4823500588478282,0.11653812337110377,0.10400300251814021,0.45867733441152786,-0.02000000000000002,True,True,,,0.1037874992072881
dirichlet_27,0.18418611410119867,0.06078553309529848,0.19270023192552205,0.05303530820915666,0.5092928126688242,Fair,"alpha=0.0,eps=0.05",OK,0.4306356352423323,0.0,0.1273167482430382,0.0,0.4420476165146296,0.2757569722880777,0.24616725093013747,0.45587452387595667,-0.05,True,True,,,0.25931531517717776
dirichlet_27,0.18418611410119867,0.06078553309529848,0.19270023192552205,0.05303530820915666,0.5092928126688242,Fair,"alpha=0.0,eps=0.1",OK,0.5607728221243532,0.0,0.06239479491203773,0.0,0.3768323829636091,0.42761015652484435,0.38119249539121697,0.44005360378892305,-0.1,True,True,,,0.5147270750792821
dirichlet_27,0.18418611410119867,0.06078553309529848,0.19270023192552205,0.05303530820915666,0.5092928126688242,Fair,"alpha=1.0,eps=0.02",OK,0.18511185538009023,0.06010497230044284,0.1925359648235196,0.05360123293738394,0.5086459745585635,0.0014442347214505414,0.0013015251313544293,0.4594158008946634,-0.0005581074649300508,True,True,,,-19.55841103879766
dirichlet_27,0.18418611410119867,0.06078553309529848,0.19270023192552205,0.05303530820915666,0.5092928126688242,Fair,"alpha=1.0,eps=0.05",OK,0.18650046741838197,0.05908413045503179,0.1922895645167006,0.054450119757907686,0.507675717851978,0.0036105868369119987,0.0032538128729008727,0.4591978250925299,-0.0013952691940186275,True,True,,,-14.976957379426889
dirichlet_27,0.18418611410119867,0.06078553309529848,0.19270023192552205,0.05303530820915666,0.5092928126688242,Fair,"alpha=1.0,eps=0.1",OK,0.18881482066042932,0.057382727818068316,0.19187889719479703,0.05586493134797224,0.5060586229787332,0.0072211736556682445,0.006507625730399384,0.45883453192476953,-0.002790538384364166,True,True,,,-11.51122147662716
dirichlet_27,0.18418611410119867,0.06078553309529848,0.19270023192552205,0.05303530820915666,0.5092928126688242,Fair,"alpha=2.0,eps=0.02",OK,0.18464674880408272,0.06044486784120568,0.19262012744198828,0.053318672706404585,0.5089695832063188,0.0007207125618868423,0.0006495379441564471,0.45948848652444657,-0.0002793499447802882,True,True,,,-249.9574523398237
dirichlet_27,0.18418611410119867,0.06078553309529848,0.19270023192552205,0.05303530820915666,0.5092928126688242,Fair,"alpha=2.0,eps=0.05",OK,0.18533770135458305,0.059933869787635076,0.19249997070844257,0.053743719549599604,0.5084847385997397,0.0018017820276710974,0.0016238454184484218,0.45937953885547783,-0.000698375001844237,True,True,,,-99.98298093592948
dirichlet_27,0.18418611410119867,0.06078553309529848,0.19270023192552205,0.05303530820915666,0.5092928126688242,Fair,"alpha=2.0,eps=0.1",OK,0.1864892888104439,0.059082206181855924,0.1922997094079851,0.054452131009172976,0.5076766645905422,0.003603564354912998,0.00324769111010023,0.4591979595079428,-0.0013967502491767662,True,True,,,-49.99149046796474
dirichlet_28,0.16272172114595412,0.24607378484734208,0.4983077122411494,0.011027463914329658,0.08186931785122468,Avg,rho=0.5,OK,0.05748950570567097,0.21763765768117135,0.7248728366131576,8.93294181064186e-17,0.0,0.2646476492285375,0.23954896192028777,0.5330366311555442,-0.08433395699505318,True,True,,,
dirichlet_28,0.16272172114595412,0.24607378484734208,0.4983077122411494,0.011027463914329658,0.08186931785122468,Cert,,FLOOR_COLLAPSED,0.16272172114595415,0.2460737848473421,0.49830771224114945,0.01102746391432966,0.0818693178512247,6.941061969544858e-17,8.3205202743066e-17,0.4657955204989357,2.5969209188393684e-17,False,True,2.5969209188393684e-17,-0.0,
dirichlet_28,0.16272172114595412,0.24607378484734208,0.4983077122411494,0.011027463914329658,0.08186931785122468,MaxMin,c=0.0,INFEASIBLE_BALL_MISSES_SIMPLEX,,,,,,,,,,False,False,,,
dirichlet_28,0.16272172114595412,0.24607378484734208,0.4983077122411494,0.011027463914329658,0.08186931785122468,MaxMin,c=0.25,INFEASIBLE_BALL_MISSES_SIMPLEX,,,,,,,,,,False,False,,,
dirichlet_28,0.16272172114595412,0.24607378484734208,0.4983077122411494,0.011027463914329658,0.08186931785122468,MaxMin,c=0.5,INFEASIBLE_BALL_MISSES_SIMPLEX,,,,,,,,,,False,False,,,
dirichlet_28,0.16272172114595412,0.24607378484734208,0.4983077122411494,0.011027463914329658,0.08186931785122468,MaxMin,c=0.75,OK,0.13501615483189142,0.21790989860683965,0.5894947079302694,0.0,0.05757923863099955,0.10289550031301237,0.09283114771232505,0.4918838720222794,-0.021965733571732992,True,True,-0.021965733571732992,,
dirichlet_28,0.16272172114595412,0.24607378484734208,0.4983077122411494,0.011027463914329658,0.08186931785122468,MaxMin,c=0.9,OK,0.15448961670778338,0.23756866791023357,0.5304574067823082,0.0027079402099960165,0.0747763683896789,0.035961532550986636,0.03240582769139661,0.4755041320382533,-0.006568112284326667,True,True,-0.006568112284326667,,
dirichlet_28,0.16272172114595412,0.24607378484734208,0.4983077122411494,0.011027463914329658,0.08186931785122468,MaxMin,c=1.0,OK,0.16272172114595415,0.2460737848473421,0.49830771224114945,0.01102746391432966,0.0818693178512247,6.941061969544858e-17,8.3205202743066e-17,0.4657955204989357,2.5969209188393684e-17,False,True,2.5969209188393684e-17,,
dirichlet_28,0.16272172114595412,0.24607378484734208,0.4983077122411494,0.011027463914329658,0.08186931785122468,Fair,"alpha=0.0,eps=0.02",OK,0.25100684955225844,0.2217813544994572,0.4721602942821974,0.0,0.05505150166608702,0.09954332605034993,0.0889232927979781,0.46076148767059744,-0.019999999999999966,True,True,,,0.10361716851047828
dirichlet_28,0.16272172114595412,0.24607378484734208,0.4983077122411494,0.011027463914329658,0.08186931785122468,Fair,"alpha=0.0,eps=0.05",OK,0.36667625166776036,0.18541841208355334,0.4329491565630177,0.0,0.014956179685668706,0.23269559210556742,0.20798769965203204,0.45118844828269195,-0.049999999999999975,True,True,,,0.2588637771399571
dirichlet_28,0.16272172114595412,0.24607378484734208,0.4983077122411494,0.011027463914329658,0.08186931785122468,Fair,"alpha=0.0,eps=0.1",OK,0.5052410361123788,0.12504037436623763,0.36971858952138364,0.0,0.0,0.39411663276928827,0.35292203537528105,0.4315515582181356,-0.09999999999999996,True,True,,,0.5149386099449578
dirichlet_28,0.16272172114595412,0.24607378484734208,0.4983077122411494,0.011027463914329658,0.08186931785122468,Fair,"alpha=1.0,eps=0.02",OK,0.16364746249451417,0.24539322393546825,0.4981434455636433,0.011593387942404129,0.08122248006397016,0.001444234353945216,0.0013015248052057646,0.4656920586358794,-0.0005581075549867343,True,True,,,-19.558411038797665
dirichlet_28,0.16272172114595412,0.24607378484734208,0.4983077122411494,0.011027463914329658,0.08186931785122468,Fair,"alpha=1.0,eps=0.05",OK,0.1650360749188218,0.24437238215860332,0.4978970443507396,0.012442275536105166,0.08025222303573014,0.00361058723462795,0.0032538132249972655,0.46553686533238453,-0.0013952692389355866,True,True,,,-14.976957379426887
dirichlet_28,0.16272172114595412,0.24607378484734208,0.4983077122411494,0.011027463914329658,0.08186931785122468,Fair,"alpha=1.0,eps=0.1",OK,0.16735042774020506,0.24267097956815165,0.4974863775090419,0.013857087036597616,0.07863512814600382,0.007221173679488989,0.006507625751488968,0.46527821047524104,-0.0027905383858603987,True,True,,,-11.511221476627162
dirichlet_28,0.16272172114595412,0.24607378484734208,0.4983077122411494,0.011027463914329658,0.08186931785122468,Fair,"alpha=2.0,eps=0.02",OK,0.16318235598586153,0.24573311941586773,0.4982276078126981,0.011310828398544168,0.08154608838702844,0.0007207127228198371,0.0006495380913933261,0.46574424633787104,-0.00027935008930481727,True,True,,,-249.9574523398237
dirichlet_28,0.16272172114595412,0.24607378484734208,0.4983077122411494,0.011027463914329658,0.08186931785122468,Fair,"alpha=2.0,eps=0.05",OK,0.16387330851868748,0.2452221213701104,0.4981074509896329,0.011735875306285972,0.08106124381528337,0.0018017821933197624,0.0016238455695961002,0.465667335062945,-0.000698375141279657,True,True,,,-99.98298093592948
dirichlet_28,0.16272172114595412,0.24607378484734208,0.4983077122411494,0.011027463914329658,0.08186931785122468,Fair,"alpha=2.0,eps=0.1",OK,0.1650248959780219,0.24437045796010096,0.49790718982854615,0.012444286827151941,0.08025316940617903,0.003603564618206273,0.0032476913448916825,0.46553914967054505,-0.00139675022560421,True,True,,,-49.99149046796474
dirichlet_29,0.33812575644571324,0.24319566034786871,0.12246812139369438,0.16456645550625318,0.13164400630647047,Avg,rho=0.5,OK,0.483550057363637,0.2806501096546355,0.04385538705439807,0.13380365348458453,0.058140792442744844,0.18729681659644337,0.16633733363070577,0.40593531818312817,-0.06089791943665617,True,True,,,
dirichlet_29,0.33812575644571324,0.24319566034786871,0.12246812139369438,0.16456645550625318,0.13164400630647047,Cert,,FLOOR_COLLAPSED,0.3381257564457133,0.24319566034786874,0.1224681213936944,0.1645664555062532,0.1316440063064705,7.473417450352271e-17,9.468280579684194e-17,0.378267209655607,4.0148556630487106e-17,False,True,4.0148556630487106e-17,-0.0,
dirichlet_29,0.33812575644571324,0.24319566034786871,0.12246812139369438,0.16456645550625318,0.13164400630647047,MaxMin,c=0.0,OK_EXACT_D0,0.4530284849875051,0.27252191586212793,0.06065158606314078,0.139833752600315,0.0739642604869112,0.14772477788086966,0.1311962015158472,0.40008981965555923,-0.0478898113468047,True,True,-0.0478898113468047,,
dirichlet_29,0.33812575644571324,0.24319566034786871,0.12246812139369438,0.16456645550625318,0.13164400630647047,MaxMin,c=0.25,OK,0.4399313323322517,0.2585384959571514,0.0829759276300901,0.12655800207543327,0.0919962420050736,0.12319090469952398,0.10951325384094336,0.3960830913680357,-0.03048223098877464,True,True,-0.03048223098877464,,
dirichlet_29,0.33812575644571324,0.24319566034786871,0.12246812139369438,0.16456645550625318,0.13164400630647047,MaxMin,c=0.5,OK,0.417041564672456,0.23409980754048007,0.09940428458604747,0.1413236961809065,0.10813064702010994,0.08908133261603665,0.0793558073965451,0.39042493137337814,-0.017702815643871557,True,True,-0.017702815643871557,,
dirichlet_29,0.33812575644571324,0.24319566034786871,0.12246812139369438,0.16456645550625318,0.13164400630647047,MaxMin,c=0.75,OK,0.3779226373827024,0.23389190651556407,0.11247988385917965,0.15434988233150992,0.121355689911044,0.044501059295461554,0.03971441832152749,0.3840306847826814,-0.007637167650924519,True,True,-0.007637167650924519,,
dirichlet_29,0.33812575644571324,0.24319566034786871,0.12246812139369438,0.16456645550625318,0.13164400630647047,MaxMin,c=0.9,OK,0.35343592703875476,0.239616433660386,0.11862556848560674,0.16063606009588746,0.12768601071936503,0.017119904709701057,0.01527844658149737,0.3804844635038161,-0.002938077980745403,True,True,-0.002938077980745403,,
dirichlet_29,0.33812575644571324,0.24319566034786871,0.12246812139369438,0.16456645550625318,0.13164400630647047,MaxMin,c=1.0,OK,0.3381257564457133,0.24319566034786874,0.1224681213936944,0.1645664555062532,0.1316440063064705,7.473417450352271e-17,9.468280579684194e-17,0.378267209655607,4.0148556630487106e-17,False,True,4.0148556630487106e-17,,
dirichlet_29,0.33812575644571324,0.24319566034786871,0.12246812139369438,0.16456645550625318,0.13164400630647047,Fair,"alpha=0.0,eps=0.02",OK,0.4423447097435948,0.21883125129583325,0.09631120565987311,0.1378115808152243,0.1047012524854745,0.11653812337110377,0.10400300251814018,0.39336043633468015,-0.020000000000000018,True,True,,,0.10378749920728811
dirichlet_29,0.33812575644571324,0.24319566034786871,0.12246812139369438,0.16456645550625318,0.13164400630647047,Fair,"alpha=0.0,eps=0.05",OK,0.5986731396904172,0.18228463771778008,0.05707583205914123,0.09767926877868091,0.06428712175398056,0.2913453084277595,0.2600075062953506,0.41600027635328984,-0.05,True,True,,,0.2594687480182203
dirichlet_29,0.33812575644571324,0.24319566034786871,0.12246812139369438,0.16456645550625318,0.13164400630647047,Fair,"alpha=0.0,eps=0.1",OK,0.847783354739717,0.12128425419520648,0.0,0.03093239106507648,0.0,0.5699121921683363,0.508637005323673,0.451721932664071,-0.10000000000000003,True,True,,,0.5185111385310694
dirichlet_29,0.33812575644571324,0.24319566034786871,0.12246812139369438,0.16456645550625318,0.13164400630647047,Fair,"alpha=1.0,eps=0.02",OK,0.33905149765981457,0.24251509924712392,0.12230385456881675,0.16513238024314908,0.13099716828109578,0.0014442347579218093,0.001301525172378159,0.3783870885487863,-0.0005581077127435484,True,True,,,-19.55841103879766
dirichlet_29,0.33812575644571324,0.24319566034786871,0.12246812139369438,0.16456645550625318,0.13164400630647047,Fair,"alpha=1.0,eps=0.05",OK,0.3404401097659093,0.24149425770978003,0.12205745398533985,0.16598126705572783,0.13002691148324294,0.0036105868409053005,0.0032538128764079454,0.3785669069394166,-0.0013952691922087166,True,True,,,-14.976957379426889
dirichlet_29,0.33812575644571324,0.24319566034786871,0.12246812139369438,0.16456645550625318,0.13164400630647047,Fair,"alpha=1.0,eps=0.1",OK,0.34275446308481783,0.23979285513251558,0.12164678663077329,0.16739607859119335,0.12840981656069994,0.007221173685196994,0.006507625754683007,0.3788666042276118,-0.0027905383336405006,True,True,,,-11.51122147662716
dirichlet_29,0.33812575644571324,0.24319566034786871,0.12246812139369438,0.16456645550625318,0.13164400630647047,Fair,"alpha=2.0,eps=0.02",OK,0.3385863913947884,0.2428549949589233,0.12238801689228786,0.1648498200630127,0.13132077669098788,0.0007207128769717801,0.0006495382274732409,0.3783267346412837,-0.00027935005492219715,True,True,,,-249.9574523398237
dirichlet_29,0.33812575644571324,0.24319566034786871,0.12246812139369438,0.16456645550625318,0.13164400630647047,Fair,"alpha=2.0,eps=0.05",OK,0.33927734366309337,0.24234399708317456,0.12226786017559275,0.1652748668877436,0.13083593219039572,0.001801782021675626,0.0016238454124306663,0.3784160221105743,-0.000698374966658285,True,True,,,-99.98298093592948
dirichlet_29,0.33812575644571324,0.24319566034786871,0.12246812139369438,0.16456645550625318,0.13164400630647047,Fair,"alpha=2.0,eps=0.1",OK,0.3404289311636254,0.24149233339593076,0.12206759890078332,0.16598327830984935,0.13002785822981114,0.003603564376590953,0.0032476911304023773,0.3785648345792172,-0.0013967502804423985,True,True,,,-49.99149046796474
dirichlet_30,0.2062477770181575,0.5461684488819272,0.08614666318590462,0.053251294200991874,0.10818581671301866,Avg,rho=0.5,OK,0.16516290953048327,0.8348370904695167,2.473336205982557e-19,7.137269020154186e-17,0.0,0.327075938923231,0.29611647980492156,0.5836415050281077,-0.08943509392517257,True,True,,,
dirichlet_30,0.2062477770181575,0.5461684488819272,0.08614666318590462,0.053251294200991874,0.10818581671301866,Cert,,FLOOR_COLLAPSED,0.20624777701815755,0.5461684488819274,0.08614666318590465,0.053251294200991894,0.1081858167130187,2.3520701021126763e-16,2.6465206812845165e-16,0.4806253871869595,8.522321229468694e-17,False,True,8.522321229468694e-17,-0.0,
dirichlet_30,0.2062477770181575,0.5461684488819272,0.08614666318590462,0.053251294200991874,0.10818581671301866,MaxMin,c=0.0,INFEASIBLE_BALL_MISSES_SIMPLEX,,,,,,,,,,False,False,,,
dirichlet_30,0.2062477770181575,0.5461684488819272,0.08614666318590462,0.053251294200991874,0.10818581671301866,MaxMin,c=0.25,OK,0.17628881804572816,0.7912425545780661,0.0032124097418740477,0.0,0.02925621763433167,0.27731305206317924,0.2509655242991634,0.5689259075603924,-0.06518783134571711,True,True,-0.06518783134571711,,
dirichlet_30,0.2062477770181575,0.5461684488819272,0.08614666318590462,0.053251294200991874,0.10818581671301866,MaxMin,c=0.5,OK,0.16798928803234814,0.7045255638350539,0.04371130402777471,0.015410231385844743,0.06836361271897852,0.17708529444467558,0.16064872384200002,0.536105991093713,-0.03353037703189514,True,True,-0.03353037703189514,,
dirichlet_30,0.2062477770181575,0.5461684488819272,0.08614666318590462,0.053251294200991874,0.10818581671301866,MaxMin,c=0.75,OK,0.1876995588001224,0.6229420591941004,0.06557344341975938,0.034905449675922705,0.08887948891009516,0.08585327783810782,0.07788461241570574,0.5075231130357911,-0.0162559674102987,True,True,-0.0162559674102987,,
dirichlet_30,0.2062477770181575,0.5461684488819272,0.08614666318590462,0.053251294200991874,0.10818581671301866,MaxMin,c=0.9,OK,0.1988978142673946,0.5765909492753819,0.07799426832150759,0.045981524549509455,0.1005354435862065,0.03402043186700408,0.030862748830312276,0.49128394644829676,-0.006441629785611117,True,True,-0.006441629785611117,,
dirichlet_30,0.2062477770181575,0.5461684488819272,0.08614666318590462,0.053251294200991874,0.10818581671301866,MaxMin,c=1.0,OK,0.20624777701815755,0.5461684488819274,0.08614666318590465,0.053251294200991894,0.1081858167130187,2.3520701021126763e-16,2.6465206812845165e-16,0.4806253871869595,8.522321229468694e-17,False,True,8.522321229468694e-17,,
dirichlet_30,0.2062477770181575,0.5461684488819272,0.08614666318590462,0.053251294200991874,0.10818581671301866,Fair,"alpha=0.0,eps=0.02",OK,0.3104667303160391,0.5218040398298918,0.05998974745208336,0.026496419509962964,0.08124306289202271,0.11653812337110381,0.10400300251814022,0.48203132818073624,-0.019999999999999987,True,True,,,0.1037874992072881
dirichlet_30,0.2062477770181575,0.5461684488819272,0.08614666318590462,0.053251294200991874,0.10818581671301866,Fair,"alpha=0.0,eps=0.05",OK,0.45298030371439546,0.4853198328289883,0.020762608559479676,0.0,0.04093725489713667,0.27606636485679337,0.24644306066805632,0.48245286210096766,-0.049999999999999954,True,True,,,0.2593210688414853
dirichlet_30,0.2062477770181575,0.5461684488819272,0.08614666318590462,0.053251294200991874,0.10818581671301866,Fair,"alpha=0.0,eps=0.1",OK,0.5757214931566499,0.42427850684335017,0.0,0.0,0.0,0.4163281202817845,0.37224041121356993,0.4711514746601894,-0.09999999999999987,True,True,,,0.5153145681754272
dirichlet_30,0.2062477770181575,0.5461684488819272,0.08614666318590462,0.053251294200991874,0.10818581671301866,Fair,"alpha=1.0,eps=0.02",OK,0.20717351792753125,0.5454878881300568,0.08598239609828566,0.05381721876985699,0.10753897907426932,0.001444234189076463,0.001301524656326574,0.4804387172012997,-0.0005581074309012281,True,True,,,-19.558411038797665
dirichlet_30,0.2062477770181575,0.5461684488819272,0.08614666318590462,0.053251294200991874,0.10818581671301866,Fair,"alpha=1.0,eps=0.05",OK,0.20856213069052917,0.5444670461805028,0.08573599555021577,0.054666105660696344,0.10656872191805608,0.003610587074513353,0.0032538130834340808,0.48015871204390415,-0.001395269246163502,True,True,,,-14.976957379426887
dirichlet_30,0.2062477770181575,0.5461684488819272,0.08614666318590462,0.053251294200991874,0.10818581671301866,Fair,"alpha=1.0,eps=0.1",OK,0.21087648385888522,0.5427656436429157,0.08532532831800788,0.056080917161121006,0.10495162701907022,0.007221173765406759,0.00650762582500536,0.4796920369110982,-0.002790538353827564,True,True,,,-11.511221476627162
dirichlet_30,0.2062477770181575,0.5461684488819272,0.08614666318590462,0.053251294200991874,0.10818581671301866,Fair,"alpha=2.0,eps=0.02",OK,0.20670841196583378,0.5458277834910228,0.08606655869166832,0.05353465875459637,0.10786258709687872,0.0007207128752610655,0.0006495382260191579,0.4805316879219767,-0.0002793500564367336,True,True,,,-249.9574523398237
dirichlet_30,0.2062477770181575,0.5461684488819272,0.08614666318590462,0.053251294200991874,0.10818581671301866,Fair,"alpha=2.0,eps=0.05",OK,0.2073993643804318,0.5453167854083248,0.08594640193569222,0.053959705599853934,0.10737774267569705,0.0018017821881087207,0.0016238455649391433,0.480391139024794,-0.0006983751383165259,True,True,,,-99.98298093592948
dirichlet_30,0.2062477770181575,0.5461684488819272,0.08614666318590462,0.053251294200991874,0.10818581671301866,Fair,"alpha=2.0,eps=0.1",OK,0.20855095174230287,0.5444651220080459,0.08574614073453361,0.05466811683005558,0.10656966868506207,0.003603564248598269,0.0032476910139729084,0.48015689089508184,-0.0013967502156861868,True,True,,,-49.99149046796474
dirichlet_31,0.285730318848621,0.038243238762633025,0.2996966558293978,0.14874614360515878,0.22758364295418942,Avg,rho=0.5,OK,0.3475317076494495,2.810931775022599e-17,0.36367556908641535,0.07127625675121696,0.2175164665129182,0.12441137295672827,0.11113792275659383,0.40775786316407886,-0.060928815122320235,True,True,,,
dirichlet_31,0.285730318848621,0.038243238762633025,0.2996966558293978,0.14874614360515878,0.22758364295418942,Cert,,FLOOR_COLLAPSED,0.285730318848621,0.038243238762633025,0.2996966558293978,0.14874614360515878,0.22758364295418942,0.0,0.0,0.3903190093269284,0.0,False,True,0.0,-0.0,
dirichlet_31,0.285730318848621,0.038243238762633025,0.2996966558293978,0.14874614360515878,0.22758364295418942,MaxMin,c=0.0,INFEASIBLE_BALL_MISSES_SIMPLEX,,,,,,,,,,False,False,,,
dirichlet_31,0.285730318848621,0.038243238762633025,0.2996966558293978,0.14874614360515878,0.22758364295418942,MaxMin,c=0.25,INFEASIBLE_BALL_MISSES_SIMPLEX,,,,,,,,,,False,False,,,
dirichlet_31,0.285730318848621,0.038243238762633025,0.2996966558293978,0.14874614360515878,0.22758364295418942,MaxMin,c=0.5,INFEASIBLE_BALL_MISSES_SIMPLEX,,,,,,,,,,False,False,,,
dirichlet_31,0.285730318848621,0.038243238762633025,0.2996966558293978,0.14874614360515878,0.22758364295418942,MaxMin,c=0.75,OK,0.32104109887557536,0.014456634781525618,0.3356343034071049,0.12414481339693814,0.20472314953885604,0.0650537918625185,0.05848827557380435,0.3995229859482977,-0.018909952266788748,True,True,-0.018909952266788748,,
dirichlet_31,0.285730318848621,0.038243238762633025,0.2996966558293978,0.14874614360515878,0.22758364295418942,MaxMin,c=0.9,OK,0.29889481553532204,0.029572731606083424,0.3125249861791126,0.13977195290681643,0.21923551377266548,0.02373341708328114,0.02133454133123784,0.3936749522986278,-0.006895626380569325,True,True,-0.006895626380569325,,
dirichlet_31,0.285730318848621,0.038243238762633025,0.2996966558293978,0.14874614360515878,0.22758364295418942,MaxMin,c=1.0,OK,0.285730318848621,0.038243238762633025,0.2996966558293978,0.14874614360515878,0.22758364295418942,0.0,0.0,0.3903190093269284,0.0,False,True,0.0,,
dirichlet_31,0.285730318848621,0.038243238762633025,0.2996966558293978,0.14874614360515878,0.22758364295418942,Fair,"alpha=0.0,eps=0.02",OK,0.38994927214650255,0.01387882971059758,0.2735397400955765,0.12199126891412987,0.20064088913319347,0.11653812337110377,0.1040030025181402,0.39997424456792774,-0.020000000000000025,True,True,,,0.10378749920728812
dirichlet_31,0.285730318848621,0.038243238762633025,0.2996966558293978,0.14874614360515878,0.22758364295418942,Fair,"alpha=0.0,eps=0.05",OK,0.5220419822489188,0.0,0.23446563219999733,0.08265708935626025,0.16083529619482362,0.2652997152287074,0.23648957466249926,0.4095088814556464,-0.050000000000000044,True,True,,,0.2582138318986759
dirichlet_31,0.285730318848621,0.038243238762633025,0.2996966558293978,0.14874614360515878,0.22758364295418942,Fair,"alpha=0.0,eps=0.1",OK,0.7174651130068791,0.0,0.16950668293403884,0.01791457922144954,0.09511362483763261,0.4893588772867139,0.4357863533735186,0.42035052660104427,-0.1,True,True,,,0.5143104715271487
dirichlet_31,0.285730318848621,0.038243238762633025,0.2996966558293978,0.14874614360515878,0.22758364295418942,Fair,"alpha=1.0,eps=0.02",OK,0.2866560597579946,0.03756267801076257,0.29953238874177884,0.1493120681740239,0.22693680531544017,0.0014442341890763483,0.0013015246563264718,0.3904388200665068,-0.000558107430901306,True,True,,,-19.55841103879766
dirichlet_31,0.285730318848621,0.038243238762633025,0.2996966558293978,0.14874614360515878,0.22758364295418942,Fair,"alpha=1.0,eps=0.05",OK,0.2880446721407108,0.036541836102754265,0.29928598845814564,0.15016095518715342,0.22596654811123593,0.0036105868505152306,0.0032538128858831416,0.39061853636877975,-0.0013952692096979053,True,True,,,-14.976957379426887
dirichlet_31,0.285730318848621,0.038243238762633025,0.2996966558293978,0.14874614360515878,0.22758364295418942,Fair,"alpha=1.0,eps=0.1",OK,0.29035902540084507,0.034840433468634746,0.2988753210793415,0.1515757668000994,0.22434945325107933,0.00722117368910098,0.006507625760751615,0.39091806340271834,-0.002790538398441677,True,True,,,-11.51122147662716
dirichlet_31,0.285730318848621,0.038243238762633025,0.2996966558293978,0.14874614360515878,0.22758364295418942,Fair,"alpha=2.0,eps=0.02",OK,0.2861909537978887,0.037902573374672094,0.2996165513280139,0.14902950816180252,0.2272604133376228,0.0007207128770676478,0.0006495382275356795,0.39037894599469314,-0.0002793500541116202,True,True,,,-249.9574523398237
dirichlet_31,0.285730318848621,0.038243238762633025,0.2996966558293978,0.14874614360515878,0.22758364295418942,Fair,"alpha=2.0,eps=0.05",OK,0.28688190687462767,0.037391575119771606,0.29949639423703356,0.14945455491987109,0.2267755688486961,0.001801782727848023,0.0016238460457028633,0.39046885104458734,-0.0006983752797683977,True,True,,,-99.98298093592948
dirichlet_31,0.285730318848621,0.038243238762633025,0.2996966558293978,0.14874614360515878,0.22758364295418942,Fair,"alpha=2.0,eps=0.1",OK,0.28803349348189516,0.03653991169396104,0.2992961332849679,0.15016296613988858,0.22596749539928745,0.003603564043687681,0.003247690835044382,0.39061869268964294,-0.0013967503775843785,True,True,,,-49.99149046796474
dirichlet_32,0.11635336138859033,0.06076807475784333,0.02424956108772191,0.40843428151630873,0.39019472124953564,Avg,rho=0.5,OK,1.3196560560362694e-18,0.0,8.223707362324174e-17,0.5202200034386194,0.47977999656138043,0.1958072368620146,0.1755563393622439,0.5152183781825376,-0.0913863358841857,True,True,,,
dirichlet_32,0.11635336138859033,0.06076807475784333,0.02424956108772191,0.40843428151630873,0.39019472124953564,Cert,,FLOOR_COLLAPSED,0.11635336138859033,0.06076807475784333,0.02424956108772191,0.40843428151630873,0.39019472124953564,0.0,0.0,0.46434276272095965,0.0,False,True,0.0,-0.0,
dirichlet_32,0.11635336138859033,0.06076807475784333,0.02424956108772191,0.40843428151630873,0.39019472124953564,MaxMin,c=0.0,INFEASIBLE_BALL_MISSES_SIMPLEX,,,,,,,,,,False,False,,,
dirichlet_32,0.11635336138859033,0.06076807475784333,0.02424956108772191,0.40843428151630873,0.39019472124953564,MaxMin,c=0.25,INFEASIBLE_BALL_MISSES_SIMPLEX,,,,,,,,,,False,False,,,
dirichlet_32,0.11635336138859033,0.06076807475784333,0.02424956108772191,0.40843428151630873,0.39019472124953564,MaxMin,c=0.5,INFEASIBLE_BALL_MISSES_SIMPLEX,,,,,,,,,,False,False,,,
dirichlet_32,0.11635336138859033,0.06076807475784333,0.02424956108772191,0.40843428151630873,0.39019472124953564,MaxMin,c=0.75,OK,0.08263724661771794,0.029605176451700445,5.204170427930421e-17,0.4591911091515944,0.4285664677789871,0.08212545477711138,0.07411587697950499,0.48838270442238924,-0.026093067010993082,True,True,-0.026093067010993082,,
dirichlet_32,0.11635336138859033,0.06076807475784333,0.02424956108772191,0.40843428151630873,0.39019472124953564,MaxMin,c=0.9,OK,0.10413189362417653,0.049608472636161145,0.012740643083921728,0.4376320294689718,0.39588696118676886,0.03593419358298343,0.03229462245345363,0.47402054958372,-0.009382042700908776,True,True,-0.009382042700908776,,
dirichlet_32,0.11635336138859033,0.06076807475784333,0.02424956108772191,0.40843428151630873,0.39019472124953564,MaxMin,c=1.0,OK,0.11635336138859033,0.06076807475784333,0.02424956108772191,0.40843428151630873,0.39019472124953564,0.0,0.0,0.46434276272095965,0.0,False,True,0.0,,
dirichlet_32,0.11635336138859033,0.06076807475784333,0.02424956108772191,0.40843428151630873,0.39019472124953564,Fair,"alpha=0.0,eps=0.02",OK,0.2185845069934062,0.03638008309478047,0.0,0.3817012674297675,0.36333414248204576,0.11432483201760492,0.10202986950830965,0.45627019866142615,-0.019999999999999997,True,True,,,0.10372099910826452
dirichlet_32,0.11635336138859033,0.06076807475784333,0.02424956108772191,0.40843428151630873,0.39019472124953564,Fair,"alpha=0.0,eps=0.05",OK,0.3333307783845943,0.0,0.0,0.3420415295336493,0.32462769208175635,0.2450857654754742,0.21880422578698352,0.44129421880030234,-0.04999999999999999,True,True,,,0.2579983922353318
dirichlet_32,0.11635336138859033,0.06076807475784333,0.02424956108772191,0.40843428151630873,0.39019472124953564,Fair,"alpha=0.0,eps=0.1",OK,0.4602022835713248,0.0,0.0,0.27807173909315647,0.2617259773355188,0.39498290094486826,0.35216694814420235,0.41322022395113955,-0.09999999999999998,True,True,,,0.5117859714553742
dirichlet_32,0.11635336138859033,0.06076807475784333,0.02424956108772191,0.40843428151630873,0.39019472124953564,Fair,"alpha=1.0,eps=0.02",OK,0.11727910272579391,0.06008751378354526,0.024085294101249235,0.4090002061462139,0.3895478832431976,0.0014442347451735415,0.001301525156499781,0.4643939164119835,-0.0005581076106218189,True,True,,,-19.55841103879766
dirichlet_32,0.11635336138859033,0.06076807475784333,0.02424956108772191,0.40843428151630873,0.39019472124953564,Fair,"alpha=1.0,eps=0.05",OK,0.11866771480825958,0.05906667221344054,0.023838893512260557,0.4098490929795621,0.38857762648647726,0.0036105868187919807,0.003253812853054435,0.464470646993759,-0.0013952691171934832,True,True,,,-14.976957379426889
dirichlet_32,0.11635336138859033,0.06076807475784333,0.02424956108772191,0.40843428151630873,0.39019472124953564,Fair,"alpha=1.0,eps=0.1",OK,0.12098206804198443,0.0573652695180191,0.023428226264894065,0.41126390455101114,0.38696053162409133,0.007221173639124717,0.006507625713591805,0.46459853125034317,-0.002790538354578455,True,True,,,-11.511221476627162
dirichlet_32,0.11635336138859033,0.06076807475784333,0.02424956108772191,0.40843428151630873,0.39019472124953564,Fair,"alpha=2.0,eps=0.02",OK,0.11681399633765918,0.0604274093690307,0.024169456586490296,0.40871764607306416,0.38987149163375573,0.000720712877017272,0.0006495382275117237,0.4643683135693269,-0.00027935005481051993,True,True,,,-249.9574523398237
dirichlet_32,0.11635336138859033,0.06076807475784333,0.02424956108772191,0.40843428151630873,0.39019472124953564,Fair,"alpha=2.0,eps=0.05",OK,0.11750494876386186,0.05991641128364452,0.024049299832808155,0.40914269290116856,0.38938664721851696,0.001801782188888155,0.0016238455655207696,0.46440663984236874,-0.0006983751388263185,True,True,,,-99.98298093592948
dirichlet_32,0.11635336138859033,0.06076807475784333,0.02424956108772191,0.40843428151630873,0.39019472124953564,Fair,"alpha=2.0,eps=0.1",OK,0.11865653722397865,0.059064747727352554,0.023849037815460255,0.4098511042850861,0.3885785729481224,0.003603565301673765,0.003247691949228383,0.4644705169869169,-0.0013967503517447438,True,True,,,-49.99149046796474
dirichlet_33,0.27712460413756357,0.024887617953328757,0.26512961856619055,0.13601595170674205,0.2968422076361751,Avg,rho=0.5,OK,0.3238669774075484,1.0665415355352523e-17,0.2873835607841974,0.03943295772332734,0.34931650408492687,0.12402139914198533,0.11069039630738754,0.41212268247570305,-0.07692644240134422,True,True,,,
dirichlet_33,0.27712460413756357,0.024887617953328757,0.26512961856619055,0.13601595170674205,0.2968422076361751,Cert,,FLOOR_COLLAPSED,0.27712460413756357,0.024887617953328757,0.26512961856619055,0.13601595170674205,0.2968422076361751,0.0,0.0,0.39587554646439543,0.0,False,True,0.0,-0.0,
dirichlet_33,0.27712460413756357,0.024887617953328757,0.26512961856619055,0.13601595170674205,0.2968422076361751,MaxMin,c=0.0,INFEASIBLE_BALL_MISSES_SIMPLEX,,,,,,,,,,False,False,,,
dirichlet_33,0.27712460413756357,0.024887617953328757,0.26512961856619055,0.13601595170674205,0.2968422076361751,MaxMin,c=0.25,INFEASIBLE_BALL_MISSES_SIMPLEX,,,,,,,,,,False,False,,,
dirichlet_33,0.27712460413756357,0.024887617953328757,0.26512961856619055,0.13601595170674205,0.2968422076361751,MaxMin,c=0.5,INFEASIBLE_BALL_MISSES_SIMPLEX,,,,,,,,,,False,False,,,
dirichlet_33,0.27712460413756357,0.024887617953328757,0.26512961856619055,0.13601595170674205,0.2968422076361751,MaxMin,c=0.75,OK,0.30640156036529975,3.469446951953613e-17,0.2696729388995842,0.09442463398088827,0.3295008667542277,0.06552557652219122,0.058721456517710505,0.40611437008716395,-0.032822629488714984,True,True,-0.032822629488714984,,
dirichlet_33,0.27712460413756357,0.024887617953328757,0.26512961856619055,0.13601595170674205,0.2968422076361751,MaxMin,c=0.9,OK,0.2916150296182309,0.014287689785188266,0.2563406377999251,0.12475433880942981,0.3130023039872261,0.028063316443614733,0.02544090153332199,0.3997358636979086,-0.008787367095732608,True,True,-0.008787367095732608,,
dirichlet_33,0.27712460413756357,0.024887617953328757,0.26512961856619055,0.13601595170674205,0.2968422076361751,MaxMin,c=1.0,OK,0.27712460413756357,0.024887617953328757,0.26512961856619055,0.13601595170674205,0.2968422076361751,0.0,0.0,0.39587554646439543,0.0,False,True,0.0,,
dirichlet_33,0.27712460413756357,0.024887617953328757,0.26512961856619055,0.13601595170674205,0.2968422076361751,Fair,"alpha=0.0,eps=0.02",OK,0.3813435574354451,0.0005232089012933115,0.2389727028323693,0.10926107701571314,0.2698994538151791,0.11653812337110377,0.10400300251814021,0.40463761609664284,-0.02000000000000002,True,True,,,0.10378749920728811
dirichlet_33,0.27712460413756357,0.024887617953328757,0.26512961856619055,0.13601595170674205,0.2968422076361751,Fair,"alpha=0.0,eps=0.05",OK,0.49915683527509236,0.0,0.19999361100100518,0.07039714875382763,0.23045240497007485,0.25074656103693405,0.2233618639541991,0.40979424295881023,-0.05,True,True,,,0.25747444846630685
dirichlet_33,0.27712460413756357,0.024887617953328757,0.26512961856619055,0.13601595170674205,0.2968422076361751,Fair,"alpha=0.0,eps=0.1",OK,0.6945799660330527,0.0,0.1350346617350467,0.005654638619016855,0.16473073361288382,0.4756685652995629,0.42345409908592174,0.41819529322456384,-0.1,True,True,,,0.5135710880947797
dirichlet_33,0.27712460413756357,0.024887617953328757,0.26512961856619055,0.13601595170674205,0.2968422076361751,Fair,"alpha=1.0,eps=0.02",OK,0.27805034549763985,0.024207057003069982,0.26496535138366695,0.13658187643010503,0.2961953696855182,0.0014442347824888894,0.001301525188574572,0.39595916776388124,-0.0005581075935468854,True,True,,,-19.55841103879766
dirichlet_33,0.27712460413756357,0.024887617953328757,0.26512961856619055,0.13601595170674205,0.2968422076361751,Fair,"alpha=1.0,eps=0.05",OK,0.27943895759586446,0.0231862161183228,0.2647189502951285,0.1374307634467827,0.29522511254390155,0.003610586844292774,0.0032538128574406437,0.39608459960867465,-0.0013952685436030292,True,True,,,-14.976957379426889
dirichlet_33,0.27712460413756357,0.024887617953328757,0.26512961856619055,0.13601595170674205,0.2968422076361751,Fair,"alpha=1.0,eps=0.1",OK,0.28175331061035935,0.02148481274254491,0.2643082840158375,0.1388455746140965,0.29360801801716174,0.007221173425905351,0.006507625524244667,0.3962936531150435,-0.0027905383275518957,True,True,,,-11.51122147662716
dirichlet_33,0.27712460413756357,0.024887617953328757,0.26512961856619055,0.13601595170674205,0.2968422076361751,Fair,"alpha=2.0,eps=0.02",OK,0.2775852391695928,0.02454695252371772,0.26504951407451627,0.13629931623756333,0.2965189779946097,0.0007207129496305167,0.0006495382928342588,0.3959173536257935,-0.0002793500878969696,True,True,,,-249.9574523398237
dirichlet_33,0.27712460413756357,0.024887617953328757,0.26512961856619055,0.13601595170674205,0.2968422076361751,Fair,"alpha=2.0,eps=0.05",OK,0.27827619158137806,0.024035954498145218,0.2649293572086218,0.13672436308697375,0.2960341336248811,0.0018017822244522578,0.0016238455960397903,0.3959800643391187,-0.0006983751243887953,True,True,,,-99.98298093592948
dirichlet_33,0.27712460413756357,0.024887617953328757,0.26512961856619055,0.13601595170674205,0.2968422076361751,Fair,"alpha=2.0,eps=0.1",OK,0.27942777887790854,0.023184291040390815,0.26472909602981387,0.13743277454852437,0.2952260595033624,0.003603564417522949,0.0032476911658963453,0.3960845822008134,-0.0013967502488956508,True,True,,,-49.99149046796474
dirichlet_34,0.15540390492777603,0.42502770899418624,0.14101880307507145,0.1663811136456864,0.11216846935727992,Avg,rho=0.5,OK,0.11810617304257379,0.6443142101488921,0.08095624033193907,0.13743297323037124,0.019190403246223887,0.25013619779428703,0.22646686101845248,0.4531735801076213,-0.0768471265408274,True,True,,,
dirichlet_34,0.15540390492777603,0.42502770899418624,0.14101880307507145,0.1663811136456864,0.11216846935727992,Cert,,FLOOR_COLLAPSED,0.15540390492777603,0.42502770899418624,0.14101880307507145,0.1663811136456864,0.11216846935727992,0.0,0.0,0.4018863407452867,0.0,False,True,0.0,-0.0,
dirichlet_34,0.15540390492777603,0.42502770899418624,0.14101880307507145,0.1663811136456864,0.11216846935727992,MaxMin,c=0.0,OK_EXACT_D0,0.12265618374236281,0.6052833210112295,0.09573816602357799,0.1400440176556541,0.0362783115671756,0.20510434825439605,0.18581660440030645,0.4439541344181472,-0.06286356919750727,True,True,-0.06286356919750727,,
dirichlet_34,0.15540390492777603,0.42502770899418624,0.14101880307507145,0.1663811136456864,0.11216846935727992,MaxMin,c=0.25,OK,0.11964295486590762,0.57304716898595,0.1013536516292256,0.1310103399038787,0.07494588461503811,0.1655250518042215,0.15016147116911915,0.43529122333742154,-0.03134149231659364,True,True,-0.03134149231659364,,
dirichlet_34,0.15540390492777603,0.42502770899418624,0.14101880307507145,0.1663811136456864,0.11216846935727992,MaxMin,c=0.5,OK,0.13253883804992334,0.5196693459216164,0.11565744273759865,0.14376552021965508,0.08836885307120655,0.10583447511645347,0.09601120984813294,0.4232449700097373,-0.020039325482986866,True,True,-0.020039325482986866,,
dirichlet_34,0.15540390492777603,0.42502770899418624,0.14101880307507145,0.1663811136456864,0.11216846935727992,MaxMin,c=0.75,OK,0.1441005099448266,0.4718140057384055,0.12848136005201902,0.15520104640014357,0.10040307786460537,0.052319500373433914,0.04746334806286857,0.41244502505442004,-0.009906483647571832,True,True,-0.009906483647571832,,
dirichlet_34,0.15540390492777603,0.42502770899418624,0.14101880307507145,0.1663811136456864,0.11216846935727992,MaxMin,c=0.9,OK,0.15089907186288593,0.44367382875511124,0.13602215490302974,0.16192543137753718,0.10747951310143594,0.02085131197983404,0.018915950477402632,0.4060943782658076,-0.003948110736614273,True,True,-0.003948110736614273,,
dirichlet_34,0.15540390492777603,0.42502770899418624,0.14101880307507145,0.1663811136456864,0.11216846935727992,MaxMin,c=1.0,OK,0.15540390492777603,0.42502770899418624,0.14101880307507145,0.1663811136456864,0.11216846935727992,0.0,0.0,0.4018863407452867,0.0,False,True,0.0,,
dirichlet_34,0.15540390492777603,0.42502770899418624,0.14101880307507145,0.1663811136456864,0.11216846935727992,Fair,"alpha=0.0,eps=0.02",OK,0.25962285822565767,0.40066329994215083,0.1148618873412502,0.1396262389546575,0.08522571553628397,0.11653812337110382,0.10400300251814025,0.39801532340478774,-0.019999999999999962,True,True,,,0.10378749920728812
dirichlet_34,0.15540390492777603,0.42502770899418624,0.14101880307507145,0.1663811136456864,0.11216846935727992,Fair,"alpha=0.0,eps=0.05",OK,0.41595128817247995,0.36411668636409755,0.07562651374051828,0.09949392691811408,0.04481158480479001,0.2913453084277595,0.2600075062953506,0.3922087973940392,-0.05000000000000008,True,True,,,0.25946874801822034
dirichlet_34,0.15540390492777603,0.42502770899418624,0.14101880307507145,0.1663811136456864,0.11216846935727992,Fair,"alpha=0.0,eps=0.1",OK,0.6525468521701756,0.30330601655956857,0.011156378872662825,0.032990752397593054,0.0,0.5560632010964088,0.49640985767218526,0.3815708748380166,-0.1,True,True,,,0.5177731748564997
dirichlet_34,0.15540390492777603,0.42502770899418624,0.14101880307507145,0.1663811136456864,0.11216846935727992,Fair,"alpha=1.0,eps=0.02",OK,0.1563296463850017,0.42434714797997575,0.14085453598037836,0.16694703825541612,0.11152163139922808,0.0014442348236913818,0.001301525226379533,0.4017749718226501,-0.0005581076445179602,True,True,,,-19.55841103879766
dirichlet_34,0.15540390492777603,0.42502770899418624,0.14101880307507145,0.1663811136456864,0.11216846935727992,Fair,"alpha=1.0,eps=0.05",OK,0.15771825767573472,0.4233263065820465,0.14060813595838728,0.1677959251623673,0.11055137462146422,0.0036105862824588864,0.0032538123766239348,0.4016079184502838,-0.0013952690045319247,True,True,,,-14.976957379426887
dirichlet_34,0.15540390492777603,0.42502770899418624,0.14101880307507145,0.1663811136456864,0.11216846935727992,Fair,"alpha=1.0,eps=0.1",OK,0.16003261179047082,0.4216249038843205,0.14019746782135883,0.16921073637291462,0.10893428013093527,0.0072211734618223685,0.006507625548425801,0.4013294960946932,-0.0027905382531406655,True,True,,,-11.51122147662716
dirichlet_34,0.15540390492777603,0.42502770899418624,0.14101880307507145,0.1663811136456864,0.11216846935727992,Fair,"alpha=2.0,eps=0.02",OK,0.15586453987704377,0.4246870436062253,0.14093869857368752,0.16666447820233013,0.11184523974071331,0.0007207128770676639,0.0006495382275356936,0.40183054328232837,-0.00027935005411165324,True,True,,,-249.9574523398237
dirichlet_34,0.15540390492777603,0.42502770899418624,0.14101880307507145,0.1663811136456864,0.11216846935727992,Fair,"alpha=2.0,eps=0.05",OK,0.15655549303088448,0.424176045311505,0.14081854178705752,0.1670895246823321,0.11136039518822094,0.001801782681301466,0.0016238460051880206,0.40174684704623276,-0.0006983753079191432,True,True,,,-99.98298093592948
dirichlet_34,0.15540390492777603,0.42502770899418624,0.14101880307507145,0.1663811136456864,0.11216846935727992,Fair,"alpha=2.0,eps=0.1",OK,0.15770707978760595,0.4233243820544943,0.14061828068928198,0.1677979362973797,0.11055232117123812,0.0036035644389338854,0.0032476911851412648,0.40160735343261067,-0.0013967502683121266,True,True,,,-49.99149046796474
dirichlet_35,0.026033759442342187,0.0024289329437869444,0.1897098775210036,0.3020581068984774,0.4797693231943898,Avg,rho=0.5,OK,4.664171935474557e-17,5.742267606007453e-17,0.06162817378591161,0.29811410510468156,0.6402577211094067,0.20702816280184996,0.18913781747473976,0.5188966513673321,-0.10812158407962885,True,True,,,
dirichlet_35,0.026033759442342187,0.0024289329437869444,0.1897098775210036,0.3020581068984774,0.4797693231943898,Cert,,FLOOR_COLLAPSED,0.026033759442342187,0.0024289329437869444,0.1897098775210036,0.3020581068984774,0.4797693231943898,0.0,0.0,0.4773063050459411,0.0,False,True,0.0,-0.0,
dirichlet_35,0.026033759442342187,0.0024289329437869444,0.1897098775210036,0.3020581068984774,0.4797693231943898,MaxMin,c=0.0,INFEASIBLE_BALL_MISSES_SIMPLEX,,,,,,,,,,False,False,,,
dirichlet_35,0.026033759442342187,0.0024289329437869444,0.1897098775210036,0.3020581068984774,0.4797693231943898,MaxMin,c=0.25,INFEASIBLE_BALL_MISSES_SIMPLEX,,,,,,,,,,False,False,,,
dirichlet_35,0.026033759442342187,0.0024289329437869444,0.1897098775210036,0.3020581068984774,0.4797693231943898,MaxMin,c=0.5,INFEASIBLE_BALL_MISSES_SIMPLEX,,,,,,,,,,False,False,,,
dirichlet_35,0.026033759442342187,0.0024289329437869444,0.1897098775210036,0.3020581068984774,0.4797693231943898,MaxMin,c=0.75,INFEASIBLE_BALL_MISSES_SIMPLEX,,,,,,,,,,False,False,,,
dirichlet_35,0.026033759442342187,0.0024289329437869444,0.1897098775210036,0.3020581068984774,0.4797693231943898,MaxMin,c=0.9,OK,0.011719976624167747,0.0,0.17714376541270266,0.2880702529092844,0.5230660050538453,0.04938576704468149,0.044746694167789064,0.4882662318664319,-0.01149886509859557,True,True,-0.01149886509859557,,
dirichlet_35,0.026033759442342187,0.0024289329437869444,0.1897098775210036,0.3020581068984774,0.4797693231943898,MaxMin,c=1.0,OK,0.026033759442342187,0.0024289329437869444,0.1897098775210036,0.3020581068984774,0.4797693231943898,0.0,0.0,0.4773063050459411,0.0,False,True,0.0,,
dirichlet_35,0.026033759442342187,0.0024289329437869444,0.1897098775210036,0.3020581068984774,0.4797693231943898,Fair,"alpha=0.0,eps=0.02",OK,0.10679995455611066,0.0,0.1637090176258625,0.27607558013610073,0.45341544768192604,0.09259989824601075,0.0824101375390769,0.4595530595879547,-0.02000000000000001,True,True,,,0.10257312453709183
dirichlet_35,0.026033759442342187,0.0024289329437869444,0.1897098775210036,0.3020581068984774,0.4797693231943898,Fair,"alpha=0.0,eps=0.05",OK,0.22405383301088683,0.0,0.1247336480662874,0.2372300740552143,0.41398244486761143,0.2279700569105485,0.20285050820256245,0.43284758037973403,-0.05000000000000001,True,True,,,0.2562311083141755
dirichlet_35,0.026033759442342187,0.0024289329437869444,0.1897098775210036,0.3020581068984774,0.4797693231943898,Fair,"alpha=0.0,eps=0.1",OK,0.41947696376884713,0.0,0.0597746988003289,0.17248756392040349,0.3482607735104204,0.45361837447654274,0.4036134813077296,0.3883384483660329,-0.10000000000000003,True,True,,,0.5123277479426482
dirichlet_35,0.026033759442342187,0.0024289329437869444,0.1897098775210036,0.3020581068984774,0.4797693231943898,Fair,"alpha=1.0,eps=0.02",OK,0.02695950075626304,0.001748371881853044,0.1895456105719568,0.3026240315262096,0.4791224852637175,0.0014442347325486716,0.0013015251474656996,0.4772079880195388,-0.0005581076822410283,True,True,,,-19.55841103879766
dirichlet_35,0.026033759442342187,0.0024289329437869444,0.1897098775210036,0.3020581068984774,0.4797693231943898,Fair,"alpha=1.0,eps=0.05",OK,0.02834811270682691,0.0007275302946451842,0.18929921033340866,0.3034729183609501,0.4781522283041691,0.0036105867812070234,0.0032538128243443007,0.47706051245490344,-0.0013952691983806513,True,True,,,-14.976957379426887
dirichlet_35,0.026033759442342187,0.0024289329437869444,0.1897098775210036,0.3020581068984774,0.4797693231943898,Fair,"alpha=1.0,eps=0.1",OK,0.03042046399703988,0.0,0.18861631683736627,0.30465846679453035,0.47630475237106346,0.006715942945205914,0.006034025172005975,0.4766155630379538,-0.00270314681889667,True,True,,,-11.511263210416576
dirichlet_35,0.026033759442342187,0.0024289329437869444,0.1897098775210036,0.3020581068984774,0.4797693231943898,Fair,"alpha=2.0,eps=0.02",OK,0.02649439438169512,0.002088267558704264,0.18962977302785253,0.3023414714474692,0.479446093584279,0.0007207128625513292,0.0006495382145693886,0.4772575428362082,-0.00027935005166867177,True,True,,,-249.9574523398237
dirichlet_35,0.026033759442342187,0.0024289329437869444,0.1897098775210036,0.3020581068984774,0.4797693231943898,Fair,"alpha=2.0,eps=0.05",OK,0.027185346814500577,0.001577269471233529,0.189509616268032,0.3027665182903149,0.4789612491559189,0.0018017821919904715,0.0016238455683001743,0.4771843995192595,-0.0006983751374560001,True,True,,,-99.98298093592948
dirichlet_35,0.026033759442342187,0.0024289329437869444,0.1897098775210036,0.3020581068984774,0.4797693231943898,Fair,"alpha=2.0,eps=0.1",OK,0.028336934101089572,0.0007256059603844903,0.18930935506545638,0.3034749296997429,0.4781531751733266,0.0036035643236458055,0.003247691084272054,0.4770624940232595,-0.0013967503060171172,True,True,,,-49.99149046796474
dirichlet_36,0.01461483306554485,0.273611317128226,0.40087098224103435,0.008586203435515563,0.30231666412967906,Avg,rho=0.5,OK,2.918651946617876e-17,0.2341639427368701,0.4841662094963719,4.2844629918291416e-17,0.28166984776675796,0.09595726908777738,0.08648840066833638,0.4600651556845826,-0.03130405815151492,True,True,,,
dirichlet_36,0.01461483306554485,0.273611317128226,0.40087098224103435,0.008586203435515563,0.30231666412967906,Cert,,FLOOR_COLLAPSED,0.014614833065544853,0.27361131712822606,0.40087098224103446,0.008586203435515565,0.3023166641296791,1.3602931225955671e-16,1.5632077926198774e-16,0.4472904958587056,4.484951312870057e-17,False,True,4.484951312870057e-17,-0.0,
dirichlet_36,0.01461483306554485,0.273611317128226,0.40087098224103435,0.008586203435515563,0.30231666412967906,MaxMin,c=0.0,INFEASIBLE_BALL_MISSES_SIMPLEX,,,,,,,,,,False,False,,,
dirichlet_36,0.01461483306554485,0.273611317128226,0.40087098224103435,0.008586203435515563,0.30231666412967906,MaxMin,c=0.25,INFEASIBLE_BALL_MISSES_SIMPLEX,,,,,,,,,,False,False,,,
dirichlet_36,0.01461483306554485,0.273611317128226,0.40087098224103435,0.008586203435515563,0.30231666412967906,MaxMin,c=0.5,INFEASIBLE_BALL_MISSES_SIMPLEX,,,,,,,,,,False,False,,,
dirichlet_36,0.01461483306554485,0.273611317128226,0.40087098224103435,0.008586203435515563,0.30231666412967906,MaxMin,c=0.75,INFEASIBLE_BALL_MISSES_SIMPLEX,,,,,,,,,,False,False,,,
dirichlet_36,0.01461483306554485,0.273611317128226,0.40087098224103435,0.008586203435515563,0.30231666412967906,MaxMin,c=0.9,OK,0.001959917788355066,0.26065075421378564,0.446080011196751,1.7347234759768075e-18,0.29130931680110833,0.050664227572308825,0.045683143713039547,0.4560162255277523,-0.010062353736987568,True,True,-0.010062353736987568,,
dirichlet_36,0.01461483306554485,0.273611317128226,0.40087098224103435,0.008586203435515563,0.30231666412967906,MaxMin,c=1.0,OK,0.014614833065544853,0.27361131712822606,0.40087098224103446,0.008586203435515565,0.3023166641296791,1.3602931225955671e-16,1.5632077926198774e-16,0.4472904958587056,4.484951312870057e-17,False,True,4.484951312870057e-17,,
dirichlet_36,0.01461483306554485,0.273611317128226,0.40087098224103435,0.008586203435515563,0.30231666412967906,Fair,"alpha=0.0,eps=0.02",OK,0.10042666071456352,0.24933005955176896,0.3747250385579663,0.0,0.27551824117570123,0.09710168879733065,0.08675925200001923,0.42871746532691934,-0.01999999999999995,True,True,,,0.10359072921895376
dirichlet_36,0.01461483306554485,0.273611317128226,0.40087098224103435,0.008586203435515563,0.30231666412967906,Fair,"alpha=0.0,eps=0.05",OK,0.21609606283006558,0.21296711713586508,0.3355139008387865,0.0,0.2354229191952829,0.23041798764493457,0.2059709808340436,0.40079421475800914,-0.04999999999999992,True,True,,,0.25883733784843277
dirichlet_36,0.01461483306554485,0.273611317128226,0.40087098224103435,0.008586203435515563,0.30231666412967906,Fair,"alpha=0.0,eps=0.1",OK,0.40887839968923556,0.15236221310935857,0.27016200464015355,0.0,0.16859738256125234,0.4529729695801851,0.40498135361774684,0.35425546380982537,-0.09999999999999998,True,True,,,0.5175816855642309
dirichlet_36,0.01461483306554485,0.273611317128226,0.40087098224103435,0.008586203435515563,0.30231666412967906,Fair,"alpha=1.0,eps=0.02",OK,0.015540574422275725,0.2729307560908705,0.40070671529055574,0.009152127985558813,0.3016698262107393,0.0014442347128731828,0.0013015251288899013,0.4469581654609123,-0.0005581076619016279,True,True,,,-19.558411038797665
dirichlet_36,0.01461483306554485,0.273611317128226,0.40087098224103435,0.008586203435515563,0.30231666412967906,Fair,"alpha=1.0,eps=0.05",OK,0.016929186663729674,0.27190991467784215,0.4004603147426541,0.010001014500292012,0.30069956941548215,0.0036105867021201136,0.003253812745007959,0.44645966987673985,-0.0013952690381760242,True,True,,,-14.976957379426889
dirichlet_36,0.01461483306554485,0.273611317128226,0.40087098224103435,0.008586203435515563,0.30231666412967906,Fair,"alpha=1.0,eps=0.1",OK,0.019243539658742294,0.2702085118391119,0.4000496475030924,0.011415826549180602,0.29908247444987285,0.007221173669399952,0.0065076257426537115,0.44562884383207224,-0.002790538394110794,True,True,,,-11.511221476627162
dirichlet_36,0.01461483306554485,0.273611317128226,0.40087098224103435,0.008586203435515563,0.30231666412967906,Fair,"alpha=2.0,eps=0.02",OK,0.01507546802588604,0.27327065178906934,0.4007908777284708,0.008869567975718485,0.30199343448085536,0.0007207128703217439,0.000649538220265151,0.4471249038815648,-0.0002793500141010071,True,True,,,-249.9574523398237
dirichlet_36,0.01461483306554485,0.273611317128226,0.40087098224103435,0.008586203435515563,0.30231666412967906,Fair,"alpha=2.0,eps=0.05",OK,0.015766420424417036,0.2727596536540192,0.40067072099068396,0.009294614830118775,0.3015085901007611,0.0018017821807919743,0.0016238455584209172,0.44687651591934546,-0.0006983751388303202,True,True,,,-99.98298093592948
dirichlet_36,0.01461483306554485,0.273611317128226,0.40087098224103435,0.008586203435515563,0.30231666412967906,Fair,"alpha=2.0,eps=0.1",OK,0.01691800819097518,0.2719079902604062,0.400470459433505,0.010003026034326073,0.30070051608078757,0.0036035645392895345,0.0032476912697745886,0.4464625359069855,-0.0013967502142098092,True,True,,,-49.99149046796474
dirichlet_37,0.2687249079558859,0.10132402597062289,0.4083565808691536,0.09066210755254386,0.13093237765179383,Avg,rho=0.5,OK,0.33909048582503587,1.1655173354219173e-18,0.6098444649308618,2.9942614685439517e-19,0.05106504924410248,0.2653557010962272,0.23911539223229689,0.47155160613076724,-0.08017341855539857,True,True,,,
dirichlet_37,0.2687249079558859,0.10132402597062289,0.4083565808691536,0.09066210755254386,0.13093237765179383,Cert,,FLOOR_COLLAPSED,0.2687249079558859,0.10132402597062289,0.4083565808691536,0.09066210755254386,0.13093237765179383,0.0,0.0,0.4122555614612172,0.0,False,True,0.0,-0.0,
dirichlet_37,0.2687249079558859,0.10132402597062289,0.4083565808691536,0.09066210755254386,0.13093237765179383,MaxMin,c=0.0,OK_EXACT_D0,0.3296256823619514,0.01801865668887502,0.5770965215375676,0.008823993842227512,0.06643514556937857,0.2235603414140405,0.20134197911950408,0.46223478771437965,-0.06586168542008976,True,True,-0.06586168542008976,,
dirichlet_37,0.2687249079558859,0.10132402597062289,0.4083565808691536,0.09066210755254386,0.13093237765179383,MaxMin,c=0.25,OK,0.30007411140439144,0.043457979448390575,0.5462598987974313,0.032061373052214515,0.078146637297572,0.17195626612984477,0.15508267933996187,0.45045541000766315,-0.04549694332812254,True,True,-0.04549694332812254,,
dirichlet_37,0.2687249079558859,0.10132402597062289,0.4083565808691536,0.09066210755254386,0.13093237765179383,MaxMin,c=0.5,OK,0.26984902114742004,0.06408832034731617,0.5147204687994458,0.05338918137927598,0.09795300832654225,0.12319881446665756,0.11113134743081553,0.4385512151789237,-0.02909987722517145,True,True,-0.02909987722517145,,
dirichlet_37,0.2687249079558859,0.10132402597062289,0.4083565808691536,0.09066210755254386,0.13093237765179383,MaxMin,c=0.75,OK,0.2523939334434487,0.08445144509310396,0.47213563591852936,0.07415770936474811,0.11686127618016992,0.0713410375110402,0.06428717590470995,0.4256868789251449,-0.01302992146367851,True,True,-0.01302992146367851,,
dirichlet_37,0.2687249079558859,0.10132402597062289,0.4083565808691536,0.09066210755254386,0.13093237765179383,MaxMin,c=0.9,OK,0.2625286465827291,0.09492226953672356,0.43255548552839096,0.08440004616114528,0.12559355219101112,0.02706805492311281,0.024391694723688497,0.4173516415223895,-0.004943783299592822,True,True,-0.004943783299592822,,
dirichlet_37,0.2687249079558859,0.10132402597062289,0.4083565808691536,0.09066210755254386,0.13093237765179383,MaxMin,c=1.0,OK,0.2687249079558859,0.10132402597062289,0.4083565808691536,0.09066210755254386,0.13093237765179383,0.0,0.0,0.4122555614612172,0.0,False,True,0.0,,
dirichlet_37,0.2687249079558859,0.10132402597062289,0.4083565808691536,0.09066210755254386,0.13093237765179383,Fair,"alpha=0.0,eps=0.02",OK,0.3729438612537675,0.07695961691858744,0.3821996651353323,0.06390723286151495,0.10398962383079786,0.11653812337110382,0.10400300251814025,0.42014584763266727,-0.020000000000000018,True,True,,,0.10378749920728816
dirichlet_37,0.2687249079558859,0.10132402597062289,0.4083565808691536,0.09066210755254386,0.13093237765179383,Fair,"alpha=0.0,eps=0.05",OK,0.5292722912005897,0.04041300334053427,0.3429642915346004,0.023774920824971575,0.0635754930993039,0.2913453084277594,0.26000750629535047,0.4319812768898423,-0.050000000000000086,True,True,,,0.25946874801822034
dirichlet_37,0.2687249079558859,0.10132402597062289,0.4083565808691536,0.09066210755254386,0.13093237765179383,Fair,"alpha=0.0,eps=0.1",OK,0.7221394385459408,0.0,0.27786056145405935,0.0,0.0,0.5081765550826808,0.4534810893971229,0.4421541941437554,-0.09999999999999998,True,True,,,0.5172057253375334
dirichlet_37,0.2687249079558859,0.10132402597062289,0.4083565808691536,0.09066210755254386,0.13093237765179383,Fair,"alpha=1.0,eps=0.02",OK,0.2696506488652595,0.10064346521875242,0.4081923137815346,0.09122803212140894,0.13028554001304457,0.0014442341890763771,0.0013015246563264963,0.4123363207837199,-0.0005581074309013209,True,True,,,-19.558411038797665
dirichlet_37,0.2687249079558859,0.10132402597062289,0.4083565808691536,0.09066210755254386,0.13093237765179383,Fair,"alpha=1.0,eps=0.05",OK,0.27103926090271135,0.0996226233315412,0.40794591342510306,0.09207691946183691,0.12931528287880756,0.0036105867245994545,0.0032538127753243126,0.41245745992189103,-0.0013952691949294645,True,True,,,-14.976957379426887
dirichlet_37,0.2687249079558859,0.10132402597062289,0.4083565808691536,0.09066210755254386,0.13093237765179383,Fair,"alpha=1.0,eps=0.1",OK,0.2733536145928074,0.09792122072494268,0.40753524618674464,0.09349173053136534,0.1276981879641398,0.007221173621319457,0.0065076256983655975,0.4126593585376958,-0.0027905383574627534,True,True,,,-11.511221476627162
dirichlet_37,0.2687249079558859,0.10132402597062289,0.4083565808691536,0.09066210755254386,0.13093237765179383,Fair,"alpha=2.0,eps=0.02",OK,0.2691855428707802,0.10098336061866738,0.40827647637523085,0.09094547209872918,0.13060914803659243,0.0007207128325258014,0.0006495381871205469,0.41229613430520246,-0.0002793500245383533,True,True,,,-249.95745233982367
dirichlet_37,0.2687249079558859,0.10132402597062289,0.4083565808691536,0.09066210755254386,0.13093237765179383,Fair,"alpha=2.0,eps=0.05",OK,0.26987649532848157,0.10047236250278076,0.4081563196241439,0.0913705189304859,0.13012430361410796,0.0018017821833427132,0.0016238455604633446,0.4123569935809424,-0.0006983751334700147,True,True,,,-99.98298093592948
dirichlet_37,0.2687249079558859,0.10132402597062289,0.4083565808691536,0.09066210755254386,0.13093237765179383,Fair,"alpha=2.0,eps=0.1",OK,0.27102808278512247,0.09962069922974401,0.40795605818658803,0.0920789305125535,0.12931622928599185,0.00360356456023289,0.0032476912887672966,0.4124584256590942,-0.0013967501091199804,True,True,,,-49.99149046796474
dirichlet_38,0.030338295587320614,0.2709192982557854,0.02929293456724884,0.598588153944794,0.07086131764485118,Avg,rho=0.5,OK,0.0,0.17001107981316066,4.957998488243078e-18,0.8299889201868393,0.0,0.26557220807106197,0.23880025968416155,0.6263326976965415,-0.08345161529173761,True,True,,,
dirichlet_38,0.030338295587320614,0.2709192982557854,0.02929293456724884,0.598588153944794,0.07086131764485118,Cert,,FLOOR_COLLAPSED,0.030338295587320614,0.2709192982557854,0.02929293456724884,0.598588153944794,0.07086131764485118,0.0,0.0,0.5416730359089044,0.0,False,True,0.0,-0.0,
dirichlet_38,0.030338295587320614,0.2709192982557854,0.02929293456724884,0.598588153944794,0.07086131764485118,MaxMin,c=0.0,INFEASIBLE_BALL_MISSES_SIMPLEX,,,,,,,,,,False,False,,,
dirichlet_38,0.030338295587320614,0.2709192982557854,0.02929293456724884,0.598588153944794,0.07086131764485118,MaxMin,c=0.25,INFEASIBLE_BALL_MISSES_SIMPLEX,,,,,,,,,,False,False,,,
dirichlet_38,0.030338295587320614,0.2709192982557854,0.02929293456724884,0.598588153944794,0.07086131764485118,MaxMin,c=0.5,INFEASIBLE_BALL_MISSES_SIMPLEX,,,,,,,,,,False,False,,,
dirichlet_38,0.030338295587320614,0.2709192982557854,0.02929293456724884,0.598588153944794,0.07086131764485118,MaxMin,c=0.75,OK,0.005453092572665567,0.24850476700261998,0.0047055467138845675,0.6949113877205698,0.046425205990260135,0.10771032030241989,0.09642889373085115,0.5806015070791276,-0.018856038489902055,True,True,-0.018856038489902055,,
dirichlet_38,0.030338295587320614,0.2709192982557854,0.02929293456724884,0.598588153944794,0.07086131764485118,MaxMin,c=0.9,OK,0.020578583316923464,0.2621285572046518,0.0196500222394623,0.6363651030037247,0.0612777342352378,0.04224284343128983,0.037818387770900665,0.5569403687702873,-0.007395137990741092,True,True,-0.007395137990741092,,
dirichlet_38,0.030338295587320614,0.2709192982557854,0.02929293456724884,0.598588153944794,0.07086131764485118,MaxMin,c=1.0,OK,0.030338295587320614,0.2709192982557854,0.02929293456724884,0.598588153944794,0.07086131764485118,0.0,0.0,0.5416730359089044,0.0,False,True,0.0,,
dirichlet_38,0.030338295587320614,0.2709192982557854,0.02929293456724884,0.598588153944794,0.07086131764485118,Fair,"alpha=0.0,eps=0.02",OK,0.13455724888520218,0.24655488920374993,0.003136018833427577,0.571833279253765,0.04391856382385521,0.11653812337110381,0.10400300251814025,0.5248217717381237,-0.0200000000000001,True,True,,,0.1037874992072881
dirichlet_38,0.030338295587320614,0.2709192982557854,0.02929293456724884,0.598588153944794,0.07086131764485118,Fair,"alpha=0.0,eps=0.05",OK,0.2532636376096928,0.20956194172363043,0.0,0.5321147097367069,0.0050597109299699156,0.25113159809771507,0.2241908071947051,0.4994764351292508,-0.05,True,True,,,0.2582101406209948
dirichlet_38,0.030338295587320614,0.2709192982557854,0.02929293456724884,0.598588153944794,0.07086131764485118,Fair,"alpha=0.0,eps=0.1",OK,0.38489826938057065,0.14813776125005462,0.0,0.4669639693693748,0.0,0.40495976240217924,0.3618345646331072,0.4590663038869374,-0.1,True,True,,,0.512406773351582
dirichlet_38,0.030338295587320614,0.2709192982557854,0.02929293456724884,0.598588153944794,0.07086131764485118,Fair,"alpha=1.0,eps=0.02",OK,0.03126403687221285,0.2702387370436136,0.02912866759267962,0.5991540785906282,0.07021447990086561,0.001444234711121315,0.0013015251317795554,0.5417923829159692,-0.0005581078062567794,True,True,,,-19.55841103879766
dirichlet_38,0.030338295587320614,0.2709192982557854,0.02929293456724884,0.598588153944794,0.07086131764485118,Fair,"alpha=1.0,eps=0.05",OK,0.03265264887390675,0.2692178956030956,0.028882267218491787,0.600002965505083,0.06924422279942287,0.0036105868336442663,0.003253812870717149,0.5419714034581607,-0.0013952692034922263,True,True,,,-14.976957379426887
dirichlet_38,0.030338295587320614,0.2709192982557854,0.02929293456724884,0.598588153944794,0.07086131764485118,Fair,"alpha=1.0,eps=0.1",OK,0.03496700220902165,0.26751649295327434,0.0284715998158987,0.6014177769641783,0.06762712805762708,0.0072211736170992415,0.006507625695757711,0.5422697709650506,-0.002790538405231717,True,True,,,-11.511221476627162
dirichlet_38,0.030338295587320614,0.2709192982557854,0.02929293456724884,0.598588153944794,0.07086131764485118,Fair,"alpha=2.0,eps=0.02",OK,0.03079893055454785,0.2705786328523106,0.029212830060794504,0.5988715185056471,0.07053808802669982,0.0007207128988086291,0.0006495382472013231,0.5417328141136707,-0.00027935006686817445,True,True,,,-249.9574523398237
dirichlet_38,0.030338295587320614,0.2709192982557854,0.02929293456724884,0.598588153944794,0.07086131764485118,Fair,"alpha=2.0,eps=0.05",OK,0.0314898829959212,0.2700676347275252,0.029092673247255483,0.5992965654865962,0.07005324354270186,0.0018017823365835393,0.0016238456986562258,0.541822481479201,-0.0006983751840356192,True,True,,,-99.98298093592948
dirichlet_38,0.030338295587320614,0.2709192982557854,0.02929293456724884,0.598588153944794,0.07086131764485118,Fair,"alpha=2.0,eps=0.1",OK,0.032641470027467714,0.269215971004136,0.02889241168850308,0.6000049771305637,0.06924517014932963,0.003603564273240065,0.0032476910455506948,0.541971927078012,-0.00139675053342573,True,True,,,-49.99149046796474
dirichlet_39,0.08204354416032475,0.2051267167613925,0.1794166882604532,0.23232265725155227,0.30109039356627737,Avg,rho=0.5,OK,0.0,0.19782266109851473,0.15057066445702613,0.26197030700086976,0.38963636744358954,0.12781219848794287,0.114926688102866,0.3848444899651155,-0.06535659962507875,True,True,,,
dirichlet_39,0.08204354416032475,0.2051267167613925,0.1794166882604532,0.23232265725155227,0.30109039356627737,Cert,,FLOOR_COLLAPSED,0.08204354416032474,0.20512671676139244,0.17941668826045318,0.2323226572515522,0.3010903935662773,1.0103182026100663e-16,1.2784349025694867e-16,0.3692984428715035,-8.438941130468475e-17,False,True,0.0,-0.0,
dirichlet_39,0.08204354416032475,0.2051267167613925,0.1794166882604532,0.23232265725155227,0.30109039356627737,MaxMin,c=0.0,INFEASIBLE_BALL_MISSES_SIMPLEX,,,,,,,,,,False,False,,,
dirichlet_39,0.08204354416032475,0.2051267167613925,0.1794166882604532,0.23232265725155227,0.30109039356627737,MaxMin,c=0.25,OK,0.022087253229069716,0.19774559951574364,0.15288958806508607,0.2548918856742817,0.37238567351581897,0.09972618399138315,0.08982911936242857,0.38130927462551306,-0.04771047791689763,True,True,-0.04771047791689763,,
dirichlet_39,0.08204354416032475,0.2051267167613925,0.1794166882604532,0.23232265725155227,0.30109039356627737,MaxMin,c=0.5,OK,0.04945584265002881,0.18946577262626818,0.14991753998972088,0.24703108266201562,0.36412976207196657,0.07979801356724064,0.07237955925102028,0.3781004675764222,-0.025688275366212692,True,True,-0.025688275366212692,,
dirichlet_39,0.08204354416032475,0.2051267167613925,0.1794166882604532,0.23232265725155227,0.30109039356627737,MaxMin,c=0.75,OK,0.06968091305662297,0.19353753499331702,0.16889863272887262,0.22592260754147853,0.341960311679709,0.04592476583408064,0.04163702970255272,0.37360369677190935,-0.009731686250382792,True,True,-0.009731686250382792,,
dirichlet_39,0.08204354416032475,0.2051267167613925,0.1794166882604532,0.23232265725155227,0.30109039356627737,MaxMin,c=0.9,OK,0.0778094420037714,0.20114130947476347,0.1758749058537968,0.22819395862148628,0.3169803840461821,0.01777338641784166,0.016098818973073265,0.37086331687588575,-0.003346028317945143,True,True,-0.003346028317945143,,
dirichlet_39,0.08204354416032475,0.2051267167613925,0.1794166882604532,0.23232265725155227,0.30109039356627737,MaxMin,c=1.0,OK,0.08204354416032474,0.20512671676139244,0.17941668826045318,0.2323226572515522,0.3010903935662773,1.0103182026100663e-16,1.2784349025694867e-16,0.3692984428715035,-8.438941130468475e-17,False,True,-8.438941130468475e-17,,
dirichlet_39,0.08204354416032475,0.2051267167613925,0.1794166882604532,0.23232265725155227,0.30109039356627737,Fair,"alpha=0.0,eps=0.02",OK,0.18626249745820633,0.18076230770935706,0.15325977252663195,0.20556778256052335,0.2741476397452814,0.1165381233711038,0.10400300251814022,0.35781353714600633,-0.020000000000000018,True,True,,,0.10378749920728811
dirichlet_39,0.08204354416032475,0.2051267167613925,0.1794166882604532,0.23232265725155227,0.30109039356627737,Fair,"alpha=0.0,eps=0.05",OK,0.34259092740502867,0.14421569413130383,0.11402439892590002,0.16543547052397997,0.23373350901378742,0.2913453084277595,0.2600075062953506,0.3405861785577605,-0.05000000000000006,True,True,,,0.2594687480182203
dirichlet_39,0.08204354416032475,0.2051267167613925,0.1794166882604532,0.23232265725155227,0.30109039356627737,Fair,"alpha=0.0,eps=0.1",OK,0.6031383106497327,0.08330467150121523,0.04863210959134688,0.09854828379640762,0.16637662446129753,0.5826906168555189,0.5200150125907012,0.3118739142440175,-0.10000000000000009,True,True,,,0.5189374960364406
dirichlet_39,0.08204354416032475,0.2051267167613925,0.1794166882604532,0.23232265725155227,0.30109039356627737,Fair,"alpha=1.0,eps=0.02",OK,0.0829692850696983,0.20444615600952196,0.17925242117283421,0.23288858182041727,0.30044355592752814,0.0014442341890763136,0.001301524656326439,0.36918684092778403,-0.0005581074309014074,True,True,,,-19.558411038797665
dirichlet_39,0.08204354416032475,0.2051267167613925,0.1794166882604532,0.23232265725155227,0.30109039356627737,Fair,"alpha=1.0,eps=0.05",OK,0.08435789778106141,0.2034253140386133,0.179006020747512,0.23373746796777975,0.2994732994650336,0.0036105864354855394,0.003253812511749457,0.36901943786962227,-0.0013952692623802913,True,True,,,-14.976957379426887
dirichlet_39,0.08204354416032475,0.2051267167613925,0.1794166882604532,0.23232265725155227,0.30109039356627737,Fair,"alpha=1.0,eps=0.1",OK,0.08667225075455812,0.2017239114724729,0.178595353524812,0.23515228036417074,0.29785620388398615,0.007221173670413491,0.006507625743556637,0.3687404328518504,-0.002790538393914064,True,True,,,-11.511221476627162
dirichlet_39,0.08204354416032475,0.2051267167613925,0.1794166882604532,0.23232265725155227,0.30109039356627737,Fair,"alpha=2.0,eps=0.02",OK,0.08250417911915976,0.20478605144267664,0.17933658372471345,0.2326060217918166,0.3007671639216336,0.000720712860422611,0.0006495382108689126,0.36924282425538385,-0.00027934999763101954,True,True,,,-249.9574523398237
dirichlet_39,0.08204354416032475,0.2051267167613925,0.1794166882604532,0.23232265725155227,0.30109039356627737,Fair,"alpha=2.0,eps=0.05",OK,0.0831951315357422,0.20427505328373133,0.1792164270174934,0.23303106863428907,0.30028231952874407,0.0018017821913763668,0.0016238455678679068,0.36915939633800715,-0.000698375141502061,True,True,,,-99.98298093592948
dirichlet_39,0.08204354416032475,0.2051267167613925,0.1794166882604532,0.23232265725155227,0.30109039356627737,Fair,"alpha=2.0,eps=0.1",OK,0.08434671892854147,0.20342338981028488,0.17901616576465199,0.23373948001357137,0.2994742454829504,0.003603564395314656,0.0032476911467201964,0.3690203498024354,-0.0013967502796114802,True,True,,,-49.99149046796474
dirichlet_40,0.09941500905385375,0.3628935886117226,0.00395986686591375,0.4625254406357025,0.07120609483280714,Avg,rho=0.5,OK,0.0,0.39618101504967346,4.819865669124383e-18,0.6038189849503265,0.0,0.18984533424860067,0.1697436467454565,0.5282299174675203,-0.0792550639303699,True,True,,,
dirichlet_40,0.09941500905385375,0.3628935886117226,0.00395986686591375,0.4625254406357025,0.07120609483280714,Cert,,FLOOR_COLLAPSED,0.09941500905385378,0.36289358861172266,0.003959866865913751,0.4625254406357026,0.07120609483280715,1.2794982158516685e-16,1.4656672136217369e-16,0.478555886295201,4.1103594862049174e-17,False,True,4.1103594862049174e-17,-0.0,
dirichlet_40,0.09941500905385375,0.3628935886117226,0.00395986686591375,0.4625254406357025,0.07120609483280714,MaxMin,c=0.0,INFEASIBLE_BALL_MISSES_SIMPLEX,,,,,,,,,,False,False,,,
dirichlet_40,0.09941500905385375,0.3628935886117226,0.00395986686591375,0.4625254406357025,0.07120609483280714,MaxMin,c=0.25,INFEASIBLE_BALL_MISSES_SIMPLEX,,,,,,,,,,False,False,,,
dirichlet_40,0.09941500905385375,0.3628935886117226,0.00395986686591375,0.4625254406357025,0.07120609483280714,MaxMin,c=0.5,INFEASIBLE_BALL_MISSES_SIMPLEX,,,,,,,,,,False,False,,,
dirichlet_40,0.09941500905385375,0.3628935886117226,0.00395986686591375,0.4625254406357025,0.07120609483280714,MaxMin,c=0.75,OK,0.053577461500652165,0.3650644020291015,0.0,0.5546411639736257,0.026716972496620636,0.11218762068291596,0.10033043059670373,0.5070595347485451,-0.03613043265059404,True,True,-0.03613043265059404,,
dirichlet_40,0.09941500905385375,0.3628935886117226,0.00395986686591375,0.4625254406357025,0.07120609483280714,MaxMin,c=0.9,OK,0.08523271506500768,0.3498472627913599,1.0668549377257366e-16,0.5073930772866938,0.05752694485693842,0.0508650035731894,0.04559168267534867,0.48951982487135315,-0.01082869061549078,True,True,-0.01082869061549078,,
dirichlet_40,0.09941500905385375,0.3628935886117226,0.00395986686591375,0.4625254406357025,0.07120609483280714,MaxMin,c=1.0,OK,0.09941500905385378,0.36289358861172266,0.003959866865913751,0.4625254406357026,0.07120609483280715,1.2794982158516685e-16,1.4656672136217369e-16,0.478555886295201,4.1103594862049174e-17,False,True,4.1103594862049174e-17,,
dirichlet_40,0.09941500905385375,0.3628935886117226,0.00395986686591375,0.4625254406357025,0.07120609483280714,Fair,"alpha=0.0,eps=0.02",OK,0.18050063232670985,0.3382547343376207,0.0,0.43602497112678684,0.04521966220888255,0.09260238415826276,0.0827004826827009,0.4670981718450075,-0.019999999999999962,True,True,,,0.10301359701203262
dirichlet_40,0.09941500905385375,0.3628935886117226,0.00395986686591375,0.4625254406357025,0.07120609483280714,Fair,"alpha=0.0,eps=0.05",OK,0.2959387235820148,0.30122301299209836,0.0,0.39634234420043857,0.006495919225448345,0.22584977284844088,0.20173265156697534,0.44943641996862266,-0.04999999999999995,True,True,,,0.25732690083433263
dirichlet_40,0.09941500905385375,0.3628935886117226,0.00395986686591375,0.4625254406357025,0.07120609483280714,Fair,"alpha=0.0,eps=0.1",OK,0.4290405268620922,0.23979170083658896,0.0,0.33116777230131883,0.0,0.38229292732318676,0.3416342612656942,0.41858032307450505,-0.09999999999999995,True,True,,,0.5115957837757565
dirichlet_40,0.09941500905385375,0.3628935886117226,0.00395986686591375,0.4625254406357025,0.07120609483280714,Fair,"alpha=1.0,eps=0.02",OK,0.10034075033723035,0.3622130276124695,0.0037955998836969197,0.4630913652657876,0.0705592569008156,0.0014442346887188415,0.0013015251069240083,0.4786137062690707,-0.0005581076312963617,True,True,,,-19.558411038797665
dirichlet_40,0.09941500905385375,0.3628935886117226,0.00395986686591375,0.4625254406357025,0.07120609483280714,Fair,"alpha=1.0,eps=0.05",OK,0.10172936229169745,0.3611921860256693,0.0035491994481433786,0.4639402522176332,0.06958900001685665,0.0036105867741274013,0.003253812816063159,0.478700436210673,-0.0013952691498759326,True,True,,,-14.976957379426887
dirichlet_40,0.09941500905385375,0.3628935886117226,0.00395986686591375,0.4625254406357025,0.07120609483280714,Fair,"alpha=1.0,eps=0.1",OK,0.10404371668281229,0.3594907821793867,0.0031385322146402156,0.4653550636051199,0.06797190531804083,0.007221174731730791,0.006507626711908236,0.47884498579848433,-0.0027905393288220684,True,True,,,-11.51122147662716
dirichlet_40,0.09941500905385375,0.3628935886117226,0.00395986686591375,0.4625254406357025,0.07120609483280714,Fair,"alpha=2.0,eps=0.02",OK,0.0998756440016419,0.3625529232229231,0.003879762364074245,0.46280880519324635,0.07088286521811452,0.0007207128760824425,0.0006495382266824056,0.47858466708939185,-0.0002793500548133131,True,True,,,-249.9574523398237
dirichlet_40,0.09941500905385375,0.3628935886117226,0.00395986686591375,0.4625254406357025,0.07120609483280714,Fair,"alpha=2.0,eps=0.05",OK,0.10056659644294995,0.36204192514552086,0.0037596056006548566,0.4632338520341917,0.07039802077668257,0.0018017822117121435,0.0016238455856533553,0.4786278382846058,-0.0006983751323395391,True,True,,,-99.98298093592948
dirichlet_40,0.09941500905385375,0.3628935886117226,0.00395986686591375,0.4625254406357025,0.07120609483280714,Fair,"alpha=2.0,eps=0.1",OK,0.10171818378621393,0.36119026169089363,0.003559344351440658,0.4639422634261713,0.06958994674528042,0.0036035643732297844,0.0032476911264961543,0.4786997902724523,-0.0013967502551167814,True,True,,,-49.99149046796474
dirichlet_41,0.003789982460689766,0.13740485555936072,0.5637993826744262,0.2296135659561316,0.06539221334939185,Avg,rho=0.5,OK,6.453675945523827e-18,0.0,0.834231567620043,0.16576843237995686,0.0,0.3168286091894061,0.28534594280437486,0.6023102542193102,-0.10914318184613796,True,True,,,
dirichlet_41,0.003789982460689766,0.13740485555936072,0.5637993826744262,0.2296135659561316,0.06539221334939185,Cert,,FLOOR_COLLAPSED,0.0037899824606897653,0.1374048555593607,0.5637993826744261,0.22961356595613155,0.06539221334939184,1.2794982158516685e-16,1.467569863346463e-16,0.5082268694798517,-1.297173400669589e-16,False,True,0.0,-0.0,
dirichlet_41,0.003789982460689766,0.13740485555936072,0.5637993826744262,0.2296135659561316,0.06539221334939185,MaxMin,c=0.0,INFEASIBLE_BALL_MISSES_SIMPLEX,,,,,,,,,,False,False,,,
dirichlet_41,0.003789982460689766,0.13740485555936072,0.5637993826744262,0.2296135659561316,0.06539221334939185,MaxMin,c=0.25,INFEASIBLE_BALL_MISSES_SIMPLEX,,,,,,,,,,False,False,,,
dirichlet_41,0.003789982460689766,0.13740485555936072,0.5637993826744262,0.2296135659561316,0.06539221334939185,MaxMin,c=0.5,INFEASIBLE_BALL_MISSES_SIMPLEX,,,,,,,,,,False,False,,,
dirichlet_41,0.003789982460689766,0.13740485555936072,0.5637993826744262,0.2296135659561316,0.06539221334939185,MaxMin,c=0.75,OK,0.0,0.10379809641872664,0.6642428504407685,0.19608306784147791,0.035875985299026886,0.11501378380896402,0.10374039642632087,0.5430010875842287,-0.02621930940178378,True,True,-0.02621930940178378,,
dirichlet_41,0.003789982460689766,0.13740485555936072,0.5637993826744262,0.2296135659561316,0.06539221334939185,MaxMin,c=0.9,OK,0.0,0.12569707174790337,0.601076641292375,0.2179888171712759,0.055237469788445556,0.042181557344379596,0.038040407442872105,0.5213761123490184,-0.009111285554047506,True,True,-0.009111285554047506,,
dirichlet_41,0.003789982460689766,0.13740485555936072,0.5637993826744262,0.2296135659561316,0.06539221334939185,MaxMin,c=1.0,OK,0.0037899824606897653,0.1374048555593607,0.5637993826744261,0.22961356595613155,0.06539221334939184,1.2794982158516685e-16,1.467569863346463e-16,0.5082268694798517,-1.297173400669589e-16,False,True,-1.297173400669589e-16,,
dirichlet_41,0.003789982460689766,0.13740485555936072,0.5637993826744262,0.2296135659561316,0.06539221334939185,Fair,"alpha=0.0,eps=0.02",OK,0.10800893575857132,0.11304044650732524,0.5376424669406048,0.20285869126510264,0.03844945952839588,0.11653812337110382,0.10400300251814025,0.48862022228148616,-0.020000000000000157,True,True,,,0.10378749920728812
dirichlet_41,0.003789982460689766,0.13740485555936072,0.5637993826744262,0.2296135659561316,0.06539221334939185,Fair,"alpha=0.0,eps=0.05",OK,0.2622501257900669,0.07650257800291192,0.4984874528979983,0.16275984330902285,0.0,0.2890016316061812,0.2579289313065735,0.4593066440591454,-0.05000000000000015,True,True,,,0.2593672852601737
dirichlet_41,0.003789982460689766,0.13740485555936072,0.5637993826744262,0.2296135659561316,0.06539221334939185,Fair,"alpha=0.0,eps=0.1",OK,0.45123847269916195,0.015891371909368606,0.43585021462277995,0.09701994076868939,0.0,0.5031936791511135,0.449631543956589,0.4135947538720035,-0.10000000000000014,True,True,,,0.5153574790707789
dirichlet_41,0.003789982460689766,0.13740485555936072,0.5637993826744262,0.2296135659561316,0.06539221334939185,Fair,"alpha=1.0,eps=0.02",OK,0.004715723778071334,0.13672429452511378,0.5636351157269586,0.23017949063867066,0.06474537533118581,0.0014442347822208814,0.0013015251913635853,0.5081694305734087,-0.0005581076594224215,True,True,,,-19.55841103879766
dirichlet_41,0.003789982460689766,0.13740485555936072,0.5637993826744262,0.2296135659561316,0.06539221334939185,Fair,"alpha=1.0,eps=0.05",OK,0.006104335508783505,0.13570345263764905,0.5633887151633347,0.2310283783236574,0.06377511836657535,0.003610587203856208,0.0032538132102738634,0.5080832722365036,-0.001395269427759189,True,True,,,-14.976957379426889
dirichlet_41,0.003789982460689766,0.13740485555936072,0.5637993826744262,0.2296135659561316,0.06539221334939185,Fair,"alpha=1.0,eps=0.1",OK,0.008418688508592743,0.13400205046930905,0.5629780480122263,0.23244318904168357,0.06215802396818845,0.0072211730726997264,0.006507625208216462,0.507939674950273,-0.0027905382315284613,True,True,,,-11.51122147662716
dirichlet_41,0.003789982460689766,0.13740485555936072,0.5637993826744262,0.2296135659561316,0.06539221334939185,Fair,"alpha=2.0,eps=0.02",OK,0.004250617409957522,0.13706419017139973,0.5637192781730421,0.22989693051277527,0.06506898373282524,0.0007207128770676728,0.0006495382275356978,0.5081990955604451,-0.0002793500541117188,True,True,,,-249.9574523398237
dirichlet_41,0.003789982460689766,0.13740485555936072,0.5637993826744262,0.2296135659561316,0.06539221334939185,Fair,"alpha=2.0,eps=0.05",OK,0.004941569722160829,0.13655319226892362,0.5635991214456965,0.23032197734096485,0.06458413922225434,0.0018017820694810206,0.0016238454554475723,0.5081574347065883,-0.000698374987801365,True,True,,,-99.98298093592948
dirichlet_41,0.003789982460689766,0.13740485555936072,0.5637993826744262,0.2296135659561316,0.06539221334939185,Fair,"alpha=2.0,eps=0.1",OK,0.006093157161995583,0.13570152860768198,0.5633988601830382,0.23103038885400864,0.06377606519327572,0.003603564438389333,0.00324769118596597,0.5080879999070361,-0.0013967502802472726,True,True,,,-49.99149046796474
dirichlet_42,0.053364043575813515,0.09330410607732292,0.2619580710700118,0.22285866790705927,0.3685151113697924,Avg,rho=0.5,OK,0.0,0.0,0.28759374084188866,0.21580224164624542,0.4966040175118659,0.16931369097196358,0.15199277572611175,0.4331288083842825,-0.07657091836240432,True,True,,,
dirichlet_42,0.053364043575813515,0.09330410607732292,0.2619580710700118,0.22285866790705927,0.3685151113697924,Cert,,FLOOR_COLLAPSED,0.053364043575813515,0.09330410607732292,0.2619580710700118,0.22285866790705927,0.3685151113697924,0.0,0.0,0.40093152417005584,0.0,False,True,0.0,-0.0,
dirichlet_42,0.053364043575813515,0.09330410607732292,0.2619580710700118,0.22285866790705927,0.3685151113697924,MaxMin,c=0.0,INFEASIBLE_BALL_MISSES_SIMPLEX,,,,,,,,,,False,False,,,
dirichlet_42,0.053364043575813515,0.09330410607732292,0.2619580710700118,0.22285866790705927,0.3685151113697924,MaxMin,c=0.25,INFEASIBLE_BALL_MISSES_SIMPLEX,,,,,,,,,,False,False,,,
dirichlet_42,0.053364043575813515,0.09330410607732292,0.2619580710700118,0.22285866790705927,0.3685151113697924,MaxMin,c=0.5,OK,0.00694599968027631,0.04895516240948651,0.27039729296914505,0.2105732034955976,0.4631283414454946,0.11530516038307566,0.10349088049926472,0.4225977749255216,-0.03653584902846282,True,True,-0.03653584902846282,,
dirichlet_42,0.053364043575813515,0.09330410607732292,0.2619580710700118,0.22285866790705927,0.3685151113697924,MaxMin,c=0.75,OK,0.034568905574836155,0.07560736095041279,0.24652308202533196,0.20452926609776068,0.4387713853516583,0.07859123291992379,0.07117997083345713,0.4127361816804429,-0.014853447355512387,True,True,-0.014853447355512387,,
dirichlet_42,0.053364043575813515,0.09330410607732292,0.2619580710700118,0.22285866790705927,0.3685151113697924,MaxMin,c=0.9,OK,0.04676472427664413,0.08709240540283757,0.2564378091288751,0.21642363173116597,0.39328142946047717,0.02770180020747005,0.025091800531643442,0.40508459595792057,-0.005215157414188958,True,True,-0.005215157414188958,,
dirichlet_42,0.053364043575813515,0.09330410607732292,0.2619580710700118,0.22285866790705927,0.3685151113697924,MaxMin,c=1.0,OK,0.053364043575813515,0.09330410607732292,0.2619580710700118,0.22285866790705927,0.3685151113697924,0.0,0.0,0.40093152417005584,0.0,False,True,0.0,,
dirichlet_42,0.053364043575813515,0.09330410607732292,0.2619580710700118,0.22285866790705927,0.3685151113697924,Fair,"alpha=0.0,eps=0.02",OK,0.15758299687369512,0.06893969702528749,0.23580115533619056,0.1961037932160304,0.3415723575487965,0.1165381233711038,0.10400300251814022,0.38647004480037833,-0.019999999999999966,True,True,,,0.10378749920728811
dirichlet_42,0.053364043575813515,0.09330410607732292,0.2619580710700118,0.22285866790705927,0.3685151113697924,Fair,"alpha=0.0,eps=0.05",OK,0.31391142682051754,0.03239308344723431,0.19656578173545863,0.15597148117948695,0.30115822681730253,0.2913453084277595,0.26000750629535063,0.36477782574586193,-0.05000000000000003,True,True,,,0.2594687480182203
dirichlet_42,0.053364043575813515,0.09330410607732292,0.2619580710700118,0.22285866790705927,0.3685151113697924,Fair,"alpha=0.0,eps=0.1",OK,0.5439682782771641,0.0,0.13137637794096166,0.09008841084987272,0.23456693293200165,0.5495632862228601,0.490097057591246,0.32947172400790836,-0.09999999999999998,True,True,,,0.5173587081943644
dirichlet_42,0.053364043575813515,0.09330410607732292,0.2619580710700118,0.22285866790705927,0.3685151113697924,Fair,"alpha=1.0,eps=0.02",OK,0.054289784485187155,0.09262354532545247,0.2617938039823929,0.22342459247592444,0.36786827373104314,0.0014442341890764084,0.0013015246563265275,0.4008133721382157,-0.0005581074309012733,True,True,,,-19.558411038797665
dirichlet_42,0.053364043575813515,0.09330410607732292,0.2619580710700118,0.22285866790705927,0.3685151113697924,Fair,"alpha=1.0,eps=0.05",OK,0.05567839658071537,0.09160270326474934,0.26154740372022345,0.2242734794544313,0.3668980169798805,0.003610586519469594,0.003253812595053657,0.4006361440768789,-0.001395269336108333,True,True,,,-14.976957379426887
dirichlet_42,0.053364043575813515,0.09330410607732292,0.2619580710700118,0.22285866790705927,0.3685151113697924,Fair,"alpha=1.0,eps=0.1",OK,0.05799275016188538,0.08990130074841861,0.26113673630711043,0.2256882910021535,0.365280921780432,0.0072211736386361145,0.006507625715936765,0.40034076378440264,-0.002790538427221345,True,True,,,-11.511221476627162
dirichlet_42,0.053364043575813515,0.09330410607732292,0.2619580710700118,0.22285866790705927,0.3685151113697924,Fair,"alpha=2.0,eps=0.02",OK,0.05382467852508127,0.09296344068936199,0.26187796656862794,0.22314203246370304,0.36819188175322587,0.0007207128770676409,0.0006495382275356758,0.4008728519242679,-0.0002793500541115909,True,True,,,-249.9574523398237
dirichlet_42,0.053364043575813515,0.09330410607732292,0.2619580710700118,0.22285866790705927,0.3685151113697924,Fair,"alpha=2.0,eps=0.05",OK,0.054515631093678095,0.09245244267293168,0.26175780979744745,0.22356707909602005,0.36770703733992266,0.0018017821714526629,0.001623845547013397,0.4007848435298357,-0.0006983750811620906,True,True,,,-99.98298093592948
dirichlet_42,0.053364043575813515,0.09330410607732292,0.2619580710700118,0.22285866790705927,0.3685151113697924,Fair,"alpha=2.0,eps=0.1",OK,0.05566721830858496,0.09160077911845245,0.26155754855072566,0.22427549070071168,0.36689896332152516,0.003603564375653383,0.0032476911294960966,0.4006381629485753,-0.0013967502864643305,True,True,,,-49.99149046796474
dirichlet_43,0.12035621176243033,0.3629201991223497,0.08161577824412855,0.15801908631926456,0.2770887245518269,Avg,rho=0.5,OK,0.03831946954193448,0.5100861197471483,2.6762005968499623e-18,0.11091430418548204,0.3406801065254353,0.20325278568097382,0.18432687446733456,0.42942296818646175,-0.06840591726505152,True,True,,,
dirichlet_43,0.12035621176243033,0.3629201991223497,0.08161577824412855,0.15801908631926456,0.2770887245518269,Cert,,FLOOR_COLLAPSED,0.12035621176243033,0.3629201991223497,0.08161577824412855,0.15801908631926456,0.2770887245518269,0.0,0.0,0.392308047940788,0.0,False,True,0.0,-0.0,
dirichlet_43,0.12035621176243033,0.3629201991223497,0.08161577824412855,0.15801908631926456,0.2770887245518269,MaxMin,c=0.0,INFEASIBLE_BALL_MISSES_SIMPLEX,,,,,,,,,,False,False,,,
dirichlet_43,0.12035621176243033,0.3629201991223497,0.08161577824412855,0.15801908631926456,0.2770887245518269,MaxMin,c=0.25,OK,0.06265032296406586,0.4776689087556496,0.02392859026669212,0.11239321104752178,0.3233589669660707,0.15507321963719647,0.14071419566264273,0.4203847666016699,-0.048393531805556875,True,True,-0.048393531805556875,,
dirichlet_43,0.12035621176243033,0.3629201991223497,0.08161577824412855,0.15801908631926456,0.2770887245518269,MaxMin,c=0.5,OK,0.08685971742546737,0.44748038146173735,0.047365336874828634,0.12503692864359503,0.29325763559437146,0.10389797261435363,0.09430813463863964,0.4105579047643727,-0.028439621009770922,True,True,-0.028439621009770922,,
dirichlet_43,0.12035621176243033,0.3629201991223497,0.08161577824412855,0.15801908631926456,0.2770887245518269,MaxMin,c=0.75,OK,0.1056162769478226,0.41979322116701495,0.0654886917830663,0.14345136249395482,0.2656504476081414,0.06367842640522291,0.05777384354945617,0.4018575855587237,-0.01284815409549259,True,True,-0.01284815409549259,,
dirichlet_43,0.12035621176243033,0.3629201991223497,0.08161577824412855,0.15801908631926456,0.2770887245518269,MaxMin,c=0.9,OK,0.11502319068685544,0.38499430225343534,0.0757005246431868,0.15274425213566195,0.27153773028086053,0.02468470743311717,0.02239354069449463,0.39587877567312374,-0.004673948504589283,True,True,-0.004673948504589283,,
dirichlet_43,0.12035621176243033,0.3629201991223497,0.08161577824412855,0.15801908631926456,0.2770887245518269,MaxMin,c=1.0,OK,0.12035621176243033,0.3629201991223497,0.08161577824412855,0.15801908631926456,0.2770887245518269,0.0,0.0,0.392308047940788,0.0,False,True,0.0,,
dirichlet_43,0.12035621176243033,0.3629201991223497,0.08161577824412855,0.15801908631926456,0.2770887245518269,Fair,"alpha=0.0,eps=0.02",OK,0.22457516506031192,0.3385557900703142,0.05545886251030728,0.13126421162823565,0.25014597073083095,0.11653812337110381,0.10400300251814022,0.3847995181736734,-0.020000000000000025,True,True,,,0.10378749920728812
dirichlet_43,0.12035621176243033,0.3629201991223497,0.08161577824412855,0.15801908631926456,0.2770887245518269,Fair,"alpha=0.0,eps=0.05",OK,0.3809035950071342,0.302009176492261,0.016223488909575378,0.09113189959169227,0.20973183999933695,0.29134530842775946,0.2600075062953506,0.37353672352300143,-0.0500000000000001,True,True,,,0.25946874801822034
dirichlet_43,0.12035621176243033,0.3629201991223497,0.08161577824412855,0.15801908631926456,0.2770887245518269,Fair,"alpha=0.0,eps=0.1",OK,0.5902082164804691,0.24049022879827409,0.0,0.024808247129455924,0.14449330759180098,0.5270083599962764,0.47040229277154,0.35303184397014314,-0.1,True,True,,,0.5172232211878598
dirichlet_43,0.12035621176243033,0.3629201991223497,0.08161577824412855,0.15801908631926456,0.2770887245518269,Fair,"alpha=1.0,eps=0.02",OK,0.12128195267180386,0.3622396383704792,0.08145151115650955,0.15858501088812965,0.2764418869130777,0.001444234189076317,0.0013015246563264427,0.3921244262650318,-0.0005581074309013726,True,True,,,-19.558411038797665
dirichlet_43,0.12035621176243033,0.3629201991223497,0.08161577824412855,0.15801908631926456,0.2770887245518269,Fair,"alpha=1.0,eps=0.05",OK,0.12267056538316715,0.36121879639957044,0.08120511073118726,0.15943389703549216,0.27547163045058304,0.0036105864354857684,0.003253812511749661,0.3918489935656036,-0.0013952692623803377,True,True,,,-14.976957379426887
dirichlet_43,0.12035621176243033,0.3629201991223497,0.08161577824412855,0.15801908631926456,0.2770887245518269,Fair,"alpha=1.0,eps=0.1",OK,0.12498491831268951,0.3595173939845134,0.08079444335506482,0.16084870939861814,0.2738545349491142,0.007221173539806132,0.006507625622948237,0.39138993911999576,-0.0027905382720645635,True,True,,,-11.51122147662716
dirichlet_43,0.12035621176243033,0.3629201991223497,0.08161577824412855,0.15801908631926456,0.2770887245518269,Fair,"alpha=2.0,eps=0.02",OK,0.1208168467123486,0.362579533733632,0.0815356737429257,0.15830245087579728,0.27676549493529645,0.0007207128777611504,0.0006495382281692716,0.39221612025041236,-0.00027935005472873417,True,True,,,-249.9574523398237
dirichlet_43,0.12035621176243033,0.3629201991223497,0.08161577824412855,0.15801908631926456,0.2770887245518269,Fair,"alpha=2.0,eps=0.05",OK,0.12150779897981047,0.3620685358576555,0.08141551702602688,0.15872749770075503,0.2762806504357522,0.001801782021675661,0.0016238454124306982,0.39207822874323667,-0.0006983749666582805,True,True,,,-99.98298093592948
dirichlet_43,0.12035621176243033,0.3629201991223497,0.08161577824412855,0.15801908631926456,0.2770887245518269,Fair,"alpha=2.0,eps=0.1",OK,0.12265938650523475,0.3612168721887116,0.08121525572145827,0.1594359091009831,0.27547257648361234,0.00360356437476918,0.003247691128041813,0.3918484094931175,-0.0013967502657277401,True,True,,,-49.99149046796474
dirichlet_44,0.3034816053780615,0.09723936930500421,0.04376610324855616,0.5026870718166359,0.052825850251742267,Avg,rho=0.5,OK,0.30167636644195844,0.0,6.320898665590491e-17,0.6983236335580416,5.4969050145015075e-17,0.22899445488664796,0.2062181700442517,0.5536221322702825,-0.08053813511252021,True,True,,,
dirichlet_44,0.3034816053780615,0.09723936930500421,0.04376610324855616,0.5026870718166359,0.052825850251742267,Cert,,FLOOR_COLLAPSED,0.3034816053780615,0.09723936930500421,0.04376610324855616,0.5026870718166359,0.052825850251742267,0.0,0.0,0.4844988266759948,0.0,False,True,0.0,-0.0,
dirichlet_44,0.3034816053780615,0.09723936930500421,0.04376610324855616,0.5026870718166359,0.052825850251742267,MaxMin,c=0.0,INFEASIBLE_BALL_MISSES_SIMPLEX,,,,,,,,,,False,False,,,
dirichlet_44,0.3034816053780615,0.09723936930500421,0.04376610324855616,0.5026870718166359,0.052825850251742267,MaxMin,c=0.25,INFEASIBLE_BALL_MISSES_SIMPLEX,,,,,,,,,,False,False,,,
dirichlet_44,0.3034816053780615,0.09723936930500421,0.04376610324855616,0.5026870718166359,0.052825850251742267,MaxMin,c=0.5,OK,0.3054274168755045,0.03225414541525788,3.608224830031759e-16,0.6623184377092368,3.95516952522712e-16,0.18551302038267878,0.16675094820439865,0.5420163613875542,-0.05401108661254328,True,True,-0.05401108661254328,,
dirichlet_44,0.3034816053780615,0.09723936930500421,0.04376610324855616,0.5026870718166359,0.052825850251742267,MaxMin,c=0.75,OK,0.279026256673487,0.07521201523749102,0.019603425398005934,0.5973464671589859,0.028811835532030147,0.10584978714161528,0.09476323018122819,0.5136570021646043,-0.0185303288940772,True,True,-0.0185303288940772,,
dirichlet_44,0.3034816053780615,0.09723936930500421,0.04376610324855616,0.5026870718166359,0.052825850251742267,MaxMin,c=0.9,OK,0.294221746705668,0.08889885500459732,0.03461706249082557,0.5385292359776571,0.04373309982125206,0.040079333207419826,0.03588148054717864,0.49553938011201537,-0.007016388471288764,True,True,-0.007016388471288764,,
dirichlet_44,0.3034816053780615,0.09723936930500421,0.04376610324855616,0.5026870718166359,0.052825850251742267,MaxMin,c=1.0,OK,0.3034816053780615,0.09723936930500421,0.04376610324855616,0.5026870718166359,0.052825850251742267,0.0,0.0,0.4844988266759948,0.0,False,True,0.0,,
dirichlet_44,0.3034816053780615,0.09723936930500421,0.04376610324855616,0.5026870718166359,0.052825850251742267,Fair,"alpha=0.0,eps=0.02",OK,0.4077005586759432,0.07287496025296877,0.017609187514734902,0.47593219712560697,0.025883096430746308,0.11653812337110386,0.10400300251814026,0.49599642355359697,-0.019999999999999976,True,True,,,0.1037874992072881
dirichlet_44,0.3034816053780615,0.09723936930500421,0.04376610324855616,0.5026870718166359,0.052825850251742267,Fair,"alpha=0.0,eps=0.05",OK,0.5275981054203748,0.03612848878193401,0.0,0.43627340579769125,0.0,0.25115645042877127,0.2242472500864581,0.5056886000299639,-0.049999999999999996,True,True,,,0.2580306192374805
dirichlet_44,0.3034816053780615,0.09723936930500421,0.04376610324855616,0.5026870718166359,0.052825850251742267,Fair,"alpha=0.0,eps=0.1",OK,0.6279167512002237,0.0,0.0,0.3720832487997763,0.0,0.3694280168347883,0.3298985055643873,0.50222048643819,-0.10000000000000002,True,True,,,0.5106136549403635
dirichlet_44,0.3034816053780615,0.09723936930500421,0.04376610324855616,0.5026870718166359,0.052825850251742267,Fair,"alpha=1.0,eps=0.02",OK,0.3044073462874351,0.09655880855313372,0.043601836160937144,0.5032529963855009,0.05217901261299296,0.0014442341890763708,0.0013015246563264896,0.4848836407360269,-0.0005581074309013699,True,True,,,-19.558411038797665
dirichlet_44,0.3034816053780615,0.09723936930500421,0.04376610324855616,0.5026870718166359,0.052825850251742267,Fair,"alpha=1.0,eps=0.05",OK,0.3057959586321044,0.09553796671166546,0.04335543587720977,0.5041018833816798,0.05120875539734057,0.0036105867932680804,0.003253812833399353,0.4854608620639835,-0.001395269155141223,True,True,,,-14.976957379426887
dirichlet_44,0.3034816053780615,0.09723936930500421,0.04376610324855616,0.5026870718166359,0.052825850251742267,Fair,"alpha=1.0,eps=0.1",OK,0.3081103126818176,0.09383656446011526,0.04294476824560562,0.5055166929536147,0.04959166165884687,0.00722117268430609,0.006507624842223729,0.48642289689726687,-0.0027905380303427396,True,True,,,-11.511221476627162
dirichlet_44,0.3034816053780615,0.09723936930500421,0.04376610324855616,0.5026870718166359,0.052825850251742267,Fair,"alpha=2.0,eps=0.02",OK,0.30394224032732925,0.09689870391704326,0.04368599874717224,0.5029704363732797,0.052502620635175655,0.0007207128770676784,0.0006495382275357076,0.4846908943508206,-0.0002793500541116281,True,True,,,-249.9574523398237
dirichlet_44,0.3034816053780615,0.09723936930500421,0.04376610324855616,0.5026870718166359,0.052825850251742267,Fair,"alpha=2.0,eps=0.05",OK,0.3046331927509555,0.09638770583288825,0.043565841994546654,0.5033954832075979,0.052017776214011685,0.001801782191692967,0.0016238455680136733,0.4849789958627107,-0.0006983751371084776,True,True,,,-99.98298093592948
dirichlet_44,0.3034816053780615,0.09723936930500421,0.04376610324855616,0.5026870718166359,0.052825850251742267,Fair,"alpha=2.0,eps=0.1",OK,0.3057847801146476,0.09553604235935981,0.043365580727416725,0.5041038946102315,0.051209702188344294,0.003603564378809381,0.0032476911319920484,0.4854591650518077,-0.0013967502756000122,True,True,,,-49.99149046796474
dirichlet_45,0.16643297853635433,0.04475254084632108,0.47674820015648056,0.17237927164822994,0.13968700881261398,Avg,rho=0.5,OK,0.11208237779506791,0.0,0.721267424606132,0.12165331283728355,0.04499688476151661,0.27619878951346155,0.2502028282369958,0.505767101222768,-0.08309827235093095,True,True,,,
dirichlet_45,0.16643297853635433,0.04475254084632108,0.47674820015648056,0.17237927164822994,0.13968700881261398,Cert,,FLOOR_COLLAPSED,0.16643297853635436,0.04475254084632109,0.4767482001564806,0.17237927164822997,0.139687008812614,7.376145397762941e-17,9.18337809093478e-17,0.4378121896305877,3.251597949061602e-17,False,True,3.251597949061602e-17,-0.0,
dirichlet_45,0.16643297853635433,0.04475254084632108,0.47674820015648056,0.17237927164822994,0.13968700881261398,MaxMin,c=0.0,INFEASIBLE_BALL_MISSES_SIMPLEX,,,,,,,,,,False,False,,,
dirichlet_45,0.16643297853635433,0.04475254084632108,0.47674820015648056,0.17237927164822994,0.13968700881261398,MaxMin,c=0.25,INFEASIBLE_BALL_MISSES_SIMPLEX,,,,,,,,,,False,False,,,
dirichlet_45,0.16643297853635433,0.04475254084632108,0.47674820015648056,0.17237927164822994,0.13968700881261398,MaxMin,c=0.5,OK,0.1313628833772561,0.008519368324770495,0.6137110940753691,0.13693675628891352,0.10946989793369076,0.1532019398080386,0.13805406252828906,0.47617235292027316,-0.027981219693826193,True,True,-0.027981219693826193,,
dirichlet_45,0.16643297853635433,0.04475254084632108,0.47674820015648056,0.17237927164822994,0.13968700881261398,MaxMin,c=0.75,OK,0.14983163114646314,0.02760062034712409,0.5415831705538282,0.15560162940967096,0.12538294854291365,0.07252214777348961,0.06535150361641713,0.4559709768769865,-0.013245642660013279,True,True,-0.013245642660013279,,
dirichlet_45,0.16643297853635433,0.04475254084632108,0.47674820015648056,0.17237927164822994,0.13968700881261398,MaxMin,c=0.9,OK,0.1598947743266964,0.03799750125960272,0.5022825297762032,0.16577163622346455,0.13405355841403316,0.028561814937672517,0.02573775887085711,0.4449637693444721,-0.005216607698485081,True,True,-0.005216607698485081,,
dirichlet_45,0.16643297853635433,0.04475254084632108,0.47674820015648056,0.17237927164822994,0.13968700881261398,MaxMin,c=1.0,OK,0.16643297853635436,0.04475254084632109,0.4767482001564806,0.17237927164822997,0.139687008812614,7.376145397762941e-17,9.18337809093478e-17,0.4378121896305877,3.251597949061602e-17,False,True,3.251597949061602e-17,,
dirichlet_45,0.16643297853635433,0.04475254084632108,0.47674820015648056,0.17237927164822994,0.13968700881261398,Fair,"alpha=0.0,eps=0.02",OK,0.27065193183423597,0.020388131794285638,0.4505912844226594,0.14562439695720106,0.11274425499161804,0.11653812337110381,0.10400300251814022,0.43508585225849616,-0.019999999999999962,True,True,,,0.10378749920728811
dirichlet_45,0.16643297853635433,0.04475254084632108,0.47674820015648056,0.17237927164822994,0.13968700881261398,Fair,"alpha=0.0,eps=0.05",OK,0.4097041939866154,0.0,0.4114708673158791,0.10606102492789853,0.07276391376960707,0.272619909140594,0.2430968927803189,0.4292388961072579,-0.049999999999999954,True,True,,,0.2585741947890038
dirichlet_45,0.16643297853635433,0.04475254084632108,0.47674820015648056,0.17237927164822994,0.13968700881261398,Fair,"alpha=0.0,eps=0.1",OK,0.6051273247445756,0.0,0.3465119180499206,0.04131851479308774,0.007042242412416023,0.4961739256803058,0.441928484460685,0.41579816775128886,-0.1,True,True,,,0.5146708344174764
dirichlet_45,0.16643297853635433,0.04475254084632108,0.47674820015648056,0.17237927164822994,0.13968700881261398,Fair,"alpha=1.0,eps=0.02",OK,0.167358719445728,0.04407198009445062,0.47658393306886165,0.17294519621709503,0.13904017117386475,0.0014442341890763752,0.0013015246563264976,0.43787437027019843,-0.000558107430901287,True,True,,,-19.558411038797665
dirichlet_45,0.16643297853635433,0.04475254084632108,0.47674820015648056,0.17237927164822994,0.13968700881261398,Fair,"alpha=1.0,eps=0.05",OK,0.16874733105255868,0.04305113853073239,0.4763375312372483,0.1737940844212223,0.13806991475823838,0.0036105864805173376,0.0032538125481716847,0.4379676409885297,-0.0013952689515497024,True,True,,,-14.976957379426889
dirichlet_45,0.16643297853635433,0.04475254084632108,0.47674820015648056,0.17237927164822994,0.13968700881261398,Fair,"alpha=1.0,eps=0.1",OK,0.17106168484897366,0.041349735639370847,0.47592686580200255,0.17520889426351097,0.13645281944614202,0.007221173071592012,0.006507625208506337,0.43812309329639926,-0.0027905383223152404,True,True,,,-11.51122147662716
dirichlet_45,0.16643297853635433,0.04475254084632108,0.47674820015648056,0.17237927164822994,0.13968700881261398,Fair,"alpha=2.0,eps=0.02",OK,0.1668936134856221,0.044411875458360145,0.4766680956550967,0.1726626362048737,0.1393637791960474,0.0007207128770676611,0.0006495382275356936,0.4378438097784923,-0.0002793500541116015,True,True,,,-249.9574523398237
dirichlet_45,0.16643297853635433,0.04475254084632108,0.47674820015648056,0.17237927164822994,0.13968700881261398,Fair,"alpha=2.0,eps=0.05",OK,0.1675845659024168,0.04390087737593293,0.4765479389094755,0.17308768304906783,0.13887893476310703,0.0018017821948959189,0.0016238455709313272,0.4378912400023256,-0.0006983751356118326,True,True,,,-99.98298093592948
dirichlet_45,0.16643297853635433,0.04475254084632108,0.47674820015648056,0.17237927164822994,0.13968700881261398,Fair,"alpha=2.0,eps=0.1",OK,0.16873615328415792,0.043049213904227744,0.47634767762739044,0.17379609435544946,0.13807086082877437,0.00360356431554254,0.0032476910750528954,0.43797029036078344,-0.001396750272773447,True,True,,,-49.99149046796474
dirichlet_46,0.09770837993883308,0.2553375793815574,0.13214303520996767,0.2048825099152697,0.3099284955543722,Avg,rho=0.5,OK,0.0027152925374194633,0.3049341450986574,0.06320496697409621,0.214435806537907,0.4147097888519199,0.16524632564309474,0.1493378604561778,0.3952026945363997,-0.0767631036538987,True,True,,,
dirichlet_46,0.09770837993883308,0.2553375793815574,0.13214303520996767,0.2048825099152697,0.3099284955543722,Cert,,FLOOR_COLLAPSED,0.09770837993883308,0.2553375793815574,0.13214303520996767,0.2048825099152697,0.3099284955543722,0.0,0.0,0.37290089788903974,0.0,False,True,0.0,-0.0,
dirichlet_46,0.09770837993883308,0.2553375793815574,0.13214303520996767,0.2048825099152697,0.3099284955543722,MaxMin,c=0.0,OK_EXACT_D0,0.02208125409046308,0.2958903778536036,0.07423217955034973,0.21148673703059667,0.3963094514749869,0.13499238568444777,0.1220531083437313,0.39112384208181844,-0.06113292981531667,True,True,-0.06113292981531667,,
dirichlet_46,0.09770837993883308,0.2553375793815574,0.13214303520996767,0.2048825099152697,0.3099284955543722,MaxMin,c=0.25,OK,0.047266330546148955,0.2838597305512702,0.08449545226198008,0.20006493342655526,0.38431355321404553,0.10575703977194537,0.09585954368001375,0.38702528647109086,-0.04084547713330306,True,True,-0.04084547713330306,,
dirichlet_46,0.09770837993883308,0.2553375793815574,0.13214303520996767,0.2048825099152697,0.3099284955543722,MaxMin,c=0.5,OK,0.06654186364597253,0.27095445377803345,0.10324536661577081,0.1878127627561189,0.37144555320410433,0.07826901305041663,0.07099326491756341,0.38276589837216396,-0.025299742876558694,True,True,-0.025299742876558694,,
dirichlet_46,0.09770837993883308,0.2553375793815574,0.13214303520996767,0.2048825099152697,0.3099284955543722,MaxMin,c=0.75,OK,0.08427081415863177,0.2514984239442472,0.12042982951785813,0.19175521199201476,0.3520457203872482,0.04773565810317957,0.04324881039029003,0.3779912061196814,-0.010768525081238807,True,True,-0.010768525081238807,,
dirichlet_46,0.09770837993883308,0.2553375793815574,0.13214303520996767,0.2048825099152697,0.3099284955543722,MaxMin,c=0.9,OK,0.0929669884483109,0.25087467898463583,0.12817691055277008,0.20025915038644324,0.32772227162783996,0.019902822370236186,0.018027624385076237,0.37481468394244305,-0.0037469171992453006,True,True,-0.0037469171992453006,,
dirichlet_46,0.09770837993883308,0.2553375793815574,0.13214303520996767,0.2048825099152697,0.3099284955543722,MaxMin,c=1.0,OK,0.09770837993883308,0.2553375793815574,0.13214303520996767,0.2048825099152697,0.3099284955543722,0.0,0.0,0.37290089788903974,0.0,False,True,0.0,,
dirichlet_46,0.09770837993883308,0.2553375793815574,0.13214303520996767,0.2048825099152697,0.3099284955543722,Fair,"alpha=0.0,eps=0.02",OK,0.20192733323671466,0.23097317032952194,0.1059861194761464,0.1781276352242408,0.2829857417333762,0.1165381233711038,0.10400300251814022,0.3630418062944868,-0.02000000000000002,True,True,,,0.10378749920728811
dirichlet_46,0.09770837993883308,0.2553375793815574,0.13214303520996767,0.2048825099152697,0.3099284955543722,Fair,"alpha=0.0,eps=0.05",OK,0.358255763183537,0.19442655675146875,0.06675074587541452,0.13799532318769747,0.2425716110018823,0.29134530842775946,0.2600075062953506,0.3482531689026574,-0.05,True,True,,,0.2594687480182203
dirichlet_46,0.09770837993883308,0.2553375793815574,0.13214303520996767,0.2048825099152697,0.3099284955543722,Fair,"alpha=0.0,eps=0.1",OK,0.618803146428241,0.13351553412138015,0.0013584565408613636,0.0711081364601252,0.17521472644939237,0.5826906168555189,0.5200150125907012,0.323605439916275,-0.1,True,True,,,0.5189374960364406
dirichlet_46,0.09770837993883308,0.2553375793815574,0.13214303520996767,0.2048825099152697,0.3099284955543722,Fair,"alpha=1.0,eps=0.02",OK,0.0986341208482067,0.2546570186296869,0.13197876812234868,0.20544843448413477,0.30928165791562295,0.0014442341890763407,0.0013015246563264642,0.3727606640101881,-0.0005581074309013018,True,True,,,-19.558411038797665
dirichlet_46,0.09770837993883308,0.2553375793815574,0.13214303520996767,0.2048825099152697,0.3099284955543722,Fair,"alpha=1.0,eps=0.05",OK,0.10002273253312191,0.25363617706351455,0.13173236778482486,0.20629732190079483,0.3083114007177439,0.0036105864035696294,0.003253812483466076,0.3725503130726677,-0.0013952689320612514,True,True,,,-14.976957379426887
dirichlet_46,0.09770837993883308,0.2553375793815574,0.13214303520996767,0.2048825099152697,0.3099284955543722,Fair,"alpha=1.0,eps=0.1",OK,0.10233708647622602,0.25193477411696646,0.1313217004076351,0.20771213289536036,0.30669430610381204,0.007221173474382548,0.0065076255675131,0.3721997281387162,-0.002790538375129654,True,True,,,-11.51122147662716
dirichlet_46,0.09770837993883308,0.2553375793815574,0.13214303520996767,0.2048825099152697,0.3099284955543722,Fair,"alpha=2.0,eps=0.02",OK,0.09816901494882382,0.2549969139894929,0.13206293076350586,0.20516587447333792,0.3096052658248395,0.0007207129629370663,0.0006495383042778918,0.3728308358800939,-0.00027935005645526184,True,True,,,-249.95745233982367
dirichlet_46,0.09770837993883308,0.2553375793815574,0.13214303520996767,0.2048825099152697,0.3099284955543722,Fair,"alpha=2.0,eps=0.05",OK,0.09885996732244036,0.25448591589951713,0.1319427739661459,0.20559092129106005,0.3091204215208366,0.0018017821942524256,0.001623845570469184,0.3727257429096317,-0.0006983751450844719,True,True,,,-99.98298093592948
dirichlet_46,0.09770837993883308,0.2553375793815574,0.13214303520996767,0.2048825099152697,0.3099284955543722,Fair,"alpha=2.0,eps=0.1",OK,0.10001155470704993,0.2536342524304498,0.13174251271416637,0.20629933267728878,0.30831234747104513,0.0036035643953147545,0.003247691146720283,0.37255058792981105,-0.0013967502796114577,True,True,,,-49.99149046796474
dirichlet_47,0.018954343538994615,0.21654385651509303,0.11798406923523519,0.1440154527277217,0.5025022779829555,Avg,rho=0.5,OK,7.841824458839175e-18,0.189784581732513,0.0,0.05158921709786712,0.7586262011696199,0.2985592731442491,0.2718649713239876,0.5326484579959987,-0.10301581802082338,True,True,,,
dirichlet_47,0.018954343538994615,0.21654385651509303,0.11798406923523519,0.1440154527277217,0.5025022779829555,Cert,,FLOOR_COLLAPSED,0.018954343538994615,0.21654385651509303,0.11798406923523519,0.1440154527277217,0.5025022779829555,0.0,0.0,0.45528803527152645,0.0,False,True,0.0,-0.0,
dirichlet_47,0.018954343538994615,0.21654385651509303,0.11798406923523519,0.1440154527277217,0.5025022779829555,MaxMin,c=0.0,INFEASIBLE_BALL_MISSES_SIMPLEX,,,,,,,,,,False,False,,,
dirichlet_47,0.018954343538994615,0.21654385651509303,0.11798406923523519,0.1440154527277217,0.5025022779829555,MaxMin,c=0.25,INFEASIBLE_BALL_MISSES_SIMPLEX,,,,,,,,,,False,False,,,
dirichlet_47,0.018954343538994615,0.21654385651509303,0.11798406923523519,0.1440154527277217,0.5025022779829555,MaxMin,c=0.5,OK,1.3877787807814457e-17,0.16871075597007884,0.06343563171506586,0.08235171349636956,0.6855018988184858,0.20715714480696898,0.18813988387000316,0.5086462034863977,-0.049573076485923295,True,True,-0.049573076485923295,,
dirichlet_47,0.018954343538994615,0.21654385651509303,0.11798406923523519,0.1440154527277217,0.5025022779829555,MaxMin,c=0.75,OK,3.8163916471489756e-17,0.198496281193189,0.10193781403005193,0.12531644062746894,0.5742494641492902,0.08024821615722048,0.0726902948458666,0.4771703387949229,-0.015151434028875737,True,True,-0.015151434028875737,,
dirichlet_47,0.018954343538994615,0.21654385651509303,0.11798406923523519,0.1440154527277217,0.5025022779829555,MaxMin,c=0.9,OK,0.011445748847720504,0.20947628778658817,0.11170320788778032,0.13669377661567836,0.5306809788622328,0.03151864314289825,0.02854902933551559,0.463888805532796,-0.005933718539618015,True,True,-0.005933718539618015,,
dirichlet_47,0.018954343538994615,0.21654385651509303,0.11798406923523519,0.1440154527277217,0.5025022779829555,MaxMin,c=1.0,OK,0.018954343538994615,0.21654385651509303,0.11798406923523519,0.1440154527277217,0.5025022779829555,0.0,0.0,0.45528803527152645,0.0,False,True,0.0,,
dirichlet_47,0.018954343538994615,0.21654385651509303,0.11798406923523519,0.1440154527277217,0.5025022779829555,Fair,"alpha=0.0,eps=0.02",OK,0.1231732968368762,0.1921794474630576,0.09182715350141392,0.11726057803669279,0.47555952416195957,0.1165381233711038,0.10400300251814022,0.4372552591865545,-0.02000000000000002,True,True,,,0.10378749920728811
dirichlet_47,0.018954343538994615,0.21654385651509303,0.11798406923523519,0.1440154527277217,0.5025022779829555,Fair,"alpha=0.0,eps=0.05",OK,0.27950172678369856,0.15563283388500443,0.052591779900682034,0.07712826600014942,0.43514539343046565,0.29134530842775946,0.2600075062953506,0.41020609505909666,-0.05,True,True,,,0.2594687480182203
dirichlet_47,0.018954343538994615,0.21654385651509303,0.11798406923523519,0.1440154527277217,0.5025022779829555,Fair,"alpha=0.0,eps=0.1",OK,0.5267086695498341,0.09456354523157869,0.0,0.010387788682149762,0.36833999653643745,0.567864211654565,0.5067979324577385,0.366132046454556,-0.10000000000000003,True,True,,,0.5184912050718076
dirichlet_47,0.018954343538994615,0.21654385651509303,0.11798406923523519,0.1440154527277217,0.5025022779829555,Fair,"alpha=1.0,eps=0.02",OK,0.01988008504039946,0.2158632955674717,0.11781980229516692,0.14458137712328617,0.5018554399736759,0.0014442347420671746,0.0013015251518182418,0.4549855776239287,-0.0005581075874297478,True,True,,,-19.55841103879766
dirichlet_47,0.018954343538994615,0.21654385651509303,0.11798406923523519,0.1440154527277217,0.5025022779829555,Fair,"alpha=1.0,eps=0.05",OK,0.021268697159731193,0.2148424537923138,0.11757340172229394,0.1454302634439493,0.5008851838817119,0.003610586435485513,0.003253812511749435,0.4545318914155139,-0.001395269262380333,True,True,,,-14.976957379426887
dirichlet_47,0.018954343538994615,0.21654385651509303,0.11798406923523519,0.1440154527277217,0.5025022779829555,Fair,"alpha=1.0,eps=0.1",OK,0.02358304990206169,0.21314105119332222,0.11716273451830252,0.14684507612071823,0.4992680882655954,0.007221173661163379,0.006507625738103479,0.45377574720723496,-0.0027905384215049706,True,True,,,-11.51122147662716
dirichlet_47,0.018954343538994615,0.21654385651509303,0.11798406923523519,0.1440154527277217,0.5025022779829555,Fair,"alpha=2.0,eps=0.02",OK,0.019414978504594508,0.2162031911106232,0.1179039647394833,0.14429881727637917,0.5021790483689199,0.0007207128904084831,0.0006495382397409333,0.4551369884576736,-0.000279350067542872,True,True,,,-249.95745233982367
dirichlet_47,0.018954343538994615,0.21654385651509303,0.11798406923523519,0.1440154527277217,0.5025022779829555,Fair,"alpha=2.0,eps=0.05",OK,0.020105930756374794,0.21569219325039884,0.11778380801713356,0.14472386410921212,0.5016942038668808,0.0018017820216756743,0.0016238454124307103,0.45491041824446116,-0.0006983749666583026,True,True,,,-99.98298093592948
dirichlet_47,0.018954343538994615,0.21654385651509303,0.11798406923523519,0.1440154527277217,0.5025022779829555,Fair,"alpha=2.0,eps=0.1",OK,0.021257518035323986,0.2148405300749687,0.1175835465687805,0.14543227519796553,0.5008861301229613,0.003603563784098223,0.003247690589074545,0.4545328013297641,-0.0013967498630524985,True,True,,,-49.99149046796474
dirichlet_48,0.22785181878188707,0.48678184254622847,0.09940534936128674,0.08408678409004172,0.10187420522055587,Avg,rho=0.5,OK,0.2471079395798688,0.7528920604201312,5.421010862427522e-18,2.710505431213761e-19,0.0,0.313872284017954,0.28341834420196077,0.529211176237334,-0.08325039947268742,True,True,,,
dirichlet_48,0.22785181878188707,0.48678184254622847,0.09940534936128674,0.08408678409004172,0.10187420522055587,Cert,,FLOOR_COLLAPSED,0.22785181878188707,0.48678184254622847,0.09940534936128674,0.08408678409004172,0.10187420522055587,0.0,0.0,0.4432254916745763,0.0,False,True,0.0,-0.0,
dirichlet_48,0.22785181878188707,0.48678184254622847,0.09940534936128674,0.08408678409004172,0.10187420522055587,MaxMin,c=0.0,INFEASIBLE_BALL_MISSES_SIMPLEX,,,,,,,,,,False,False,,,
dirichlet_48,0.22785181878188707,0.48678184254622847,0.09940534936128674,0.08408678409004172,0.10187420522055587,MaxMin,c=0.25,OK,0.2157723412906839,0.6792071453912855,0.03640279443839715,0.02670503054216929,0.04191268833746424,0.2191592617833756,0.1983850454369026,0.5026238955235529,-0.049547852487900335,True,True,-0.049547852487900335,,
dirichlet_48,0.22785181878188707,0.48678184254622847,0.09940534936128674,0.08408678409004172,0.10187420522055587,MaxMin,c=0.5,OK,0.19410939121715964,0.6264463620374994,0.06197909258707072,0.05071250939022252,0.06675264476804782,0.156182010293043,0.14168562510702518,0.483621130521295,-0.02957242557688006,True,True,-0.02957242557688006,,
dirichlet_48,0.22785181878188707,0.48678184254622847,0.09940534936128674,0.08408678409004172,0.10187420522055587,MaxMin,c=0.75,OK,0.21181888143821004,0.5531443615393511,0.08162201623511238,0.06822877701196713,0.08518596377535947,0.07421091385420853,0.06732286067690278,0.4624197463068149,-0.014051533354117667,True,True,-0.014051533354117667,,
dirichlet_48,0.22785181878188707,0.48678184254622847,0.09940534936128674,0.08408678409004172,0.10187420522055587,MaxMin,c=0.9,OK,0.22153174971016856,0.5129414722397332,0.09239528680858014,0.07783567127615976,0.09529581996535841,0.029253410736923044,0.026538189507208113,0.45079172937984235,-0.005539013810005444,True,True,-0.005539013810005444,,
dirichlet_48,0.22785181878188707,0.48678184254622847,0.09940534936128674,0.08408678409004172,0.10187420522055587,MaxMin,c=1.0,OK,0.22785181878188707,0.48678184254622847,0.09940534936128674,0.08408678409004172,0.10187420522055587,0.0,0.0,0.4432254916745763,0.0,False,True,0.0,,
dirichlet_48,0.22785181878188707,0.48678184254622847,0.09940534936128674,0.08408678409004172,0.10187420522055587,Fair,"alpha=0.0,eps=0.02",OK,0.3320707720797687,0.46241743349419306,0.07324843362746548,0.057331909399012816,0.07493145139955994,0.11653812337110382,0.10400300251814026,0.44687366213578067,-0.01999999999999997,True,True,,,0.1037874992072881
dirichlet_48,0.22785181878188707,0.48678184254622847,0.09940534936128674,0.08408678409004172,0.10187420522055587,Fair,"alpha=0.0,eps=0.05",OK,0.4883992020265911,0.4258708199161399,0.03401306002673359,0.017199597362469444,0.034517320668065975,0.2913453084277596,0.26000750629535063,0.45234591782758704,-0.049999999999999975,True,True,,,0.25946874801822034
dirichlet_48,0.22785181878188707,0.48678184254622847,0.09940534936128674,0.08408678409004172,0.10187420522055587,Fair,"alpha=0.0,eps=0.1",OK,0.635049979510818,0.36495002048918207,0.0,0.0,0.0,0.4560522989705553,0.40751511416006875,0.4489311736109369,-0.09999999999999995,True,True,,,0.5157512574972498
dirichlet_48,0.22785181878188707,0.48678184254622847,0.09940534936128674,0.08408678409004172,0.10187420522055587,Fair,"alpha=1.0,eps=0.02",OK,0.2287775601389895,0.4861012814812111,0.09924108233923354,0.08465270870129431,0.10122736733927151,0.0014442347414071832,0.0013015251548549563,0.44310481932395823,-0.0005581076856548171,True,True,,,-19.55841103879766
dirichlet_48,0.22785181878188707,0.48678184254622847,0.09940534936128674,0.08408678409004172,0.10187420522055587,Fair,"alpha=1.0,eps=0.05",OK,0.23016617210208315,0.48508043990813987,0.09899468195293222,0.0855015956395164,0.10025711039732836,0.0036105868409052645,0.0032538128764079133,0.4429238107984408,-0.0013952691922086233,True,True,,,-14.976957379426889
dirichlet_48,0.22785181878188707,0.48678184254622847,0.09940534936128674,0.08408678409004172,0.10187420522055587,Fair,"alpha=1.0,eps=0.1",OK,0.23248052534480135,0.48337903740033095,0.09858401453739946,0.08691640745987228,0.09864001525759607,0.00722117381947309,0.006507625874011955,0.44262212995233763,-0.002790538277626339,True,True,,,-11.511221476627162
dirichlet_48,0.22785181878188707,0.48678184254622847,0.09940534936128674,0.08408678409004172,0.10187420522055587,Fair,"alpha=2.0,eps=0.02",OK,0.22831245373115486,0.4864411771582676,0.09932524485990285,0.08437014864668547,0.10155097560398926,0.0007207128770676478,0.0006495382275356798,0.44316480082288207,-0.0002793500541115216,True,True,,,-249.9574523398237
dirichlet_48,0.22785181878188707,0.48678184254622847,0.09940534936128674,0.08408678409004172,0.10187420522055587,Fair,"alpha=2.0,eps=0.05",OK,0.2290034059992673,0.4859301792815344,0.09920508814318514,0.08479519547153214,0.10106613110448112,0.0018017820216756414,0.0016238454124306808,0.44307376459337244,-0.0006983749666581485,True,True,,,-99.98298093592948
dirichlet_48,0.22785181878188707,0.48678184254622847,0.09940534936128674,0.08408678409004172,0.10187420522055587,Fair,"alpha=2.0,eps=0.1",OK,0.23015499352314941,0.4850785155522087,0.09900482684876483,0.08550360686026273,0.10025805721561434,0.003603564368299167,0.0032476911236309185,0.44292203739862224,-0.001396750315242813,True,True,,,-49.99149046796474
dirichlet_49,0.5176423031611196,0.049203818418021364,0.25612625044691884,0.12893197266004738,0.04809565531389295,Avg,rho=0.5,OK,0.7643878032408313,1.3200161450011016e-17,0.2356121967591687,1.3755815063409838e-18,1.940721888749053e-17,0.28750970346979343,0.25631841764742946,0.5630395726906265,-0.10026389768509436,True,True,,,
dirichlet_49,0.5176423031611196,0.049203818418021364,0.25612625044691884,0.12893197266004738,0.04809565531389295,Cert,,FLOOR_COLLAPSED,0.5176423031611195,0.04920381841802135,0.2561262504469188,0.12893197266004736,0.048095655313892934,1.2869730969111293e-16,1.5145101647125043e-16,0.48106376305648124,-1.3293616884964693e-16,False,True,0.0,-0.0,
dirichlet_49,0.5176423031611196,0.049203818418021364,0.25612625044691884,0.12893197266004738,0.04809565531389295,MaxMin,c=0.0,INFEASIBLE_BALL_MISSES_SIMPLEX,,,,,,,,,,False,False,,,
dirichlet_49,0.5176423031611196,0.049203818418021364,0.25612625044691884,0.12893197266004738,0.04809565531389295,MaxMin,c=0.25,INFEASIBLE_BALL_MISSES_SIMPLEX,,,,,,,,,,False,False,,,
dirichlet_49,0.5176423031611196,0.049203818418021364,0.25612625044691884,0.12893197266004738,0.04809565531389295,MaxMin,c=0.5,OK,0.6954029793870535,0.0019289379664118862,0.2251263179746802,0.07754176467185443,0.0,0.19937129603942783,0.1779728326927795,0.5405283777021811,-0.038621091907141775,True,True,-0.038621091907141775,,
dirichlet_49,0.5176423031611196,0.049203818418021364,0.25612625044691884,0.12893197266004738,0.04809565531389295,MaxMin,c=0.75,OK,0.6033365205942124,0.02917014027344926,0.23461868053430954,0.1069327299444254,0.025941928653603525,0.09582367666717832,0.0855166515250846,0.5087940392077034,-0.01644503513447499,True,True,-0.01644503513447499,,
dirichlet_49,0.5176423031611196,0.049203818418021364,0.25612625044691884,0.12893197266004738,0.04809565531389295,MaxMin,c=0.9,OK,0.5508355469735957,0.04144386934523064,0.24779539647208118,0.12041067158486488,0.03951451562422754,0.03711684122799671,0.033124464510279936,0.4918049524254544,-0.006369905427394769,True,True,-0.006369905427394769,,
dirichlet_49,0.5176423031611196,0.049203818418021364,0.25612625044691884,0.12893197266004738,0.04809565531389295,MaxMin,c=1.0,OK,0.5176423031611195,0.04920381841802135,0.2561262504469188,0.12893197266004736,0.048095655313892934,1.2869730969111293e-16,1.5145101647125043e-16,0.48106376305648124,-1.3293616884964693e-16,False,True,-1.3293616884964693e-16,,
dirichlet_49,0.5176423031611196,0.049203818418021364,0.25612625044691884,0.12893197266004738,0.04809565531389295,Fair,"alpha=0.0,eps=0.02",OK,0.621861256459001,0.02483940936598591,0.22996933471309752,0.10217709796901844,0.021152901492896982,0.11653812337110368,0.10400300251814013,0.5147885631854748,-0.020000000000000084,True,True,,,0.10378749920728812
dirichlet_49,0.5176423031611196,0.049203818418021364,0.25612625044691884,0.12893197266004738,0.04809565531389295,Fair,"alpha=0.0,eps=0.05",OK,0.7456314975262741,0.0,0.19159171561426638,0.06277678685945956,0.0,0.25544959453605665,0.22796303747613567,0.5529670851155728,-0.05,True,True,,,0.25784668676531436
dirichlet_49,0.5176423031611196,0.049203818418021364,0.25612625044691884,0.12893197266004738,0.04809565531389295,Fair,"alpha=0.0,eps=0.1",OK,0.8706806111642684,0.0,0.12931938883573169,0.0,0.0,0.40258376575614996,0.35914727890083625,0.5856095139552222,-0.10000000000000002,True,True,,,0.5105562952564981
dirichlet_49,0.5176423031611196,0.049203818418021364,0.25612625044691884,0.12893197266004738,0.04809565531389295,Fair,"alpha=1.0,eps=0.02",OK,0.5185680445159803,0.048523257364071454,0.2559619834918474,0.12949789727034303,0.04744881735775775,0.0014442347602853793,0.0013015251717769646,0.48143840380505815,-0.0005581076756033817,True,True,,,-19.55841103879766
dirichlet_49,0.5176423031611196,0.049203818418021364,0.25612625044691884,0.12893197266004738,0.04809565531389295,Fair,"alpha=1.0,eps=0.05",OK,0.5199566558696662,0.04750241573411953,0.25571558319666887,0.1303467849549065,0.04647856024463884,0.003610586854718198,0.0032538128957529,0.48200036474904856,-0.0013952692298513536,True,True,,,-14.976957379426887
dirichlet_49,0.5176423031611196,0.049203818418021364,0.25612625044691884,0.12893197266004738,0.04809565531389295,Fair,"alpha=1.0,eps=0.1",OK,0.5222710095986816,0.04580101325958951,0.2553049158236378,0.1317615954129509,0.044861465905140334,0.007221173232253547,0.006507625349496849,0.4829369666723697,-0.002790538285733396,True,True,,,-11.51122147662716
dirichlet_49,0.5176423031611196,0.049203818418021364,0.25612625044691884,0.12893197266004738,0.04809565531389295,Fair,"alpha=2.0,eps=0.02",OK,0.5181029381081271,0.04886315303107164,0.2560461459447231,0.12921533721972095,0.04777242569635706,0.0007207128768612829,0.0006495382273453654,0.48125060473456777,-0.00027935005329999553,True,True,,,-249.9574523398237
dirichlet_49,0.5176423031611196,0.049203818418021364,0.25612625044691884,0.12893197266004738,0.04809565531389295,Fair,"alpha=2.0,eps=0.05",OK,0.5187938905916627,0.04835215490834601,0.25592598925424986,0.12964038398887517,0.04728758125686631,0.0018017822236989882,0.0016238455972470596,0.48153086728168,-0.0006983751669007098,True,True,,,-99.98298093592948
dirichlet_49,0.5176423031611196,0.049203818418021364,0.25612625044691884,0.12893197266004738,0.04809565531389295,Fair,"alpha=2.0,eps=0.1",OK,0.51994547741574,0.04750049172466299,0.25572572792881815,0.13034879611846453,0.04647950681231444,0.0036035644090865035,0.003247691157798362,0.48199797131028965,-0.0013967500698457273,True,True,,,-49.99149046796474
dirichlet_50,0.08001190607093547,0.09146176790124796,0.7193300267616313,0.04051847530433317,0.06867782396185222,Avg,rho=0.5,OK,0.0,0.0,1.0,0.0,0.0,0.31607148609685687,0.28495885456218545,0.7718820257340403,-0.07151641189295288,True,True,,,
dirichlet_50,0.08001190607093547,0.09146176790124796,0.7193300267616313,0.04051847530433317,0.06867782396185222,Cert,,FLOOR_COLLAPSED,0.08001190607093546,0.09146176790124795,0.7193300267616312,0.04051847530433316,0.06867782396185221,1.138063217752167e-16,1.2363168788856992e-16,0.6249656002614732,-1.2006088198412213e-16,False,True,0.0,-0.0,
dirichlet_50,0.08001190607093547,0.09146176790124796,0.7193300267616313,0.04051847530433317,0.06867782396185222,MaxMin,c=0.0,INFEASIBLE_BALL_MISSES_SIMPLEX,,,,,,,,,,False,False,,,
dirichlet_50,0.08001190607093547,0.09146176790124796,0.7193300267616313,0.04051847530433317,0.06867782396185222,MaxMin,c=0.25,INFEASIBLE_BALL_MISSES_SIMPLEX,,,,,,,,,,False,False,,,
dirichlet_50,0.08001190607093547,0.09146176790124796,0.7193300267616313,0.04051847530433317,0.06867782396185222,MaxMin,c=0.5,OK,0.019565430271771028,0.029568755642915064,0.9347769928966991,1.804112415015879e-16,0.016088821188614457,0.24147311791051537,0.21773601243708587,0.7380685432574087,-0.0480589893396276,True,True,-0.0480589893396276,,
dirichlet_50,0.08001190607093547,0.09146176790124796,0.7193300267616313,0.04051847530433317,0.06867782396185222,MaxMin,c=0.75,OK,0.05271819148339843,0.06326287465850734,0.8259230120029443,0.012934920309883486,0.04516100154526632,0.11923121395616691,0.10744220006256602,0.6810910195601475,-0.02177671376909097,True,True,-0.02177671376909097,,
dirichlet_50,0.08001190607093547,0.09146176790124796,0.7193300267616313,0.04051847530433317,0.06867782396185222,MaxMin,c=0.9,OK,0.06910562045448738,0.08019378227083049,0.7619234794784879,0.029496372463709168,0.05928074533248508,0.04764355799322446,0.042932790162501955,0.6473927364158824,-0.00870174923943139,True,True,-0.00870174923943139,,
dirichlet_50,0.08001190607093547,0.09146176790124796,0.7193300267616313,0.04051847530433317,0.06867782396185222,MaxMin,c=1.0,OK,0.08001190607093546,0.09146176790124795,0.7193300267616312,0.04051847530433316,0.06867782396185221,1.138063217752167e-16,1.2363168788856992e-16,0.6249656002614732,-1.2006088198412213e-16,False,True,-1.2006088198412213e-16,,
dirichlet_50,0.08001190607093547,0.09146176790124796,0.7193300267616313,0.04051847530433317,0.06867782396185222,Fair,"alpha=0.0,eps=0.02",OK,0.18423085936881708,0.06709735884921252,0.69317311102781,0.013763600613304252,0.041735070140856256,0.11653812337110382,0.10400300251814025,0.613269835899384,-0.020000000000000018,True,True,,,0.10378749920728812
dirichlet_50,0.08001190607093547,0.09146176790124796,0.7193300267616313,0.04051847530433317,0.06867782396185222,Fair,"alpha=0.0,eps=0.05",OK,0.3138445022219557,0.03067142538216506,0.6539536614776574,0.0,0.0015304109182218695,0.2622932325156272,0.2342219468492902,0.5948762549060046,-0.05000000000000001,True,True,,,0.25918317011512687
dirichlet_50,0.08001190607093547,0.09146176790124796,0.7193300267616313,0.04051847530433317,0.06867782396185222,Fair,"alpha=0.0,eps=0.1",OK,0.40854969351035275,0.0,0.5914503064896472,0.0,0.0,0.3728457401730284,0.33338331063155763,0.5628451077825437,-0.10000000000000002,True,True,,,0.5129770883591024
dirichlet_50,0.08001190607093547,0.09146176790124796,0.7193300267616313,0.04051847530433317,0.06867782396185222,Fair,"alpha=1.0,eps=0.02",OK,0.08093764698030904,0.09078120714937749,0.7191657596740123,0.04108439987319831,0.06803098632310299,0.0014442341890763474,0.001301524656326472,0.6248827335395973,-0.0005581074309013194,True,True,,,-19.558411038797665
dirichlet_50,0.08001190607093547,0.09146176790124796,0.7193300267616313,0.04051847530433317,0.06867782396185222,Fair,"alpha=1.0,eps=0.05",OK,0.08232625926611667,0.08976036534183332,0.7189193594856049,0.041933286841821855,0.0670607290646233,0.0036105867370943893,0.0032538127831056793,0.6247584337043482,-0.001395269126122854,True,True,,,-14.976957379426889
dirichlet_50,0.08001190607093547,0.09146176790124796,0.7193300267616313,0.04051847530433317,0.06867782396185222,Fair,"alpha=1.0,eps=0.1",OK,0.08464061266329778,0.08805896261637337,0.7185086920249615,0.04334809841851159,0.06544363427685573,0.007221173669247931,0.006507625742434296,0.6245512670472664,-0.002790538390609695,True,True,,,-11.51122147662716
dirichlet_50,0.08001190607093547,0.09146176790124796,0.7193300267616313,0.04051847530433317,0.06867782396185222,Fair,"alpha=2.0,eps=0.02",OK,0.0804725410193345,0.09112110252709654,0.7192499222766564,0.040801839827047236,0.06835459434986539,0.0007207128527669807,0.0006495382054995969,0.6249251844528435,-0.00027935004253407786,True,True,,,-249.9574523398237
dirichlet_50,0.08001190607093547,0.09146176790124796,0.7193300267616313,0.04051847530433317,0.06867782396185222,Fair,"alpha=2.0,eps=0.05",OK,0.081163493512623,0.09061010441091573,0.7191297655410206,0.0412268866726022,0.06786974986283845,0.001801782259122206,0.0016238456283901887,0.624864560735867,-0.0006983751513398994,True,True,,,-99.98298093592948
dirichlet_50,0.08001190607093547,0.09146176790124796,0.7193300267616313,0.04051847530433317,0.06867782396185222,Fair,"alpha=2.0,eps=0.1",OK,0.08231508080308071,0.0897584410072301,0.7189295042501852,0.041935298055602636,0.06706167588390141,0.003603564340376176,0.0032476910964503104,0.6247635211701102,-0.0013967502330388963,True,True,,,-49.99149046796474
dirichlet_51,0.10094539985351338,0.2664998756585719,0.062473832878192984,0.1645981428523424,0.4054827487573795,Avg,rho=0.5,OK,1.494614132248272e-18,0.3038126232510732,0.0,0.11062273129930329,0.5855646454496236,0.22545072465524663,0.2040217118717649,0.45819568869542643,-0.08176706774052198,True,True,,,
dirichlet_51,0.10094539985351338,0.2664998756585719,0.062473832878192984,0.1645981428523424,0.4054827487573795,Cert,,FLOOR_COLLAPSED,0.10094539985351335,0.26649987565857186,0.06247383287819297,0.16459814285234237,0.4054827487573794,1.3092278833360675e-16,1.5579570559137058e-16,0.4104558852986288,-1.3402362400278256e-16,False,True,0.0,-0.0,
dirichlet_51,0.10094539985351338,0.2664998756585719,0.062473832878192984,0.1645981428523424,0.4054827487573795,MaxMin,c=0.0,INFEASIBLE_BALL_MISSES_SIMPLEX,,,,,,,,,,False,False,,,
dirichlet_51,0.10094539985351338,0.2664998756585719,0.062473832878192984,0.1645981428523424,0.4054827487573795,MaxMin,c=0.25,INFEASIBLE_BALL_MISSES_SIMPLEX,,,,,,,,,,False,False,,,
dirichlet_51,0.10094539985351338,0.2664998756585719,0.062473832878192984,0.1645981428523424,0.4054827487573795,MaxMin,c=0.5,OK,0.060107628070782154,0.2666040329056766,0.02624469003454636,0.12467089819322727,0.5223727507957676,0.13504718688924672,0.12237483245235234,0.438080109078682,-0.03292599479035668,True,True,-0.03292599479035668,,
dirichlet_51,0.10094539985351338,0.2664998756585719,0.062473832878192984,0.1645981428523424,0.4054827487573795,MaxMin,c=0.75,OK,0.0834803972218031,0.25006070008467,0.04786453986492357,0.1475679131192122,0.47102644970939106,0.07331241171911272,0.06640508550248105,0.4239340304007356,-0.013801838316121362,True,True,-0.013801838316121362,,
dirichlet_51,0.10094539985351338,0.2664998756585719,0.062473832878192984,0.1645981428523424,0.4054827487573795,MaxMin,c=0.9,OK,0.09436981534842412,0.2603105156876817,0.05697342484539105,0.15818625061775646,0.4301599935007466,0.027602169246494404,0.02500155656984841,0.41553041542952296,-0.0051964008301070225,True,True,-0.0051964008301070225,,
dirichlet_51,0.10094539985351338,0.2664998756585719,0.062473832878192984,0.1645981428523424,0.4054827487573795,MaxMin,c=1.0,OK,0.10094539985351335,0.26649987565857186,0.06247383287819297,0.16459814285234237,0.4054827487573794,1.3092278833360675e-16,1.5579570559137058e-16,0.4104558852986288,-1.3402362400278256e-16,False,True,-1.3402362400278256e-16,,
dirichlet_51,0.10094539985351338,0.2664998756585719,0.062473832878192984,0.1645981428523424,0.4054827487573795,Fair,"alpha=0.0,eps=0.02",OK,0.20516435315139497,0.24213546660653648,0.03631691714437171,0.13784326816131348,0.3785399949363835,0.11653812337110381,0.10400300251814024,0.40093275590590477,-0.020000000000000018,True,True,,,0.10378749920728811
dirichlet_51,0.10094539985351338,0.2664998756585719,0.062473832878192984,0.1645981428523424,0.4054827487573795,Fair,"alpha=0.0,eps=0.05",OK,0.3584512248816087,0.20555276911322845,0.0,0.09774440518598038,0.3382516008191826,0.28795178243447694,0.2569820621445563,0.3865477693846385,-0.05000000000000001,True,True,,,0.2593669957595405
dirichlet_51,0.10094539985351338,0.2664998756585719,0.062473832878192984,0.1645981428523424,0.4054827487573795,Fair,"alpha=0.0,eps=0.1",OK,0.5508480436404501,0.1438332335373578,0.0,0.03160669364206661,0.2737120291801256,0.5063721179836213,0.45203668612506537,0.3604927471382566,-0.1,True,True,,,0.5165558354633739
dirichlet_51,0.10094539985351338,0.2664998756585719,0.062473832878192984,0.1645981428523424,0.4054827487573795,Fair,"alpha=1.0,eps=0.02",OK,0.10187114106761468,0.2658193145578271,0.06230956605331536,0.16516406758923818,0.40483591073200464,0.001444234757921834,0.001301525172378177,0.4102521507699762,-0.0005581077127436278,True,True,,,-19.55841103879766
dirichlet_51,0.10094539985351338,0.2664998756585719,0.062473832878192984,0.1645981428523424,0.4054827487573795,Fair,"alpha=1.0,eps=0.05",OK,0.10325975357562112,0.26479847242535837,0.06206316594779294,0.16601295385280723,0.4038656541984203,0.0036105869911136922,0.003253813022412516,0.4099465489933185,-0.001395269673268423,True,True,,,-14.976957379426887
dirichlet_51,0.10094539985351338,0.2664998756585719,0.062473832878192984,0.1645981428523424,0.4054827487573795,Fair,"alpha=1.0,eps=0.1",OK,0.10557410645597601,0.2630970703616984,0.06165249813338888,0.16742776596907402,0.4022485590798626,0.007221173679952095,0.006507625752184572,0.4094372127883017,-0.0027905384005517614,True,True,,,-11.511221476627162
dirichlet_51,0.10094539985351338,0.2664998756585719,0.062473832878192984,0.1645981428523424,0.4054827487573795,Fair,"alpha=2.0,eps=0.02",OK,0.10140603480278111,0.2661592102706109,0.062393728376809045,0.16488150740898608,0.4051595191408128,0.0007207128770677189,0.0006495382275357404,0.4103539465550084,-0.0002793500541117397,True,True,,,-249.9574523398237
dirichlet_51,0.10094539985351338,0.2664998756585719,0.062473832878192984,0.1645981428523424,0.4054827487573795,Fair,"alpha=2.0,eps=0.05",OK,0.10209698750145793,0.265648212121791,0.06227357144794925,0.1653065540634916,0.4046746748653101,0.0018017822816172684,0.0016238456470704988,0.4102010384663024,-0.0006983751917579458,True,True,,,-99.98298093592948
dirichlet_51,0.10094539985351338,0.2664998756585719,0.062473832878192984,0.1645981428523424,0.4054827487573795,Fair,"alpha=2.0,eps=0.1",OK,0.1032485746201974,0.2647965488232633,0.062073310282466106,0.16601496558176237,0.40386660069231095,0.0036035643296999896,0.0032476910849824074,0.4099461915988761,-0.0013967501858390054,True,True,,,-49.99149046796474
dirichlet_52,0.4197187989821001,0.11565935475810692,0.3452402786471423,0.004241106318229782,0.11514046129442086,Avg,rho=0.5,OK,0.5780134860305824,0.0,0.4219865139694175,3.069986214028486e-17,0.0,0.23999914945031614,0.21648884434079135,0.5060206212573193,-0.09337298890040739,True,True,,,
dirichlet_52,0.4197187989821001,0.11565935475810692,0.3452402786471423,0.004241106318229782,0.11514046129442086,Cert,,FLOOR_COLLAPSED,0.4197187989821001,0.11565935475810692,0.3452402786471423,0.004241106318229782,0.11514046129442086,0.0,0.0,0.4506971507444794,0.0,False,True,0.0,-0.0,
dirichlet_52,0.4197187989821001,0.11565935475810692,0.3452402786471423,0.004241106318229782,0.11514046129442086,MaxMin,c=0.0,INFEASIBLE_BALL_MISSES_SIMPLEX,,,,,,,,,,False,False,,,
dirichlet_52,0.4197187989821001,0.11565935475810692,0.3452402786471423,0.004241106318229782,0.11514046129442086,MaxMin,c=0.25,INFEASIBLE_BALL_MISSES_SIMPLEX,,,,,,,,,,False,False,,,
dirichlet_52,0.4197187989821001,0.11565935475810692,0.3452402786471423,0.004241106318229782,0.11514046129442086,MaxMin,c=0.5,INFEASIBLE_BALL_MISSES_SIMPLEX,,,,,,,,,,False,False,,,
dirichlet_52,0.4197187989821001,0.11565935475810692,0.3452402786471423,0.004241106318229782,0.11514046129442086,MaxMin,c=0.75,OK,0.496768586452886,0.07342514677789777,0.35798792394314544,0.0,0.07181834282607089,0.09888222016616449,0.08886023854367654,0.47307512660884377,-0.03423883316198202,True,True,-0.03423883316198202,,
dirichlet_52,0.4197187989821001,0.11565935475810692,0.3452402786471423,0.004241106318229782,0.11514046129442086,MaxMin,c=0.9,OK,0.4634084734617515,0.10325601311683136,0.331883791274982,1.6132928326584308e-16,0.10145172214643508,0.04946104383446536,0.04419393213582452,0.459580110606301,-0.010216938564229313,True,True,-0.010216938564229313,,
dirichlet_52,0.4197187989821001,0.11565935475810692,0.3452402786471423,0.004241106318229782,0.11514046129442086,MaxMin,c=1.0,OK,0.4197187989821001,0.11565935475810692,0.3452402786471423,0.004241106318229782,0.11514046129442086,0.0,0.0,0.4506971507444794,0.0,False,True,0.0,,
dirichlet_52,0.4197187989821001,0.11565935475810692,0.3452402786471423,0.004241106318229782,0.11514046129442086,Fair,"alpha=0.0,eps=0.02",OK,0.5011285023662461,0.09139798312882517,0.31909695896587537,0.0,0.08837655553905349,0.09291889343115517,0.08305397803427984,0.46672734476173294,-0.01999999999999997,True,True,,,0.10354367103307678
dirichlet_52,0.4197187989821001,0.11565935475810692,0.3452402786471423,0.004241106318229782,0.11514046129442086,Fair,"alpha=0.0,eps=0.05",OK,0.616797904481748,0.0550350407129213,0.27988582124669553,0.0,0.04828123355863516,0.22643946143798704,0.2024490570615113,0.4886445151761968,-0.05,True,True,,,0.2587902796625557
dirichlet_52,0.4197187989821001,0.11565935475810692,0.3452402786471423,0.004241106318229782,0.11514046129442086,Fair,"alpha=0.0,eps=0.1",OK,0.784674680898492,0.0,0.21532531910150793,0.0,0.0,0.42038445691066095,0.37598601408789223,0.518968951083534,-0.10000000000000002,True,True,,,0.5162858757588293
dirichlet_52,0.4197187989821001,0.11565935475810692,0.3452402786471423,0.004241106318229782,0.11514046129442086,Fair,"alpha=1.0,eps=0.02",OK,0.42064454024323694,0.11497879369042097,0.345076011676381,0.004807030949269952,0.1144936234406911,0.0014442346707304139,0.0013015250925565568,0.45085766726499066,-0.0005581076874924129,True,True,,,-19.55841103879766
dirichlet_52,0.4197187989821001,0.11565935475810692,0.3452402786471423,0.004241106318229782,0.11514046129442086,Fair,"alpha=1.0,eps=0.05",OK,0.422033152154728,0.1139579521928457,0.34482961141877794,0.005655917731336155,0.11352336650231237,0.0036105866241516694,0.003253812682316122,0.45109844210188815,-0.0013952691303725472,True,True,,,-14.976957379426887
dirichlet_52,0.4197187989821001,0.11565935475810692,0.3452402786471423,0.004241106318229782,0.11514046129442086,Fair,"alpha=1.0,eps=0.1",OK,0.4243475060127514,0.11225654960767191,0.3444189434576449,0.007070729299671872,0.11190627162225988,0.00722117388057871,0.006507625923560807,0.4514997334813241,-0.0027905382848360223,True,True,,,-11.511221476627162
dirichlet_52,0.4197187989821001,0.11565935475810692,0.3452402786471423,0.004241106318229782,0.11514046129442086,Fair,"alpha=2.0,eps=0.02",OK,0.4201794339004535,0.11531868947736293,0.34516017401000365,0.004524470830250995,0.11481723178192904,0.0007207127574981691,0.0006495381177443977,0.4507771975185459,-0.00027934996803059673,True,True,,,-249.9574523398237
dirichlet_52,0.4197187989821001,0.11565935475810692,0.3452402786471423,0.004241106318229782,0.11514046129442086,Fair,"alpha=2.0,eps=0.05",OK,0.4208703863500754,0.11480769130917755,0.3450400173847703,0.0049495177006846055,0.11433238725529213,0.0018017821758011382,0.0016238455532622568,0.45089726775352074,-0.0006983751181843646,True,True,,,-99.98298093592948
dirichlet_52,0.4197187989821001,0.11565935475810692,0.3452402786471423,0.004241106318229782,0.11514046129442086,Fair,"alpha=2.0,eps=0.1",OK,0.42202197395773006,0.11395602782349544,0.34483975617338,0.005657928909362883,0.11352431313603166,0.0036035644841100694,0.0032476912242216573,0.4510973848467431,-0.0013967502649492218,True,True,,,-49.99149046796474
dirichlet_53,0.046305319780660235,0.5006592653010226,0.08091385096812512,0.04929324295269622,0.32282832099749575,Avg,rho=0.5,OK,0.0,0.678756433903048,1.2407434256460196e-17,3.4996848946369483e-17,0.3212435660969521,0.20698350328329973,0.18753216416777999,0.5435377658469677,-0.06578163491750973,True,True,,,
dirichlet_53,0.046305319780660235,0.5006592653010226,0.08091385096812512,0.04929324295269622,0.32282832099749575,Cert,,FLOOR_COLLAPSED,0.04630531978066024,0.5006592653010227,0.08091385096812513,0.049293242952696235,0.3228283209974958,1.2586013583571652e-16,1.4250341605512066e-16,0.48083728868383174,4.373104964938702e-17,False,True,4.373104964938702e-17,-0.0,
dirichlet_53,0.046305319780660235,0.5006592653010226,0.08091385096812512,0.04929324295269622,0.32282832099749575,MaxMin,c=0.0,INFEASIBLE_BALL_MISSES_SIMPLEX,,,,,,,,,,False,False,,,
dirichlet_53,0.046305319780660235,0.5006592653010226,0.08091385096812512,0.04929324295269622,0.32282832099749575,MaxMin,c=0.25,INFEASIBLE_BALL_MISSES_SIMPLEX,,,,,,,,,,False,False,,,
dirichlet_53,0.046305319780660235,0.5006592653010226,0.08091385096812512,0.04929324295269622,0.32282832099749575,MaxMin,c=0.5,OK,0.0,0.6590918050224651,0.012482237111479996,9.020562075079394e-17,0.3284259578660548,0.18544297074008073,0.16814165699125286,0.5382140523662515,-0.05589766430157212,True,True,-0.05589766430157212,,
dirichlet_53,0.046305319780660235,0.5006592653010226,0.08091385096812512,0.04929324295269622,0.32282832099749575,MaxMin,c=0.75,OK,0.023034014998110783,0.5969823764392159,0.05510190170656121,0.026275843954175326,0.2986058629019368,0.10771480967421718,0.09771701691725196,0.510072830279915,-0.020395359149506905,True,True,-0.020395359149506905,,
dirichlet_53,0.046305319780660235,0.5006592653010226,0.08091385096812512,0.04929324295269622,0.32282832099749575,MaxMin,c=0.9,OK,0.03754643591169398,0.5369134827692953,0.07119871603580145,0.04062992447195089,0.3137114408112585,0.04054183973439209,0.036778857532813077,0.4918409997382484,-0.007676431722485814,True,True,-0.007676431722485814,,
dirichlet_53,0.046305319780660235,0.5006592653010226,0.08091385096812512,0.04929324295269622,0.32282832099749575,MaxMin,c=1.0,OK,0.04630531978066024,0.5006592653010227,0.08091385096812513,0.049293242952696235,0.3228283209974958,1.2586013583571652e-16,1.4250341605512066e-16,0.48083728868383174,4.373104964938702e-17,False,True,4.373104964938702e-17,,
dirichlet_53,0.046305319780660235,0.5006592653010226,0.08091385096812512,0.04929324295269622,0.32282832099749575,Fair,"alpha=0.0,eps=0.02",OK,0.15052427307854185,0.4762948562489872,0.05475693523430386,0.022538368261667316,0.29588556717649983,0.1165381233711038,0.10400300251814022,0.4656432020238602,-0.019999999999999966,True,True,,,0.10378749920728811
dirichlet_53,0.046305319780660235,0.5006592653010226,0.08091385096812512,0.04929324295269622,0.32282832099749575,Fair,"alpha=0.0,eps=0.05",OK,0.2890278478574389,0.4398287638254834,0.01553218660671016,0.0,0.2556112017103675,0.2717302016826073,0.24259479000517206,0.4428849999541367,-0.04999999999999999,True,True,,,0.2592782024322139
dirichlet_53,0.046305319780660235,0.5006592653010226,0.08091385096812512,0.04929324295269622,0.32282832099749575,Fair,"alpha=0.0,eps=0.1",OK,0.4304671912632764,0.37860526934952193,0.0,0.0,0.19092753938720167,0.434571297599654,0.3884275762442603,0.40632587990636004,-0.09999999999999998,True,True,,,0.516291753283782
dirichlet_53,0.046305319780660235,0.5006592653010226,0.08091385096812512,0.04929324295269622,0.32282832099749575,Fair,"alpha=1.0,eps=0.02",OK,0.04723106069003381,0.4999787045491521,0.08074958388050613,0.0498591675215613,0.3221814833587466,0.0014442341890762902,0.0013015246563264195,0.4804458260022941,-0.0005581074309012981,True,True,,,-19.558411038797665
dirichlet_53,0.046305319780660235,0.5006592653010226,0.08091385096812512,0.04929324295269622,0.32282832099749575,Fair,"alpha=1.0,eps=0.05",OK,0.04861967329813532,0.4989578626654856,0.0805031834785615,0.05070805439886145,0.32121122615895603,0.0036105869417697033,0.003253812964783076,0.47985863154988606,-0.001395269190514239,True,True,,,-14.976957379426887
dirichlet_53,0.046305319780660235,0.5006592653010226,0.08091385096812512,0.04929324295269622,0.32282832099749575,Fair,"alpha=1.0,eps=0.1",OK,0.05093402637063515,0.4972564600149193,0.08009251623974764,0.05212286607046625,0.3195941313042317,0.007221173672463666,0.006507625745393824,0.47887997441198527,-0.0027905383915096437,True,True,,,-11.51122147662716
dirichlet_53,0.046305319780660235,0.5006592653010226,0.08091385096812512,0.04929324295269622,0.32282832099749575,Fair,"alpha=2.0,eps=0.02",OK,0.04676595475593657,0.5003185999873171,0.08083374645288242,0.049576607389269105,0.3225050914145949,0.0007207127978249596,0.0006495381545466611,0.4806415010963933,-0.0002793499931806688,True,True,,,-249.9574523398237
dirichlet_53,0.046305319780660235,0.5006592653010226,0.08091385096812512,0.04929324295269622,0.32282832099749575,Fair,"alpha=2.0,eps=0.05",OK,0.04745690703990091,0.49980760204118635,0.08071358975234963,0.05000165427774051,0.32202024688882264,0.0018017820203629024,0.0016238454107833683,0.4803478196925497,-0.0006983749624787013,True,True,,,-99.98298093592948
dirichlet_53,0.046305319780660235,0.5006592653010226,0.08091385096812512,0.04929324295269622,0.32282832099749575,Fair,"alpha=2.0,eps=0.1",OK,0.0486084945249663,0.4989559384990715,0.08051332830356903,0.050710065657011194,0.321212173015382,0.003603564260205438,0.003247691021888026,0.47985835064455007,-0.0013967501594926968,True,True,,,-49.99149046796474
dirichlet_54,0.04800565314749985,0.04463260941610649,0.3058828529863052,0.34628989991184317,0.2551889845382452,Avg,rho=0.5,OK,0.0,0.0,0.33797846098932904,0.4280619277634934,0.23395961124717765,0.11164269541620311,0.10027524071187394,0.44040624062556194,-0.037208249422351444,True,True,,,
dirichlet_54,0.04800565314749985,0.04463260941610649,0.3058828529863052,0.34628989991184317,0.2551889845382452,Cert,,FLOOR_COLLAPSED,0.04800565314749986,0.0446326094161065,0.30588285298630524,0.3462898999118432,0.25518898453824523,9.739201700399851e-17,1.1949033056875487e-16,0.417255220304989,3.986702541231568e-17,False,True,3.986702541231568e-17,-0.0,
dirichlet_54,0.04800565314749985,0.04463260941610649,0.3058828529863052,0.34628989991184317,0.2551889845382452,MaxMin,c=0.0,INFEASIBLE_BALL_MISSES_SIMPLEX,,,,,,,,,,False,False,,,
dirichlet_54,0.04800565314749985,0.04463260941610649,0.3058828529863052,0.34628989991184317,0.2551889845382452,MaxMin,c=0.25,INFEASIBLE_BALL_MISSES_SIMPLEX,,,,,,,,,,False,False,,,
dirichlet_54,0.04800565314749985,0.04463260941610649,0.3058828529863052,0.34628989991184317,0.2551889845382452,MaxMin,c=0.5,INFEASIBLE_BALL_MISSES_SIMPLEX,,,,,,,,,,False,False,,,
dirichlet_54,0.04800565314749985,0.04463260941610649,0.3058828529863052,0.34628989991184317,0.2551889845382452,MaxMin,c=0.75,OK,0.01989350914527673,0.01802339791347962,0.3255646609621584,0.4072972737756331,0.22922115820345224,0.07925871568920241,0.07128999278922034,0.4320329569111572,-0.021693598149155384,True,True,-0.021693598149155384,,
dirichlet_54,0.04800565314749985,0.04463260941610649,0.3058828529863052,0.34628989991184317,0.2551889845382452,MaxMin,c=0.9,OK,0.0378657397114843,0.03540192230466226,0.2994662738421759,0.38194542755085953,0.24532063659081807,0.03997370209750774,0.03580431287574619,0.4230682598845452,-0.007712774203452701,True,True,-0.007712774203452701,,
dirichlet_54,0.04800565314749985,0.04463260941610649,0.3058828529863052,0.34628989991184317,0.2551889845382452,MaxMin,c=1.0,OK,0.04800565314749986,0.0446326094161065,0.30588285298630524,0.3462898999118432,0.25518898453824523,9.739201700399851e-17,1.1949033056875487e-16,0.417255220304989,3.986702541231568e-17,False,True,3.986702541231568e-17,,
dirichlet_54,0.04800565314749985,0.04463260941610649,0.3058828529863052,0.34628989991184317,0.2551889845382452,Fair,"alpha=0.0,eps=0.02",OK,0.15222460644538147,0.020268200364071048,0.27972593725248396,0.3195350252208143,0.22824623071724925,0.1165381233711038,0.10400300251814022,0.40223760699298056,-0.019999999999999976,True,True,,,0.10378749920728811
dirichlet_54,0.04800565314749985,0.04463260941610649,0.3058828529863052,0.34628989991184317,0.2551889845382452,Fair,"alpha=0.0,eps=0.05",OK,0.2911486414821233,0.0,0.24060637337541407,0.2799758759761575,0.18826910916630524,0.2724837992988048,0.24297401743340769,0.3796230034240205,-0.04999999999999994,True,True,,,0.25856755523897557
dirichlet_54,0.04800565314749985,0.04463260941610649,0.3058828529863052,0.34628989991184317,0.2551889845382452,Fair,"alpha=0.0,eps=0.1",OK,0.4865717722400837,0.0,0.17564742410945555,0.21523336584134664,0.12254743780911417,0.49604755076023266,0.44181457078694525,0.3417490022753688,-0.1,True,True,,,0.5146641948674483
dirichlet_54,0.04800565314749985,0.04463260941610649,0.3058828529863052,0.34628989991184317,0.2551889845382452,Fair,"alpha=1.0,eps=0.02",OK,0.048931394465496984,0.04395204835804115,0.30571858603915525,0.3468558245352298,0.2545421466020769,0.0014442347338814957,0.0013015251485446436,0.41727134693648193,-0.0005581076790176471,True,True,,,-19.55841103879766
dirichlet_54,0.04800565314749985,0.04463260941610649,0.3058828529863052,0.34628989991184317,0.2551889845382452,Fair,"alpha=1.0,eps=0.05",OK,0.050320005765577366,0.042931207519960914,0.30547218553329547,0.34770471159483524,0.2535718895863311,0.003610586156264437,0.003253812251979772,0.4172955368651391,-0.001395268585529773,True,True,,,-14.976957379426889
dirichlet_54,0.04800565314749985,0.04463260941610649,0.3058828529863052,0.34628989991184317,0.2551889845382452,Fair,"alpha=1.0,eps=0.1",OK,0.05263436011587402,0.041229803235131736,0.30506151861823994,0.3491195228920105,0.25195479513874375,0.0072211741102302125,0.006507626155769341,0.41733585356183855,-0.0027905391207116823,True,True,,,-11.511221476627162
dirichlet_54,0.04800565314749985,0.04463260941610649,0.3058828529863052,0.34628989991184317,0.2551889845382452,Fair,"alpha=2.0,eps=0.02",OK,0.048466288124370316,0.0442919437559094,0.3058027484914977,0.3465732645070311,0.2548657551211916,0.0007207129483346033,0.0006495382972791812,0.41726381120650724,-0.0002793502777525273,True,True,,,-249.95745233982367
dirichlet_54,0.04800565314749985,0.04463260941610649,0.3058828529863052,0.34628989991184317,0.2551889845382452,Fair,"alpha=2.0,eps=0.05",OK,0.04915724043413487,0.043780945995567366,0.3056825917956886,0.3469983110393168,0.25438091073529245,0.001801781896245467,0.0016238453028991572,0.4172766974297362,-0.0006983750942082723,True,True,,,-99.98298093592948
dirichlet_54,0.04800565314749985,0.04463260941610649,0.3058828529863052,0.34628989991184317,0.2551889845382452,Fair,"alpha=2.0,eps=0.1",OK,0.05030882788297588,0.04292928245060563,0.3054823303692966,0.34770672281942566,0.2535728364776961,0.003603564441679934,0.0032476911885010477,0.41729817459543334,-0.0013967502932742033,True,True,,,-49.99149046796474
dirichlet_55,0.07107121919315311,0.3110287292980961,0.28301481836151343,0.09505843778577602,0.23982679536146123,Avg,rho=0.5,OK,1.512665219301202e-17,0.39878548235073236,0.34602275110673614,8.777968510205832e-19,0.25519176654253145,0.16122826807491444,0.1460848107170133,0.4135540952085509,-0.07869757612695413,True,True,,,
dirichlet_55,0.07107121919315311,0.3110287292980961,0.28301481836151343,0.09505843778577602,0.23982679536146123,Cert,,FLOOR_COLLAPSED,0.07107121919315312,0.31102872929809616,0.2830148183615135,0.09505843778577604,0.23982679536146126,8.554842949272357e-17,1.0533940147024576e-16,0.3864224579490121,4.287155779070656e-17,False,True,4.287155779070656e-17,-0.0,
dirichlet_55,0.07107121919315311,0.3110287292980961,0.28301481836151343,0.09505843778577602,0.23982679536146123,MaxMin,c=0.0,INFEASIBLE_BALL_MISSES_SIMPLEX,,,,,,,,,,False,False,,,
dirichlet_55,0.07107121919315311,0.3110287292980961,0.28301481836151343,0.09505843778577602,0.23982679536146123,MaxMin,c=0.25,OK,0.0035464754291350546,0.3847497286115174,0.33402416676226365,0.027969547929472528,0.2497100812676114,0.1311294355470533,0.11888392572100524,0.40873444664024783,-0.05591233766236778,True,True,-0.05591233766236778,,
dirichlet_55,0.07107121919315311,0.3110287292980961,0.28301481836151343,0.09505843778577602,0.23982679536146123,MaxMin,c=0.5,OK,0.02762695853657855,0.368627462015059,0.31826708283638455,0.0518441155416641,0.23363438107031378,0.09139783141286198,0.083181221361221,0.40153191330432975,-0.036151244107092737,True,True,-0.036151244107092737,,
dirichlet_55,0.07107121919315311,0.3110287292980961,0.28301481836151343,0.09505843778577602,0.23982679536146123,MaxMin,c=0.75,OK,0.05137414430612409,0.35121511127260135,0.3012491380223242,0.07540418093216714,0.22075742546678326,0.05554584727453875,0.05081213912918297,0.39427031854367434,-0.016634980717525057,True,True,-0.016634980717525057,,
dirichlet_55,0.07107121919315311,0.3110287292980961,0.28301481836151343,0.09505843778577602,0.23982679536146123,MaxMin,c=0.9,OK,0.06390785812239168,0.3325210147945119,0.282978480617077,0.08793927637925357,0.23265337008676573,0.02480673068795997,0.022609728253922753,0.38944062082715025,-0.006154196715639482,True,True,-0.006154196715639482,,
dirichlet_55,0.07107121919315311,0.3110287292980961,0.28301481836151343,0.09505843778577602,0.23982679536146123,MaxMin,c=1.0,OK,0.07107121919315312,0.31102872929809616,0.2830148183615135,0.09505843778577604,0.23982679536146126,8.554842949272357e-17,1.0533940147024576e-16,0.3864224579490121,4.287155779070656e-17,False,True,4.287155779070656e-17,,
dirichlet_55,0.07107121919315311,0.3110287292980961,0.28301481836151343,0.09505843778577602,0.23982679536146123,Fair,"alpha=0.0,eps=0.02",OK,0.17529017249103473,0.2866643202460607,0.2568579026276922,0.06830356309474712,0.2128840415404653,0.11653812337110381,0.10400300251814024,0.37379876205468243,-0.01999999999999996,True,True,,,0.10378749920728811
dirichlet_55,0.07107121919315311,0.3110287292980961,0.28301481836151343,0.09505843778577602,0.23982679536146123,Fair,"alpha=0.0,eps=0.05",OK,0.3316186024378571,0.2501177066680075,0.21762252902696028,0.028171251058203742,0.17246991080897134,0.2913453084277595,0.2600075062953506,0.35486321821318795,-0.05,True,True,,,0.25946874801822034
dirichlet_55,0.07107121919315311,0.3110287292980961,0.28301481836151343,0.09505843778577602,0.23982679536146123,Fair,"alpha=0.0,eps=0.1",OK,0.5529419234241224,0.18938387295471035,0.1522536202250365,0.0,0.10542058339613081,0.5396262354797826,0.48178723138392454,0.32401175283947364,-0.09999999999999998,True,True,,,0.5185181954666367
dirichlet_55,0.07107121919315311,0.3110287292980961,0.28301481836151343,0.09505843778577602,0.23982679536146123,Fair,"alpha=1.0,eps=0.02",OK,0.07199696010252678,0.3103481685462257,0.28285055127389447,0.09562436235464113,0.23917995772271197,0.0014442341890763667,0.0013015246563264882,0.38619739500655,-0.0005581074309012309,True,True,,,-19.558411038797665
dirichlet_55,0.07107121919315311,0.3110287292980961,0.28301481836151343,0.09505843778577602,0.23982679536146123,Fair,"alpha=1.0,eps=0.05",OK,0.0733855724951655,0.3093273267257768,0.2826041509493008,0.09647324933750616,0.2382097004922508,0.0036105868201747548,0.003253812856497997,0.3858598004202919,-0.0013952691382547614,True,True,,,-14.976957379426887
dirichlet_55,0.07107121919315311,0.3110287292980961,0.28301481836151343,0.09505843778577602,0.23982679536146123,Fair,"alpha=1.0,eps=0.1",OK,0.0756999261692597,0.30762592337601224,0.28219348358383783,0.09788806175852012,0.23659260511237024,0.007221174809232196,0.006507626775370455,0.3852971427047891,-0.0027905389133891204,True,True,,,-11.51122147662716
dirichlet_55,0.07107121919315311,0.3110287292980961,0.28301481836151343,0.09505843778577602,0.23982679536146123,Fair,"alpha=2.0,eps=0.02",OK,0.07153185414209656,0.31068806391092896,0.282934713859666,0.09534180234224694,0.23950356574506143,0.0007207128763939409,0.0006495382269151839,0.3863102175833315,-0.0002793500534668983,True,True,,,-249.9574523398237
dirichlet_55,0.07107121919315311,0.3110287292980961,0.28301481836151343,0.09505843778577602,0.23982679536146123,Fair,"alpha=2.0,eps=0.05",OK,0.07222280641053333,0.310177066033402,0.28281455714341186,0.09576684916726645,0.23901872124538645,0.0018017820216756734,0.00162384541243071,0.386141857069452,-0.0006983749666582037,True,True,,,-99.98298093592948
dirichlet_55,0.07107121919315311,0.3110287292980961,0.28301481836151343,0.09505843778577602,0.23982679536146123,Fair,"alpha=2.0,eps=0.1",OK,0.07337439382070178,0.3093254027403124,0.28261429561824186,0.09647525997258584,0.23821064784815818,0.003603563665193837,0.0032476904836481,0.3858612562134502,-0.0013967499604583375,True,True,,,-49.99149046796474
dirichlet_56,0.35609128941725726,0.0718600273865948,0.03449816514334763,0.2612003945955987,0.2763501234572015,Avg,rho=0.5,OK,0.45328567990650437,1.2151931708004221e-17,2.900120373901537e-17,0.260716035531858,0.2859982845616377,0.1260716387346332,0.11402911133885738,0.4447279015465582,-0.059195337596864794,True,True,,,
dirichlet_56,0.35609128941725726,0.0718600273865948,0.03449816514334763,0.2612003945955987,0.2763501234572015,Cert,,FLOOR_COLLAPSED,0.3560912894172573,0.07186002738659482,0.03449816514334764,0.26120039459559874,0.27635012345720156,9.739201700399851e-17,1.2024112931171733e-16,0.41839737027361296,4.0556358914471677e-17,False,True,4.0556358914471677e-17,-0.0,
dirichlet_56,0.35609128941725726,0.0718600273865948,0.03449816514334763,0.2612003945955987,0.2763501234572015,MaxMin,c=0.0,INFEASIBLE_BALL_MISSES_SIMPLEX,,,,,,,,,,False,False,,,
dirichlet_56,0.35609128941725726,0.0718600273865948,0.03449816514334763,0.2612003945955987,0.2763501234572015,MaxMin,c=0.25,INFEASIBLE_BALL_MISSES_SIMPLEX,,,,,,,,,,False,False,,,
dirichlet_56,0.35609128941725726,0.0718600273865948,0.03449816514334763,0.2612003945955987,0.2763501234572015,MaxMin,c=0.5,INFEASIBLE_BALL_MISSES_SIMPLEX,,,,,,,,,,False,False,,,
dirichlet_56,0.35609128941725726,0.0718600273865948,0.03449816514334763,0.2612003945955987,0.2763501234572015,MaxMin,c=0.75,OK,0.42553124583986557,0.04378817023916233,0.005270605329554608,0.25239705972182996,0.2730129188695877,0.0809495065068821,0.07268262853382584,0.4340823594321106,-0.023226711060342305,True,True,-0.023226711060342305,,
dirichlet_56,0.35609128941725726,0.0718600273865948,0.03449816514334763,0.2612003945955987,0.2763501234572015,MaxMin,c=0.9,OK,0.3956969720299311,0.0626009720859515,0.024557914642853975,0.25103290546023926,0.2661112357810242,0.04428726043064548,0.03952361617685047,0.4248417471403205,-0.007600475990095987,True,True,-0.007600475990095987,,
dirichlet_56,0.35609128941725726,0.0718600273865948,0.03449816514334763,0.2612003945955987,0.2763501234572015,MaxMin,c=1.0,OK,0.3560912894172573,0.07186002738659482,0.03449816514334764,0.26120039459559874,0.27635012345720156,9.739201700399851e-17,1.2024112931171733e-16,0.41839737027361296,4.0556358914471677e-17,False,True,4.0556358914471677e-17,,
dirichlet_56,0.35609128941725726,0.0718600273865948,0.03449816514334763,0.2612003945955987,0.2763501234572015,Fair,"alpha=0.0,eps=0.02",OK,0.4603102427151389,0.04749561833455936,0.008341249409526368,0.2344455199045698,0.24940736963620558,0.11653812337110381,0.10400300251814022,0.43535519469172873,-0.019999999999999987,True,True,,,0.10378749920728811
dirichlet_56,0.35609128941725726,0.0718600273865948,0.03449816514334763,0.2612003945955987,0.2763501234572015,Fair,"alpha=0.0,eps=0.05",OK,0.5844414209010494,0.010567028538646663,0.0,0.1946672921130926,0.21032425844721134,0.2566647740360226,0.22911350554088816,0.45244250200446434,-0.049999999999999975,True,True,,,0.2583916214743112
dirichlet_56,0.35609128941725726,0.0718600273865948,0.03449816514334763,0.2612003945955987,0.2763501234572015,Fair,"alpha=0.0,eps=0.1",OK,0.7225315435329662,0.0,0.0,0.13032633095727214,0.14714212550976152,0.41767831406171857,0.37245174273357856,0.46436046868835906,-0.1,True,True,,,0.5127615319815911
dirichlet_56,0.35609128941725726,0.0718600273865948,0.03449816514334763,0.2612003945955987,0.2763501234572015,Fair,"alpha=1.0,eps=0.02",OK,0.3570170303266309,0.07117946663472434,0.03433389805572863,0.26176631916446375,0.2757032858184523,0.001444234189076332,0.0013015246563264575,0.4186095441228268,-0.0005581074309013046,True,True,,,-19.558411038797665
dirichlet_56,0.35609128941725726,0.0718600273865948,0.03449816514334763,0.2612003945955987,0.2763501234572015,Fair,"alpha=1.0,eps=0.05",OK,0.35840564270660424,0.07015862472260392,0.03408749778273153,0.2626152061530846,0.2747330286349758,0.003610586830597871,0.0032538128681742317,0.4189278050321974,-0.0013952692129446515,True,True,,,-14.976957379426889
dirichlet_56,0.35609128941725726,0.0718600273865948,0.03449816514334763,0.2612003945955987,0.2763501234572015,Fair,"alpha=1.0,eps=0.1",OK,0.3607199960240906,0.0684572221816065,0.03367683040499758,0.2640300176430892,0.2731159337462162,0.007221173626578404,0.0065076257022542855,0.4194582397749614,-0.0027905383249050906,True,True,,,-11.511221476627162
dirichlet_56,0.35609128941725726,0.0718600273865948,0.03449816514334763,0.2612003945955987,0.2763501234572015,Fair,"alpha=2.0,eps=0.02",OK,0.35655192439252986,0.07151936207288849,0.03441806062810808,0.2614837590321742,0.2760268938742993,0.0007207127978242533,0.0006495381545460876,0.4185029609534418,-0.00027934999318135993,True,True,,,-249.9574523398237
dirichlet_56,0.35609128941725726,0.0718600273865948,0.03449816514334763,0.2612003945955987,0.2763501234572015,Fair,"alpha=2.0,eps=0.05",OK,0.35724287666410004,0.07100836382062717,0.03429790390514457,0.2619088060896239,0.2755420495205044,0.0018017821489432389,0.0016238455329327238,0.41866134699640506,-0.0006983752145303041,True,True,,,-99.98298093592948
dirichlet_56,0.35609128941725726,0.0718600273865948,0.03449816514334763,0.2612003945955987,0.2763501234572015,Fair,"alpha=2.0,eps=0.1",OK,0.3583944643069862,0.07015670044227341,0.034097642527772885,0.2626172171801443,0.27473397554282325,0.0036035643375335485,0.003247691093278824,0.41892532374463004,-0.0013967502753118768,True,True,,,-49.99149046796474
dirichlet_57,0.024806193314854647,0.03150768119330488,0.09915410382775852,0.2380459334508534,0.6064860882132285,Avg,rho=0.5,OK,6.140280622505437e-18,0.0,8.810615046442219e-17,0.1357855145735826,0.8642144854264172,0.2971880507454377,0.2701705768834727,0.6391726576943259,-0.0879206985305215,True,True,,,
dirichlet_57,0.024806193314854647,0.03150768119330488,0.09915410382775852,0.2380459334508534,0.6064860882132285,Cert,,FLOOR_COLLAPSED,0.02480619331485465,0.03150768119330489,0.09915410382775854,0.23804593345085343,0.6064860882132286,1.1553831367574147e-16,1.2566743176221673e-16,0.5408524124770682,3.4904837624887e-17,False,True,3.4904837624887e-17,-0.0,
dirichlet_57,0.024806193314854647,0.03150768119330488,0.09915410382775852,0.2380459334508534,0.6064860882132285,MaxMin,c=0.0,INFEASIBLE_BALL_MISSES_SIMPLEX,,,,,,,,,,False,False,,,
dirichlet_57,0.024806193314854647,0.03150768119330488,0.09915410382775852,0.2380459334508534,0.6064860882132285,MaxMin,c=0.25,INFEASIBLE_BALL_MISSES_SIMPLEX,,,,,,,,,,False,False,,,
dirichlet_57,0.024806193314854647,0.03150768119330488,0.09915410382775852,0.2380459334508534,0.6064860882132285,MaxMin,c=0.5,INFEASIBLE_BALL_MISSES_SIMPLEX,,,,,,,,,,False,False,,,
dirichlet_57,0.024806193314854647,0.03150768119330488,0.09915410382775852,0.2380459334508534,0.6064860882132285,MaxMin,c=0.75,OK,1.1449174941446927e-16,0.0066636558263243745,0.07702053850535331,0.21229017932933447,0.7040256263389877,0.10908614900730916,0.09882900908466145,0.5809573152479801,-0.020852736211948747,True,True,-0.020852736211948747,,
dirichlet_57,0.024806193314854647,0.03150768119330488,0.09915410382775852,0.2380459334508534,0.6064860882132285,MaxMin,c=0.9,OK,0.01461434024474379,0.021914458359272113,0.09062872476030309,0.22810779585932764,0.6447346807763534,0.04278209080255403,0.03875126095432851,0.5566091991563576,-0.008054181907761793,True,True,-0.008054181907761793,,
dirichlet_57,0.024806193314854647,0.03150768119330488,0.09915410382775852,0.2380459334508534,0.6064860882132285,MaxMin,c=1.0,OK,0.02480619331485465,0.03150768119330489,0.09915410382775854,0.23804593345085343,0.6064860882132286,1.1553831367574147e-16,1.2566743176221673e-16,0.5408524124770682,3.4904837624887e-17,False,True,3.4904837624887e-17,,
dirichlet_57,0.024806193314854647,0.03150768119330488,0.09915410382775852,0.2380459334508534,0.6064860882132285,Fair,"alpha=0.0,eps=0.02",OK,0.12902514661273626,0.007143272141269434,0.07299718809393727,0.2112910587598245,0.5795433343922326,0.11653812337110378,0.10400300251814022,0.5234269852460695,-0.019999999999999976,True,True,,,0.10378749920728812
dirichlet_57,0.024806193314854647,0.03150768119330488,0.09915410382775852,0.2380459334508534,0.6064860882132285,Fair,"alpha=0.0,eps=0.05",OK,0.25391639903403906,0.0,0.03397099906185902,0.17219403812712786,0.539918563776974,0.2578774222631489,0.22979272451083838,0.4974096724454218,-0.05000000000000002,True,True,,,0.25784094322913087
dirichlet_57,0.024806193314854647,0.03150768119330488,0.09915410382775852,0.2380459334508534,0.6064860882132285,Fair,"alpha=0.0,eps=0.1",OK,0.41663773298623485,0.0,0.0,0.10782014539884582,0.47554212161491943,0.44548995950927417,0.3966551718729882,0.45591821506362873,-0.09999999999999995,True,True,,,0.512836071060334
dirichlet_57,0.024806193314854647,0.03150768119330488,0.09915410382775852,0.2380459334508534,0.6064860882132285,Fair,"alpha=1.0,eps=0.02",OK,0.025731934224228196,0.030827120441434413,0.09898983674013952,0.23861185801971854,0.6058392505744794,0.0014442341890762594,0.0013015246563263948,0.5406524748020645,-0.0005581074309012912,True,True,,,-19.558411038797665
dirichlet_57,0.024806193314854647,0.03150768119330488,0.09915410382775852,0.2380459334508534,0.6064860882132285,Fair,"alpha=1.0,eps=0.05",OK,0.02712054621308838,0.02980627897129813,0.09874343660578815,0.23946074449279012,0.6048689937170352,0.003610586007813408,0.003253812124422281,0.5403525680663473,-0.001395268849229623,True,True,,,-14.976957379426887
dirichlet_57,0.024806193314854647,0.03150768119330488,0.09915410382775852,0.2380459334508534,0.6064860882132285,Fair,"alpha=1.0,eps=0.1",OK,0.029434899783736902,0.028104875871860238,0.09833276913059429,0.2408755567025736,0.6032518985112351,0.007221173664346129,0.00650762574007885,0.539852723525987,-0.002790538420569796,True,True,,,-11.51122147662716
dirichlet_57,0.024806193314854647,0.03150768119330488,0.09915410382775852,0.2380459334508534,0.6064860882132285,Fair,"alpha=2.0,eps=0.02",OK,0.025266828270404676,0.031167015801328978,0.09907399931635516,0.2383292980140168,0.6061628585978943,0.0007207128861049324,0.0006495382356400535,0.5407526774893171,-0.0002793500575297242,True,True,,,-249.9574523398237
dirichlet_57,0.024806193314854647,0.03150768119330488,0.09915410382775852,0.2380459334508534,0.6064860882132285,Fair,"alpha=2.0,eps=0.05",OK,0.02595778068731001,0.030656017719274356,0.09895384257426941,0.2387543448421177,0.6056780141770286,0.0018017821916920976,0.0016238455680611138,0.5406030750067558,-0.0006983751386769787,True,True,,,-99.98298093592948
dirichlet_57,0.024806193314854647,0.03150768119330488,0.09915410382775852,0.2380459334508534,0.6064860882132285,Fair,"alpha=2.0,eps=0.1",OK,0.027109368193065506,0.029804354239320582,0.09875358140849845,0.23946275606546785,0.6048699400936477,0.0036035644167724257,0.0032476911653113493,0.5403537374902924,-0.001396750280481211,True,True,,,-49.99149046796474
dirichlet_58,0.5565926555729748,0.08276567964249922,0.16014859027608522,0.11498084216976644,0.08551223233867422,Avg,rho=0.5,OK,0.8953282296630634,6.0657088144064515e-18,0.09474454589271547,0.009927224444221196,7.891382453094689e-18,0.3797607672986994,0.3388932353841224,0.6098369226094802,-0.07948195293663012,True,True,,,
dirichlet_58,0.5565926555729748,0.08276567964249922,0.16014859027608522,0.11498084216976644,0.08551223233867422,Cert,,FLOOR_COLLAPSED,0.5565926555729749,0.08276567964249923,0.16014859027608525,0.11498084216976645,0.08551223233867424,1.1693631858900543e-16,1.316443382083366e-16,0.48641064240830206,4.431880919259224e-17,False,True,4.431880919259224e-17,-0.0,
dirichlet_58,0.5565926555729748,0.08276567964249922,0.16014859027608522,0.11498084216976644,0.08551223233867422,MaxMin,c=0.0,INFEASIBLE_BALL_MISSES_SIMPLEX,,,,,,,,,,False,False,,,
dirichlet_58,0.5565926555729748,0.08276567964249922,0.16014859027608522,0.11498084216976644,0.08551223233867422,MaxMin,c=0.25,OK,0.7963648737477876,0.026711495465197885,0.09997046040959114,0.05342701296058805,0.023526157416835333,0.2681144212104415,0.23927538918318814,0.5733004388136123,-0.04601316950276585,True,True,-0.04601316950276585,,
dirichlet_58,0.5565926555729748,0.08276567964249922,0.16014859027608522,0.11498084216976644,0.08551223233867422,MaxMin,c=0.5,OK,0.7094110107763681,0.047039654778359655,0.12179417667713775,0.07574962928021009,0.04600552848792425,0.17088220298240336,0.15250170221542256,0.5417896845329249,-0.02932640376201133,True,True,-0.02932640376201133,,
dirichlet_58,0.5565926555729748,0.08276567964249922,0.16014859027608522,0.11498084216976644,0.08551223233867422,MaxMin,c=0.75,OK,0.6320874312283586,0.06511643699368817,0.14120088045292617,0.09559997910627036,0.0659952722187565,0.08441861293745849,0.07533834388214795,0.5137687981458374,-0.014487724788331525,True,True,-0.014487724788331525,,
dirichlet_58,0.5565926555729748,0.08276567964249922,0.16014859027608522,0.11498084216976644,0.08551223233867422,MaxMin,c=0.9,OK,0.586673842794147,0.07573327020990141,0.1525988015436215,0.10725846184265381,0.07773562360967629,0.03363692492199974,0.030018856372220112,0.49731160605277247,-0.005772690334970732,True,True,-0.005772690334970732,,
dirichlet_58,0.5565926555729748,0.08276567964249922,0.16014859027608522,0.11498084216976644,0.08551223233867422,MaxMin,c=1.0,OK,0.5565926555729749,0.08276567964249923,0.16014859027608525,0.11498084216976645,0.08551223233867424,1.1693631858900543e-16,1.316443382083366e-16,0.48641064240830206,4.431880919259224e-17,False,True,4.431880919259224e-17,,
dirichlet_58,0.5565926555729748,0.08276567964249922,0.16014859027608522,0.11498084216976644,0.08551223233867422,Fair,"alpha=0.0,eps=0.02",OK,0.6608116088708564,0.05840127059046378,0.133991674542264,0.08822596747873754,0.05856947851767827,0.11653812337110385,0.10400300251814026,0.5241780022073645,-0.019999999999999966,True,True,,,0.10378749920728812
dirichlet_58,0.5565926555729748,0.08276567964249922,0.16014859027608522,0.11498084216976644,0.08551223233867422,Fair,"alpha=0.0,eps=0.05",OK,0.8171400388176788,0.021854657012410593,0.09475630094153206,0.048093655442194114,0.018155347786184314,0.2913453084277596,0.26000750629535063,0.5808290419059582,-0.05000000000000003,True,True,,,0.25946874801822023
dirichlet_58,0.5565926555729748,0.08276567964249922,0.16014859027608522,0.11498084216976644,0.08551223233867422,Fair,"alpha=0.0,eps=0.1",OK,0.96838566937797,0.0,0.031614330622029986,0.0,0.0,0.46203640094230025,0.4122886074838097,0.6336266975163345,-0.09999999999999998,True,True,,,0.5141310526269949
dirichlet_58,0.5565926555729748,0.08276567964249922,0.16014859027608522,0.11498084216976644,0.08551223233867422,Fair,"alpha=1.0,eps=0.02",OK,0.5575183968413703,0.08208511818183156,0.1599843233192211,0.11554676705085577,0.08486539460672136,0.001444234902426854,0.0013015253090796308,0.4867809295988375,-0.0005581080103377156,True,True,,,-19.55841103879766
dirichlet_58,0.5565926555729748,0.08276567964249922,0.16014859027608522,0.11498084216976644,0.08551223233867422,Fair,"alpha=1.0,eps=0.05",OK,0.558907008893171,0.08106427700441063,0.15973792286773075,0.11639565371924117,0.08389513751544647,0.0036105868409054857,0.003253812876408111,0.4873363604105024,-0.0013952691922086004,True,True,,,-14.976957379426889
dirichlet_58,0.5565926555729748,0.08276567964249922,0.16014859027608522,0.11498084216976644,0.08551223233867422,Fair,"alpha=1.0,eps=0.1",OK,0.5612213628944736,0.07936287441839575,0.15932725504442152,0.11781046444869167,0.08227804319401753,0.007221173594981602,0.006507625666394316,0.48826207862108484,-0.002790538345051442,True,True,,,-11.511221476627162
dirichlet_58,0.5565926555729748,0.08276567964249922,0.16014859027608522,0.11498084216976644,0.08551223233867422,Fair,"alpha=2.0,eps=0.02",OK,0.5570532905222426,0.08242501425453828,0.1600684857747013,0.11526420672641018,0.08518900272210764,0.0007207128770677063,0.0006495382275357332,0.4865950707741982,-0.000279350054111595,True,True,,,-249.9574523398237
dirichlet_58,0.5565926555729748,0.08276567964249922,0.16014859027608522,0.11498084216976644,0.08551223233867422,Fair,"alpha=2.0,eps=0.05",OK,0.557744242790355,0.08191401637780503,0.1599483290579836,0.11568925355125695,0.08470415822259958,0.0018017820216756628,0.0016238454124307034,0.48687171326319906,-0.0006983749666582657,True,True,,,-99.98298093592948
dirichlet_58,0.5565926555729748,0.08276567964249922,0.16014859027608522,0.11498084216976644,0.08551223233867422,Fair,"alpha=2.0,eps=0.1",OK,0.5588958302892678,0.08106235271981187,0.15974806775488656,0.11639766494897504,0.0838960842870588,0.003603564344053691,0.003247691100493311,0.48733278422504517,-0.0013967502568087674,True,True,,,-49.99149046796474
dirichlet_59,0.03997960281615355,0.18664202156865076,0.2200759303432514,0.08243996892434241,0.47086247634760175,Avg,rho=0.5,OK,0.0,0.12254140564941433,0.190412761558268,0.0,0.6870458327923177,0.24519125854091722,0.22162751697154934,0.49647699969477005,-0.06628435532010356,True,True,,,
dirichlet_59,0.03997960281615355,0.18664202156865076,0.2200759303432514,0.08243996892434241,0.47086247634760175,Cert,,FLOOR_COLLAPSED,0.03997960281615356,0.18664202156865078,0.22007593034325146,0.08243996892434242,0.47086247634760187,1.2813490069415586e-16,1.4740565800425747e-16,0.4369596098484253,4.782990179367924e-17,False,True,4.782990179367924e-17,-0.0,
dirichlet_59,0.03997960281615355,0.18664202156865076,0.2200759303432514,0.08243996892434241,0.47086247634760175,MaxMin,c=0.0,INFEASIBLE_BALL_MISSES_SIMPLEX,,,,,,,,,,False,False,,,
dirichlet_59,0.03997960281615355,0.18664202156865076,0.2200759303432514,0.08243996892434241,0.47086247634760175,MaxMin,c=0.25,INFEASIBLE_BALL_MISSES_SIMPLEX,,,,,,,,,,False,False,,,
dirichlet_59,0.03997960281615355,0.18664202156865076,0.2200759303432514,0.08243996892434241,0.47086247634760175,MaxMin,c=0.5,OK,0.0025010135914827624,0.1513647804757776,0.1887254803460076,0.04589436981799661,0.6115143557687355,0.15732295160962648,0.1425003462328653,0.4753217753730272,-0.029617712616661095,True,True,-0.029617712616661095,,
dirichlet_59,0.03997960281615355,0.18664202156865076,0.2200759303432514,0.08243996892434241,0.47086247634760175,MaxMin,c=0.75,OK,0.022625168336457717,0.17030691979892615,0.2055591264389036,0.06551755486520236,0.5359912305605101,0.07284828250857403,0.06598468547488265,0.45472318371469306,-0.013714461074376811,True,True,-0.013714461074376811,,
dirichlet_59,0.03997960281615355,0.18664202156865076,0.2200759303432514,0.08243996892434241,0.47086247634760175,MaxMin,c=0.9,OK,0.03317826094319056,0.18024016434907278,0.21438667862077407,0.07580793931446338,0.4963869567724993,0.028549825393542824,0.02585992674204799,0.44392129672398833,-0.005374807141045754,True,True,-0.005374807141045754,,
dirichlet_59,0.03997960281615355,0.18664202156865076,0.2200759303432514,0.08243996892434241,0.47086247634760175,MaxMin,c=1.0,OK,0.03997960281615356,0.18664202156865078,0.22007593034325146,0.08243996892434242,0.47086247634760187,1.2813490069415586e-16,1.4740565800425747e-16,0.4369596098484253,4.782990179367924e-17,False,True,4.782990179367924e-17,,
dirichlet_59,0.03997960281615355,0.18664202156865076,0.2200759303432514,0.08243996892434241,0.47086247634760175,Fair,"alpha=0.0,eps=0.02",OK,0.14419855611403518,0.16227761251661535,0.1939190146094302,0.05568509423331351,0.4439197225266059,0.11653812337110378,0.10400300251814021,0.42110899284401454,-0.01999999999999994,True,True,,,0.1037874992072881
dirichlet_59,0.03997960281615355,0.18664202156865076,0.2200759303432514,0.08243996892434241,0.47086247634760175,Fair,"alpha=0.0,eps=0.05",OK,0.30052698606085754,0.12573099893856213,0.15468364100869825,0.015552782196770129,0.40350559179511186,0.2913453084277595,0.2600075062953506,0.39733306733739826,-0.05,True,True,,,0.25946874801822034
dirichlet_59,0.03997960281615355,0.18664202156865076,0.2200759303432514,0.08243996892434241,0.47086247634760175,Fair,"alpha=0.0,eps=0.1",OK,0.5090662273220747,0.06505491542012574,0.08932235249330105,0.0,0.3365565047644985,0.5260766353599281,0.46976578549966314,0.359415423186965,-0.09999999999999998,True,True,,,0.5183815351717949
dirichlet_59,0.03997960281615355,0.18664202156865076,0.2200759303432514,0.08243996892434241,0.47086247634760175,Fair,"alpha=1.0,eps=0.02",OK,0.04090534372552711,0.18596146081678033,0.2199116632556325,0.08300589349320756,0.4702156387088526,0.0014442341890762813,0.001301524656326414,0.4366652179241803,-0.0005581074309012459,True,True,,,-19.558411038797665
dirichlet_59,0.03997960281615355,0.18664202156865076,0.2200759303432514,0.08243996892434241,0.47086247634760175,Fair,"alpha=1.0,eps=0.05",OK,0.042293955893932006,0.1849406190080197,0.21966526291833957,0.08385478066953098,0.46924538151017775,0.003610586733949918,0.0032538127808609874,0.43622362976393325,-0.001395269129668387,True,True,,,-14.976957379426887
dirichlet_59,0.03997960281615355,0.18664202156865076,0.2200759303432514,0.08243996892434241,0.47086247634760175,Fair,"alpha=1.0,eps=0.1",OK,0.044608309411098036,0.18323921628434728,0.21925459560569677,0.08526959203642301,0.4676282866624349,0.007221173669988878,0.006507625743060184,0.43548764966173387,-0.002790538390142976,True,True,,,-11.511221476627162
dirichlet_59,0.03997960281615355,0.18664202156865076,0.2200759303432514,0.08243996892434241,0.47086247634760175,Fair,"alpha=2.0,eps=0.02",OK,0.04044023777206075,0.18630135616752014,0.2199958258453538,0.08272333348470075,0.47053924673036457,0.0007207128889099426,0.0006495382384012682,0.4368127112238747,-0.00027935006486329013,True,True,,,-249.9574523398237
dirichlet_59,0.03997960281615355,0.18664202156865076,0.2200759303432514,0.08243996892434241,0.47086247634760175,Fair,"alpha=2.0,eps=0.05",OK,0.04113119018543,0.18579035805309066,0.21987566913105677,0.0831483804655456,0.470054402164877,0.0018017823293669762,0.0016238456926112729,0.43659236324717704,-0.0006983751722047533,True,True,,,-99.98298093592948
dirichlet_59,0.03997960281615355,0.18664202156865076,0.2200759303432514,0.08243996892434241,0.47086247634760175,Fair,"alpha=2.0,eps=0.1",OK,0.042282777632040004,0.18493869480690844,0.2196754070396591,0.08385679310910045,0.46924632741229205,0.0036035653675408215,0.0032476920112174705,0.4362251164023821,-0.001396750134885306,True,True,,,-49.99149046796474
dirichlet_60,0.37772833736057115,0.0550031029456836,0.01991622048808111,0.038302120577779875,0.5090502186278844,Avg,rho=0.5,OK,0.37039235834752926,0.0,0.0,4.380176776841436e-17,0.6296076416524705,0.13955987405893902,0.12646509695934138,0.5660767502606914,-0.04555403163369273,True,True,,,
dirichlet_60,0.37772833736057115,0.0550031029456836,0.01991622048808111,0.038302120577779875,0.5090502186278844,Cert,,FLOOR_COLLAPSED,0.37772833736057115,0.0550031029456836,0.01991622048808111,0.038302120577779875,0.5090502186278844,0.0,0.0,0.5218504525410639,0.0,False,True,0.0,-0.0,
dirichlet_60,0.37772833736057115,0.0550031029456836,0.01991622048808111,0.038302120577779875,0.5090502186278844,MaxMin,c=0.0,INFEASIBLE_BALL_MISSES_SIMPLEX,,,,,,,,,,False,False,,,
dirichlet_60,0.37772833736057115,0.0550031029456836,0.01991622048808111,0.038302120577779875,0.5090502186278844,MaxMin,c=0.25,INFEASIBLE_BALL_MISSES_SIMPLEX,,,,,,,,,,False,False,,,
dirichlet_60,0.37772833736057115,0.0550031029456836,0.01991622048808111,0.038302120577779875,0.5090502186278844,MaxMin,c=0.5,INFEASIBLE_BALL_MISSES_SIMPLEX,,,,,,,,,,False,False,,,
dirichlet_60,0.37772833736057115,0.0550031029456836,0.01991622048808111,0.038302120577779875,0.5090502186278844,MaxMin,c=0.75,OK,0.3711714013929116,0.016364259200363863,1.0408340855860843e-16,9.020562075079397e-17,0.6124643394067244,0.11871875298790995,0.10757705629490744,0.5597808198431055,-0.03209478025149827,True,True,-0.03209478025149827,,
dirichlet_60,0.37772833736057115,0.0550031029456836,0.01991622048808111,0.038302120577779875,0.5090502186278844,MaxMin,c=0.9,OK,0.36512219803068025,0.04313739973777867,0.009371316080102686,0.02600979784740175,0.5563592883040367,0.052916480817670766,0.04793081213384415,0.5366082123229327,-0.009962088210954706,True,True,-0.009962088210954706,,
dirichlet_60,0.37772833736057115,0.0550031029456836,0.01991622048808111,0.038302120577779875,0.5090502186278844,MaxMin,c=1.0,OK,0.37772833736057115,0.0550031029456836,0.01991622048808111,0.038302120577779875,0.5090502186278844,0.0,0.0,0.5218504525410639,0.0,False,True,0.0,,
dirichlet_60,0.37772833736057115,0.0550031029456836,0.01991622048808111,0.038302120577779875,0.5090502186278844,Fair,"alpha=0.0,eps=0.02",OK,0.4754433601781247,0.030561533681821844,0.0,0.011618771845897751,0.4823763342941558,0.10938815765813681,0.09763070980375342,0.5391813914455805,-0.02000000000000002,True,True,,,0.10356991678093314
dirichlet_60,0.37772833736057115,0.0550031029456836,0.01991622048808111,0.038302120577779875,0.5090502186278844,Fair,"alpha=0.0,eps=0.05",OK,0.5559586505921114,0.0,0.0,0.0,0.4440413494078887,0.20219111564263537,0.18064809639536436,0.5468061653843036,-0.05000000000000001,True,True,,,0.2572327529957362
dirichlet_60,0.37772833736057115,0.0550031029456836,0.01991622048808111,0.038302120577779875,0.5090502186278844,Fair,"alpha=0.0,eps=0.1",OK,0.6183615554916992,0.0,0.0,0.0,0.38163844450830087,0.28111768970554124,0.2510508305202295,0.54032578330168,-0.09999999999999999,True,True,,,0.5103449215051217
dirichlet_60,0.37772833736057115,0.0550031029456836,0.01991622048808111,0.038302120577779875,0.5090502186278844,Fair,"alpha=1.0,eps=0.02",OK,0.37865407877693047,0.05432254182947758,0.0197519534317824,0.038868045292079094,0.5084033806697306,0.0014442348822136918,0.0013015252816234854,0.5218666249993269,-0.0005581077279713422,True,True,,,-19.55841103879766
dirichlet_60,0.37772833736057115,0.0550031029456836,0.01991622048808111,0.038302120577779875,0.5090502186278844,Fair,"alpha=1.0,eps=0.05",OK,0.38004269065259916,0.053301700286112454,0.01950555311475442,0.03971693213953695,0.5074331238069971,0.003610586832753572,0.0032538128699428873,0.5218908836379716,-0.001395269209480647,True,True,,,-14.976957379426887
dirichlet_60,0.37772833736057115,0.0550031029456836,0.01991622048808111,0.038302120577779875,0.5090502186278844,Fair,"alpha=1.0,eps=0.1",OK,0.3823570477485726,0.05160029754532019,0.019094886374580993,0.04113174102387165,0.5058160273076546,0.007221175772651142,0.006507627599620001,0.5219313151210545,-0.002790538462206437,True,True,,,-11.511221476627162
dirichlet_60,0.37772833736057115,0.0550031029456836,0.01991622048808111,0.038302120577779875,0.5090502186278844,Fair,"alpha=2.0,eps=0.02",OK,0.37818897230925314,0.05466243755746122,0.019836115986178595,0.038585485134250794,0.5087269890128563,0.0007207128761165289,0.0006495382266920172,0.5218579363419084,-0.00027935005433644966,True,True,,,-249.9574523398237
dirichlet_60,0.37772833736057115,0.0550031029456836,0.01991622048808111,0.038302120577779875,0.5090502186278844,Fair,"alpha=2.0,eps=0.05",OK,0.3788799244075188,0.0541514395903684,0.019715959323471158,0.039010531944601946,0.5082421447340396,0.0018017818442007162,0.001623845256981908,0.521869162005473,-0.0006983750410943048,True,True,,,-99.98298093592948
dirichlet_60,0.37772833736057115,0.0550031029456836,0.01991622048808111,0.038302120577779875,0.5090502186278844,Fair,"alpha=2.0,eps=0.1",OK,0.38003151210564423,0.053299775951384076,0.019515697979984925,0.03971894338351912,0.5074340705794678,0.003603564403837832,0.003247691155487522,0.5218878715559215,-0.0013967503153841723,True,True,,,-49.99149046796474
dirichlet_61,0.15207453155357126,0.17901214086248043,0.05888249441480218,0.22308235426659764,0.38694847890254835,Avg,rho=0.5,OK,0.09011409472634459,0.13024207397014723,8.777802432396314e-18,0.22927517164234928,0.550368659661159,0.19086453251256244,0.17330058658043937,0.4326708858004738,-0.05242038610870646,True,True,,,
dirichlet_61,0.15207453155357126,0.17901214086248043,0.05888249441480218,0.22308235426659764,0.38694847890254835,Cert,,FLOOR_COLLAPSED,0.15207453155357128,0.17901214086248046,0.058882494414802186,0.22308235426659767,0.3869484789025484,7.376145397762941e-17,9.174366254490918e-17,0.39765346483844743,3.229858921078577e-17,False,True,3.229858921078577e-17,-0.0,
dirichlet_61,0.15207453155357126,0.17901214086248043,0.05888249441480218,0.22308235426659764,0.38694847890254835,MaxMin,c=0.0,INFEASIBLE_BALL_MISSES_SIMPLEX,,,,,,,,,,False,False,,,
dirichlet_61,0.15207453155357126,0.17901214086248043,0.05888249441480218,0.22308235426659764,0.38694847890254835,MaxMin,c=0.25,INFEASIBLE_BALL_MISSES_SIMPLEX,,,,,,,,,,False,False,,,
dirichlet_61,0.15207453155357126,0.17901214086248043,0.05888249441480218,0.22308235426659764,0.38694847890254835,MaxMin,c=0.5,OK,0.11395860299057828,0.14335739101474182,0.026167713341236448,0.21249425281936637,0.5040220398340771,0.1327127298304898,0.12037771681707626,0.42109631303489886,-0.02994291658873527,True,True,-0.02994291658873527,,
dirichlet_61,0.15207453155357126,0.17901214086248043,0.05888249441480218,0.22308235426659764,0.38694847890254835,MaxMin,c=0.75,OK,0.13698300530907176,0.16480703280477918,0.04625858970819613,0.2083665157186693,0.44358485645928364,0.06334932830171619,0.05738070080844857,0.40822245732002194,-0.011926182295094595,True,True,-0.011926182295094595,,
dirichlet_61,0.15207453155357126,0.17901214086248043,0.05888249441480218,0.22308235426659764,0.38694847890254835,MaxMin,c=0.9,OK,0.14633716208562125,0.17361176240248932,0.054083244540629224,0.21748781058610445,0.40848002038515585,0.02408361461425265,0.02181451203372859,0.40167149547288244,-0.004533995638381527,True,True,-0.004533995638381527,,
dirichlet_61,0.15207453155357126,0.17901214086248043,0.05888249441480218,0.22308235426659764,0.38694847890254835,MaxMin,c=1.0,OK,0.15207453155357128,0.17901214086248046,0.058882494414802186,0.22308235426659767,0.3869484789025484,7.376145397762941e-17,9.174366254490918e-17,0.39765346483844743,3.229858921078577e-17,False,True,3.229858921078577e-17,,
dirichlet_61,0.15207453155357126,0.17901214086248043,0.05888249441480218,0.22308235426659764,0.38694847890254835,Fair,"alpha=0.0,eps=0.02",OK,0.25629348485145287,0.15464773181044503,0.03272557868098092,0.19632747957556876,0.36000572508155243,0.1165381233711038,0.10400300251814024,0.39343690016151245,-0.019999999999999973,True,True,,,0.10378749920728811
dirichlet_61,0.15207453155357126,0.17901214086248043,0.05888249441480218,0.22308235426659764,0.38694847890254835,Fair,"alpha=0.0,eps=0.05",OK,0.4058375339028689,0.11802063086116558,0.0,0.15626977770778852,0.319872057528177,0.28380616711568885,0.2532867164579129,0.3865911338769345,-0.04999999999999997,True,True,,,0.25924178340643617
dirichlet_61,0.15207453155357126,0.17901214086248043,0.05888249441480218,0.22308235426659764,0.38694847890254835,Fair,"alpha=0.0,eps=0.1",OK,0.5982343526617103,0.0563010952852949,0.0,0.09013206616387483,0.25533248588912,0.5025756495791552,0.44865953381927176,0.37081697614731224,-0.09999999999999996,True,True,,,0.5164306231102695
dirichlet_61,0.15207453155357126,0.17901214086248043,0.05888249441480218,0.22308235426659764,0.38694847890254835,Fair,"alpha=1.0,eps=0.02",OK,0.1530002724629449,0.17833158011060998,0.058718227327183216,0.22364827883546282,0.3863016412637992,0.0014442341890763652,0.0013015246563264893,0.3975749448325527,-0.0005581074309012643,True,True,,,-19.558411038797665
dirichlet_61,0.15207453155357126,0.17901214086248043,0.05888249441480218,0.22308235426659764,0.38694847890254835,Fair,"alpha=1.0,eps=0.05",OK,0.15438888484703212,0.1773107382202172,0.05847182704991764,0.22449716582325627,0.38533138405957684,0.003610586832449055,0.003253812869298461,0.39745716465761394,-0.0013952691951232199,True,True,,,-14.976957379426889
dirichlet_61,0.15207453155357126,0.17901214086248043,0.05888249441480218,0.22308235426659764,0.38694847890254835,Fair,"alpha=1.0,eps=0.1",OK,0.15670323804870845,0.17560933477199633,0.058061160464991685,0.2259119777900763,0.3837142889242273,0.007221174188812244,0.006507626229782822,0.3972608643702778,-0.0027905390420474405,True,True,,,-11.511221476627162
dirichlet_61,0.15207453155357126,0.17901214086248043,0.05888249441480218,0.22308235426659764,0.38694847890254835,Fair,"alpha=2.0,eps=0.02",OK,0.15253516650266294,0.17867147547350784,0.058802389912998444,0.22336571882301431,0.38662524928781655,0.0007207128765678154,0.0006495382271101143,0.3976140785793918,-0.00027935005495025034,True,True,,,-249.9574523398237
dirichlet_61,0.15207453155357126,0.17901214086248043,0.05888249441480218,0.22308235426659764,0.38694847890254835,Fair,"alpha=2.0,eps=0.05",OK,0.15322611894179886,0.1781604773698441,0.05868223313716123,0.22379076566910874,0.38614040488208706,0.001801782210615081,0.0016238455852238363,0.39755499919630327,-0.0006983751542562099,True,True,,,-99.98298093592948
dirichlet_61,0.15207453155357126,0.17901214086248043,0.05888249441480218,0.22308235426659764,0.38694847890254835,Fair,"alpha=2.0,eps=0.1",OK,0.15437770724338865,0.17730881394425632,0.05848197139941666,0.22449917668373565,0.38533233072920275,0.003603564931325542,0.0032476916167696315,0.3974565335504713,-0.0013967502564288699,True,True,,,-49.99149046796474
dirichlet_62,0.021334524347257945,0.12408209868808634,0.539515651041088,0.12210691302387683,0.19296081289969094,Avg,rho=0.5,OK,2.3367614307147894e-17,0.0073477686015820986,0.8402950338460825,0.010369002769299484,0.14198819478303593,0.3458812964821145,0.3108700093694204,0.5758588086735259,-0.0917947800206183,True,True,,,
dirichlet_62,0.021334524347257945,0.12408209868808634,0.539515651041088,0.12210691302387683,0.19296081289969094,Cert,,FLOOR_COLLAPSED,0.021334524347257945,0.12408209868808634,0.539515651041088,0.12210691302387683,0.19296081289969094,0.0,0.0,0.4760310283580792,0.0,False,True,0.0,-0.0,
dirichlet_62,0.021334524347257945,0.12408209868808634,0.539515651041088,0.12210691302387683,0.19296081289969094,MaxMin,c=0.0,INFEASIBLE_BALL_MISSES_SIMPLEX,,,,,,,,,,False,False,,,
dirichlet_62,0.021334524347257945,0.12408209868808634,0.539515651041088,0.12210691302387683,0.19296081289969094,MaxMin,c=0.25,INFEASIBLE_BALL_MISSES_SIMPLEX,,,,,,,,,,False,False,,,
dirichlet_62,0.021334524347257945,0.12408209868808634,0.539515651041088,0.12210691302387683,0.19296081289969094,MaxMin,c=0.5,OK,1.491862189340054e-16,0.07330660546178584,0.7057153312702412,0.07180351968730578,0.14917454358066706,0.18735878712198817,0.16894827119440342,0.5312653726552733,-0.03946934557493631,True,True,-0.03946934557493631,,
dirichlet_62,0.021334524347257945,0.12408209868808634,0.539515651041088,0.12210691302387683,0.19296081289969094,MaxMin,c=0.75,OK,0.002422505596098159,0.10454287488407604,0.6133747268792415,0.10299406168934724,0.17666583095123703,0.08261619893586128,0.07444750313234942,0.501427368762794,-0.015089247666118105,True,True,-0.015089247666118105,,
dirichlet_62,0.021334524347257945,0.12408209868808634,0.539515651041088,0.12210691302387683,0.19296081289969094,MaxMin,c=0.9,OK,0.013827347616638818,0.1163259512240919,0.5688342099306944,0.1145200152589004,0.18649247596967455,0.0327947224663926,0.02955213668734299,0.48611217401670787,-0.005989717462324557,True,True,-0.005989717462324557,,
dirichlet_62,0.021334524347257945,0.12408209868808634,0.539515651041088,0.12210691302387683,0.19296081289969094,MaxMin,c=1.0,OK,0.021334524347257945,0.12408209868808634,0.539515651041088,0.12210691302387683,0.19296081289969094,0.0,0.0,0.4760310283580792,0.0,False,True,0.0,,
dirichlet_62,0.021334524347257945,0.12408209868808634,0.539515651041088,0.12210691302387683,0.19296081289969094,Fair,"alpha=0.0,eps=0.02",OK,0.12555347764513955,0.0997176896360509,0.5133587353072667,0.09535203833284792,0.16601805907869496,0.11653812337110382,0.10400300251814025,0.4582452852868581,-0.020000000000000018,True,True,,,0.10378749920728816
dirichlet_62,0.021334524347257945,0.12408209868808634,0.539515651041088,0.12210691302387683,0.19296081289969094,Fair,"alpha=0.0,eps=0.05",OK,0.2818819075919619,0.06317107605799772,0.47412336170653474,0.05521972629630453,0.125603928347201,0.2913453084277595,0.2600075062953506,0.43156667068002635,-0.05000000000000012,True,True,,,0.25946874801822034
dirichlet_62,0.021334524347257945,0.12408209868808634,0.539515651041088,0.12210691302387683,0.19296081289969094,Fair,"alpha=0.0,eps=0.1",OK,0.5306087010345188,0.002313451199131261,0.40873811834503126,0.0,0.05833972942131868,0.5694940631252942,0.5082976125139466,0.38803341780044764,-0.09999999999999999,True,True,,,0.5188111353345122
dirichlet_62,0.021334524347257945,0.12408209868808634,0.539515651041088,0.12210691302387683,0.19296081289969094,Fair,"alpha=1.0,eps=0.02",OK,0.02226026525663155,0.1234015379362159,0.539351383953469,0.12267283759274193,0.19231397526094163,0.001444234189076371,0.0013015246563264913,0.4758814985144063,-0.0005581074309012938,True,True,,,-19.558411038797665
dirichlet_62,0.021334524347257945,0.12408209868808634,0.539515651041088,0.12210691302387683,0.19296081289969094,Fair,"alpha=1.0,eps=0.05",OK,0.023648877631149284,0.12238069604881098,0.5391049836811579,0.12352172456031382,0.19134371807856806,0.003610586806634262,0.003253812846184356,0.47565720376345855,-0.0013952691926393491,True,True,,,-14.976957379426887
dirichlet_62,0.021334524347257945,0.12408209868808634,0.539515651041088,0.12210691302387683,0.19296081289969094,Fair,"alpha=1.0,eps=0.1",OK,0.025963231236798612,0.12067929351575792,0.538694316003823,0.12493653603823153,0.18972662320538902,0.007221173805943182,0.006507625858874601,0.4752833790359646,-0.002790538301211999,True,True,,,-11.511221476627162
dirichlet_62,0.021334524347257945,0.12408209868808634,0.539515651041088,0.12210691302387683,0.19296081289969094,Fair,"alpha=2.0,eps=0.02",OK,0.02179515945036993,0.12374143340182955,0.5394355464613345,0.12239027735683113,0.19263758332963493,0.0007207128272246292,0.0006495381789542093,0.4759571198827338,-0.0002793499710523632,True,True,,,-249.9574523398237
dirichlet_62,0.021334524347257945,0.12408209868808634,0.539515651041088,0.12210691302387683,0.19296081289969094,Fair,"alpha=2.0,eps=0.05",OK,0.02248611192397931,0.12323043475558601,0.5393153900638753,0.12281532429886102,0.19215273895769847,0.0018017824202791772,0.0016238457823683032,0.47584625734272984,-0.0006983755109265015,True,True,,,-99.98298093592948
dirichlet_62,0.021334524347257945,0.12408209868808634,0.539515651041088,0.12210691302387683,0.19296081289969094,Fair,"alpha=2.0,eps=0.1",OK,0.023637698866389206,0.12237877198231337,0.5391151283504793,0.1235237356456154,0.19134466515520285,0.003603563934683485,0.003247690729739294,0.475661486133669,-0.0013967500817044206,True,True,,,-49.99149046796474
dirichlet_63,0.1490674187507863,0.2135810186979908,0.03391325207912303,0.5891182333407776,0.014320077131322375,Avg,rho=0.5,OK,0.0012492591623457893,0.11908447066430969,7.667389884149208e-17,0.8796662701733443,0.0,0.34139880034540715,0.30562748443244936,0.6295387421486903,-0.11478913247175045,True,True,,,
dirichlet_63,0.1490674187507863,0.2135810186979908,0.03391325207912303,0.5891182333407776,0.014320077131322375,Cert,,FLOOR_COLLAPSED,0.1490674187507863,0.2135810186979908,0.03391325207912303,0.5891182333407776,0.014320077131322375,0.0,0.0,0.5266929747464206,0.0,False,True,0.0,-0.0,
dirichlet_63,0.1490674187507863,0.2135810186979908,0.03391325207912303,0.5891182333407776,0.014320077131322375,MaxMin,c=0.0,INFEASIBLE_BALL_MISSES_SIMPLEX,,,,,,,,,,False,False,,,
dirichlet_63,0.1490674187507863,0.2135810186979908,0.03391325207912303,0.5891182333407776,0.014320077131322375,MaxMin,c=0.25,INFEASIBLE_BALL_MISSES_SIMPLEX,,,,,,,,,,False,False,,,
dirichlet_63,0.1490674187507863,0.2135810186979908,0.03391325207912303,0.5891182333407776,0.014320077131322375,MaxMin,c=0.5,INFEASIBLE_BALL_MISSES_SIMPLEX,,,,,,,,,,False,False,,,
dirichlet_63,0.1490674187507863,0.2135810186979908,0.03391325207912303,0.5891182333407776,0.014320077131322375,MaxMin,c=0.75,OK,0.12139573742560376,0.18854659825018855,0.006984082763180055,0.6830735815610277,0.0,0.10559496381363077,0.09458583350889867,0.562822013469982,-0.02105572732598672,True,True,-0.02105572732598672,,
dirichlet_63,0.1490674187507863,0.2135810186979908,0.03391325207912303,0.5891182333407776,0.014320077131322375,MaxMin,c=0.9,OK,0.13986545469643358,0.20529265107787026,0.024821413082115898,0.6247363046211972,0.005284176522382981,0.03982874863918078,0.03565714185211702,0.540749769085713,-0.006972520509050747,True,True,-0.006972520509050747,,
dirichlet_63,0.1490674187507863,0.2135810186979908,0.03391325207912303,0.5891182333407776,0.014320077131322375,MaxMin,c=1.0,OK,0.1490674187507863,0.2135810186979908,0.03391325207912303,0.5891182333407776,0.014320077131322375,0.0,0.0,0.5266929747464206,0.0,False,True,0.0,,
dirichlet_63,0.1490674187507863,0.2135810186979908,0.03391325207912303,0.5891182333407776,0.014320077131322375,Fair,"alpha=0.0,eps=0.02",OK,0.23987621233165934,0.18927279524943408,0.008272632771666701,0.56257835964724,0.0,0.10199998814717788,0.09112909805117836,0.5207070752825219,-0.019999999999999997,True,True,,,0.10313561832826658
dirichlet_63,0.1490674187507863,0.2135810186979908,0.03391325207912303,0.5891182333407776,0.014320077131322375,Fair,"alpha=0.0,eps=0.05",OK,0.32401319560376884,0.15253741474434557,0.0,0.5234493896518857,0.0,0.1999997918234125,0.17886893825035496,0.5065310116748344,-0.050000000000000044,True,True,,,0.25577137338692296
dirichlet_63,0.1490674187507863,0.2135810186979908,0.03391325207912303,0.5891182333407776,0.014320077131322375,Fair,"alpha=0.0,eps=0.1",OK,0.4504790341399828,0.09113835893349573,0.0,0.45838260692652155,0.0,0.35254523697149265,0.3153982674061485,0.4816259211940549,-0.1,True,True,,,0.509713471185068
dirichlet_63,0.1490674187507863,0.2135810186979908,0.03391325207912303,0.5891182333407776,0.014320077131322375,Fair,"alpha=1.0,eps=0.02",OK,0.1499931604119168,0.2129004577368091,0.03374898463110429,0.5896841580562422,0.013673239163927514,0.0014442350152080322,0.0013015253939596071,0.5269576060307513,-0.0005581076051318283,True,True,,,-19.558411038797665
dirichlet_63,0.1490674187507863,0.2135810186979908,0.03391325207912303,0.5891182333407776,0.014320077131322375,Fair,"alpha=1.0,eps=0.05",OK,0.15138177184037935,0.2118796161264749,0.03350258486826586,0.5905330448894048,0.012702982275474986,0.003610586653534294,0.00325381270959628,0.5273545527248019,-0.001395269135558831,True,True,,,-14.976957379426887
dirichlet_63,0.1490674187507863,0.2135810186979908,0.03391325207912303,0.5891182333407776,0.014320077131322375,Fair,"alpha=1.0,eps=0.1",OK,0.15369612518148404,0.21017821351367239,0.033091917743197204,0.5919478565286694,0.011085887032977033,0.007221173686670859,0.006507625758565315,0.5280161307705401,-0.0027905383028054022,True,True,,,-11.51122147662716
dirichlet_63,0.1490674187507863,0.2135810186979908,0.03391325207912303,0.5891182333407776,0.014320077131322375,Fair,"alpha=2.0,eps=0.02",OK,0.14952805371018485,0.21324035346274275,0.03383314751697704,0.5894015978480166,0.013996847462078904,0.0007207128223122824,0.0006495381747429837,0.5268251996529051,-0.00027934992938199635,True,True,,,-249.95745233982367
dirichlet_63,0.1490674187507863,0.2135810186979908,0.03391325207912303,0.5891182333407776,0.014320077131322375,Fair,"alpha=2.0,eps=0.05",OK,0.15021900612371836,0.21272935522744033,0.03371299082363869,0.5898266447322401,0.013512003092962452,0.0018017821916202629,0.0016238455679083604,0.5270235370116093,-0.0006983751358420587,True,True,,,-99.98298093592948
dirichlet_63,0.1490674187507863,0.2135810186979908,0.03391325207912303,0.5891182333407776,0.014320077131322375,Fair,"alpha=2.0,eps=0.1",OK,0.15137059349531248,0.21187769175001842,0.03351272968296348,0.590535056018448,0.012703929053257507,0.0036035643320927973,0.0032476910904999544,0.5273540992289829,-0.0013967502757237813,True,True,,,-49.99149046796474
dirichlet_64,0.27289635015312375,0.3762975744933238,0.12865170368103365,0.01937795506920209,0.20277641660331686,Avg,rho=0.5,OK,0.312640423427658,0.5104190878919322,0.016255514748602307,4.293546482161005e-17,0.1606849739318075,0.18533286187870845,0.16597033728392332,0.4393825787996829,-0.0895302248268935,True,True,,,
dirichlet_64,0.27289635015312375,0.3762975744933238,0.12865170368103365,0.01937795506920209,0.20277641660331686,Cert,,FLOOR_COLLAPSED,0.27289635015312375,0.3762975744933238,0.12865170368103365,0.01937795506920209,0.20277641660331686,0.0,0.0,0.4087957030853519,0.0,False,True,0.0,-0.0,
dirichlet_64,0.27289635015312375,0.3762975744933238,0.12865170368103365,0.01937795506920209,0.20277641660331686,MaxMin,c=0.0,INFEASIBLE_BALL_MISSES_SIMPLEX,,,,,,,,,,False,False,,,
dirichlet_64,0.27289635015312375,0.3762975744933238,0.12865170368103365,0.01937795506920209,0.20277641660331686,MaxMin,c=0.25,INFEASIBLE_BALL_MISSES_SIMPLEX,,,,,,,,,,False,False,,,
dirichlet_64,0.27289635015312375,0.3762975744933238,0.12865170368103365,0.01937795506920209,0.20277641660331686,MaxMin,c=0.5,INFEASIBLE_BALL_MISSES_SIMPLEX,,,,,,,,,,False,False,,,
dirichlet_64,0.27289635015312375,0.3762975744933238,0.12865170368103365,0.01937795506920209,0.20277641660331686,MaxMin,c=0.75,OK,0.26307977518281833,0.44754464011246864,0.10705177928505574,2.532696274926138e-16,0.182323805419657,0.08020524100264455,0.07267651838079632,0.4222382603964323,-0.017016040409730204,True,True,-0.017016040409730204,,
dirichlet_64,0.27289635015312375,0.3762975744933238,0.12865170368103365,0.01937795506920209,0.20277641660331686,MaxMin,c=0.9,OK,0.2661307878852417,0.40430116141425243,0.12114751121669569,0.01268620969332845,0.1957343297904816,0.03131544444256629,0.02840883090840176,0.41371112485080774,-0.00592945146785575,True,True,-0.00592945146785575,,
dirichlet_64,0.27289635015312375,0.3762975744933238,0.12865170368103365,0.01937795506920209,0.20277641660331686,MaxMin,c=1.0,OK,0.27289635015312375,0.3762975744933238,0.12865170368103365,0.01937795506920209,0.20277641660331686,0.0,0.0,0.4087957030853519,0.0,False,True,0.0,,
dirichlet_64,0.27289635015312375,0.3762975744933238,0.12865170368103365,0.01937795506920209,0.20277641660331686,Fair,"alpha=0.0,eps=0.02",OK,0.36964156558262246,0.3519669269499397,0.10249924286498563,0.0,0.1758922646024522,0.10832280967822536,0.09671022734595719,0.41561180753799876,-0.02000000000000008,True,True,,,0.10370760583657783
dirichlet_64,0.27289635015312375,0.3762975744933238,0.12865170368103365,0.01937795506920209,0.20277641660331686,Fair,"alpha=0.0,eps=0.05",OK,0.48531096769812443,0.3156039845340359,0.06328810514580586,0.0,0.1357969426220339,0.24070279744922554,0.21508038788220515,0.4198975087412097,-0.05000000000000003,True,True,,,0.25895421446605676
dirichlet_64,0.27289635015312375,0.3762975744933238,0.12865170368103365,0.01937795506920209,0.20277641660331686,Fair,"alpha=0.0,eps=0.1",OK,0.6759664111774998,0.2549734552791729,0.0,0.0,0.06906013354332738,0.4604257012324132,0.4115658923521266,0.42678685865332405,-0.10000000000000003,True,True,,,0.5176268635888298
dirichlet_64,0.27289635015312375,0.3762975744933238,0.12865170368103365,0.01937795506920209,0.20277641660331686,Fair,"alpha=1.0,eps=0.02",OK,0.2738220910769005,0.375617013764113,0.1284874366111936,0.019943879560947692,0.20212957898684514,0.0014442341454117106,0.0013015246165970025,0.408686090794415,-0.0005581074119778661,True,True,,,-19.558411038797665
dirichlet_64,0.27289635015312375,0.3762975744933238,0.12865170368103365,0.01937795506920209,0.20277641660331686,Fair,"alpha=1.0,eps=0.05",OK,0.27521070365887995,0.37459617197389694,0.12824103578609905,0.020792766839223823,0.20115932174190038,0.003610587062800136,0.0032538130694853137,0.40852167226976105,-0.0013952691008043679,True,True,,,-14.976957379426889
dirichlet_64,0.27289635015312375,0.3762975744933238,0.12865170368103365,0.01937795506920209,0.20277641660331686,Fair,"alpha=1.0,eps=0.1",OK,0.2775250574134966,0.37289476876914696,0.1278303687188544,0.02220757865831284,0.19954222644018935,0.007221174730342682,0.0065076266970844066,0.40824764131862046,-0.00279053875226798,True,True,,,-11.51122147662716
dirichlet_64,0.27289635015312375,0.3762975744933238,0.12865170368103365,0.01937795506920209,0.20277641660331686,Fair,"alpha=2.0,eps=0.02",OK,0.2733569851021426,0.3759569091037632,0.12857159917976801,0.019661319626120888,0.20245318698820539,0.0007207128771070977,0.0006495382276092407,0.4087405307787669,-0.00027935005542621043,True,True,,,-249.9574523398237
dirichlet_64,0.27289635015312375,0.3762975744933238,0.12865170368103365,0.01937795506920209,0.20277641660331686,Fair,"alpha=2.0,eps=0.05",OK,0.27404793722585513,0.3754459110438533,0.12845144191799443,0.02008636662475284,0.20196834318754442,0.001801781831492817,0.001623845245445764,0.4086577723095985,-0.0006983751269385004,True,True,,,-99.98298093592948
dirichlet_64,0.27289635015312375,0.3762975744933238,0.12865170368103365,0.01937795506920209,0.20277641660331686,Fair,"alpha=2.0,eps=0.1",OK,0.27519952481271737,0.3745942473422359,0.12825118188863835,0.02079477724360997,0.20116026871279838,0.0036035640247305363,0.0032476908221683596,0.4085198415642852,-0.0013967504345707633,True,True,,,-49.99149046796474
dirichlet_65,0.15465467863543014,0.10921148561580822,0.06482515020679291,0.27652661212881585,0.3947820734131528,Avg,rho=0.5,OK,0.09624255560027468,0.0,2.189728068545891e-17,0.33717721117336064,0.5665802332263646,0.22963999583453945,0.20881181633841248,0.45975410907087866,-0.0909491241157826,True,True,,,
dirichlet_65,0.15465467863543014,0.10921148561580822,0.06482515020679291,0.27652661212881585,0.3947820734131528,Cert,,FLOOR_COLLAPSED,0.15465467863543014,0.10921148561580822,0.06482515020679291,0.27652661212881585,0.3947820734131528,0.0,0.0,0.41057723671229657,0.0,False,True,0.0,-0.0,
dirichlet_65,0.15465467863543014,0.10921148561580822,0.06482515020679291,0.27652661212881585,0.3947820734131528,MaxMin,c=0.0,INFEASIBLE_BALL_MISSES_SIMPLEX,,,,,,,,,,False,False,,,
dirichlet_65,0.15465467863543014,0.10921148561580822,0.06482515020679291,0.27652661212881585,0.3947820734131528,MaxMin,c=0.25,OK,0.11174905961883998,0.021019709175891212,1.3877787807814444e-17,0.32739166759885213,0.5398395636064167,0.1935197948616551,0.1762376273356151,0.4527320187000981,-0.07360557967293285,True,True,-0.07360557967293285,,
dirichlet_65,0.15465467863543014,0.10921148561580822,0.06482515020679291,0.27652661212881585,0.3947820734131528,MaxMin,c=0.5,OK,0.11004103361559489,0.067730641898621,0.025591328465055612,0.29425766614348153,0.5023793298772471,0.13092704213026074,0.11884053983563947,0.4379168755194971,-0.034845098581798364,True,True,-0.034845098581798364,,
dirichlet_65,0.15465467863543014,0.10921148561580822,0.06482515020679291,0.27652661212881585,0.3947820734131528,MaxMin,c=0.75,OK,0.13514431731775736,0.09086452771562145,0.04843975450588295,0.25958621437101015,0.46596518608972803,0.07962260270633861,0.07213659835831158,0.42465087998504175,-0.015404202738470419,True,True,-0.015404202738470419,,
dirichlet_65,0.15465467863543014,0.10921148561580822,0.06482515020679291,0.27652661212881585,0.3947820734131528,MaxMin,c=0.9,OK,0.14754337072485746,0.10251786857107145,0.05887661511842625,0.2695923327603034,0.42146981282534135,0.029850962201100867,0.027038473442807978,0.4157720646029568,-0.005619759931766709,True,True,-0.005619759931766709,,
dirichlet_65,0.15465467863543014,0.10921148561580822,0.06482515020679291,0.27652661212881585,0.3947820734131528,MaxMin,c=1.0,OK,0.15465467863543014,0.10921148561580822,0.06482515020679291,0.27652661212881585,0.3947820734131528,0.0,0.0,0.41057723671229657,0.0,False,True,0.0,,
dirichlet_65,0.15465467863543014,0.10921148561580822,0.06482515020679291,0.27652661212881585,0.3947820734131528,Fair,"alpha=0.0,eps=0.02",OK,0.25887363193331175,0.08484707656377279,0.03866823447297166,0.249771737437787,0.3678393195921569,0.1165381233711038,0.10400300251814022,0.40662845904857475,-0.01999999999999997,True,True,,,0.10378749920728811
dirichlet_65,0.15465467863543014,0.10921148561580822,0.06482515020679291,0.27652661212881585,0.3947820734131528,Fair,"alpha=0.0,eps=0.05",OK,0.41461100057776656,0.04829345085429678,0.0,0.20964592550555652,0.3274496230623802,0.2906841610576048,0.2594180367619062,0.4006613875714962,-0.04999999999999999,True,True,,,0.259448974659221
dirichlet_65,0.15465467863543014,0.10921148561580822,0.06482515020679291,0.27652661212881585,0.3947820734131528,Fair,"alpha=0.0,eps=0.1",OK,0.5927538492893868,0.0,0.0,0.1439798100637949,0.26326634064681825,0.4928746034440804,0.43982369762421514,0.38512044988494853,-0.10000000000000002,True,True,,,0.5158979252665239
dirichlet_65,0.15465467863543014,0.10921148561580822,0.06482515020679291,0.27652661212881585,0.3947820734131528,Fair,"alpha=1.0,eps=0.02",OK,0.1555804195448038,0.10853092486393776,0.06466088311917395,0.2770925366976809,0.3941352357744035,0.0014442341890763956,0.0013015246563265134,0.41056061737316124,-0.0005581074309013126,True,True,,,-19.558411038797665
dirichlet_65,0.15465467863543014,0.10921148561580822,0.06482515020679291,0.27652661212881585,0.3947820734131528,Fair,"alpha=1.0,eps=0.05",OK,0.1569690319527114,0.10751008297566612,0.0644144828049055,0.27794142367979763,0.3931649785869195,0.0036105868412057486,0.0032538128767703655,0.41053568825371195,-0.0013952691938157109,True,True,,,-14.976957379426889
dirichlet_65,0.15465467863543014,0.10921148561580822,0.06482515020679291,0.27652661212881585,0.3947820734131528,Fair,"alpha=1.0,eps=0.1",OK,0.15928338521155835,0.10580868037444938,0.064003815443567,0.279356235242177,0.3915478837282484,0.0072211736409952725,0.006507625716184018,0.4104941397845425,-0.0027905383552730067,True,True,,,-11.51122147662716
dirichlet_65,0.15465467863543014,0.10921148561580822,0.06482515020679291,0.27652661212881585,0.3947820734131528,Fair,"alpha=2.0,eps=0.02",OK,0.15511531358152114,0.10887082022994225,0.06474504570859922,0.2768099766844922,0.39445884379544516,0.0007207128738238354,0.0006495382246189577,0.41056884375184016,-0.00027935005235621126,True,True,,,-249.9574523398237
dirichlet_65,0.15465467863543014,0.10921148561580822,0.06482515020679291,0.27652661212881585,0.3947820734131528,Fair,"alpha=2.0,eps=0.05",OK,0.15580626615715248,0.10835982243091434,0.06462488892756481,0.2772350236424337,0.3939739988419346,0.0018017824413408018,0.0016238457840949375,0.410556254212705,-0.0006983749006605247,True,True,,,-99.98298093592948
dirichlet_65,0.15465467863543014,0.10921148561580822,0.06482515020679291,0.27652661212881585,0.3947820734131528,Fair,"alpha=2.0,eps=0.1",OK,0.15695785340104337,0.10750815857057404,0.0644246277396374,0.27794343493693213,0.393165925351813,0.0036035644432216027,0.0032476911918938945,0.41053527192198896,-0.0013967503565974282,True,True,,,-49.99149046796474
dirichlet_66,0.35630174649892504,0.13126811615384695,0.03163221616373337,0.16300281035140382,0.31779511083209083,Avg,rho=0.5,OK,0.48461332233733395,0.020335863480235798,3.1580035251600486e-17,0.09501276418305081,0.40003804999937953,0.2028718060688965,0.18336802059662166,0.45043148081431367,-0.0911774068243672,True,True,,,
dirichlet_66,0.35630174649892504,0.13126811615384695,0.03163221616373337,0.16300281035140382,0.31779511083209083,Cert,,FLOOR_COLLAPSED,0.35630174649892504,0.13126811615384695,0.03163221616373337,0.16300281035140382,0.31779511083209083,0.0,0.0,0.4123784998303833,0.0,False,True,0.0,-0.0,
dirichlet_66,0.35630174649892504,0.13126811615384695,0.03163221616373337,0.16300281035140382,0.31779511083209083,MaxMin,c=0.0,INFEASIBLE_BALL_MISSES_SIMPLEX,,,,,,,,,,False,False,,,
dirichlet_66,0.35630174649892504,0.13126811615384695,0.03163221616373337,0.16300281035140382,0.31779511083209083,MaxMin,c=0.25,INFEASIBLE_BALL_MISSES_SIMPLEX,,,,,,,,,,False,False,,,
dirichlet_66,0.35630174649892504,0.13126811615384695,0.03163221616373337,0.16300281035140382,0.31779511083209083,MaxMin,c=0.5,INFEASIBLE_BALL_MISSES_SIMPLEX,,,,,,,,,,False,False,,,
dirichlet_66,0.35630174649892504,0.13126811615384695,0.03163221616373337,0.16300281035140382,0.31779511083209083,MaxMin,c=0.75,OK,0.4101538677699415,0.10919225585509977,0.009337130618301465,0.13923336223201688,0.3320833835246404,0.06821734979631705,0.061362424289533285,0.4259707649143678,-0.01826350370667971,True,True,-0.01826350370667971,,
dirichlet_66,0.35630174649892504,0.13126811615384695,0.03163221616373337,0.16300281035140382,0.31779511083209083,MaxMin,c=0.9,OK,0.38980776725904426,0.12300121517335921,0.022821363621405223,0.15394642015545326,0.31042323379073805,0.037483182575863444,0.033464019799661515,0.41805776498052777,-0.006792545535575652,True,True,-0.006792545535575652,,
dirichlet_66,0.35630174649892504,0.13126811615384695,0.03163221616373337,0.16300281035140382,0.31779511083209083,MaxMin,c=1.0,OK,0.35630174649892504,0.13126811615384695,0.03163221616373337,0.16300281035140382,0.31779511083209083,0.0,0.0,0.4123784998303833,0.0,False,True,0.0,,
dirichlet_66,0.35630174649892504,0.13126811615384695,0.03163221616373337,0.16300281035140382,0.31779511083209083,Fair,"alpha=0.0,eps=0.02",OK,0.4605206997968067,0.10690370710181153,0.005475300429912109,0.13624793566037494,0.2908523570110949,0.11653812337110385,0.10400300251814028,0.42935816706269603,-0.01999999999999997,True,True,,,0.10378749920728811
dirichlet_66,0.35630174649892504,0.13126811615384695,0.03163221616373337,0.16300281035140382,0.31779511083209083,Fair,"alpha=0.0,eps=0.05",OK,0.5816650420310174,0.06993968259523875,0.0,0.09650255513055056,0.25189272024319326,0.25360559509805225,0.22639157727054762,0.44562016928028014,-0.05000000000000001,True,True,,,0.25829169989374373
dirichlet_66,0.35630174649892504,0.13126811615384695,0.03163221616373337,0.16300281035140382,0.31779511083209083,Fair,"alpha=0.0,eps=0.1",OK,0.7740618607898588,0.008220147019368088,0.0,0.030364843586636797,0.18735314860413627,0.47462916960222057,0.42381789835865596,0.4702346777182405,-0.10000000000000003,True,True,,,0.5154805395975772
dirichlet_66,0.35630174649892504,0.13126811615384695,0.03163221616373337,0.16300281035140382,0.31779511083209083,Fair,"alpha=1.0,eps=0.02",OK,0.3572274874082987,0.13058755540197653,0.03146794907611443,0.16356873492026897,0.31714827319334155,0.0014442341890763882,0.0013015246563265082,0.4124902255262312,-0.0005581074309012571,True,True,,,-19.558411038797665
dirichlet_66,0.35630174649892504,0.13126811615384695,0.03163221616373337,0.16300281035140382,0.31779511083209083,Fair,"alpha=1.0,eps=0.05",OK,0.3586160997964611,0.12956671350396143,0.031221548807341484,0.16441762190919898,0.316178015983037,0.00361058684085655,0.003253812876999743,0.4126578141267804,-0.001395269201252618,True,True,,,-14.976957379426889
dirichlet_66,0.35630174649892504,0.13126811615384695,0.03163221616373337,0.16300281035140382,0.31779511083209083,Fair,"alpha=1.0,eps=0.1",OK,0.3609304531488565,0.12786531081928337,0.030810881303809344,0.16583243348233725,0.31456092124571355,0.007221173705979205,0.0065076257755650666,0.4129371284637283,-0.0027905384329999497,True,True,,,-11.511221476627162
dirichlet_66,0.35630174649892504,0.13126811615384695,0.03163221616373337,0.16300281035140382,0.31779511083209083,Fair,"alpha=2.0,eps=0.02",OK,0.35676238145314515,0.13092745076543605,0.031552111659493974,0.16328617490934838,0.31747188121257647,0.0007207128825964395,0.0006495382324502864,0.4124338169875023,-0.0002793500545023789,True,True,,,-249.9574523398237
dirichlet_66,0.35630174649892504,0.13126811615384695,0.03163221616373337,0.16300281035140382,0.31779511083209083,Fair,"alpha=2.0,eps=0.05",OK,0.35745333380409205,0.13041645266787702,0.03143195489200738,0.16371122185708073,0.3169870367789428,0.0018017822089409438,0.0016238455843279231,0.4125167927119855,-0.0006983751489930301,True,True,,,-99.98298093592948
dirichlet_66,0.35630174649892504,0.13126811615384695,0.03163221616373337,0.16300281035140382,0.31779511083209083,Fair,"alpha=2.0,eps=0.1",OK,0.3586049209575038,0.1295647893107412,0.031231693728845947,0.16441963305123236,0.3161789629516767,0.003603564024137611,0.0032476908144052808,0.4126550855796976,-0.0013967501911863079,True,True,,,-49.99149046796474
dirichlet_67,0.046728612605807185,0.06597053899527362,0.014578853860807242,0.6150684455648643,0.25765354897324766,Avg,rho=0.5,OK,2.4953837081313255e-17,0.0,0.0,0.8584203204035941,0.1415796795964059,0.28185367900902447,0.2529259789311527,0.6479072388277399,-0.09262973689118459,True,True,,,
dirichlet_67,0.046728612605807185,0.06597053899527362,0.014578853860807242,0.6150684455648643,0.25765354897324766,Cert,,FLOOR_COLLAPSED,0.046728612605807185,0.06597053899527362,0.014578853860807242,0.6150684455648643,0.25765354897324766,0.0,0.0,0.5560630328350716,0.0,False,True,0.0,-0.0,
dirichlet_67,0.046728612605807185,0.06597053899527362,0.014578853860807242,0.6150684455648643,0.25765354897324766,MaxMin,c=0.0,INFEASIBLE_BALL_MISSES_SIMPLEX,,,,,,,,,,False,False,,,
dirichlet_67,0.046728612605807185,0.06597053899527362,0.014578853860807242,0.6150684455648643,0.25765354897324766,MaxMin,c=0.25,INFEASIBLE_BALL_MISSES_SIMPLEX,,,,,,,,,,False,False,,,
dirichlet_67,0.046728612605807185,0.06597053899527362,0.014578853860807242,0.6150684455648643,0.25765354897324766,MaxMin,c=0.5,INFEASIBLE_BALL_MISSES_SIMPLEX,,,,,,,,,,False,False,,,
dirichlet_67,0.046728612605807185,0.06597053899527362,0.014578853860807242,0.6150684455648643,0.25765354897324766,MaxMin,c=0.75,OK,0.014770936652622073,0.0367256810386483,1.717376241217039e-16,0.7218128318151802,0.22669055049354925,0.12017557580447527,0.10767529776019903,0.599872482671815,-0.02435443331319432,True,True,-0.02435443331319432,,
dirichlet_67,0.046728612605807185,0.06597053899527362,0.014578853860807242,0.6150684455648643,0.25765354897324766,MaxMin,c=0.9,OK,0.03636478937176238,0.05663566478729649,0.004339060303603311,0.6551837288356434,0.24747675670169444,0.04485760953765404,0.04015928697437245,0.5729379525323266,-0.007852885495393085,True,True,-0.007852885495393085,,
dirichlet_67,0.046728612605807185,0.06597053899527362,0.014578853860807242,0.6150684455648643,0.25765354897324766,MaxMin,c=1.0,OK,0.046728612605807185,0.06597053899527362,0.014578853860807242,0.6150684455648643,0.25765354897324766,0.0,0.0,0.5560630328350716,0.0,False,True,0.0,,
dirichlet_67,0.046728612605807185,0.06597053899527362,0.014578853860807242,0.6150684455648643,0.25765354897324766,Fair,"alpha=0.0,eps=0.02",OK,0.13888113635476618,0.04146297831165198,0.0,0.5884462695472874,0.23120961578629443,0.10350494192146342,0.09239208435873628,0.5405955706862587,-0.020000000000000007,True,True,,,0.10338382899177202
dirichlet_67,0.046728612605807185,0.06597053899527362,0.014578853860807242,0.6150684455648643,0.25765354897324766,Fair,"alpha=0.0,eps=0.05",OK,0.254319227610071,0.0044312569661295875,0.0,0.5487636426209392,0.19248587280286023,0.23608609141854797,0.21081780931948968,0.5167950560605902,-0.049999999999999996,True,True,,,0.257697132814072
dirichlet_67,0.046728612605807185,0.06597053899527362,0.014578853860807242,0.6150684455648643,0.25765354897324766,Fair,"alpha=0.0,eps=0.1",OK,0.385895231939821,0.0,0.0,0.48463820267009394,0.12946656539008503,0.39120659719312545,0.348900708483129,0.4778922775988673,-0.10000000000000003,True,True,,,0.5117289112017167
dirichlet_67,0.046728612605807185,0.06597053899527362,0.014578853860807242,0.6150684455648643,0.25765354897324766,Fair,"alpha=1.0,eps=0.02",OK,0.04765435397620839,0.06528997787352246,0.014414586873832909,0.6156343702137841,0.25700671106265216,0.00144423480056384,0.0013015252091665202,0.5562249126560943,-0.0005581077317397054,True,True,,,-19.55841103879766
dirichlet_67,0.046728612605807185,0.06597053899527362,0.014578853860807242,0.6150684455648643,0.25765354897324766,Fair,"alpha=1.0,eps=0.05",OK,0.04904296510274513,0.06426913611633313,0.014168186858888283,0.6164832572929702,0.25603645462906327,0.003610586235917109,0.003253812347915154,0.5564677324865656,-0.0013952693876763897,True,True,,,-14.976957379426887
dirichlet_67,0.046728612605807185,0.06597053899527362,0.014578853860807242,0.6150684455648643,0.25765354897324766,Fair,"alpha=1.0,eps=0.1",OK,0.05135732167861783,0.06256773313326444,0.013757517638128061,0.6178980673538408,0.25441936019614886,0.007221174774265678,0.006507626719346833,0.5568724314626001,-0.0027905388769290523,True,True,,,-11.511221476627162
dirichlet_67,0.046728612605807185,0.06597053899527362,0.014578853860807242,0.6150684455648643,0.25765354897324766,Fair,"alpha=2.0,eps=0.02",OK,0.047189247557775094,0.06562987360747653,0.014498749360300276,0.6153518101177519,0.25733031935669626,0.0007207128771348772,0.0006495382275714074,0.5561441062886175,-0.00027935005395458027,True,True,,,-249.95745233982367
dirichlet_67,0.046728612605807185,0.06597053899527362,0.014578853860807242,0.6150684455648643,0.25765354897324766,Fair,"alpha=2.0,eps=0.05",OK,0.04788019994875776,0.06511887564867873,0.014378592718354451,0.6157768566143701,0.256845475069839,0.0018017819063320842,0.0016238453099631635,0.5562657163363106,-0.0006983750325111058,True,True,,,-99.98298093592948
dirichlet_67,0.046728612605807185,0.06597053899527362,0.014578853860807242,0.6150684455648643,0.25765354897324766,Fair,"alpha=2.0,eps=0.1",OK,0.04903178731807401,0.06426721204999683,0.014178331360742917,0.6164852683644882,0.25603740090669797,0.0036035643645335,0.0032476911194675682,0.5564684001211637,-0.0013967502750912527,True,True,,,-49.99149046796474
dirichlet_68,0.0699054987650865,0.49030013619400586,0.30203049464506426,0.05395646561945422,0.08380740477638912,Avg,rho=0.5,OK,2.2612568326335877e-17,0.6871285220750691,0.3128714779249309,0.0,3.6057371775096084e-17,0.23169095891318564,0.21130563930142887,0.5382007352255113,-0.07133132173328546,True,True,,,
dirichlet_68,0.0699054987650865,0.49030013619400586,0.30203049464506426,0.05395646561945422,0.08380740477638912,Cert,,FLOOR_COLLAPSED,0.0699054987650865,0.49030013619400586,0.30203049464506426,0.05395646561945422,0.08380740477638912,0.0,0.0,0.46844417993570325,0.0,False,True,0.0,-0.0,
dirichlet_68,0.0699054987650865,0.49030013619400586,0.30203049464506426,0.05395646561945422,0.08380740477638912,MaxMin,c=0.0,INFEASIBLE_BALL_MISSES_SIMPLEX,,,,,,,,,,False,False,,,
dirichlet_68,0.0699054987650865,0.49030013619400586,0.30203049464506426,0.05395646561945422,0.08380740477638912,MaxMin,c=0.25,INFEASIBLE_BALL_MISSES_SIMPLEX,,,,,,,,,,False,False,,,
dirichlet_68,0.0699054987650865,0.49030013619400586,0.30203049464506426,0.05395646561945422,0.08380740477638912,MaxMin,c=0.5,OK,0.019294254455445373,0.6406874681909144,0.3031911381463163,0.0036514193921822966,0.03317571981514165,0.17399241353288522,0.15860443560370782,0.5205197247663043,-0.04345899990048969,True,True,-0.04345899990048969,,
dirichlet_68,0.0699054987650865,0.49030013619400586,0.30203049464506426,0.05395646561945422,0.08380740477638912,MaxMin,c=0.75,OK,0.047794277726362314,0.5818215021601835,0.2775052812590602,0.03208649306104212,0.06079244579335187,0.1023451838264212,0.09284578499106322,0.4952465983817575,-0.019378642432506674,True,True,-0.019378642432506674,,
dirichlet_68,0.0699054987650865,0.49030013619400586,0.30203049464506426,0.05395646561945422,0.08380740477638912,MaxMin,c=0.9,OK,0.06154618040544534,0.5249004974079176,0.29275854778275917,0.04568835311620502,0.075106421287673,0.03869238938377551,0.03510106808356825,0.478577041807352,-0.007326245854413503,True,True,-0.007326245854413503,,
dirichlet_68,0.0699054987650865,0.49030013619400586,0.30203049464506426,0.05395646561945422,0.08380740477638912,MaxMin,c=1.0,OK,0.0699054987650865,0.49030013619400586,0.30203049464506426,0.05395646561945422,0.08380740477638912,0.0,0.0,0.46844417993570325,0.0,False,True,0.0,,
dirichlet_68,0.0699054987650865,0.49030013619400586,0.30203049464506426,0.05395646561945422,0.08380740477638912,Fair,"alpha=0.0,eps=0.02",OK,0.17412445206296812,0.4659357271419704,0.275873578911243,0.027201590928425307,0.056864650955393156,0.11653812337110382,0.10400300251814025,0.45569949683336974,-0.02000000000000002,True,True,,,0.10378749920728811
dirichlet_68,0.0699054987650865,0.49030013619400586,0.30203049464506426,0.05395646561945422,0.08380740477638912,Fair,"alpha=0.0,eps=0.05",OK,0.3173524518891615,0.42944829282503716,0.23664601416600078,0.0,0.01655324111980057,0.27684380876334813,0.2471330945682133,0.43640889020743334,-0.05,True,True,,,0.2593287059751993
dirichlet_68,0.0699054987650865,0.49030013619400586,0.30203049464506426,0.05395646561945422,0.08380740477638912,Fair,"alpha=0.0,eps=0.1",OK,0.45758659888439923,0.3690632698768563,0.17335013123874454,0.0,0.0,0.4375941388410068,0.3913976361655258,0.40403818714325596,-0.1,True,True,,,0.5154857333467553
dirichlet_68,0.0699054987650865,0.49030013619400586,0.30203049464506426,0.05395646561945422,0.08380740477638912,Fair,"alpha=1.0,eps=0.02",OK,0.07083123967446009,0.48961957544213536,0.3018662275574453,0.05452239018831936,0.08316056713763983,0.0014442341890763917,0.001301524656326511,0.4681747682547655,-0.0005581074309013558,True,True,,,-19.558411038797665
dirichlet_68,0.0699054987650865,0.49030013619400586,0.30203049464506426,0.05395646561945422,0.08380740477638912,Fair,"alpha=1.0,eps=0.05",OK,0.07221985200979594,0.48859873328383513,0.3016198272109603,0.055371277141777114,0.08219031035363147,0.0036105867336597235,0.0032538127868992524,0.4677706504362753,-0.0013952694166173378,True,True,,,-14.976957379426887
dirichlet_68,0.0699054987650865,0.49030013619400586,0.30203049464506426,0.05395646561945422,0.08380740477638912,Fair,"alpha=1.0,eps=0.1",OK,0.07453420538881936,0.4868973309221558,0.30120915981406315,0.05678608874725315,0.08057321512770849,0.007221173683020099,0.006507625753904109,0.46709712112985025,-0.002790538381122516,True,True,,,-11.511221476627162
dirichlet_68,0.0699054987650865,0.49030013619400586,0.30203049464506426,0.05395646561945422,0.08380740477638912,Fair,"alpha=2.0,eps=0.02",OK,0.07036613372457776,0.4899594708067366,0.3019503901362921,0.054239830173394635,0.08348417515899892,0.0007207128834026343,0.0006495382330860648,0.46830971879382705,-0.0002793500536086496,True,True,,,-249.9574523398237
dirichlet_68,0.0699054987650865,0.49030013619400586,0.30203049464506426,0.05395646561945422,0.08380740477638912,Fair,"alpha=2.0,eps=0.05",OK,0.07105708600932738,0.4894484729389866,0.3018302334299573,0.05466487695777791,0.08299933066395095,0.0018017820153344733,0.0016238454063017345,0.4681080271648245,-0.0006983749585644983,True,True,,,-99.98298093592948
dirichlet_68,0.0699054987650865,0.49030013619400586,0.30203049464506426,0.05395646561945422,0.08380740477638912,Fair,"alpha=2.0,eps=0.1",OK,0.07220867344136493,0.488596809365066,0.3016299725148165,0.055373287989246345,0.0821912566895062,0.0036035640855593886,0.0032476908682684364,0.46777187434659706,-0.0013967501743931414,True,True,,,-49.99149046796474
dirichlet_69,0.43429340064103183,0.1446720360055814,0.13257999454440036,0.128037421524847,0.16041714728413947,Avg,rho=0.5,OK,0.6758853720180896,0.08360266528283142,0.06407940009092968,0.060745307262487926,0.11568725534566132,0.27077199262392515,0.2418225598549703,0.46755540302751697,-0.05323825140187594,True,True,,,
dirichlet_69,0.43429340064103183,0.1446720360055814,0.13257999454440036,0.128037421524847,0.16041714728413947,Cert,,FLOOR_COLLAPSED,0.43429340064103183,0.1446720360055814,0.13257999454440036,0.128037421524847,0.16041714728413947,0.0,0.0,0.40907725225345765,0.0,False,True,0.0,-0.0,
dirichlet_69,0.43429340064103183,0.1446720360055814,0.13257999454440036,0.128037421524847,0.16041714728413947,MaxMin,c=0.0,OK_EXACT_D0,0.6268887714596981,0.09273014586546166,0.07765010587714086,0.07576154799915516,0.12696942879854417,0.21600867183025574,0.19298781565137282,0.4557369985593287,-0.04275664375493376,True,True,-0.04275664375493376,,
dirichlet_69,0.43429340064103183,0.1446720360055814,0.13257999454440036,0.128037421524847,0.16041714728413947,MaxMin,c=0.25,OK,0.5818188564083536,0.11018339035943407,0.09555399502135711,0.09016499085947541,0.12227876735137969,0.16496365795817225,0.14721977012957035,0.4445706677780472,-0.028310676916061813,True,True,-0.028310676916061813,,
dirichlet_69,0.43429340064103183,0.1446720360055814,0.13257999454440036,0.128037421524847,0.16041714728413947,MaxMin,c=0.5,SOLVER_FAILED,,,,,,,,,,False,False,,,
dirichlet_69,0.43429340064103183,0.1446720360055814,0.13257999454440036,0.128037421524847,0.16041714728413947,MaxMin,c=0.75,OK,0.48290662081005997,0.13330718974628822,0.12037902856581702,0.11555753593021628,0.14784962494761839,0.05435953125850471,0.04851248932814903,0.4207731945874305,-0.009329055537543682,True,True,-0.009329055537543682,,
dirichlet_69,0.43429340064103183,0.1446720360055814,0.13257999454440036,0.128037421524847,0.16041714728413947,MaxMin,c=0.9,OK,0.4537208092817711,0.1401302773718027,0.12770409553887205,0.12305005725657661,0.1553947605509776,0.021723819644246436,0.019387153352122724,0.4137513275434829,-0.003728191087318247,True,True,-0.003728191087318247,,
dirichlet_69,0.43429340064103183,0.1446720360055814,0.13257999454440036,0.128037421524847,0.16041714728413947,MaxMin,c=1.0,OK,0.43429340064103183,0.1446720360055814,0.13257999454440036,0.128037421524847,0.16041714728413947,0.0,0.0,0.40907725225345765,0.0,False,True,0.0,,
dirichlet_69,0.43429340064103183,0.1446720360055814,0.13257999454440036,0.128037421524847,0.16041714728413947,Fair,"alpha=0.0,eps=0.02",OK,0.5385123539389134,0.12030762695354597,0.1064230788105791,0.1012825468338181,0.13347439346314352,0.11653812337110377,0.10400300251814018,0.43415147822821915,-0.02000000000000001,True,True,,,0.10378749920728811
dirichlet_69,0.43429340064103183,0.1446720360055814,0.13257999454440036,0.128037421524847,0.16041714728413947,Fair,"alpha=0.0,eps=0.05",OK,0.6948407838857358,0.08376101337549278,0.06718770520984721,0.06115023479727476,0.09306026273164957,0.29134530842775946,0.2600075062953506,0.47176281719036145,-0.05,True,True,,,0.2594687480182203
dirichlet_69,0.43429340064103183,0.1446720360055814,0.13257999454440036,0.128037421524847,0.16041714728413947,Fair,"alpha=0.0,eps=0.1",OK,0.9495759206795369,0.022876246711601014,0.0017988804174646207,0.0,0.025748952191397327,0.5761797407402719,0.5142336156343968,0.533025987755074,-0.10000000000000003,True,True,,,0.5188753638117707
dirichlet_69,0.43429340064103183,0.1446720360055814,0.13257999454440036,0.128037421524847,0.16041714728413947,Fair,"alpha=1.0,eps=0.02",OK,0.4352191419697695,0.1439914748975667,0.1324157277192067,0.12860334610097301,0.15977030931248412,0.0014442347478069567,0.0013015251624546953,0.4092919695894888,-0.0005581077183126914,True,True,,,-19.55841103879766
dirichlet_69,0.43429340064103183,0.1446720360055814,0.13257999454440036,0.128037421524847,0.16041714728413947,Fair,"alpha=1.0,eps=0.05",OK,0.4366077539430442,0.1429706334332621,0.13216932713218763,0.1294522330765774,0.15880005241492876,0.0036105868201749556,0.003253812856498174,0.4096140455908006,-0.0013952691382547646,True,True,,,-14.976957379426887
dirichlet_69,0.43429340064103183,0.1446720360055814,0.13257999454440036,0.128037421524847,0.16041714728413947,Fair,"alpha=1.0,eps=0.1",OK,0.43892210721284836,0.14126923070440356,0.13175865974775156,0.1308670445460467,0.15718295778894995,0.007221173549139027,0.006507625635079273,0.41015083892471044,-0.0027905384049838173,True,True,,,-11.51122147662716
dirichlet_69,0.43429340064103183,0.1446720360055814,0.13257999454440036,0.128037421524847,0.16041714728413947,Fair,"alpha=2.0,eps=0.02",OK,0.4347540354809698,0.144331370693971,0.13249989006056673,0.12832078609928768,0.16009391766520467,0.0007207127772103224,0.0006495381373150016,0.40918406148448155,-0.0002793499915104364,True,True,,,-249.9574523398237
dirichlet_69,0.43429340064103183,0.1446720360055814,0.13257999454440036,0.128037421524847,0.16041714728413947,Fair,"alpha=2.0,eps=0.05",OK,0.43544498831156786,0.14382037194015007,0.1323797328526467,0.12874583336064588,0.15960907353498963,0.0018017827565016417,0.0016238460836066903,0.4093442754773948,-0.0006983756299426243,True,True,,,-99.98298093592948
dirichlet_69,0.43429340064103183,0.1446720360055814,0.13257999454440036,0.128037421524847,0.16041714728413947,Fair,"alpha=2.0,eps=0.1",OK,0.4365965766381565,0.14296870879344778,0.13217947114420556,0.1294542442697419,0.15880099915444837,0.0036035654187186812,0.0032476920563712978,0.4096112988504436,-0.0013967505023008062,True,True,,,-49.99149046796474
dirichlet_70,0.14680562147281062,0.08194068175931309,0.2380933426040467,0.1690765793856042,0.3640837747782254,Avg,rho=0.5,OK,0.09079663651759828,1.0197006135520895e-17,0.26388834300909725,0.1328209752898977,0.5124940451834068,0.1840020134641859,0.16500414996732418,0.4174452065857174,-0.06724344921009735,True,True,,,
dirichlet_70,0.14680562147281062,0.08194068175931309,0.2380933426040467,0.1690765793856042,0.3640837747782254,Cert,,FLOOR_COLLAPSED,0.14680562147281062,0.08194068175931309,0.2380933426040467,0.1690765793856042,0.3640837747782254,0.0,0.0,0.3866888264729041,0.0,False,True,0.0,-0.0,
dirichlet_70,0.14680562147281062,0.08194068175931309,0.2380933426040467,0.1690765793856042,0.3640837747782254,MaxMin,c=0.0,INFEASIBLE_BALL_MISSES_SIMPLEX,,,,,,,,,,False,False,,,
dirichlet_70,0.14680562147281062,0.08194068175931309,0.2380933426040467,0.1690765793856042,0.3640837747782254,MaxMin,c=0.25,OK,0.10317568204530042,0.018743965959120992,0.2540879499059665,0.1403870234752478,0.48360537861436426,0.14581401978896774,0.1308806730173799,0.41099321922896687,-0.05191931872152458,True,True,-0.05191931872152458,,
dirichlet_70,0.14680562147281062,0.08194068175931309,0.2380933426040467,0.1690765793856042,0.3640837747782254,MaxMin,c=0.5,OK,0.11572172299741021,0.05229385108027404,0.23214718322217923,0.13861628338881185,0.4612209593113246,0.11065243954095524,0.09974381437276106,0.40375158765754077,-0.024596444073838066,True,True,-0.024596444073838066,,
dirichlet_70,0.14680562147281062,0.08194068175931309,0.2380933426040467,0.1690765793856042,0.3640837747782254,MaxMin,c=0.75,OK,0.13413382736057974,0.07001318007837518,0.22749351865364625,0.15672023627974052,0.4116392376276583,0.05319207828168257,0.04818044344091517,0.3944471075628088,-0.010013972353754383,True,True,-0.010013972353754383,,
dirichlet_70,0.14680562147281062,0.08194068175931309,0.2380933426040467,0.1690765793856042,0.3640837747782254,MaxMin,c=0.9,OK,0.14197602402269596,0.07739475628149191,0.23405343457925426,0.164367209691914,0.38220857542464387,0.02027308235599853,0.018362999329593135,0.3896457380386398,-0.003816622564797731,True,True,-0.003816622564797731,,
dirichlet_70,0.14680562147281062,0.08194068175931309,0.2380933426040467,0.1690765793856042,0.3640837747782254,MaxMin,c=1.0,OK,0.14680562147281062,0.08194068175931309,0.2380933426040467,0.1690765793856042,0.3640837747782254,0.0,0.0,0.3866888264729041,0.0,False,True,0.0,,
dirichlet_70,0.14680562147281062,0.08194068175931309,0.2380933426040467,0.1690765793856042,0.3640837747782254,Fair,"alpha=0.0,eps=0.02",OK,0.25102457477069223,0.057576272707277644,0.21193642687022546,0.1423217046945753,0.3371410209572295,0.1165381233711038,0.10400300251814022,0.3819254147951389,-0.019999999999999973,True,True,,,0.10378749920728811
dirichlet_70,0.14680562147281062,0.08194068175931309,0.2380933426040467,0.1690765793856042,0.3640837747782254,Fair,"alpha=0.0,eps=0.05",OK,0.4073530047175146,0.02102965912922447,0.17270105326949353,0.10218939265803188,0.2967268902257355,0.2913453084277595,0.2600075062953506,0.37478029727849105,-0.05000000000000002,True,True,,,0.2594687480182203
dirichlet_70,0.14680562147281062,0.08194068175931309,0.2380933426040467,0.1690765793856042,0.3640837747782254,Fair,"alpha=0.0,eps=0.1",OK,0.625260421105663,0.0,0.10759249243019264,0.036706428402755925,0.2304406580613884,0.5366992472810119,0.47848436929064,0.3604312383500082,-0.10000000000000002,True,True,,,0.516729615185834
dirichlet_70,0.14680562147281062,0.08194068175931309,0.2380933426040467,0.1690765793856042,0.3640837747782254,Fair,"alpha=1.0,eps=0.02",OK,0.14773136238218432,0.08126012100744263,0.2379290755164277,0.16964250395446923,0.3634369371394761,0.001444234189076399,0.0013015246563265156,0.3866268667620142,-0.000558107430901304,True,True,,,-19.558411038797665
dirichlet_70,0.14680562147281062,0.08194068175931309,0.2380933426040467,0.1690765793856042,0.3640837747782254,Fair,"alpha=1.0,eps=0.05",OK,0.14911997479300668,0.08023927912122446,0.23768267519569208,0.17049139093507892,0.3624666799549978,0.0036105868409053218,0.0032538128764079627,0.38653392714778095,-0.0013952691922086743,True,True,,,-14.976957379426889
dirichlet_70,0.14680562147281062,0.08194068175931309,0.2380933426040467,0.1690765793856042,0.3640837747782254,Fair,"alpha=1.0,eps=0.1",OK,0.15143432807039253,0.07853787647033371,0.23727200784197008,0.17190620247299704,0.36084958514430665,0.007221173644045259,0.0065076257197963965,0.3863790278286676,-0.0027905383943358326,True,True,,,-11.51122147662716
dirichlet_70,0.14680562147281062,0.08194068175931309,0.2380933426040467,0.1690765793856042,0.3640837747782254,Fair,"alpha=2.0,eps=0.02",OK,0.14726625642207838,0.08160001637135215,0.23801323810266273,0.16935994394224793,0.3637605451616588,0.0007207128770676717,0.0006495382275357,0.3866580310706059,-0.0002793500541116257,True,True,,,-249.9574523398237
dirichlet_70,0.14680562147281062,0.08194068175931309,0.2380933426040467,0.1690765793856042,0.3640837747782254,Fair,"alpha=2.0,eps=0.05",OK,0.1479572086901908,0.08108901849461893,0.237893081385945,0.16978499076709466,0.3632757006621506,0.0018017820216757142,0.0016238454124307448,0.38661183794324744,-0.0006983749666582855,True,True,,,-99.98298093592948
dirichlet_70,0.14680562147281062,0.08194068175931309,0.2380933426040467,0.1690765793856042,0.3640837747782254,Fair,"alpha=2.0,eps=0.1",OK,0.14910879644638889,0.0802373550996898,0.23769281991142105,0.1704934020379053,0.36246762650459496,0.003603564452877314,0.003247691189379644,0.38653484939840677,-0.001396750041957868,True,True,,,-49.99149046796474
dirichlet_71,0.3736164241713802,0.1812351676479344,0.0934804699136347,0.004648475153707284,0.3470194631133434,Avg,rho=0.5,OK,0.485169434280143,0.0920164279111751,0.0,3.693465990678695e-17,0.42281413780868193,0.18683976255937093,0.17027064613235124,0.4690295221874832,-0.07713334359835072,True,True,,,
dirichlet_71,0.3736164241713802,0.1812351676479344,0.0934804699136347,0.004648475153707284,0.3470194631133434,Cert,,FLOOR_COLLAPSED,0.3736164241713802,0.1812351676479344,0.0934804699136347,0.004648475153707284,0.3470194631133434,0.0,0.0,0.4328262743314929,0.0,False,True,0.0,-0.0,
dirichlet_71,0.3736164241713802,0.1812351676479344,0.0934804699136347,0.004648475153707284,0.3470194631133434,MaxMin,c=0.0,INFEASIBLE_BALL_MISSES_SIMPLEX,,,,,,,,,,False,False,,,
dirichlet_71,0.3736164241713802,0.1812351676479344,0.0934804699136347,0.004648475153707284,0.3470194631133434,MaxMin,c=0.25,INFEASIBLE_BALL_MISSES_SIMPLEX,,,,,,,,,,False,False,,,
dirichlet_71,0.3736164241713802,0.1812351676479344,0.0934804699136347,0.004648475153707284,0.3470194631133434,MaxMin,c=0.5,INFEASIBLE_BALL_MISSES_SIMPLEX,,,,,,,,,,False,False,,,
dirichlet_71,0.3736164241713802,0.1812351676479344,0.0934804699136347,0.004648475153707284,0.3470194631133434,MaxMin,c=0.75,OK,0.4362834271523479,0.1343970328690451,0.04618495022563612,0.0,0.3831345897529708,0.09840600087490009,0.08954592612884735,0.4521597178119155,-0.03894291152230689,True,True,-0.03894291152230689,,
dirichlet_71,0.3736164241713802,0.1812351676479344,0.0934804699136347,0.004648475153707284,0.3470194631133434,MaxMin,c=0.9,OK,0.4042323777747611,0.1671915381869142,0.07901293368932447,0.0,0.3495631503490003,0.03703982200135437,0.03334881024296794,0.4398623681174585,-0.011634083889253308,True,True,-0.011634083889253308,,
dirichlet_71,0.3736164241713802,0.1812351676479344,0.0934804699136347,0.004648475153707284,0.3470194631133434,MaxMin,c=1.0,OK,0.3736164241713802,0.1812351676479344,0.0934804699136347,0.004648475153707284,0.3470194631133434,0.0,0.0,0.4328262743314929,0.0,False,True,0.0,,
dirichlet_71,0.3736164241713802,0.1812351676479344,0.0934804699136347,0.004648475153707284,0.3470194631133434,Fair,"alpha=0.0,eps=0.02",OK,0.4554388428958287,0.15697193163796688,0.06733690422254812,0.0,0.32025232124365627,0.09330159194657461,0.08339287249749291,0.44503550907517947,-0.020000000000000025,True,True,,,0.10354808291107695
dirichlet_71,0.3736164241713802,0.1812351676479344,0.0934804699136347,0.004648475153707284,0.3470194631133434,Fair,"alpha=0.0,eps=0.05",OK,0.5711082450113306,0.12060898922206303,0.028125766503368343,0.0,0.280156999263238,0.22680826144655716,0.20277548161520545,0.4612778728678569,-0.049999999999999996,True,True,,,0.2587946915405559
dirichlet_71,0.3736164241713802,0.1812351676479344,0.0934804699136347,0.004648475153707284,0.3470194631133434,Fair,"alpha=0.0,eps=0.1",OK,0.7255262287080174,0.05954186394841787,0.0,0.0,0.2149319073435647,0.406025983971568,0.36322574924836565,0.47962907912570574,-0.10000000000000002,True,True,,,0.5162457585633964
dirichlet_71,0.3736164241713802,0.1812351676479344,0.0934804699136347,0.004648475153707284,0.3470194631133434,Fair,"alpha=1.0,eps=0.02",OK,0.37454216546761704,0.18055460658605732,0.09331620296062175,0.00521439977876432,0.34637262520693957,0.0014442347097201927,0.0013015251271373052,0.43282618117914434,-0.0005581076823226803,True,True,,,-19.55841103879766
dirichlet_71,0.3736164241713802,0.1812351676479344,0.0934804699136347,0.004648475153707284,0.3470194631133434,Fair,"alpha=1.0,eps=0.05",OK,0.375930777470682,0.17953376500676607,0.09306980254037697,0.0060632867095778255,0.3454023682725971,0.0036105868353240294,0.003253812871772696,0.4328260414500897,-0.0013952691943198046,True,True,,,-14.976957379426889
dirichlet_71,0.3736164241713802,0.1812351676479344,0.0934804699136347,0.004648475153707284,0.3470194631133434,Fair,"alpha=1.0,eps=0.1",OK,0.3782451307687155,0.1778323618914319,0.09265913541414304,0.007478098311317157,0.34378527361439243,0.007221173801395752,0.006507625872204471,0.43282580857079844,-0.0027905387749917877,True,True,,,-11.51122147662716
dirichlet_71,0.3736164241713802,0.1812351676479344,0.0934804699136347,0.004648475153707284,0.3470194631133434,Fair,"alpha=2.0,eps=0.02",OK,0.3740770591236104,0.18089450225376494,0.09340036543125434,0.004931839738286758,0.34669623345308365,0.0007207129103628757,0.0006495382575687906,0.4328256903278096,-0.000279350058924684,True,True,,,-249.9574523398237
dirichlet_71,0.3736164241713802,0.1812351676479344,0.0934804699136347,0.004648475153707284,0.3470194631133434,Fair,"alpha=2.0,eps=0.05",OK,0.3747680115433769,0.18038350417884783,0.09328020866867907,0.005356886525297728,0.3462113890837985,0.0018017821773937289,0.0016238455551617695,0.43282481435230713,-0.0006983751344967166,True,True,,,-99.98298093592948
dirichlet_71,0.3736164241713802,0.1812351676479344,0.0934804699136347,0.004648475153707284,0.3470194631133434,Fair,"alpha=2.0,eps=0.1",OK,0.37591959891685794,0.1795318407082628,0.09307994739701501,0.006065297938572804,0.34540331503929145,0.0036035643825125248,0.0032476911351165512,0.43282335436768915,-0.0013967502705907308,True,True,,,-49.99149046796474
dirichlet_72,0.1541142365090733,0.5807993533877964,0.1280636566334765,0.10937290600366258,0.027649847465991407,Avg,rho=0.5,OK,0.0701830205276744,0.9133509796309909,0.01646599984133464,3.7947076036992655e-18,0.0,0.37791006438990854,0.34287567848396083,0.6276136463788855,-0.09470361383072513,True,True,,,
dirichlet_72,0.1541142365090733,0.5807993533877964,0.1280636566334765,0.10937290600366258,0.027649847465991407,Cert,,FLOOR_COLLAPSED,0.15411423650907327,0.5807993533877963,0.12806365663347646,0.10937290600366255,0.0276498474659914,1.2118257228641695e-16,1.3962956823542874e-16,0.5038564435180365,-1.2756966806182908e-16,False,True,0.0,-0.0,
dirichlet_72,0.1541142365090733,0.5807993533877964,0.1280636566334765,0.10937290600366258,0.027649847465991407,MaxMin,c=0.0,INFEASIBLE_BALL_MISSES_SIMPLEX,,,,,,,,,,False,False,,,
dirichlet_72,0.1541142365090733,0.5807993533877964,0.1280636566334765,0.10937290600366258,0.027649847465991407,MaxMin,c=0.25,INFEASIBLE_BALL_MISSES_SIMPLEX,,,,,,,,,,False,False,,,
dirichlet_72,0.1541142365090733,0.5807993533877964,0.1280636566334765,0.10937290600366258,0.027649847465991407,MaxMin,c=0.5,OK,0.10481736419410739,0.7597689417532612,0.07473077636992605,0.06068291768270528,4.8572257327350586e-17,0.2010967934218139,0.18246603317827367,0.5713555859870294,-0.042779314546695174,True,True,-0.042779314546695174,,
dirichlet_72,0.1541142365090733,0.5807993533877964,0.1280636566334765,0.10937290600366258,0.027649847465991407,MaxMin,c=0.75,OK,0.1341846679758037,0.6632905614530131,0.10595827764452709,0.08966078263606236,0.006905710290593741,0.09224707000787317,0.08368495035909537,0.5356973606946253,-0.017466605836194905,True,True,-0.017466605836194905,,
dirichlet_72,0.1541142365090733,0.5807993533877964,0.1280636566334765,0.10937290600366258,0.027649847465991407,MaxMin,c=0.9,OK,0.14619493823545937,0.6135784113251836,0.11927976904591914,0.10154001266762781,0.019406868725809892,0.036655688809305975,0.03325340846189921,0.516508886043618,-0.006940604921454293,True,True,-0.006940604921454293,,
dirichlet_72,0.1541142365090733,0.5807993533877964,0.1280636566334765,0.10937290600366258,0.027649847465991407,MaxMin,c=1.0,OK,0.15411423650907327,0.5807993533877963,0.12806365663347646,0.10937290600366255,0.0276498474659914,1.2118257228641695e-16,1.3962956823542874e-16,0.5038564435180365,-1.2756966806182908e-16,False,True,-1.2756966806182908e-16,,
dirichlet_72,0.1541142365090733,0.5807993533877964,0.1280636566334765,0.10937290600366258,0.027649847465991407,Fair,"alpha=0.0,eps=0.02",OK,0.2583331898069548,0.5564349443357609,0.1019067408996552,0.08261803131263365,0.0007070936449954448,0.11653812337110374,0.10400300251814018,0.4998515747175537,-0.020000000000000098,True,True,,,0.10378749920728808
dirichlet_72,0.1541142365090733,0.5807993533877964,0.1280636566334765,0.10937290600366258,0.027649847465991407,Fair,"alpha=0.0,eps=0.05",OK,0.3724774046059125,0.5200650732898904,0.0642954761827443,0.04316204592145265,0.0,0.24614202984459008,0.2199989631069639,0.48951290459454583,-0.05000000000000022,True,True,,,0.2574181323781586
dirichlet_72,0.1541142365090733,0.5807993533877964,0.1280636566334765,0.10937290600366258,0.027649847465991407,Fair,"alpha=0.0,eps=0.1",OK,0.5387790491495271,0.45955641345512993,0.0016645373953429183,0.0,0.0,0.43745920100506075,0.3915354401278518,0.4713327203469744,-0.10000000000000014,True,True,,,0.5131730347466268
dirichlet_72,0.1541142365090733,0.5807993533877964,0.1280636566334765,0.10937290600366258,0.027649847465991407,Fair,"alpha=1.0,eps=0.02",OK,0.15503997741844694,0.5801187926359258,0.12789938954585747,0.10993883057252764,0.027003009827242123,0.0014442341890764543,0.0013015246563265659,0.5036736996721035,-0.0005581074309014804,True,True,,,-19.558411038797665
dirichlet_72,0.1541142365090733,0.5807993533877964,0.1280636566334765,0.10937290600366258,0.027649847465991407,Fair,"alpha=1.0,eps=0.05",OK,0.15642858982582622,0.5790979509181134,0.12765298870903688,0.1107877178517813,0.026032752695242172,0.0036105869115607473,0.003253812934331797,0.5033995837606489,-0.00139526906105781,True,True,,,-14.976957379426889
dirichlet_72,0.1541142365090733,0.5807993533877964,0.1280636566334765,0.10937290600366258,0.027649847465991407,Fair,"alpha=1.0,eps=0.1",OK,0.15874294490643223,0.5773965475681883,0.12724232025037116,0.11220252963168678,0.02441565764332156,0.0072211755284916695,0.006507627400172236,0.5029427237419495,-0.0027905388465468005,True,True,,,-11.511221476627162
dirichlet_72,0.1541142365090733,0.5807993533877964,0.1280636566334765,0.10937290600366258,0.027649847465991407,Fair,"alpha=2.0,eps=0.02",OK,0.15457487145805776,0.5804586879980532,0.1279835521318143,0.10965627056111947,0.02732661785095524,0.0007207128773932932,0.0006495382278689197,0.5037648686711876,-0.0002793500555820901,True,True,,,-249.9574523398237
dirichlet_72,0.1541142365090733,0.5807993533877964,0.1280636566334765,0.10937290600366258,0.027649847465991407,Fair,"alpha=2.0,eps=0.05",OK,0.15526582396665065,0.5799476899442785,0.1278633952644444,0.11008131737745573,0.026841773447170744,0.001801782229852818,0.0016238456004631348,0.5036275064121892,-0.0006983751149074062,True,True,,,-99.98298093592948
dirichlet_72,0.1541142365090733,0.5807993533877964,0.1280636566334765,0.10937290600366258,0.027649847465991407,Fair,"alpha=2.0,eps=0.1",OK,0.1564174112009957,0.5790960264145008,0.12766313406682625,0.11078972890522033,0.02603369941245699,0.003603564406415703,0.003247691157605085,0.5033985692695997,-0.0013967502991379574,True,True,,,-49.99149046796474
dirichlet_73,0.07494862688863618,0.41208707947386075,0.05152214922397627,0.10451560631941548,0.3569265380941114,Avg,rho=0.5,OK,0.0,0.5535169269036941,2.4104886729445938e-20,6.199789174925173e-18,0.4464830730963059,0.2172972968149626,0.19717954600741827,0.4979860976470502,-0.0876403662066063,True,True,,,
dirichlet_73,0.07494862688863618,0.41208707947386075,0.05152214922397627,0.10451560631941548,0.3569265380941114,Cert,,FLOOR_COLLAPSED,0.07494862688863618,0.41208707947386075,0.05152214922397627,0.10451560631941548,0.3569265380941114,0.0,0.0,0.4412858019472375,0.0,False,True,0.0,-0.0,
dirichlet_73,0.07494862688863618,0.41208707947386075,0.05152214922397627,0.10451560631941548,0.3569265380941114,MaxMin,c=0.0,INFEASIBLE_BALL_MISSES_SIMPLEX,,,,,,,,,,False,False,,,
dirichlet_73,0.07494862688863618,0.41208707947386075,0.05152214922397627,0.10451560631941548,0.3569265380941114,MaxMin,c=0.25,INFEASIBLE_BALL_MISSES_SIMPLEX,,,,,,,,,,False,False,,,
dirichlet_73,0.07494862688863618,0.41208707947386075,0.05152214922397627,0.10451560631941548,0.3569265380941114,MaxMin,c=0.5,OK,0.02446458663632735,0.5090314719979895,0.0015388579254941165,0.05489069346344914,0.41007438997674,0.14047244963621192,0.12750247181147079,0.47917162057312923,-0.04234534720338044,True,True,-0.04234534720338044,,
dirichlet_73,0.07494862688863618,0.41208707947386075,0.05152214922397627,0.10451560631941548,0.3569265380941114,MaxMin,c=0.75,OK,0.050397669358647826,0.47075081552784315,0.02659646303293279,0.08035074842388461,0.3719043036566915,0.07398477609551707,0.06715719590918245,0.460377389476533,-0.020788365996036423,True,True,-0.020788365996036423,,
dirichlet_73,0.07494862688863618,0.41208707947386075,0.05152214922397627,0.10451560631941548,0.3569265380941114,MaxMin,c=0.9,OK,0.06581118711440574,0.4479984262728142,0.04148963428267628,0.09548311866451593,0.3492176336655879,0.04018435057723122,0.036457284108375725,0.44920690046627343,-0.00797581623466691,True,True,-0.00797581623466691,,
dirichlet_73,0.07494862688863618,0.41208707947386075,0.05152214922397627,0.10451560631941548,0.3569265380941114,MaxMin,c=1.0,OK,0.07494862688863618,0.41208707947386075,0.05152214922397627,0.10451560631941548,0.3569265380941114,0.0,0.0,0.4412858019472375,0.0,False,True,0.0,,
dirichlet_73,0.07494862688863618,0.41208707947386075,0.05152214922397627,0.10451560631941548,0.3569265380941114,Fair,"alpha=0.0,eps=0.02",OK,0.1791675801865178,0.3877226704218253,0.025365233490155,0.07776073162838656,0.3299837842731154,0.11653812337110382,0.10400300251814025,0.42906453250102916,-0.020000000000000018,True,True,,,0.10378749920728811
dirichlet_73,0.07494862688863618,0.41208707947386075,0.05152214922397627,0.10451560631941548,0.3569265380941114,Fair,"alpha=0.0,eps=0.05",OK,0.32104082149178964,0.35100456586290374,0.0,0.03778738827014655,0.2901672243751602,0.275420468786441,0.24581405849394616,0.4104358658586975,-0.049999999999999996,True,True,,,0.2589851642795011
dirichlet_73,0.07494862688863618,0.41208707947386075,0.05152214922397627,0.10451560631941548,0.3569265380941114,Fair,"alpha=0.0,eps=0.1",OK,0.4847328779055279,0.28941499210407934,0.0,0.0,0.2258521299903927,0.4623095474742514,0.41292178285099324,0.3791266665696895,-0.10000000000000009,True,True,,,0.515867559661657
dirichlet_73,0.07494862688863618,0.41208707947386075,0.05152214922397627,0.10451560631941548,0.3569265380941114,Fair,"alpha=1.0,eps=0.02",OK,0.07587436779800973,0.41140651872199024,0.051357882136357266,0.10508153088828061,0.3562797004553622,0.0014442341890763173,0.0013015246563264449,0.4409779297443033,-0.0005581074309013528,True,True,,,-19.558411038797665
dirichlet_73,0.07494862688863618,0.41208707947386075,0.05152214922397627,0.10451560631941548,0.3569265380941114,Fair,"alpha=1.0,eps=0.05",OK,0.07726297930952641,0.410385677076427,0.05111148147426557,0.1059304186153353,0.3553094435244458,0.003610586368812428,0.003253812454535637,0.4405161212160601,-0.0013952690026021032,True,True,,,-14.976957379426889
dirichlet_73,0.07494862688863618,0.41208707947386075,0.05152214922397627,0.10451560631941548,0.3569265380941114,Fair,"alpha=1.0,eps=0.1",OK,0.07957733351545467,0.408684274202521,0.05070081444513631,0.10734522942585757,0.35369234841103053,0.007221173685863031,0.0065076257565868266,0.43974644018883996,-0.00279053837994889,True,True,,,-11.511221476627162
dirichlet_73,0.07494862688863618,0.41208707947386075,0.05152214922397627,0.10451560631941548,0.3569265380941114,Fair,"alpha=2.0,eps=0.02",OK,0.07540926201551258,0.41174641421397123,0.05144204450434766,0.10479897066424977,0.3566033086019188,0.0007207128152470039,0.0006495381669475106,0.44113175702185836,-0.00027934995127739434,True,True,,,-249.9574523398237
dirichlet_73,0.07494862688863618,0.41208707947386075,0.05152214922397627,0.10451560631941548,0.3569265380941114,Fair,"alpha=2.0,eps=0.05",OK,0.07610021406009343,0.411235415760069,0.0513218883005979,0.10522401817575547,0.3561184637034843,0.001801782481676746,0.0016238458363215737,0.44090068933332893,-0.000698375331771084,True,True,,,-99.98298093592948
dirichlet_73,0.07494862688863618,0.41208707947386075,0.05152214922397627,0.10451560631941548,0.3569265380941114,Fair,"alpha=2.0,eps=0.1",OK,0.07725180172470401,0.4103837526270073,0.051121626567915246,0.10593242916677842,0.3553103899135951,0.0036035644843573564,0.0032476912231124496,0.44051557701184935,-0.0013967501958860717,True,True,,,-49.99149046796474
dirichlet_74,0.3762728949367195,0.21058522842835192,0.09436359564002218,0.18018908849043488,0.13858919250447133,Avg,rho=0.5,OK,0.5566812563807046,0.21216092779020368,2.2742834633777964e-19,0.16185221732679725,0.06930559850229447,0.21584856990822632,0.19201773208955814,0.42804888690507964,-0.07351577998982065,True,True,,,
dirichlet_74,0.3762728949367195,0.21058522842835192,0.09436359564002218,0.18018908849043488,0.13858919250447133,Cert,,FLOOR_COLLAPSED,0.3762728949367196,0.21058522842835198,0.09436359564002221,0.1801890884904349,0.13858919250447135,1.3311106448512297e-16,1.6187548059179532e-16,0.3899937084236128,6.958319788858692e-17,False,True,6.958319788858692e-17,-0.0,
dirichlet_74,0.3762728949367195,0.21058522842835192,0.09436359564002218,0.18018908849043488,0.13858919250447133,MaxMin,c=0.0,OK_EXACT_D0,0.5220213371919952,0.21241616031985255,0.009467369148513607,0.16849116024768832,0.08760397309195028,0.17660595722580716,0.15716150125376738,0.42118337255125643,-0.06651548010637325,True,True,-0.06651548010637325,,
dirichlet_74,0.3762728949367195,0.21058522842835192,0.09436359564002218,0.18018908849043488,0.13858919250447133,MaxMin,c=0.25,OK,0.5090230764083866,0.19853832350487555,0.04676345857823858,0.15531565024104765,0.09035949126745156,0.15158596128617807,0.13498438278392902,0.41611082513238073,-0.036582741340836444,True,True,-0.036582741340836444,,
dirichlet_74,0.3762728949367195,0.21058522842835192,0.09436359564002218,0.18018908849043488,0.13858919250447133,MaxMin,c=0.5,OK,0.4706326612193724,0.1885257097802046,0.07068114271551565,0.15596524395084035,0.11419524233406703,0.10551353411587028,0.0941642446000784,0.4072437584789945,-0.018107985792747524,True,True,-0.018107985792747524,,
dirichlet_74,0.3762728949367195,0.21058522842835192,0.09436359564002218,0.18018908849043488,0.13858919250447133,MaxMin,c=0.75,OK,0.4200823790574275,0.20034340429081035,0.08336827330923428,0.16894240810421018,0.1272635352383177,0.048987971033357655,0.04371870704075695,0.39800258576354747,-0.008407200942709655,True,True,-0.008407200942709655,,
dirichlet_74,0.3762728949367195,0.21058522842835192,0.09436359564002218,0.18018908849043488,0.13858919250447133,MaxMin,c=0.9,OK,0.39345170905958654,0.20656914842491803,0.09005204981078653,0.1757789787680307,0.1341481139366782,0.019209430686736983,0.017143218118613714,0.3931341931363863,-0.0032966775388285864,True,True,-0.0032966775388285864,,
dirichlet_74,0.3762728949367195,0.21058522842835192,0.09436359564002218,0.18018908849043488,0.13858919250447133,MaxMin,c=1.0,OK,0.3762728949367196,0.21058522842835198,0.09436359564002221,0.1801890884904349,0.13858919250447135,1.3311106448512297e-16,1.6187548059179532e-16,0.3899937084236128,6.958319788858692e-17,False,True,6.958319788858692e-17,,
dirichlet_74,0.3762728949367195,0.21058522842835192,0.09436359564002218,0.18018908849043488,0.13858919250447133,Fair,"alpha=0.0,eps=0.02",OK,0.48049184823460117,0.1862208193763165,0.06820667990620093,0.15343421379940603,0.11164643868347539,0.11653812337110385,0.10400300251814026,0.4090461312085816,-0.019999999999999962,True,True,,,0.10378749920728811
dirichlet_74,0.3762728949367195,0.21058522842835192,0.09436359564002218,0.18018908849043488,0.13858919250447133,Fair,"alpha=0.0,eps=0.05",OK,0.6368202781814235,0.14967420579826332,0.028971306305469034,0.11330190176286264,0.07123230795198143,0.29134530842775946,0.2600075062953506,0.43762476538603473,-0.049999999999999975,True,True,,,0.2594687480182203
dirichlet_74,0.3762728949367195,0.21058522842835192,0.09436359564002218,0.18018908849043488,0.13858919250447133,Fair,"alpha=0.0,eps=0.1",OK,0.8594104255223136,0.08831287264109604,0.0,0.04683214380590712,0.005444558030683278,0.5410993060584864,0.48295019236503234,0.47654590010570996,-0.10000000000000003,True,True,,,0.5176676750396357
dirichlet_74,0.3762728949367195,0.21058522842835192,0.09436359564002218,0.18018908849043488,0.13858919250447133,Fair,"alpha=1.0,eps=0.02",OK,0.37719863584609314,0.20990466767648147,0.09419932855240322,0.18075501305930006,0.13794235486572207,0.0014442341890764023,0.0013015246563265214,0.3901676923285154,-0.000558107430901279,True,True,,,-19.558411038797665
dirichlet_74,0.3762728949367195,0.21058522842835192,0.09436359564002218,0.18018908849043488,0.13858919250447133,Fair,"alpha=1.0,eps=0.05",OK,0.3785872485574564,0.20888382570557276,0.09395292812708095,0.18160389920666248,0.13697209840322747,0.0036105864354857636,0.0032538125117496587,0.3904286683716761,-0.0013952692623802236,True,True,,,-14.976957379426887
dirichlet_74,0.3762728949367195,0.21058522842835192,0.09436359564002218,0.18018908849043488,0.13858919250447133,Fair,"alpha=1.0,eps=0.1",OK,0.38090160159473907,0.20718242334267695,0.09354226061622979,0.18301871169334924,0.13535500275300494,0.007221173714664375,0.006507625777182292,0.3908636282934477,-0.0027905382306380195,True,True,,,-11.511221476627162
dirichlet_74,0.3762728949367195,0.21058522842835192,0.09436359564002218,0.18018908849043488,0.13858919250447133,Fair,"alpha=2.0,eps=0.02",OK,0.376733529879521,0.21024456302020822,0.09428349112995497,0.1804724530985568,0.13826596287175905,0.0007207129109208379,0.00064953825837048,0.3900801872393362,-0.0002793500708434493,True,True,,,-249.9574523398237
dirichlet_74,0.3762728949367195,0.21058522842835192,0.09436359564002218,0.18018908849043488,0.13858919250447133,Fair,"alpha=2.0,eps=0.05",OK,0.3774244821540998,0.2097335651636578,0.09416333442192056,0.18089749987192533,0.13778111838839652,0.001801782021675755,0.0016238454124307825,0.390209905441567,-0.0006983749666582318,True,True,,,-99.98298093592948
dirichlet_74,0.3762728949367195,0.21058522842835192,0.09436359564002218,0.18018908849043488,0.13858919250447133,Fair,"alpha=2.0,eps=0.1",OK,0.3785760696555862,0.20888190152462202,0.09396307302680341,0.18160591129304285,0.13697304449994557,0.003603564335046466,0.0032476910916629164,0.3904261025032027,-0.0013967502425223923,True,True,,,-49.99149046796474
