p_name,p_helpfulness,p_correctness,p_coherence,p_complexity,p_verbosity,method,params,status,lam_helpfulness,lam_correctness,lam_coherence,lam_complexity,lam_verbosity,dist_l2,dist_R,proxy_pRlam,min_delta,moved,usable,t_star,t_star_lp,u_alpha
balanced,0.2,0.2,0.2,0.2,0.2,Avg,rho=0.0,OK,0.9999999999999984,0.0,7.771561172376084e-16,0.0,7.494005416219795e-16,0.8944271909999142,0.8750365403992634,0.22904374403602398,-0.2071034550543905,True,True,,,
balanced,0.2,0.2,0.2,0.2,0.2,Avg,rho=0.1,OK,0.22555078835069173,0.22382585417125656,0.20806040109429064,0.18997440459640608,0.15258855178735511,0.06028135833696468,0.06127367913823707,0.22452732785362645,-0.04758910807787511,True,True,,,
balanced,0.2,0.2,0.2,0.2,0.2,Avg,rho=0.2,OK,0.21277568913074782,0.21191255684624485,0.20403034287906086,0.19498723212799926,0.1762941790159472,0.03014074812226531,0.030636909769494864,0.22415188234038103,-0.023794649145011823,True,True,,,
balanced,0.2,0.2,0.2,0.2,0.2,Avg,rho=0.5,OK,0.20511039266375133,0.20476459648284656,0.20161232174531982,0.1979948128035389,0.19051787630454353,0.012056057386280848,0.012254525841706774,0.22392661108240405,-0.009517660545028075,True,True,,,
balanced,0.2,0.2,0.2,0.2,0.2,Cert,,FLOOR_COLLAPSED,0.2,0.2,0.2,0.2,0.2,0.0,0.0,0.223776435105963,0.0,False,True,0.0,-0.0,
balanced,0.2,0.2,0.2,0.2,0.2,MaxMin,c=0.0,OK_EXACT_D0,0.205267308930061,0.20494199586393685,0.20192184902386565,0.19753690610734453,0.190331940074792,0.012465936964217817,0.012689719502770268,0.2239318346903589,-0.00972485604169014,True,True,-0.00972485604169014,,
balanced,0.2,0.2,0.2,0.2,0.2,MaxMin,c=0.1,OK,0.20498663315967128,0.20466082183004888,0.20163613507512396,0.19724598260894774,0.1914704273262082,0.011384416110295616,0.01160293908493326,0.2239181272333024,-0.00860673854863451,True,True,-0.00860673854863451,,
balanced,0.2,0.2,0.2,0.2,0.2,MaxMin,c=0.25,OK,0.2045656195105155,0.204239060790167,0.2012075641878625,0.1968095973053421,0.19317815820611295,0.009848295486034298,0.010053139029093827,0.22389756604798564,-0.006929562309036583,True,True,-0.006929562309036583,,
balanced,0.2,0.2,0.2,0.2,0.2,MaxMin,c=0.5,OK,0.2038639301246945,0.20353612571798152,0.2004932793638393,0.196082288452849,0.19602437634063574,0.007670170329285968,0.007825014436419074,0.2238632974059143,-0.0041342685756023505,True,True,-0.0041342685756023505,,
balanced,0.2,0.2,0.2,0.2,0.2,MaxMin,c=0.75,OK,0.20241337471140242,0.20208299529760768,0.19901668637813238,0.19822585732862066,0.19826108628423691,0.004159513879736523,0.004185994310113574,0.22381873327194038,-0.0018071608931484386,True,True,-0.0018071608931484386,,
balanced,0.2,0.2,0.2,0.2,0.2,MaxMin,c=0.9,OK,0.2011658698938163,0.20083327586459476,0.19925931742019526,0.19936539279292795,0.1993761440284658,0.001842317708848357,0.0018348646768139819,0.22379286524270284,-0.0006469194567941142,True,True,-0.0006469194567941142,,
balanced,0.2,0.2,0.2,0.2,0.2,MaxMin,c=0.95,OK,0.20065184318114998,0.2003183366349415,0.19964035929157467,0.19969222499189268,0.19969723590044125,0.0009175896363360688,0.0009124378710351011,0.2237844358287614,-0.0003138983246930921,True,True,-0.0003138983246930921,,
balanced,0.2,0.2,0.2,0.2,0.2,MaxMin,c=1.0,OK,0.2,0.2,0.2,0.2,0.2,0.0,0.0,0.223776435105963,0.0,False,True,0.0,,
balanced,0.2,0.2,0.2,0.2,0.2,Fair,"alpha=0.0,eps=0.01",OK,0.24297597566765833,0.18797121325599728,0.1884791737920866,0.19023353350014113,0.1903401037841167,0.048094210612373116,0.04695898629350583,0.2240386635229116,-0.01000000000000001,True,True,,,0.05131114208474287
balanced,0.2,0.2,0.2,0.2,0.2,Fair,"alpha=0.0,eps=0.02",OK,0.28595195133531665,0.17594242651199454,0.17695834758417317,0.18046706700028226,0.18068020756823341,0.09618842122474623,0.09391797258701165,0.22430089193986016,-0.020000000000000018,True,True,,,0.10262228416948574
balanced,0.2,0.2,0.2,0.2,0.2,Fair,"alpha=0.0,eps=0.05",OK,0.41487987833829165,0.13985606627998637,0.14239586896043288,0.15116766750070565,0.1517005189205835,0.24047105306186561,0.2347949314675292,0.2250875771907059,-0.05000000000000002,True,True,,,0.2565557104237144
balanced,0.2,0.2,0.2,0.2,0.2,Fair,"alpha=0.0,eps=0.1",OK,0.6297597566765832,0.07971213255997274,0.08479173792086575,0.10233533500141125,0.10340103784116694,0.4809421061237312,0.46958986293505833,0.22639871927544872,-0.10000000000000005,True,True,,,0.5131114208474288
balanced,0.2,0.2,0.2,0.2,0.2,Fair,"alpha=0.5,eps=0.01",OK,0.2004963830707438,0.20045655725946238,0.20011116877124227,0.19982459419902437,0.19911129669952723,0.0011347951053275838,0.0011521685730466547,0.2237905437403485,-0.0008913129357855758,True,True,,,1.0003561959118048
balanced,0.2,0.2,0.2,0.2,0.2,Fair,"alpha=0.5,eps=0.02",OK,0.2009927665123632,0.2009131148761127,0.20022233752263052,0.19964918806026544,0.1982225930286282,0.0022695908569517332,0.0023043378093846206,0.22380465238282787,-0.0017826262552892976,True,True,,,1.4147172994624313
balanced,0.2,0.2,0.2,0.2,0.2,Fair,"alpha=0.5,eps=0.05",OK,0.20248191625358702,0.20228278712920725,0.20055584341797408,0.19912297033834467,0.19555648286088703,0.005673976812202601,0.0057608441755180005,0.2238469782936732,-0.004456565340760537,True,True,,,2.236864455771893
balanced,0.2,0.2,0.2,0.2,0.2,Fair,"alpha=0.5,eps=0.1",OK,0.2049638324252667,0.204565574318539,0.2011116871151558,0.19824594080801042,0.19111296533302813,0.011347953924263103,0.011521688654405038,0.22391752148522062,-0.008913131062446351,True,True,,,3.1634040505429235
balanced,0.2,0.2,0.2,0.2,0.2,Fair,"alpha=1.0,eps=0.01",OK,0.2002482832281673,0.2002288487893808,0.2000588026706477,0.1999156099977291,0.19954845531407517,0.0005731390404917204,0.0005818122865421504,0.22378356029163535,-0.00045265636419565785,True,True,,,-23.024058215445713
balanced,0.2,0.2,0.2,0.2,0.2,Fair,"alpha=1.0,eps=0.02",OK,0.20049656701517374,0.2004576975930784,0.2001176048458093,0.19983121996937234,0.1990969105765663,0.0011462783224342244,0.0011636248063363165,0.22379068547993272,-0.0009053127790744035,True,True,,,-19.558322312645984
balanced,0.2,0.2,0.2,0.2,0.2,Fair,"alpha=1.0,eps=0.05",OK,0.20124141751365374,0.20114424400924036,0.2002940121262737,0.1995780499002139,0.19774227645061837,0.0028656958035399595,0.0029090620144738267,0.22381206104088128,-0.0022632819396876318,True,True,,,-14.97686865327521
balanced,0.2,0.2,0.2,0.2,0.2,Fair,"alpha=1.0,eps=0.1",OK,0.20248283491185987,0.2022884881377543,0.20058802469680428,0.19915609960363911,0.1954845526499425,0.005731391877228732,0.005818124318080539,0.2238476869795489,-0.004526564139737823,True,True,,,-11.511132750475483
balanced,0.2,0.2,0.2,0.2,0.2,Fair,"alpha=2.0,eps=0.01",OK,0.20012415014281476,0.20011455270127765,0.20003020566894109,0.19995865521162884,0.19977243627533775,0.00028799757303616703,0.00029232900971226075,0.2237800151486528,-0.00022807029259921268,True,True,,,-499.91007439854934
balanced,0.2,0.2,0.2,0.2,0.2,Fair,"alpha=2.0,eps=0.02",OK,0.20024830028210575,0.20022910540508637,0.2000604113325845,0.199917310429083,0.1995448725511404,0.0005759951438008033,0.0005846580168137458,0.2237835951913075,-0.0004561405844476063,True,True,,,-249.95503719927467
balanced,0.2,0.2,0.2,0.2,0.2,Fair,"alpha=2.0,eps=0.05",OK,0.200620750701828,0.20057276351038436,0.20015102833316867,0.19979327607442557,0.19886218138019343,0.0014399878551747938,0.0014616450376451946,0.223794335319271,-0.0011403514587175908,True,True,,,-99.98201487970987
balanced,0.2,0.2,0.2,0.2,0.2,Fair,"alpha=2.0,eps=0.1",OK,0.201241501406377,0.201145527022553,0.20030205667943535,0.19958655215371135,0.19772436273792338,0.0028799757306579962,0.002923290095828004,0.22381223553283244,-0.002280702939562238,True,True,,,-49.99100743985493
dominant_helpfulness,0.5,0.125,0.125,0.125,0.125,Avg,rho=0.0,OK,1.0,0.0,6.938893903907228e-17,6.938893903907228e-17,4.163336342344337e-17,0.5590169943749475,0.5468978377495407,0.5181523400225149,-0.1294396594089945,True,True,,,
dominant_helpfulness,0.5,0.125,0.125,0.125,0.125,Avg,rho=0.1,OK,0.9999999999999994,5.551115123125783e-17,1.1102230246251565e-16,5.551115123125783e-17,1.942890293094024e-16,0.5590169943749469,0.5468978377495401,0.5181523400225145,-0.12943965940899432,True,True,,,
dominant_helpfulness,0.5,0.125,0.125,0.125,0.125,Avg,rho=0.2,OK,1.0,0.0,0.0,1.387778780781446e-17,2.775557561562892e-17,0.5590169943749475,0.5468978377495407,0.5181523400225149,-0.1294396594089945,True,True,,,
dominant_helpfulness,0.5,0.125,0.125,0.125,0.125,Avg,rho=0.5,OK,0.8051105528747889,0.05476487605737101,0.05161213733218752,0.04799480306055008,0.040517630675102445,0.3412891319397343,0.3343286950092715,0.44717759734517565,-0.08718170005441661,True,True,,,
dominant_helpfulness,0.5,0.125,0.125,0.125,0.125,Cert,,FLOOR_COLLAPSED,0.5,0.125,0.125,0.125,0.125,0.0,0.0,0.33540192498015303,0.0,False,True,0.0,-0.0,
dominant_helpfulness,0.5,0.125,0.125,0.125,0.125,MaxMin,c=0.0,OK_EXACT_D0,0.792400664067779,0.06723826167763364,0.06088095976022301,0.043787210913741964,0.03569290358062241,0.32789799124819113,0.3219951811489695,0.44291901764475183,-0.09220892767529637,True,True,-0.09220892767529637,,
dominant_helpfulness,0.5,0.125,0.125,0.125,0.125,MaxMin,c=0.1,OK,0.7812333069797307,0.056051079486071326,0.049513146394039365,0.05619229215738118,0.05701017498277744,0.31448610243784536,0.3075293916597016,0.4381175245301549,-0.07041555225314942,True,True,-0.07041555225314942,,
dominant_helpfulness,0.5,0.125,0.125,0.125,0.125,MaxMin,c=0.25,OK,0.7284713143092948,0.06105188307529892,0.0637523316281147,0.07307895800584069,0.07364551298145093,0.25568116461742313,0.24964602083911286,0.41863095786991483,-0.05316256600573972,True,True,-0.05316256600573972,,
dominant_helpfulness,0.5,0.125,0.125,0.125,0.125,MaxMin,c=0.5,OK,0.6496799610220174,0.0831052366348151,0.08487439980240767,0.09098461576936719,0.09135578677139246,0.16750613471847564,0.16355229006086205,0.38992832553289386,-0.03482875227301945,True,True,-0.03482875227301945,,
dominant_helpfulness,0.5,0.125,0.125,0.125,0.125,MaxMin,c=0.75,OK,0.5744413530176017,0.1041641924011603,0.10504406235172153,0.10808289761533665,0.10826749461417981,0.08330696522133503,0.0813405727668977,0.362519910611701,-0.01732162024505784,True,True,-0.01732162024505784,,
dominant_helpfulness,0.5,0.125,0.125,0.125,0.125,MaxMin,c=0.9,OK,0.5297244098452796,0.11668026829954506,0.11703160010587094,0.11824500611162485,0.11831871563767962,0.033264446128751894,0.032479266213785274,0.34623012847747453,-0.0069165177482286505,True,True,-0.0069165177482286505,,
dominant_helpfulness,0.5,0.125,0.125,0.125,0.125,MaxMin,c=0.95,OK,0.5148553795784572,0.1208420445336172,0.12101762976367325,0.12162405414323409,0.12166089198101832,0.016624584854061434,0.016232175190255712,0.34081354034754885,-0.003456670697446897,True,True,-0.003456670697446897,,
dominant_helpfulness,0.5,0.125,0.125,0.125,0.125,MaxMin,c=1.0,OK,0.5,0.125,0.125,0.125,0.125,0.0,0.0,0.33540192498015303,0.0,False,True,0.0,,
dominant_helpfulness,0.5,0.125,0.125,0.125,0.125,Fair,"alpha=0.0,eps=0.01",OK,0.5429759756676583,0.11297121325599727,0.11347917379208658,0.11523353350014112,0.1153401037841167,0.048094210612373116,0.046958986293505825,0.3510574960225244,-0.010000000000000009,True,True,,,0.05131114208474287
dominant_helpfulness,0.5,0.125,0.125,0.125,0.125,Fair,"alpha=0.0,eps=0.02",OK,0.5859519513353167,0.10094242651199456,0.10195834758417317,0.10546706700028226,0.10568020756823342,0.09618842122474631,0.09391797258701175,0.3667130670648959,-0.019999999999999993,True,True,,,0.10262228416948574
dominant_helpfulness,0.5,0.125,0.125,0.125,0.125,Fair,"alpha=0.0,eps=0.05",OK,0.7148798783382917,0.06485606627998637,0.06739586896043287,0.07616766750070564,0.07670051892058348,0.24047105306186564,0.23479493146752925,0.4136797801920101,-0.05000000000000002,True,True,,,0.2565557104237144
dominant_helpfulness,0.5,0.125,0.125,0.125,0.125,Fair,"alpha=0.0,eps=0.1",OK,0.9297597566765833,0.004712132559972743,0.009791737920865753,0.027335335001411262,0.02840103784116696,0.48094210612373123,0.4695898629350584,0.49195763540386733,-0.10000000000000002,True,True,,,0.5131114208474288
dominant_helpfulness,0.5,0.125,0.125,0.125,0.125,Fair,"alpha=0.5,eps=0.01",OK,0.5004963830707437,0.12545655725946236,0.12511116877124226,0.12482459419902438,0.12411129669952722,0.0011347951053275575,0.001152168573046627,0.3356071808494662,-0.0008913129357855754,True,True,,,1.0003561959118048
dominant_helpfulness,0.5,0.125,0.125,0.125,0.125,Fair,"alpha=0.5,eps=0.02",OK,0.5009927664887657,0.12591311484396697,0.12522233748692532,0.12464918811028679,0.1232225930700552,0.0022695907900238677,0.0023043377393209075,0.3358124368578631,-0.0017826262116739367,True,True,,,1.4147172994624313
dominant_helpfulness,0.5,0.125,0.125,0.125,0.125,Fair,"alpha=0.5,eps=0.05",OK,0.502481916253587,0.12728278712920724,0.12555584341797407,0.12412297033834466,0.12055648286088701,0.005673976812202587,0.005760844175517986,0.3364282046800937,-0.004456565340760551,True,True,,,2.236864455771893
dominant_helpfulness,0.5,0.125,0.125,0.125,0.125,Fair,"alpha=0.5,eps=0.1",OK,0.5049638324252667,0.129565574318539,0.1261116871151558,0.1232459408080104,0.11611296533302812,0.01134795392426309,0.011521688654405024,0.3374544843587622,-0.008913131062446351,True,True,,,3.1634040505429235
dominant_helpfulness,0.5,0.125,0.125,0.125,0.125,Fair,"alpha=1.0,eps=0.01",OK,0.5002482835230863,0.1252288487178913,0.1250588023707987,0.1249156100204512,0.12454845536777255,0.0005731390632907806,0.0005818123019413797,0.3355047138814609,-0.0004526563087064838,True,True,,,-23.02405821544571
dominant_helpfulness,0.5,0.125,0.125,0.125,0.125,Fair,"alpha=1.0,eps=0.02",OK,0.5004965669373982,0.12545769766078874,0.1251176048931304,0.1248312198951481,0.12409691061353466,0.0011462783024365753,0.00116362479019427,0.33560750275098383,-0.0009053127460339175,True,True,,,-19.558322312645984
dominant_helpfulness,0.5,0.125,0.125,0.125,0.125,Fair,"alpha=1.0,eps=0.05",OK,0.50124141753584,0.12614424400105073,0.125294012086136,0.12457804992000455,0.12274227645696881,0.0028656957978457948,0.0029090620071146895,0.3359158694736678,-0.0022632819323109656,True,True,,,-14.976868653275208
dominant_helpfulness,0.5,0.125,0.125,0.125,0.125,Fair,"alpha=1.0,eps=0.1",OK,0.5024828349118599,0.12728848813775429,0.12558802469680427,0.12415609960363909,0.12048455264994248,0.005731391877228735,0.005818124318080541,0.33642981392175597,-0.004526564139737824,True,True,,,-11.511132750475483
dominant_helpfulness,0.5,0.125,0.125,0.125,0.125,Fair,"alpha=2.0,eps=0.01",OK,0.5001241501496518,0.1251145526760194,0.12503020567632278,0.12495865521459205,0.12477243628341408,0.00028799755990410557,0.0002923289964726026,0.33545335382579916,-0.0002280702844532841,True,True,,,-499.91007439854934
dominant_helpfulness,0.5,0.125,0.125,0.125,0.125,Fair,"alpha=2.0,eps=0.02",OK,0.5002483002890903,0.12522910539559,0.12506041133278467,0.12491731043024411,0.12454487255229087,0.0005759951419797224,0.0005846580149151019,0.33550478266842904,-0.00045614058324638804,True,True,,,-249.95503719927464
dominant_helpfulness,0.5,0.125,0.125,0.125,0.125,Fair,"alpha=2.0,eps=0.05",OK,0.50062075037841,0.12557276385051172,0.1251510282679852,0.12479327613342306,0.12386218136967003,0.001439987844052267,0.001461645023800421,0.33565906907967646,-0.0011403514663746164,True,True,,,-99.98201487970985
dominant_helpfulness,0.5,0.125,0.125,0.125,0.125,Fair,"alpha=2.0,eps=0.1",OK,0.5012415013999532,0.12614552698974596,0.1253020567648807,0.12458655222100323,0.12272436262441695,0.0028799758038289412,0.002923290168657951,0.33591621340764594,-0.0022807030494204393,True,True,,,-49.991007439854926
dominant_correctness,0.125,0.5,0.125,0.125,0.125,Avg,rho=0.0,OK,0.0,1.0,0.0,0.0,7.632783294297951e-17,0.5590169943749475,0.5471301451830566,0.5179490193561873,-0.12979152432624388,True,True,,,
dominant_correctness,0.125,0.5,0.125,0.125,0.125,Avg,rho=0.1,OK,4.163336342344337e-17,0.9999999999999998,1.3877787807814457e-17,9.71445146547012e-17,8.326672684688674e-17,0.5590169943749472,0.5471301451830564,0.5179490193561872,-0.12979152432624388,True,True,,,
dominant_correctness,0.125,0.5,0.125,0.125,0.125,Avg,rho=0.2,OK,1.3877787807814457e-17,1.0,0.0,0.0,0.0,0.5590169943749475,0.5471301451830566,0.5179490193561873,-0.12979152432624397,True,True,,,
dominant_correctness,0.125,0.5,0.125,0.125,0.125,Avg,rho=0.5,OK,0.05511091623988954,0.8047645804681645,0.051612097484666566,0.0479949043638069,0.040517501443472506,0.34090877825109905,0.33410056848466096,0.4468726183731143,-0.08739294229741315,True,True,,,
dominant_correctness,0.125,0.5,0.125,0.125,0.125,Cert,,FLOOR_COLLAPSED,0.125,0.5,0.125,0.125,0.125,0.0,0.0,0.3352494344804073,0.0,False,True,0.0,-0.0,
dominant_correctness,0.125,0.5,0.125,0.125,0.125,MaxMin,c=0.0,OK_EXACT_D0,0.06756357474375779,0.7923193358012481,0.05997511971946842,0.044538192705456336,0.035603777030069284,0.3277858435005851,0.32196332584520115,0.44269299367979736,-0.09245626368911385,True,True,-0.09245626368911385,,
dominant_correctness,0.125,0.5,0.125,0.125,0.125,MaxMin,c=0.1,OK,0.05648719575769691,0.7812232937946417,0.04869991839884302,0.055975504446756516,0.05761408760206185,0.314495611966649,0.30767628593727786,0.4379308568753313,-0.07002022768514357,True,True,-0.07002022768514357,,
dominant_correctness,0.125,0.5,0.125,0.125,0.125,MaxMin,c=0.25,OK,0.06112143276028321,0.7279912703415387,0.06454782735187109,0.07253683107939314,0.07380263846691408,0.2551244986346243,0.24924796458117418,0.418293675171846,-0.053199019313195886,True,True,-0.053199019313195886,,
dominant_correctness,0.125,0.5,0.125,0.125,0.125,MaxMin,c=0.5,OK,0.08311628180026402,0.6494886709520233,0.08536289050982776,0.09060109786605229,0.09143105887183256,0.1672793092957416,0.16342620007739928,0.3896996472126152,-0.03488138243700016,True,True,-0.03488138243700016,,
dominant_correctness,0.125,0.5,0.125,0.125,0.125,MaxMin,c=0.75,OK,0.10416485436450976,0.5743634606480785,0.10528243469552295,0.10788819220290012,0.10830105808898859,0.08321345192803235,0.08129671446621553,0.36233580982914904,-0.01735181866080628,True,True,-0.01735181866080628,,
dominant_correctness,0.125,0.5,0.125,0.125,0.125,MaxMin,c=0.9,OK,0.11667990914705814,0.5296955327097539,0.11712619207937645,0.1181667482425735,0.11833161782123801,0.03322959639162876,0.0324641863435037,0.3460658265383798,-0.006929095205159835,True,True,-0.006929095205159835,,
dominant_correctness,0.125,0.5,0.125,0.125,0.125,MaxMin,c=0.95,OK,0.1208417836568568,0.5148412381084014,0.12106482701246807,0.1215848763388809,0.12166727488339274,0.01660749302309206,0.016224956266273557,0.34065525264084273,-0.003463024314825137,True,True,-0.003463024314825137,,
dominant_correctness,0.125,0.5,0.125,0.125,0.125,MaxMin,c=1.0,OK,0.125,0.5,0.125,0.125,0.125,0.0,0.0,0.3352494344804073,0.0,False,True,0.0,,
dominant_correctness,0.125,0.5,0.125,0.125,0.125,Fair,"alpha=0.0,eps=0.01",OK,0.16797597566765832,0.4879712132559973,0.11347917379208658,0.11523353350014112,0.1153401037841167,0.0480942106123731,0.04695898629350582,0.33166332724100017,-0.010000000000000005,True,True,,,0.05131114208474287
dominant_correctness,0.125,0.5,0.125,0.125,0.125,Fair,"alpha=0.0,eps=0.02",OK,0.21095195133531666,0.4759424265119946,0.10195834758417317,0.10546706700028226,0.10568020756823342,0.09618842122474623,0.09391797258701166,0.328077220001593,-0.019999999999999997,True,True,,,0.10262228416948574
dominant_correctness,0.125,0.5,0.125,0.125,0.125,Fair,"alpha=0.0,eps=0.05",OK,0.33987987833829164,0.43985606627998636,0.06739586896043287,0.07616766750070564,0.07670051892058348,0.24047105306186561,0.2347949314675292,0.3173188982833716,-0.05000000000000002,True,True,,,0.2565557104237144
dominant_correctness,0.125,0.5,0.125,0.125,0.125,Fair,"alpha=0.0,eps=0.1",OK,0.5547597566765833,0.3797121325599727,0.009791737920865753,0.027335335001411262,0.02840103784116696,0.48094210612373123,0.4695898629350584,0.2993883620863359,-0.10000000000000003,True,True,,,0.5131114208474288
dominant_correctness,0.125,0.5,0.125,0.125,0.125,Fair,"alpha=0.5,eps=0.01",OK,0.1254963830707438,0.5004565572594624,0.12511116877124226,0.12482459419902438,0.12411129669952722,0.0011347951053275816,0.001152168573046652,0.335440715976226,-0.000891312935785575,True,True,,,1.0003561959118048
dominant_correctness,0.125,0.5,0.125,0.125,0.125,Fair,"alpha=0.5,eps=0.02",OK,0.12599276650246732,0.5009131148204959,0.1252223374961555,0.12464918811283382,0.12322259306804763,0.002269590788656993,0.0023043377379887613,0.33563199759501866,-0.0017826262135682924,True,True,,,1.4147172994624313
dominant_correctness,0.125,0.5,0.125,0.125,0.125,Fair,"alpha=0.5,eps=0.05",OK,0.127481916253587,0.5022827871292073,0.12555584341797407,0.12412297033834466,0.12055648286088701,0.005673976812202624,0.005760844175518024,0.3362058422892595,-0.004456565340760551,True,True,,,2.236864455771893
dominant_correctness,0.125,0.5,0.125,0.125,0.125,Fair,"alpha=0.5,eps=0.1",OK,0.12996383242526668,0.504565574318539,0.1261116871151558,0.1232459408080104,0.11611296533302812,0.011347953924263103,0.011521688654405038,0.3371622501264223,-0.008913131062446351,True,True,,,3.1634040505429235
dominant_correctness,0.125,0.5,0.125,0.125,0.125,Fair,"alpha=1.0,eps=0.01",OK,0.12524828384524025,0.50022884850336,0.12505880235125133,0.12491560999724056,0.12454845530290783,0.0005731391697030443,0.0005818124088484408,0.33534540373310057,-0.0004526563740091385,True,True,,,-23.02405821544571
dominant_correctness,0.125,0.5,0.125,0.125,0.125,Fair,"alpha=1.0,eps=0.02",OK,0.12549656655172572,0.5004576976623683,0.12511760564717217,0.1248312198622262,0.12409691027650765,0.0011462784837295628,0.0011636249901839568,0.33544137322151185,-0.0009053130849218261,True,True,,,-19.558322312645984
dominant_correctness,0.125,0.5,0.125,0.125,0.125,Fair,"alpha=1.0,eps=0.05",OK,0.12624141755015683,0.5011442440053577,0.12529401210223656,0.1245780499263566,0.12274227641589232,0.0028656958388460847,0.0029090620484972765,0.33572928126641044,-0.0022632819728631783,True,True,,,-14.97686865327521
dominant_correctness,0.125,0.5,0.125,0.125,0.125,Fair,"alpha=1.0,eps=0.1",OK,0.12748283495056859,0.5022884880634672,0.12558802404994004,0.12415610016501122,0.12048455277101297,0.005731391619926628,0.005818124024047175,0.336209128066788,-0.004526563990984196,True,True,,,-11.511132750475483
dominant_correctness,0.125,0.5,0.125,0.125,0.125,Fair,"alpha=2.0,eps=0.01",OK,0.1251241501402825,0.5001145527071776,0.12503020566518802,0.12495865521522859,0.12477243627212328,0.0002879975759208466,0.0002923290124162291,0.33529749560553024,-0.00022807029561319376,True,True,,,-499.91007439854934
dominant_correctness,0.125,0.5,0.125,0.125,0.125,Fair,"alpha=2.0,eps=0.02",OK,0.12524830028210573,0.5002291054050864,0.1250604113325845,0.12491731042908301,0.1245448725511404,0.0005759951438007903,0.0005846580168137326,0.3353455567272058,-0.0004561405844475917,True,True,,,-249.95503719927467
dominant_correctness,0.125,0.5,0.125,0.125,0.125,Fair,"alpha=2.0,eps=0.05",OK,0.12562075103360903,0.5005727632173965,0.12515102825219745,0.12479327609572746,0.12386218140106967,0.0014399878536155745,0.0014616450327237262,0.3354897399934434,-0.0011403514365406374,True,True,,,-99.98201487970987
dominant_correctness,0.125,0.5,0.125,0.125,0.125,Fair,"alpha=2.0,eps=0.1",OK,0.1262415014418859,0.5011455270653952,0.1253020566034631,0.12458655217707258,0.12272436271218322,0.0028799757720228882,0.0029232901350743673,0.3357300457294905,-0.002280702963785941,True,True,,,-49.991007439854926
dominant_coherence,0.125,0.125,0.5,0.125,0.125,Avg,rho=0.0,OK,0.0,4.718447854656913e-16,0.9999999999999991,1.0408340855860838e-16,3.330669073875468e-16,0.5590169943749465,0.54928215471362,0.5160614275811426,-0.13166531526036493,True,True,,,
dominant_coherence,0.125,0.125,0.5,0.125,0.125,Avg,rho=0.1,OK,2.7755575615628914e-17,4.163336342344337e-17,1.0,0.0,5.551115123125783e-17,0.5590169943749475,0.5492821547136209,0.5160614275811429,-0.1316653152603652,True,True,,,
dominant_coherence,0.125,0.125,0.5,0.125,0.125,Avg,rho=0.2,OK,5.551115123125783e-17,0.0,1.0,1.3877787807814457e-17,1.3877787807814457e-17,0.5590169943749475,0.5492821547136209,0.5160614275811429,-0.13166531526036523,True,True,,,
dominant_coherence,0.125,0.125,0.5,0.125,0.125,Avg,rho=0.5,OK,0.0551107499330143,0.05476442813231016,0.8016122581008869,0.04799508488198081,0.04051747895180796,0.3374233992808066,0.33197512175015176,0.4440412234258529,-0.0885172312577058,True,True,,,
dominant_coherence,0.125,0.125,0.5,0.125,0.125,Cert,,FLOOR_COLLAPSED,0.125,0.125,0.5,0.125,0.125,0.0,0.0,0.33383374064912397,0.0,False,True,0.0,-0.0,
dominant_coherence,0.125,0.125,0.5,0.125,0.125,MaxMin,c=0.0,OK_EXACT_D0,0.06422641966641836,0.06299526655953962,0.7915642990912302,0.045601957148188536,0.03561205753462323,0.326866959185288,0.3221014745564399,0.4406757496561608,-0.0934687735243124,True,True,-0.0934687735243124,,
dominant_coherence,0.125,0.125,0.5,0.125,0.125,MaxMin,c=0.1,OK,0.053281930690536536,0.052031348726594484,0.7804233554340655,0.05578232159182135,0.058481043556981915,0.3135618318251175,0.3079333605678238,0.4359198861910746,-0.07023926135588587,True,True,-0.07023926135588587,,
dominant_coherence,0.125,0.125,0.5,0.125,0.125,MaxMin,c=0.25,OK,0.06386586305589001,0.06459418712205958,0.7259011173621033,0.07175955170243989,0.07387928075750724,0.2527161115275155,0.24800766887098824,0.41595599161099545,-0.054016526342689684,True,True,-0.054016526342689684,,
dominant_coherence,0.125,0.125,0.5,0.125,0.125,MaxMin,c=0.5,OK,0.0847971673701227,0.0852761254775922,0.6485563592811284,0.08998818926644443,0.09138215860471226,0.1661903486738104,0.16309399790270532,0.38783870866931924,-0.03552217265760777,True,True,-0.03552217265760777,,
dominant_coherence,0.125,0.125,0.5,0.125,0.125,MaxMin,c=0.75,OK,0.10498407010715842,0.10522253071487099,0.5739622926544022,0.10756854298014035,0.1082625635434281,0.0827417908222188,0.08120019944907689,0.3607213896789608,-0.017685552759477002,True,True,-0.017685552759477002,,
dominant_coherence,0.125,0.125,0.5,0.125,0.125,MaxMin,c=0.9,OK,0.11700485146480588,0.11710010199719008,0.529543444593444,0.11803719143678328,0.11831441050777684,0.033050320980998714,0.032434548839767784,0.34457372369795497,-0.007064304381361608,True,True,-0.007064304381361608,,
dominant_coherence,0.125,0.125,0.5,0.125,0.125,MaxMin,c=0.95,OK,0.12100389662745012,0.1210515043700732,0.514766287087341,0.12151987669029359,0.12165843522484218,0.016519080108975966,0.016211307324084795,0.33920175630182164,-0.0035308525462430843,True,True,-0.0035308525462430843,,
dominant_coherence,0.125,0.125,0.5,0.125,0.125,MaxMin,c=1.0,OK,0.125,0.125,0.5,0.125,0.125,0.0,0.0,0.33383374064912397,0.0,False,True,0.0,,
dominant_coherence,0.125,0.125,0.5,0.125,0.125,Fair,"alpha=0.0,eps=0.01",OK,0.16797597566765834,0.11297121325599728,0.4884791737920866,0.11523353350014114,0.11534010378411672,0.048094210612373116,0.04695898629350583,0.33024763340971686,-0.009999999999999992,True,True,,,0.05131114208474287
dominant_coherence,0.125,0.125,0.5,0.125,0.125,Fair,"alpha=0.0,eps=0.02",OK,0.21095195133531666,0.10094242651199456,0.4769583475841732,0.10546706700028226,0.10568020756823342,0.09618842122474623,0.09391797258701165,0.32666152617030975,-0.019999999999999993,True,True,,,0.10262228416948574
dominant_coherence,0.125,0.125,0.5,0.125,0.125,Fair,"alpha=0.0,eps=0.05",OK,0.33987987833829164,0.06485606627998637,0.44239586896043287,0.07616766750070564,0.07670051892058348,0.24047105306186561,0.2347949314675292,0.3159032044520883,-0.05000000000000002,True,True,,,0.2565557104237144
dominant_coherence,0.125,0.125,0.5,0.125,0.125,Fair,"alpha=0.0,eps=0.1",OK,0.5547597566765833,0.004712132559972743,0.38479173792086574,0.027335335001411262,0.02840103784116696,0.48094210612373123,0.4695898629350584,0.2979726682550526,-0.10000000000000003,True,True,,,0.5131114208474288
dominant_coherence,0.125,0.125,0.5,0.125,0.125,Fair,"alpha=0.5,eps=0.01",OK,0.1254963830707438,0.12545655725946236,0.5001111687712423,0.12482459419902438,0.12411129669952722,0.0011347951053275844,0.001152168573046656,0.33390104404318655,-0.0008913129357855749,True,True,,,1.0003561959118048
dominant_coherence,0.125,0.125,0.5,0.125,0.125,Fair,"alpha=0.5,eps=0.02",OK,0.12599276651236319,0.12591311487611268,0.5002223375226306,0.12464918806026543,0.12322259302862822,0.002269590856951728,0.002304337809384617,0.3339683474467045,-0.0017826262552892835,True,True,,,1.4147172994624313
dominant_coherence,0.125,0.125,0.5,0.125,0.125,Fair,"alpha=0.5,eps=0.05",OK,0.127481916253587,0.12728278712920724,0.5005558434179741,0.12412297033834466,0.12055648286088701,0.005673976812202614,0.005760844175518015,0.33417025749445706,-0.004456565340760551,True,True,,,2.236864455771893
dominant_coherence,0.125,0.125,0.5,0.125,0.125,Fair,"alpha=0.5,eps=0.1",OK,0.12996383242526668,0.129565574318539,0.5011116871151557,0.1232459408080104,0.11611296533302812,0.011347953924263096,0.011521688654405029,0.3345067744467694,-0.008913131062446351,True,True,,,3.1634040505429235
dominant_coherence,0.125,0.125,0.5,0.125,0.125,Fair,"alpha=1.0,eps=0.01",OK,0.12524828354723877,0.1252288487947575,0.5000588023435955,0.12491560999632255,0.12454845531808575,0.0005731391443528074,0.0005818123840423531,0.3338686695757743,-0.0004526563591171411,True,True,,,-23.02405821544571
dominant_coherence,0.125,0.125,0.5,0.125,0.125,Fair,"alpha=1.0,eps=0.02",OK,0.12549656703919354,0.1254576975587082,0.5001176048567987,0.12483121994999868,0.12409691059530092,0.001146278308336025,0.0011636247930100275,0.3339035985641856,-0.0009053127613945044,True,True,,,-19.558322312645984
dominant_coherence,0.125,0.125,0.5,0.125,0.125,Fair,"alpha=1.0,eps=0.05",OK,0.12624141774108405,0.12614424359388016,0.500294011862834,0.12457805019553543,0.12274227660666641,0.0028656955427599994,0.0029090617341679306,0.3340083853294331,-0.002263281769785088,True,True,,,-14.97686865327521
dominant_coherence,0.125,0.125,0.5,0.125,0.125,Fair,"alpha=1.0,eps=0.1",OK,0.12748283491185985,0.12728848813775429,0.5005880246968043,0.12415609960363909,0.12048455264994248,0.005731391877228737,0.0058181243180805454,0.3341830303815273,-0.004526564139737824,True,True,,,-11.511132750475483
dominant_coherence,0.125,0.125,0.5,0.125,0.125,Fair,"alpha=2.0,eps=0.01",OK,0.12512415014066997,0.12511455270450936,0.5000302056664047,0.12495865521369459,0.12477243627472143,0.0002879975733214288,0.0002923290098766129,0.3338515238329196,-0.00022807029310763523,True,True,,,-499.91007439854934
dominant_coherence,0.125,0.125,0.5,0.125,0.125,Fair,"alpha=2.0,eps=0.02",OK,0.12524830024029251,0.12522910541490248,0.5000604114072521,0.12491731036591718,0.12454487257163588,0.0005759951303849956,0.0005846580073095364,0.33386930704344686,-0.0004561405673135488,True,True,,,-249.95503719927467
dominant_coherence,0.125,0.125,0.5,0.125,0.125,Fair,"alpha=2.0,eps=0.05",OK,0.1256207506608974,0.125572763556353,0.5001510281836149,0.12479327619726517,0.12386218140186951,0.0014399878053669337,0.0014616449798437441,0.3339226565125632,-0.001140351430956645,True,True,,,-99.98201487970987
dominant_coherence,0.125,0.125,0.5,0.125,0.125,Fair,"alpha=2.0,eps=0.1",OK,0.12624150152031166,0.12614552705808837,0.500302056745087,0.12458655201046392,0.12272436266604908,0.0028799758781496744,0.0029232902511345266,0.33401157252029595,-0.002280703017868795,True,True,,,-49.99100743985493
dominant_complexity,0.125,0.125,0.125,0.5,0.125,Avg,rho=0.0,OK,8.326672684688674e-17,4.85722573273506e-16,2.498001805406602e-16,0.9999999999999987,4.996003610813204e-16,0.5590169943749459,0.5523917288848275,0.5133208382583168,-0.13278892567224718,True,True,,,
dominant_complexity,0.125,0.125,0.125,0.5,0.125,Avg,rho=0.1,OK,0.0,0.0,0.0,0.9999999999999998,2.081668171172168e-16,0.5590169943749472,0.5523917288848287,0.5133208382583171,-0.13278892567224726,True,True,,,
dominant_complexity,0.125,0.125,0.125,0.5,0.125,Avg,rho=0.2,OK,6.938893903907228e-17,0.0,2.7755575615628914e-17,0.9999999999999999,6.245004513516506e-17,0.5590169943749473,0.5523917288848287,0.5133208382583172,-0.1327889256722472,True,True,,,
dominant_complexity,0.125,0.125,0.125,0.5,0.125,Avg,rho=0.5,OK,0.055110347784894355,0.05476464657659807,0.05161237177896234,0.7979949472356699,0.0405176866238754,0.3333790068143752,0.32886477981198764,0.43993034140757725,-0.07578648641877836,True,True,,,
dominant_complexity,0.125,0.125,0.125,0.5,0.125,Cert,,FLOOR_COLLAPSED,0.125,0.125,0.125,0.5,0.125,0.0,0.0,0.3317782986570047,0.0,False,True,0.0,-0.0,
dominant_complexity,0.125,0.125,0.125,0.5,0.125,MaxMin,c=0.0,OK_EXACT_D0,0.05151761373645847,0.05194328246204866,0.04998690006470968,0.7904680633621,0.05608414037468326,0.3247845466944686,0.32114005194318446,0.4372633004285362,-0.07814213061496535,True,True,-0.07814213061496535,,
dominant_complexity,0.125,0.125,0.125,0.5,0.125,MaxMin,c=0.1,OK,0.06298600528490123,0.0622702695087468,0.06129202708846719,0.7675641070189314,0.04588759109895332,0.29948085923392626,0.29525406733876725,0.42886792336826757,-0.06581519322442045,True,True,-0.06581519322442045,,
dominant_complexity,0.125,0.125,0.125,0.5,0.125,MaxMin,c=0.25,OK,0.07401873778351918,0.07343033651297554,0.07262613040484303,0.7199625417184995,0.05996225358016277,0.24620107579853243,0.24272626036482947,0.4115949858200313,-0.05410620036682781,True,True,-0.05410620036682781,,
dominant_complexity,0.125,0.125,0.125,0.5,0.125,MaxMin,c=0.5,OK,0.09114528488163295,0.09075455000133631,0.09022050734519979,0.6460687488467945,0.08181090892503641,0.16349276029302187,0.16118526766764532,0.3847815215690209,-0.0359298675614996,True,True,-0.0359298675614996,,
dominant_complexity,0.125,0.125,0.125,0.5,0.125,MaxMin,c=0.75,OK,0.10809429888340656,0.10789918139152939,0.10763250168394407,0.5729409360511475,0.10343308198997261,0.0816417958496164,0.08048952561142451,0.3582460046067907,-0.017941949888804598,True,True,-0.017941949888804598,,
dominant_complexity,0.125,0.125,0.125,0.5,0.125,MaxMin,c=0.9,OK,0.11824059369736727,0.11816257987260735,0.11805595332788141,0.5291639737070787,0.11637689939506532,0.03264283839032856,0.03218212619290745,0.3423608812532162,-0.007173729638510639,True,True,-0.007173729638510639,,
dominant_complexity,0.125,0.125,0.125,0.5,0.125,MaxMin,c=0.95,OK,0.12162067456921508,0.12158167201630432,0.1215283647023099,0.5145803571495162,0.12068893156265449,0.016319595089657093,0.016089264735878586,0.3370689985927123,-0.0035864639460351567,True,True,-0.0035864639460351567,,
dominant_complexity,0.125,0.125,0.125,0.5,0.125,MaxMin,c=1.0,OK,0.125,0.125,0.125,0.5,0.125,0.0,0.0,0.3317782986570047,0.0,False,True,0.0,,
dominant_complexity,0.125,0.125,0.125,0.5,0.125,Fair,"alpha=0.0,eps=0.01",OK,0.16797597566765832,0.11297121325599727,0.11347917379208658,0.49023353350014115,0.1153401037841167,0.04809421061237311,0.04695898629350582,0.3281921914175976,-0.010000000000000009,True,True,,,0.05131114208474287
dominant_complexity,0.125,0.125,0.125,0.5,0.125,Fair,"alpha=0.0,eps=0.02",OK,0.21095195133531666,0.10094242651199456,0.10195834758417317,0.4804670670002823,0.10568020756823342,0.09618842122474623,0.09391797258701165,0.3246060841781904,-0.019999999999999987,True,True,,,0.10262228416948574
dominant_complexity,0.125,0.125,0.125,0.5,0.125,Fair,"alpha=0.0,eps=0.05",OK,0.33987987833829164,0.06485606627998637,0.06739586896043287,0.45116766750070564,0.07670051892058348,0.24047105306186561,0.2347949314675292,0.31384776245996904,-0.05000000000000002,True,True,,,0.2565557104237144
dominant_complexity,0.125,0.125,0.125,0.5,0.125,Fair,"alpha=0.0,eps=0.1",OK,0.5547597566765833,0.004712132559972743,0.009791737920865753,0.4023353350014113,0.02840103784116696,0.48094210612373123,0.4695898629350584,0.29591722626293326,-0.10000000000000002,True,True,,,0.5131114208474288
dominant_complexity,0.125,0.125,0.125,0.5,0.125,Fair,"alpha=0.5,eps=0.01",OK,0.1254963830707438,0.12545655725946236,0.12511116877124226,0.49982459419902436,0.12411129669952722,0.0011347951053275838,0.0011521685730466547,0.33171042552416635,-0.0008913129357855758,True,True,,,1.0003561959118048
dominant_complexity,0.125,0.125,0.125,0.5,0.125,Fair,"alpha=0.5,eps=0.02",OK,0.12599276651236319,0.12591311487611268,0.1252223375226305,0.4996491880602654,0.12322259302862822,0.0022695908569517224,0.0023043378093846097,0.33164255226688255,-0.0017826262552892837,True,True,,,1.4147172994624313
dominant_complexity,0.125,0.125,0.125,0.5,0.125,Fair,"alpha=0.5,eps=0.05",OK,0.127481916253587,0.12728278712920724,0.12555584341797407,0.49912297033834463,0.12055648286088701,0.005673976812202616,0.005760844175518017,0.33143893275189584,-0.004456565340760553,True,True,,,2.236864455771893
dominant_complexity,0.125,0.125,0.125,0.5,0.125,Fair,"alpha=0.5,eps=0.1",OK,0.12996383242526668,0.129565574318539,0.1261116871151558,0.49824594080801043,0.11611296533302812,0.011347953924263098,0.011521688654405032,0.33109956689240444,-0.00891313106244635,True,True,,,3.1634040505429235
dominant_complexity,0.125,0.125,0.125,0.5,0.125,Fair,"alpha=1.0,eps=0.01",OK,0.12524828339893013,0.12522884880208338,0.1250588023893725,0.4999156099230513,0.12454845548656275,0.0005731389657822091,0.0005818122080885024,0.3317455302646629,-0.0004526561954052796,True,True,,,-23.02405821544571
dominant_complexity,0.125,0.125,0.125,0.5,0.125,Fair,"alpha=1.0,eps=0.02",OK,0.12549656700881057,0.12545769760069256,0.12511760484625606,0.49983121996361785,0.12409691058062276,0.001146278320415241,0.0011636248045503146,0.33171276191319365,-0.0009053127753206594,True,True,,,-19.558322312645984
dominant_complexity,0.125,0.125,0.125,0.5,0.125,Fair,"alpha=1.0,eps=0.05",OK,0.12624141755424081,0.12614424449819284,0.12529401244577637,0.4995780488104593,0.1227422766913307,0.002865696019949899,0.0029090622811245043,0.33161445639844744,-0.0022632817529074424,True,True,,,-14.97686865327521
dominant_complexity,0.125,0.125,0.125,0.5,0.125,Fair,"alpha=1.0,eps=0.1",OK,0.12748283491185985,0.12728848813775429,0.12558802469680427,0.4991560996036391,0.12048455264994248,0.005731391877228732,0.005818124318080539,0.33145061485808874,-0.004526564139737823,True,True,,,-11.511132750475483
dominant_complexity,0.125,0.125,0.125,0.5,0.125,Fair,"alpha=2.0,eps=0.01",OK,0.12512415014066997,0.12511455270450933,0.12503020566640466,0.4999586552136946,0.12477243627472144,0.0002879975733214068,0.0002923290098765905,0.331762214552903,-0.0002280702931076215,True,True,,,-499.91007439854934
dominant_complexity,0.125,0.125,0.125,0.5,0.125,Fair,"alpha=2.0,eps=0.02",OK,0.12524830019847924,0.12522910542471852,0.12506041148191954,0.4999173103027514,0.12454487259213129,0.0005759951169691953,0.0005846579978053231,0.3317461304034127,-0.00045614055017957454,True,True,,,-249.95503719927467
dominant_complexity,0.125,0.125,0.125,0.5,0.125,Fair,"alpha=2.0,eps=0.05",OK,0.1256207506608973,0.12557276355635297,0.12515102818361493,0.49979327619726516,0.12386218140186964,0.0014399878053667928,0.001461644979843604,0.3316978781837408,-0.0011403514309565217,True,True,,,-99.98201487970987
dominant_complexity,0.125,0.125,0.125,0.5,0.125,Fair,"alpha=2.0,eps=0.1",OK,0.1262415014623941,0.12614552680243518,0.1253020567566569,0.49958655216616804,0.12272436281234582,0.002879975614758069,0.002923289979758944,0.33161745762667555,-0.0022807028652311154,True,True,,,-49.99100743985493
dominant_verbosity,0.125,0.125,0.125,0.125,0.5,Avg,rho=0.0,OK,2.0816681711721682e-17,0.0,0.0,2.081668171172168e-16,0.9999999999999998,0.5590169943749472,0.5574634533790548,0.5088177344879716,-0.13892280919445948,True,True,,,
dominant_verbosity,0.125,0.125,0.125,0.125,0.5,Avg,rho=0.1,OK,0.0,1.1102230246251563e-16,8.326672684688673e-17,1.52655665885959e-16,0.9999999999999996,0.559016994374947,0.5574634533790546,0.5088177344879715,-0.13892280919445937,True,True,,,
dominant_verbosity,0.125,0.125,0.125,0.125,0.5,Avg,rho=0.2,OK,5.5511151231257815e-17,1.3877787807814454e-17,1.3877787807814454e-17,6.938893903907227e-17,0.9999999999999998,0.5590169943749472,0.5574634533790548,0.5088177344879716,-0.13892280919445943,True,True,,,
dominant_verbosity,0.125,0.125,0.125,0.125,0.5,Avg,rho=0.5,OK,0.055110637529744336,0.05476455889859013,0.05161225562157121,0.047994896017772695,0.7905176519323217,0.3248593439040122,0.32368922805597206,0.43317568614530366,-0.08127338813963661,True,True,,,
dominant_verbosity,0.125,0.125,0.125,0.125,0.5,Cert,,FLOOR_COLLAPSED,0.125,0.125,0.125,0.125,0.5,0.0,0.0,0.32840097082924563,0.0,False,True,0.0,-0.0,
dominant_verbosity,0.125,0.125,0.125,0.125,0.5,MaxMin,c=0.0,OK_EXACT_D0,0.05062827243589141,0.050213832819214155,0.04720196648369687,0.06328910640723578,0.7886668218539618,0.32297589245754954,0.3227176828965974,0.43271439793799626,-0.08589665469237537,True,True,-0.08589665469237537,,
dominant_verbosity,0.125,0.125,0.125,0.125,0.5,MaxMin,c=0.1,OK,0.06071683915286809,0.060833311296075485,0.060867447594283,0.04641465063178844,0.771167751324985,0.3034308479370043,0.3019296222449505,0.42609669282220425,-0.07148958417891361,True,True,-0.07148958417891361,,
dominant_verbosity,0.125,0.125,0.125,0.125,0.5,MaxMin,c=0.25,OK,0.07339765009035326,0.07349952225490383,0.07353715230378546,0.05844366726132534,0.7211220080896321,0.24756456593460027,0.24618995839347368,0.40803179651160437,-0.05741906848559818,True,True,-0.05741906848559818,,
dominant_verbosity,0.125,0.125,0.125,0.125,0.5,MaxMin,c=0.5,OK,0.09089725199321147,0.09096457684881731,0.0909894456401949,0.08101452554743699,0.6461341999703394,0.16360944845070546,0.16270100349295932,0.3810270622102178,-0.03794687696931441,True,True,-0.03794687696931441,,
dominant_verbosity,0.125,0.125,0.125,0.125,0.5,MaxMin,c=0.75,OK,0.1079960772865981,0.10802964603716245,0.10804204582988522,0.10306846509979686,0.5728637657465574,0.08157707455376831,0.08112411610456002,0.35464079145520705,-0.0189206383917438,True,True,-0.0189206383917438,,
dominant_verbosity,0.125,0.125,0.125,0.125,0.5,MaxMin,c=0.9,OK,0.11820469412738378,0.1182181092629199,0.11822306461267822,0.1162354642858159,0.5291186677112022,0.03260078178014536,0.03241976524285363,0.33888723392284675,-0.007561286142269316,True,True,-0.007561286142269316,,
dominant_verbosity,0.125,0.125,0.125,0.125,0.5,MaxMin,c=0.95,OK,0.12160316901733313,0.12160987496241978,0.12161235203790453,0.12061879229269123,0.5145558116896514,0.016296447530965038,0.016205961157904875,0.3336428339677806,-0.0037797284652590136,True,True,-0.0037797284652590136,,
dominant_verbosity,0.125,0.125,0.125,0.125,0.5,MaxMin,c=1.0,OK,0.125,0.125,0.125,0.125,0.5,0.0,0.0,0.32840097082924563,0.0,False,True,0.0,,
dominant_verbosity,0.125,0.125,0.125,0.125,0.5,Fair,"alpha=0.0,eps=0.01",OK,0.16797597566765832,0.11297121325599727,0.11347917379208658,0.11523353350014112,0.4903401037841167,0.048094210612373116,0.04695898629350583,0.3248148635898385,-0.01000000000000001,True,True,,,0.05131114208474287
dominant_verbosity,0.125,0.125,0.125,0.125,0.5,Fair,"alpha=0.0,eps=0.02",OK,0.21095195133531666,0.10094242651199456,0.10195834758417317,0.10546706700028226,0.48068020756823343,0.09618842122474623,0.09391797258701165,0.32122875635043135,-0.019999999999999993,True,True,,,0.10262228416948574
dominant_verbosity,0.125,0.125,0.125,0.125,0.5,Fair,"alpha=0.0,eps=0.05",OK,0.33987987833829164,0.06485606627998637,0.06739586896043287,0.07616766750070564,0.4517005189205835,0.2404710530618656,0.2347949314675292,0.3104704346322099,-0.05000000000000002,True,True,,,0.2565557104237144
dominant_verbosity,0.125,0.125,0.125,0.125,0.5,Fair,"alpha=0.0,eps=0.1",OK,0.5547597566765833,0.004712132559972743,0.009791737920865753,0.027335335001411262,0.403401037841167,0.4809421061237312,0.4695898629350584,0.29253989843517425,-0.10000000000000002,True,True,,,0.5131114208474288
dominant_verbosity,0.125,0.125,0.125,0.125,0.5,Fair,"alpha=0.5,eps=0.01",OK,0.1254963830707438,0.12545655725946236,0.12511116877124226,0.12482459419902438,0.4991112966995272,0.0011347951053276035,0.0011521685730466738,0.32807554637481695,-0.0008913129357856028,True,True,,,1.0003561959118048
dominant_verbosity,0.125,0.125,0.125,0.125,0.5,Fair,"alpha=0.5,eps=0.02",OK,0.12599276642308,0.12591311478037692,0.12522233747082498,0.124649188267578,0.4982225930581401,0.002269590719149027,0.0023043376617212356,0.3277501217951086,-0.001782626216075404,True,True,,,1.4147172994624313
dominant_verbosity,0.125,0.125,0.125,0.125,0.5,Fair,"alpha=0.5,eps=0.05",OK,0.127481916253587,0.12728278712920724,0.12555584341797407,0.12412297033834466,0.495556482860887,0.005673976812202623,0.005760844175518022,0.32677384831877926,-0.004456565340760565,True,True,,,2.236864455771893
dominant_verbosity,0.125,0.125,0.125,0.125,0.5,Fair,"alpha=0.5,eps=0.1",OK,0.12996383239413598,0.12956557412840056,0.12611168737536246,0.12324594077693513,0.49111296532516585,0.011347953870599666,0.011521688606774988,0.32514672566380376,-0.008913131072522652,True,True,,,3.1634040505429235
dominant_verbosity,0.125,0.125,0.125,0.125,0.5,Fair,"alpha=1.0,eps=0.01",OK,0.1252482835358046,0.12522884880611518,0.12505880239199557,0.12491560997578831,0.49954845529029634,0.0005731391738174865,0.0005818124155371025,0.32823567792575487,-0.00045265638784848267,True,True,,,-23.02405821544571
dominant_verbosity,0.125,0.125,0.125,0.125,0.5,Fair,"alpha=1.0,eps=0.02",OK,0.12549656701250775,0.12545769761939812,0.12511760483450335,0.1248312199483636,0.49909691058522715,0.0011462783268985303,0.0011636248114412595,0.3280703850237298,-0.0009053127714287569,True,True,,,-19.558322312645984
dominant_verbosity,0.125,0.125,0.125,0.125,0.5,Fair,"alpha=1.0,eps=0.05",OK,0.126241417706763,0.1261442439501201,0.12529401209634944,0.12457804998906748,0.4977422762577001,0.002865695999425184,0.0029090622074660006,0.327574506242402,-0.002263282126969961,True,True,,,-14.97686865327521
dominant_verbosity,0.125,0.125,0.125,0.125,0.5,Fair,"alpha=1.0,eps=0.1",OK,0.12748283491185985,0.12728848813775429,0.12558802469680427,0.12415609960363909,0.4954845526499425,0.005731391877228713,0.00581812431808052,0.32674804169783517,-0.004526564139737796,True,True,,,-11.511132750475483
dominant_verbosity,0.125,0.125,0.125,0.125,0.5,Fair,"alpha=2.0,eps=0.01",OK,0.12512415014066997,0.12511455270450933,0.1250302056664047,0.12495865521369459,0.49977243627472145,0.0002879975733213988,0.00029232900987658357,0.3283176819960118,-0.00022807029310760755,True,True,,,-499.91007439854934
dominant_verbosity,0.125,0.125,0.125,0.125,0.5,Fair,"alpha=2.0,eps=0.02",OK,0.12524830006377924,0.12522910572226384,0.12506041113275093,0.12491731049150379,0.49954487258970226,0.0005759951154538838,0.0005846579825711462,0.3282343931787611,-0.0004561405427111068,True,True,,,-249.95503719927467
dominant_verbosity,0.125,0.125,0.125,0.125,0.5,Fair,"alpha=2.0,eps=0.05",OK,0.12562075070388387,0.12557276349798904,0.12515102834352845,0.1247932760787832,0.49886218137581545,0.0014399878550510027,0.001461645037542814,0.3279845266639795,-0.0011403514628915393,True,True,,,-99.98201487970987
dominant_verbosity,0.125,0.125,0.125,0.125,0.5,Fair,"alpha=2.0,eps=0.1",OK,0.12624150153991723,0.12614552729507625,0.12530205556180304,0.12458655115762542,0.49772436444557805,0.0028799745730835697,0.002923288945372535,0.3275680831047528,-0.0022807012865066725,True,True,,,-49.99100743985493
only_helpfulness,1.0,0.0,0.0,0.0,0.0,Avg,rho=0.0,OK,1.0,0.0,0.0,0.0,0.0,0.0,0.0,0.9999999999999998,0.0,False,True,,,
only_helpfulness,1.0,0.0,0.0,0.0,0.0,Avg,rho=0.1,OK,1.0,0.0,0.0,0.0,0.0,0.0,0.0,0.9999999999999998,0.0,False,True,,,
only_helpfulness,1.0,0.0,0.0,0.0,0.0,Avg,rho=0.2,OK,1.0,0.0,0.0,0.0,0.0,0.0,0.0,0.9999999999999998,0.0,False,True,,,
only_helpfulness,1.0,0.0,0.0,0.0,0.0,Avg,rho=0.5,OK,1.0,0.0,0.0,0.0,0.0,0.0,0.0,0.9999999999999998,0.0,False,True,,,
only_helpfulness,1.0,0.0,0.0,0.0,0.0,Cert,,FLOOR_COLLAPSED,1.0,0.0,0.0,0.0,0.0,0.0,0.0,0.9999999999999998,0.0,False,True,0.0,-0.0,
only_helpfulness,1.0,0.0,0.0,0.0,0.0,MaxMin,c=0.0,INFEASIBLE_BALL_MISSES_SIMPLEX,,,,,,,,,,False,False,,,
only_helpfulness,1.0,0.0,0.0,0.0,0.0,MaxMin,c=0.1,INFEASIBLE_BALL_MISSES_SIMPLEX,,,,,,,,,,False,False,,,
only_helpfulness,1.0,0.0,0.0,0.0,0.0,MaxMin,c=0.25,INFEASIBLE_BALL_MISSES_SIMPLEX,,,,,,,,,,False,False,,,
only_helpfulness,1.0,0.0,0.0,0.0,0.0,MaxMin,c=0.5,INFEASIBLE_BALL_MISSES_SIMPLEX,,,,,,,,,,False,False,,,
only_helpfulness,1.0,0.0,0.0,0.0,0.0,MaxMin,c=0.75,INFEASIBLE_BALL_MISSES_SIMPLEX,,,,,,,,,,False,False,,,
only_helpfulness,1.0,0.0,0.0,0.0,0.0,MaxMin,c=0.9,INFEASIBLE_BALL_MISSES_SIMPLEX,,,,,,,,,,False,False,,,
only_helpfulness,1.0,0.0,0.0,0.0,0.0,MaxMin,c=0.95,INFEASIBLE_BALL_MISSES_SIMPLEX,,,,,,,,,,False,False,,,
only_helpfulness,1.0,0.0,0.0,0.0,0.0,MaxMin,c=1.0,OK,0.9999999999999998,5.213069144753147e-17,0.0,1.5716610052038443e-16,0.0,2.7698844510176693e-16,2.726143297931129e-16,0.9999999999999996,-2.159574933593682e-16,False,True,-2.159574933593682e-16,,
only_helpfulness,1.0,0.0,0.0,0.0,0.0,Fair,"alpha=0.0,eps=0.01",OK,1.0,0.0,0.0,0.0,0.0,0.0,0.0,0.9999999999999998,0.0,False,True,,,0.05
only_helpfulness,1.0,0.0,0.0,0.0,0.0,Fair,"alpha=0.0,eps=0.02",OK,1.0,0.0,0.0,0.0,0.0,0.0,0.0,0.9999999999999998,0.0,False,True,,,0.1
only_helpfulness,1.0,0.0,0.0,0.0,0.0,Fair,"alpha=0.0,eps=0.05",OK,1.0,0.0,0.0,0.0,0.0,0.0,0.0,0.9999999999999998,0.0,False,True,,,0.25
only_helpfulness,1.0,0.0,0.0,0.0,0.0,Fair,"alpha=0.0,eps=0.1",OK,1.0,0.0,0.0,0.0,0.0,0.0,0.0,0.9999999999999998,0.0,False,True,,,0.5
only_helpfulness,1.0,0.0,0.0,0.0,0.0,Fair,"alpha=0.5,eps=0.01",OK,0.9999999999999996,1.0126448291014606e-16,0.0,2.0725540966597113e-16,1.7949644591855322e-16,5.316422676363438e-16,5.26745644080696e-16,0.9999999999999993,-4.326332386424913e-16,False,True,,,1.0000000000000053
only_helpfulness,1.0,0.0,0.0,0.0,0.0,Fair,"alpha=0.5,eps=0.02",OK,0.9999999999999998,1.9493955061289365e-16,0.0,0.0,0.0,2.954745927647082e-16,2.855248127960445e-16,0.9999999999999996,-2.0902736397651623e-16,False,True,,,1.4142135623730967
only_helpfulness,1.0,0.0,0.0,0.0,0.0,Fair,"alpha=0.5,eps=0.05",OK,0.9999999999999998,0.0,1.7694179454963427e-16,0.0,7.58941520739853e-17,2.9389135331579156e-16,2.862132326691523e-16,0.9999999999999996,-2.1180655516302443e-16,False,True,,,2.2360679774997907
only_helpfulness,1.0,0.0,0.0,0.0,0.0,Fair,"alpha=0.5,eps=0.1",OK,1.0,2.667137344314341e-17,1.3010426069826053e-17,1.951563910473908e-17,0.0,3.551751001306885e-17,3.6412209601654504e-17,0.9999999999999998,1.2636579702727434e-18,False,True,,,3.16227766016838
only_helpfulness,1.0,0.0,0.0,0.0,0.0,Fair,"alpha=1.0,eps=0.01",OK,0.9999999999999843,1.211629656578465e-14,3.5488293609568873e-15,2.326696639968362e-20,0.0,2.0110969070129284e-14,1.9429542899747914e-14,0.9999999999999851,-1.4650392529335855e-14,False,True,,,-23.025850929939438
only_helpfulness,1.0,0.0,0.0,0.0,0.0,Fair,"alpha=1.0,eps=0.02",OK,0.9999999999999947,3.035310706603847e-15,1.9681785081418845e-15,1.5978154008037583e-16,0.0,6.442931045265225e-15,6.230882966890736e-15,0.9999999999999948,-5.0157683676258065e-15,False,True,,,-19.560115027140483
only_helpfulness,1.0,0.0,0.0,0.0,0.0,Fair,"alpha=1.0,eps=0.05",OK,0.9999999999999984,0.0,1.4974363750476916e-15,1.6766361471679348e-20,0.0,2.158286871534095e-15,2.0982961636331037e-15,0.9999999999999983,-1.4721677555624091e-15,False,True,,,-14.97866136776992
only_helpfulness,1.0,0.0,0.0,0.0,0.0,Fair,"alpha=1.0,eps=0.1",OK,0.9999999999999993,0.0,0.0,1.4365678785432926e-16,5.976122374740097e-16,9.063729465634636e-16,9.066274018992207e-16,0.9999999999999991,-6.5956554907823e-16,False,True,,,-11.512925464970223
only_helpfulness,1.0,0.0,0.0,0.0,0.0,Fair,"alpha=2.0,eps=0.01",OK,0.9999999999999879,7.249899569228212e-17,0.0,1.6994095723171712e-15,1.0377376151191262e-14,1.603208708389108e-14,1.6011738888901827e-14,0.9999999999999878,-1.1995718403339274e-14,False,True,,,-499.99999999993156
only_helpfulness,1.0,0.0,0.0,0.0,0.0,Fair,"alpha=2.0,eps=0.02",OK,0.9999999999999987,4.3307621566216686e-17,4.60984789423261e-16,1.5671404671251084e-17,9.953530200200102e-16,1.726352452513661e-15,1.7010855961885838e-15,0.9999999999999984,-1.2968554685656522e-15,False,True,,,-249.99999999999594
only_helpfulness,1.0,0.0,0.0,0.0,0.0,Fair,"alpha=2.0,eps=0.05",OK,0.9999999999999936,1.504840681582958e-15,2.4696430164974837e-18,4.933239228873845e-15,3.861975483351136e-18,8.250207095032073e-15,8.123439274438398e-15,0.9999999999999936,-6.256843776936408e-15,False,True,,,-99.99999999999773
only_helpfulness,1.0,0.0,0.0,0.0,0.0,Fair,"alpha=2.0,eps=0.1",OK,0.999999999999997,8.982992419912367e-17,1.9074329428266683e-15,3.09169102212709e-17,8.02397600522618e-16,3.6437324764391246e-15,3.5511926516669084e-15,0.9999999999999969,-2.880835124161496e-15,False,True,,,-49.999999999999716
only_correctness,0.0,1.0,0.0,0.0,0.0,Avg,rho=0.0,OK,0.0,1.0,0.0,0.0,0.0,0.0,0.0,1.0000000000000002,0.0,False,True,,,
only_correctness,0.0,1.0,0.0,0.0,0.0,Avg,rho=0.1,OK,0.0,1.0,0.0,0.0,0.0,0.0,0.0,1.0000000000000002,0.0,False,True,,,
only_correctness,0.0,1.0,0.0,0.0,0.0,Avg,rho=0.2,OK,0.0,1.0,0.0,0.0,0.0,0.0,0.0,1.0000000000000002,0.0,False,True,,,
only_correctness,0.0,1.0,0.0,0.0,0.0,Avg,rho=0.5,OK,0.0,1.0,0.0,0.0,0.0,0.0,0.0,1.0000000000000002,0.0,False,True,,,
only_correctness,0.0,1.0,0.0,0.0,0.0,Cert,,FLOOR_COLLAPSED,0.0,1.0,0.0,0.0,0.0,0.0,0.0,1.0000000000000002,0.0,False,True,0.0,-0.0,
only_correctness,0.0,1.0,0.0,0.0,0.0,MaxMin,c=0.0,INFEASIBLE_BALL_MISSES_SIMPLEX,,,,,,,,,,False,False,,,
only_correctness,0.0,1.0,0.0,0.0,0.0,MaxMin,c=0.1,INFEASIBLE_BALL_MISSES_SIMPLEX,,,,,,,,,,False,False,,,
only_correctness,0.0,1.0,0.0,0.0,0.0,MaxMin,c=0.25,INFEASIBLE_BALL_MISSES_SIMPLEX,,,,,,,,,,False,False,,,
only_correctness,0.0,1.0,0.0,0.0,0.0,MaxMin,c=0.5,INFEASIBLE_BALL_MISSES_SIMPLEX,,,,,,,,,,False,False,,,
only_correctness,0.0,1.0,0.0,0.0,0.0,MaxMin,c=0.75,INFEASIBLE_BALL_MISSES_SIMPLEX,,,,,,,,,,False,False,,,
only_correctness,0.0,1.0,0.0,0.0,0.0,MaxMin,c=0.9,INFEASIBLE_BALL_MISSES_SIMPLEX,,,,,,,,,,False,False,,,
only_correctness,0.0,1.0,0.0,0.0,0.0,MaxMin,c=0.95,INFEASIBLE_BALL_MISSES_SIMPLEX,,,,,,,,,,False,False,,,
only_correctness,0.0,1.0,0.0,0.0,0.0,MaxMin,c=1.0,OK,0.0,0.9999999999999998,0.0,1.1175475590391e-16,1.2310957423795913e-17,2.4888650368420193e-16,2.472867446534761e-16,1.0,-2.1992479436045738e-16,False,True,-2.1992479436045738e-16,,
only_correctness,0.0,1.0,0.0,0.0,0.0,Fair,"alpha=0.0,eps=0.01",OK,0.010715538461034823,0.9892844615389652,0.0,0.0,0.0,0.015154059819725946,0.014639356858164766,0.9900000000000002,-0.009999999999999967,True,True,,,0.050017429523359656
only_correctness,0.0,1.0,0.0,0.0,0.0,Fair,"alpha=0.0,eps=0.02",OK,0.021431076922069647,0.9785689230779303,0.0,0.0,0.0,0.030308119639451972,0.029278713716329608,0.9800000000000002,-0.020000000000000046,True,True,,,0.10003485904671931
only_correctness,0.0,1.0,0.0,0.0,0.0,Fair,"alpha=0.0,eps=0.05",OK,0.05357769230517411,0.9464223076948259,0.0,0.0,0.0,0.07577029909862981,0.07319678429082391,0.9500000000000003,-0.049999999999999954,True,True,,,0.2500871476167983
only_correctness,0.0,1.0,0.0,0.0,0.0,Fair,"alpha=0.0,eps=0.1",OK,0.10715538461034822,0.8928446153896518,0.0,0.0,0.0,0.1515405981972597,0.1463935685816479,0.9000000000000002,-0.10000000000000002,True,True,,,0.5001742952335966
only_correctness,0.0,1.0,0.0,0.0,0.0,Fair,"alpha=0.5,eps=0.01",OK,1.8676555382935396e-05,0.9999813234446169,2.266234532796512e-16,0.0,0.0,2.641263792109257e-05,2.5515540831444918e-05,0.9999825705862092,-1.7429413791046023e-05,True,True,,,1.000000151893073
only_correctness,0.0,1.0,0.0,0.0,0.0,Fair,"alpha=0.5,eps=0.02",OK,3.73530650764741e-05,0.9999626469349233,0.0,1.3697327438401926e-16,0.0,5.282521122750291e-05,5.103101924282425e-05,0.9999651412150568,-3.485878494349512e-05,True,True,,,1.414213777182336
only_correctness,0.0,1.0,0.0,0.0,0.0,Fair,"alpha=0.5,eps=0.05",OK,9.338194465462608e-05,0.9999066180553454,4.843280295908162e-17,1.0313312691623723e-16,1.0950016440405988e-19,0.00013206201261131356,0.00012757656713931578,0.9999128537077312,-8.71462922690627e-05,True,True,,,2.2360683171430202
only_correctness,0.0,1.0,0.0,0.0,0.0,Fair,"alpha=0.5,eps=0.1",OK,0.00018676462578214904,0.9998132353742178,3.4606378093021695e-17,0.0,0.0,0.0002641250667526547,0.0002551541404334135,0.9998257067281676,-0.00017429327183257244,True,True,,,3.1622781404964417
only_correctness,0.0,1.0,0.0,0.0,0.0,Fair,"alpha=1.0,eps=0.01",OK,9.338274484185483e-06,0.9999906617255114,2.4439445235187898e-15,1.2918685348067883e-15,5.946323385701101e-16,1.3206314427796911e-05,1.2757766036929851e-05,0.9999912852960936,-8.714703906549483e-06,True,True,,,-23.025850170473603
only_correctness,0.0,1.0,0.0,0.0,0.0,Fair,"alpha=1.0,eps=0.02",OK,1.8676538811651877e-05,0.9999813234611866,1.4490857641408234e-15,1.9501466187653045e-16,4.965317118675557e-21,2.6412614486846163e-05,2.5515518193137663e-05,0.9999825706016725,-1.7429398327793593e-05,True,True,,,-19.560114267674685
only_correctness,0.0,1.0,0.0,0.0,0.0,Fair,"alpha=1.0,eps=0.05",OK,4.669136335248288e-05,0.9999533086366473,3.624847030064514e-17,1.7856658409607637e-16,0.0,6.60315592989029e-05,6.378881778065907e-05,0.9999564264889513,-4.3573511048895616e-05,True,True,,,-14.97866060830415
only_correctness,0.0,1.0,0.0,0.0,0.0,Fair,"alpha=1.0,eps=0.1",OK,9.338259134715796e-05,0.9999066174086527,0.0,1.485797433437713e-16,0.0,0.00013206292717278127,0.00012757745063798553,0.9999128531042218,-8.71468957783642e-05,True,True,,,-11.512924705504442
only_correctness,0.0,1.0,0.0,0.0,0.0,Fair,"alpha=2.0,eps=0.01",OK,4.669153917117954e-06,0.9999953308460602,1.755594722008936e-14,6.391497868162626e-17,5.045153343760081e-15,6.603180810447057e-06,6.378905813599482e-06,0.9999956426324658,-4.357367534449521e-06,True,True,,,-499.9999620266469
only_correctness,0.0,1.0,0.0,0.0,0.0,Fair,"alpha=2.0,eps=0.02",OK,9.338275897508367e-06,0.9999906617240987,4.209478535418561e-17,3.848487845883011e-15,1.466940867269573e-17,1.3206316426138433e-05,1.2757767967390125e-05,0.9999912852947752,-8.71470522501477e-06,True,True,,,-249.999981013334
only_correctness,0.0,1.0,0.0,0.0,0.0,Fair,"alpha=2.0,eps=0.05",OK,2.3345692029758064e-05,0.9999766543079684,9.786663104887167e-16,3.9662153855334286e-17,9.420784197412278e-16,3.301579429273721e-05,3.189442303626298e-05,0.999978213234812,-2.17867651882451e-05,True,True,,,-99.99999240533744
only_correctness,0.0,1.0,0.0,0.0,0.0,Fair,"alpha=2.0,eps=0.1",OK,4.66913789586127e-05,0.9999533086210387,2.6454477102616743e-15,8.492057538824231e-20,3.2469740821353234e-19,6.603158137106807e-05,6.378883910315541e-05,0.9999564264743849,-4.357352561527688e-05,True,True,,,-49.99999620266986
only_coherence,0.0,0.0,1.0,0.0,0.0,Avg,rho=0.0,OK,0.0,0.0,1.0,0.0,0.0,0.0,0.0,1.0,0.0,False,True,,,
only_coherence,0.0,0.0,1.0,0.0,0.0,Avg,rho=0.1,OK,0.0,0.0,1.0,0.0,0.0,0.0,0.0,1.0,0.0,False,True,,,
only_coherence,0.0,0.0,1.0,0.0,0.0,Avg,rho=0.2,OK,0.0,0.0,1.0,0.0,0.0,0.0,0.0,1.0,0.0,False,True,,,
only_coherence,0.0,0.0,1.0,0.0,0.0,Avg,rho=0.5,OK,0.0,0.0,1.0,0.0,0.0,0.0,0.0,1.0,0.0,False,True,,,
only_coherence,0.0,0.0,1.0,0.0,0.0,Cert,,FLOOR_COLLAPSED,0.0,0.0,1.0,0.0,0.0,0.0,0.0,1.0,0.0,False,True,0.0,-0.0,
only_coherence,0.0,0.0,1.0,0.0,0.0,MaxMin,c=0.0,INFEASIBLE_BALL_MISSES_SIMPLEX,,,,,,,,,,False,False,,,
only_coherence,0.0,0.0,1.0,0.0,0.0,MaxMin,c=0.1,INFEASIBLE_BALL_MISSES_SIMPLEX,,,,,,,,,,False,False,,,
only_coherence,0.0,0.0,1.0,0.0,0.0,MaxMin,c=0.25,INFEASIBLE_BALL_MISSES_SIMPLEX,,,,,,,,,,False,False,,,
only_coherence,0.0,0.0,1.0,0.0,0.0,MaxMin,c=0.5,INFEASIBLE_BALL_MISSES_SIMPLEX,,,,,,,,,,False,False,,,
only_coherence,0.0,0.0,1.0,0.0,0.0,MaxMin,c=0.75,INFEASIBLE_BALL_MISSES_SIMPLEX,,,,,,,,,,False,False,,,
only_coherence,0.0,0.0,1.0,0.0,0.0,MaxMin,c=0.9,INFEASIBLE_BALL_MISSES_SIMPLEX,,,,,,,,,,False,False,,,
only_coherence,0.0,0.0,1.0,0.0,0.0,MaxMin,c=0.95,INFEASIBLE_BALL_MISSES_SIMPLEX,,,,,,,,,,False,False,,,
only_coherence,0.0,0.0,1.0,0.0,0.0,MaxMin,c=1.0,OK,0.0,0.0,1.0,0.0,5.618120436706199e-17,5.618120436706199e-17,5.618120436706198e-17,1.0,1.9348080721561717e-19,False,True,1.9348080721561717e-19,,
only_coherence,0.0,0.0,1.0,0.0,0.0,Fair,"alpha=0.0,eps=0.01",OK,0.010580404544041182,0.0,0.9894195954559588,0.0,0.0,0.014962951601576966,0.014546755338590931,0.99,-0.010000000000000007,True,True,,,0.050176981595967084
only_coherence,0.0,0.0,1.0,0.0,0.0,Fair,"alpha=0.0,eps=0.02",OK,0.021160809088082363,0.0,0.9788391909119176,0.0,0.0,0.02992590320315393,0.029093510677181862,0.98,-0.020000000000000014,True,True,,,0.10035396319193417
only_coherence,0.0,0.0,1.0,0.0,0.0,Fair,"alpha=0.0,eps=0.05",OK,0.05290202272020591,0.0,0.9470979772797941,0.0,0.0,0.07481475800788484,0.07273377669295465,0.95,-0.05000000000000003,True,True,,,0.2508849079798354
only_coherence,0.0,0.0,1.0,0.0,0.0,Fair,"alpha=0.0,eps=0.1",OK,0.10580404544041183,0.0,0.8941959545595882,0.0,0.0,0.1496295160157696,0.14546755338590922,0.9,-0.09999999999999995,True,True,,,0.5017698159596709
only_coherence,0.0,0.0,1.0,0.0,0.0,Fair,"alpha=0.5,eps=0.01",OK,0.00013608541893151752,9.670638900031792e-05,0.9997672081920681,0.0,1.087894879705435e-17,0.0002864670884402764,0.0002792826665188782,0.9997797132874521,-0.00022028671254792462,True,True,,,1.0000187335224264
only_coherence,0.0,0.0,1.0,0.0,0.0,Fair,"alpha=0.5,eps=0.02",OK,0.00027217296088083507,0.0001934085458327716,0.9995344184932864,0.0,6.06100778154919e-17,0.0005729320427672915,0.0005585632366185516,0.9995594285799535,-0.000440571420046476,True,True,,,1.4142400555745798
only_coherence,0.0,0.0,1.0,0.0,0.0,Fair,"alpha=0.5,eps=0.05",OK,0.0006804291689546877,0.000483526194889159,0.998836044636156,3.9340974630818005e-18,0.0,0.001432331499384642,0.0013964094687434097,0.9988985699271937,-0.0011014300728062428,True,True,,,2.2361098669293904
only_coherence,0.0,0.0,1.0,0.0,0.0,Fair,"alpha=0.5,eps=0.1",OK,0.0013608559716710726,0.00096705497351433,0.9976720890548146,0.0,0.0,0.002864662923651827,0.0027928188760130593,0.9977971396417395,-0.002202860358260502,True,True,,,3.1623369007678406
only_coherence,0.0,0.0,1.0,0.0,0.0,Fair,"alpha=1.0,eps=0.01",OK,6.815118538205563e-05,4.8566912226893655e-05,0.999883281902391,0.0,1.2662196885884391e-20,0.00014361909114636977,0.0001400175868452154,0.9998895515387403,-0.0001104484612597875,True,True,,,-23.025757095067483
only_coherence,0.0,0.0,1.0,0.0,0.0,Fair,"alpha=1.0,eps=0.02",OK,0.00013630265800570785,9.713412450208152e-05,0.9997665632174922,3.44867563301382e-21,3.184941658747104e-20,0.00028723889734814896,0.0002800358710760955,0.9997791025215851,-0.00022089747841493447,True,True,,,-19.560021192271872
only_coherence,0.0,0.0,1.0,0.0,0.0,Fair,"alpha=1.0,eps=0.05",OK,0.0003407566695523085,0.0002428333518703133,0.9994164099785774,1.0544491198637413e-16,0.0,0.0007180950199862086,0.0007000875046388725,0.9994477581380409,-0.0005522418619591326,True,True,,,-14.97856753290165
only_coherence,0.0,0.0,1.0,0.0,0.0,Fair,"alpha=1.0,eps=0.1",OK,0.0006815124448565972,0.00048566757657361514,0.9988328199785695,1.4320534965630895e-16,0.0,0.0014361898933830826,0.0014001748705065999,0.9988955162939294,-0.0011044837060705985,True,True,,,-11.512831630101926
only_coherence,0.0,0.0,1.0,0.0,0.0,Fair,"alpha=2.0,eps=0.01",OK,3.410226166742375e-05,2.433674878316789e-05,0.9999415609895466,2.9963572914245043e-15,0.0,7.190521215423398e-05,7.01021549480093e-05,0.9999447000480725,-5.529995192747235e-05,True,True,,,-499.99530410269216
only_coherence,0.0,0.0,1.0,0.0,0.0,Fair,"alpha=2.0,eps=0.02",OK,6.8204523337127e-05,4.86734975645736e-05,0.9998831219790898,8.489952410519444e-15,2.501471718051258e-18,0.00014381042431165953,0.0001402043098991094,0.9998894000961418,-0.000110599903858197,True,True,,,-249.9976520513393
only_coherence,0.0,0.0,1.0,0.0,0.0,Fair,"alpha=2.0,eps=0.05",OK,0.0001705113870012214,0.00012168372471751428,0.9997078048882813,0.0,0.0,0.00035952613989880525,0.00035051085167746516,0.9997235001842255,-0.0002764998157744792,True,True,,,-99.99906082051392
only_coherence,0.0,0.0,1.0,0.0,0.0,Fair,"alpha=2.0,eps=0.1",OK,0.00034102267795482294,0.00024336742747887354,0.9994156098945662,0.0,0.0,0.0007190521309098863,0.0007010215583280949,0.9994470004800416,-0.0005529995199583418,True,True,,,-49.99953041026465
only_complexity,0.0,0.0,0.0,1.0,0.0,Avg,rho=0.0,OK,0.0,0.0,0.0,1.0,0.0,0.0,0.0,1.0,0.0,False,True,,,
only_complexity,0.0,0.0,0.0,1.0,0.0,Avg,rho=0.1,OK,0.0,0.0,0.0,1.0,0.0,0.0,0.0,1.0,0.0,False,True,,,
only_complexity,0.0,0.0,0.0,1.0,0.0,Avg,rho=0.2,OK,0.0,0.0,0.0,1.0,0.0,0.0,0.0,1.0,0.0,False,True,,,
only_complexity,0.0,0.0,0.0,1.0,0.0,Avg,rho=0.5,OK,0.0,0.0,0.0,1.0,0.0,0.0,0.0,1.0,0.0,False,True,,,
only_complexity,0.0,0.0,0.0,1.0,0.0,Cert,,FLOOR_COLLAPSED,0.0,0.0,0.0,1.0,0.0,0.0,0.0,1.0,0.0,False,True,0.0,-0.0,
only_complexity,0.0,0.0,0.0,1.0,0.0,MaxMin,c=0.0,INFEASIBLE_BALL_MISSES_SIMPLEX,,,,,,,,,,False,False,,,
only_complexity,0.0,0.0,0.0,1.0,0.0,MaxMin,c=0.1,INFEASIBLE_BALL_MISSES_SIMPLEX,,,,,,,,,,False,False,,,
only_complexity,0.0,0.0,0.0,1.0,0.0,MaxMin,c=0.25,INFEASIBLE_BALL_MISSES_SIMPLEX,,,,,,,,,,False,False,,,
only_complexity,0.0,0.0,0.0,1.0,0.0,MaxMin,c=0.5,INFEASIBLE_BALL_MISSES_SIMPLEX,,,,,,,,,,False,False,,,
only_complexity,0.0,0.0,0.0,1.0,0.0,MaxMin,c=0.75,INFEASIBLE_BALL_MISSES_SIMPLEX,,,,,,,,,,False,False,,,
only_complexity,0.0,0.0,0.0,1.0,0.0,MaxMin,c=0.9,INFEASIBLE_BALL_MISSES_SIMPLEX,,,,,,,,,,False,False,,,
only_complexity,0.0,0.0,0.0,1.0,0.0,MaxMin,c=0.95,INFEASIBLE_BALL_MISSES_SIMPLEX,,,,,,,,,,False,False,,,
only_complexity,0.0,0.0,0.0,1.0,0.0,MaxMin,c=1.0,OK,2.7637556555592386e-16,0.0,0.0,0.9999999999999996,1.1616465640999383e-16,5.358105140256783e-16,5.271972824090997e-16,0.9999999999999996,-4.332741313855644e-16,False,True,-4.332741313855644e-16,,
only_complexity,0.0,0.0,0.0,1.0,0.0,Fair,"alpha=0.0,eps=0.01",OK,0.010168610437325538,0.0,0.0,0.9898313895626745,0.0,0.014380586790954381,0.014260862833170742,0.99,-0.009999999999999993,True,True,,,0.05039303727413903
only_complexity,0.0,0.0,0.0,1.0,0.0,Fair,"alpha=0.0,eps=0.02",OK,0.020337220874651077,0.0,0.0,0.9796627791253489,0.0,0.028761173581908762,0.028521725666341483,0.98,-0.019999999999999987,True,True,,,0.10078607454827807
only_complexity,0.0,0.0,0.0,1.0,0.0,Fair,"alpha=0.0,eps=0.05",OK,0.0508430521866277,0.0,0.0,0.9491569478133723,0.0,0.0719029339547719,0.0713043141658537,0.9500000000000001,-0.04999999999999996,True,True,,,0.25196518637069515
only_complexity,0.0,0.0,0.0,1.0,0.0,Fair,"alpha=0.0,eps=0.1",OK,0.1016861043732554,0.0,0.0,0.8983138956267446,0.0,0.1438058679095439,0.14260862833170748,0.8999999999999999,-0.10000000000000003,True,True,,,0.5039303727413903
only_complexity,0.0,0.0,0.0,1.0,0.0,Fair,"alpha=0.5,eps=0.01",OK,0.000266032015065694,0.00022918019099959645,3.653888259281685e-17,0.9995047877939347,0.0,0.0006070681362273801,0.0006067625767369362,0.9995133835418777,-0.0004866164581222704,True,True,,,1.0000944024201612
only_complexity,0.0,0.0,0.0,1.0,0.0,Fair,"alpha=0.5,eps=0.02",OK,0.0005320640305128282,0.00045836038736239536,2.1715276962459472e-17,0.9990095755821247,0.0,0.001214136279332867,0.0012135251603556155,0.999026767078115,-0.0009732329218850296,True,True,,,1.4143470675560061
only_complexity,0.0,0.0,0.0,1.0,0.0,Fair,"alpha=0.5,eps=0.05",OK,0.0013301600519688207,0.001145900905307989,2.0339987450874723e-17,0.9975239390427231,0.0,0.0030353405925514347,0.003033812795102095,0.9975669177811436,-0.0024330822188564044,True,True,,,2.2362790677285065
only_complexity,0.0,0.0,0.0,1.0,0.0,Fair,"alpha=0.5,eps=0.1",OK,0.002660320372727768,0.0022918012905351185,1.6619609633212677e-17,0.9950478783367371,0.0,0.006070680901563367,0.006067625305747236,0.9951338358085391,-0.004866164191460923,True,True,,,3.1625761868327147
only_complexity,0.0,0.0,0.0,1.0,0.0,Fair,"alpha=1.0,eps=0.01",OK,0.00013365119977692825,0.00011546081162317898,1.3359318114175135e-15,0.9997508879885985,0.0,0.0003053696717865376,0.0003052164179304928,0.9997552122931903,-0.0002447877068096408,True,True,,,-23.0253770469691
only_complexity,0.0,0.0,0.0,1.0,0.0,Fair,"alpha=1.0,eps=0.02",OK,0.0002673101252674539,0.00023091958489535025,1.240029750125111e-15,0.999501770289836,0.0,0.0006107465938086319,0.000610440070531501,0.9995104189899057,-0.0004895810100943673,True,True,,,-19.559641144169817
only_complexity,0.0,0.0,0.0,1.0,0.0,Fair,"alpha=1.0,eps=0.05",OK,0.0006682755528902923,0.0005772993276847864,9.85783129529045e-17,0.9987544251194249,2.4883920323504178e-17,0.0015268672212919393,0.0015261009129461114,0.9987760468802465,-0.001223953119753519,True,True,,,-14.978187484799287
only_complexity,0.0,0.0,0.0,1.0,0.0,Fair,"alpha=1.0,eps=0.1",OK,0.0013365546460583828,0.0011545955634994019,9.00411640101286e-17,0.9975088497904422,0.0,0.0030537351888683287,0.003052202563381289,0.9975520933143346,-0.0024479066856654417,True,True,,,-11.512451581999567
only_complexity,0.0,0.0,0.0,1.0,0.0,Fair,"alpha=2.0,eps=0.01",OK,6.698336343883857e-05,5.794371366163559e-05,0.0,0.9998750729228978,1.6987757730317078e-15,0.00015313725713810722,0.00015306050782925337,0.9998772415858829,-0.00012275841411716584,True,True,,,-499.97625980697694
only_complexity,0.0,0.0,0.0,1.0,0.0,Fair,"alpha=2.0,eps=0.02",OK,0.00013396672686738286,0.00011588742730258238,4.979939261792044e-14,0.9997501458457803,1.7433740197434676e-17,0.0003062745142763822,0.00030612101565961306,0.9997544831717505,-0.00024551682824948244,True,True,,,-249.98812990347125
only_complexity,0.0,0.0,0.0,1.0,0.0,Fair,"alpha=2.0,eps=0.05",OK,0.0003349168172267399,0.00028971856828599943,0.0,0.9993753646144427,4.45629281904433e-14,0.0007656862857341484,0.0007653025391879287,0.9993862079293699,-0.0006137920706300558,True,True,,,-99.9952519613937
only_complexity,0.0,0.0,0.0,1.0,0.0,Fair,"alpha=2.0,eps=0.1",OK,0.0006698335134318811,0.0005794372491010014,1.6750333918779202e-15,0.9987507292374651,2.694806737360704e-16,0.0015313725541117509,0.0015306050613256047,0.9987724158673629,-0.001227584132637119,True,True,,,-49.997625980696995
only_verbosity,0.0,0.0,0.0,0.0,1.0,Avg,rho=0.0,OK,0.0,0.0,0.0,0.0,1.0,0.0,0.0,0.9999999999999998,0.0,False,True,,,
only_verbosity,0.0,0.0,0.0,0.0,1.0,Avg,rho=0.1,OK,0.0,0.0,0.0,0.0,1.0,0.0,0.0,0.9999999999999998,0.0,False,True,,,
only_verbosity,0.0,0.0,0.0,0.0,1.0,Avg,rho=0.2,OK,0.0,0.0,0.0,0.0,1.0,0.0,0.0,0.9999999999999998,0.0,False,True,,,
only_verbosity,0.0,0.0,0.0,0.0,1.0,Avg,rho=0.5,OK,0.0,0.0,0.0,0.0,1.0,0.0,0.0,0.9999999999999998,0.0,False,True,,,
only_verbosity,0.0,0.0,0.0,0.0,1.0,Cert,,FLOOR_COLLAPSED,0.0,0.0,0.0,0.0,1.0,0.0,0.0,0.9999999999999998,0.0,False,True,0.0,-0.0,
only_verbosity,0.0,0.0,0.0,0.0,1.0,MaxMin,c=0.0,INFEASIBLE_BALL_MISSES_SIMPLEX,,,,,,,,,,False,False,,,
only_verbosity,0.0,0.0,0.0,0.0,1.0,MaxMin,c=0.1,INFEASIBLE_BALL_MISSES_SIMPLEX,,,,,,,,,,False,False,,,
only_verbosity,0.0,0.0,0.0,0.0,1.0,MaxMin,c=0.25,INFEASIBLE_BALL_MISSES_SIMPLEX,,,,,,,,,,False,False,,,
only_verbosity,0.0,0.0,0.0,0.0,1.0,MaxMin,c=0.5,INFEASIBLE_BALL_MISSES_SIMPLEX,,,,,,,,,,False,False,,,
only_verbosity,0.0,0.0,0.0,0.0,1.0,MaxMin,c=0.75,INFEASIBLE_BALL_MISSES_SIMPLEX,,,,,,,,,,False,False,,,
only_verbosity,0.0,0.0,0.0,0.0,1.0,MaxMin,c=0.9,INFEASIBLE_BALL_MISSES_SIMPLEX,,,,,,,,,,False,False,,,
only_verbosity,0.0,0.0,0.0,0.0,1.0,MaxMin,c=0.95,INFEASIBLE_BALL_MISSES_SIMPLEX,,,,,,,,,,False,False,,,
only_verbosity,0.0,0.0,0.0,0.0,1.0,MaxMin,c=1.0,OK,0.0,0.0,1.0026329292459153e-16,0.0,1.0,1.0026329292459153e-16,1.0026329292459153e-16,0.9999999999999998,3.452938232224715e-19,False,True,3.452938232224715e-19,,
only_verbosity,0.0,0.0,0.0,0.0,1.0,Fair,"alpha=0.0,eps=0.01",OK,0.010070543351808504,0.0,0.0,0.0,0.9899294566481915,0.01424189898859376,0.014191929644560996,0.9899999999999998,-0.009999999999999955,True,True,,,0.05075203639766119
only_verbosity,0.0,0.0,0.0,0.0,1.0,Fair,"alpha=0.0,eps=0.02",OK,0.020141086703617007,0.0,0.0,0.0,0.979858913296383,0.0284837979771876,0.02838385928912207,0.9799999999999998,-0.02000000000000002,True,True,,,0.10150407279532238
only_verbosity,0.0,0.0,0.0,0.0,1.0,Fair,"alpha=0.0,eps=0.05",OK,0.05035271675904253,0.0,0.0,0.0,0.9496472832409575,0.07120949494296896,0.07095964822280514,0.9499999999999997,-0.049999999999999996,True,True,,,0.25376018198830597
only_verbosity,0.0,0.0,0.0,0.0,1.0,Fair,"alpha=0.0,eps=0.1",OK,0.10070543351808506,0.0,0.0,0.0,0.899294566481915,0.14241898988593793,0.14191929644561027,0.8999999999999998,-0.09999999999999999,True,True,,,0.5075203639766119
only_verbosity,0.0,0.0,0.0,0.0,1.0,Fair,"alpha=0.5,eps=0.01",OK,0.00045578901910090603,0.0004152112411562725,7.064333407424195e-05,0.0,0.9990583564056686,0.0011277531397029647,0.0011367423108714825,0.9990644672222041,-0.0009355327777957251,True,True,,,1.0003469111572763
only_verbosity,0.0,0.0,0.0,0.0,1.0,Fair,"alpha=0.5,eps=0.02",OK,0.0009115770726073132,0.000830422982462866,0.00014128696670016443,0.0,0.9981167129782297,0.002255505952648694,0.0022734843009668527,0.9981289346087869,-0.0018710653912128639,True,True,,,1.4147041688366526
only_verbosity,0.0,0.0,0.0,0.0,1.0,Fair,"alpha=0.5,eps=0.05",OK,0.0022789444686566397,0.002076057372818574,0.00035321674267330805,9.940990427213282e-19,0.9952917814158515,0.005638766390788063,0.005683712255634017,0.9953223355019054,-0.00467766449809439,True,True,,,2.2368436944296115
only_verbosity,0.0,0.0,0.0,0.0,1.0,Fair,"alpha=0.5,eps=0.1",OK,0.004557888805302694,0.004152114806361167,0.0007064329043877886,6.527828152860226e-19,0.9905835634839484,0.011277532169581222,0.011367423884033449,0.9906446716535221,-0.009355328346477702,True,True,,,3.163374689571096
only_verbosity,0.0,0.0,0.0,0.0,1.0,Fair,"alpha=1.0,eps=0.01",OK,0.00022923479643633613,0.00020940324190190504,3.940285120679297e-05,0.0,0.999521959110455,0.0005713790216453423,0.0005760044240722106,0.999525049542558,-0.00047495045744172396,True,True,,,-23.024100903237002
only_verbosity,0.0,0.0,0.0,0.0,1.0,Fair,"alpha=1.0,eps=0.02",OK,0.0004584687122957039,0.0004188070534367006,7.880553392121528e-05,0.0,0.9990439187003464,0.0011427574860338476,0.001152008286106896,0.9990500995614735,-0.000949900438526278,True,True,,,-19.558365000437277
only_verbosity,0.0,0.0,0.0,0.0,1.0,Fair,"alpha=1.0,eps=0.05",OK,0.001146172852049991,0.001047016735909674,0.00019701431862144178,3.9405628308266077e-17,0.9976097960934188,0.002856894399313555,0.0028800214103628396,0.9976252482496248,-0.002374751750374946,True,True,,,-14.976911341066504
only_verbosity,0.0,0.0,0.0,0.0,1.0,Fair,"alpha=1.0,eps=0.1",OK,0.002292344941696126,0.002094032987771243,0.0003940271025456552,2.2046679430253336e-18,0.995219594967987,0.005713785882690229,0.005760039855992461,0.9952504992666551,-0.004749500733344669,True,True,,,-11.511175438266777
only_verbosity,0.0,0.0,0.0,0.0,1.0,Fair,"alpha=2.0,eps=0.01",OK,0.0001149364050356356,0.00010513652114305592,2.0728273726806015e-05,2.1942019110780357e-20,0.9997591988000945,0.00028753946596637064,0.0002898844778170791,0.9997607525886947,-0.0002392474113051119,True,True,,,-499.91211684363407
only_verbosity,0.0,0.0,0.0,0.0,1.0,Fair,"alpha=2.0,eps=0.02",OK,0.00022987285595759132,0.00021027296521281666,4.145654859468871e-05,3.6904941336868744e-17,0.9995183976302348,0.0005750788970135945,0.0005797689203105674,0.9995215052072642,-0.00047849479273550863,True,True,,,-249.95605842178114
only_verbosity,0.0,0.0,0.0,0.0,1.0,Fair,"alpha=2.0,eps=0.05",OK,0.0005746825265236426,0.0005256824796021385,0.0001036415210465931,6.71786528857564e-19,0.9987959934728277,0.0014376979369849225,0.0014494230023155892,0.998803762419054,-0.001196237580945793,True,True,,,-99.98242336872408
only_verbosity,0.0,0.0,0.0,0.0,1.0,Fair,"alpha=2.0,eps=0.1",OK,0.0011493641097382505,0.0010513651786551582,0.00020728273308048435,0.0,0.9975919879785261,0.0028753946898885194,0.002898844808383709,0.9976075258647207,-0.0023924741352791125,True,True,,,-49.991211684363364
dirichlet_11,0.11414884741515977,0.051648410594331395,0.3760408171063637,0.25644594049833863,0.2017159843858066,Avg,rho=0.0,OK,1.341929107468595e-16,7.583838290900937e-18,0.9999999999999996,0.0,1.8566556287534557e-16,0.7151758094029999,0.708449757660835,0.3903243489272733,-0.2588257601576216,True,True,,,
dirichlet_11,0.11414884741515977,0.051648410594331395,0.3760408171063637,0.25644594049833863,0.2017159843858066,Avg,rho=0.1,OK,4.529436980881571e-17,0.0,0.8465334932510469,0.15346650674895312,0.0,0.5369869440880242,0.53064283854639,0.37291767705905965,-0.20675295265999039,True,True,,,
dirichlet_11,0.11414884741515977,0.051648410594331395,0.3760408171063637,0.25644594049833863,0.2017159843858066,Avg,rho=0.2,OK,5.7339659847570804e-18,0.0,0.6741324157254927,0.2668246088893294,0.05904297538517799,0.3535808579452535,0.3469771208414498,0.3498799003672767,-0.14222191190495573,True,True,,,
dirichlet_11,0.11414884741515977,0.051648410594331395,0.3760408171063637,0.25644594049833863,0.2017159843858066,Avg,rho=0.5,OK,0.00764890110830807,2.7497230566716352e-17,0.5293162496652624,0.289730881256202,0.1733039679702276,0.19854038648208083,0.19357360247350028,0.32569570053717906,-0.10118775801033537,True,True,,,
dirichlet_11,0.11414884741515977,0.051648410594331395,0.3760408171063637,0.25644594049833863,0.2017159843858066,Cert,,FLOOR_COLLAPSED,0.11414884741515977,0.051648410594331395,0.3760408171063637,0.25644594049833863,0.2017159843858066,0.0,0.0,0.28254975698424317,0.0,False,True,0.0,-0.0,
dirichlet_11,0.11414884741515977,0.051648410594331395,0.3760408171063637,0.25644594049833863,0.2017159843858066,MaxMin,c=0.0,INFEASIBLE_BALL_MISSES_SIMPLEX,,,,,,,,,,False,False,,,
dirichlet_11,0.11414884741515977,0.051648410594331395,0.3760408171063637,0.25644594049833863,0.2017159843858066,MaxMin,c=0.1,INFEASIBLE_BALL_MISSES_SIMPLEX,,,,,,,,,,False,False,,,
dirichlet_11,0.11414884741515977,0.051648410594331395,0.3760408171063637,0.25644594049833863,0.2017159843858066,MaxMin,c=0.25,INFEASIBLE_BALL_MISSES_SIMPLEX,,,,,,,,,,False,False,,,
dirichlet_11,0.11414884741515977,0.051648410594331395,0.3760408171063637,0.25644594049833863,0.2017159843858066,MaxMin,c=0.5,OK,0.06507958998390857,0.0029035250835407335,0.5048842251952662,0.2711603156018776,0.15597234413540678,0.15392684351445526,0.15043408232619512,0.3157506213005134,-0.04533277445837066,True,True,-0.04533277445837066,,
dirichlet_11,0.11414884741515977,0.051648410594331395,0.3760408171063637,0.25644594049833863,0.2017159843858066,MaxMin,c=0.75,OK,0.09384283809602562,0.03158431775613999,0.4510750029745854,0.23876185933966457,0.1847359818335843,0.0839409202826322,0.08237698750724258,0.29861640919095644,-0.017941859362547042,True,True,-0.017941859362547042,,
dirichlet_11,0.11414884741515977,0.051648410594331395,0.3760408171063637,0.25644594049833863,0.2017159843858066,MaxMin,c=0.9,OK,0.10669164520023146,0.04428005006607607,0.4035964578163569,0.24995161819636078,0.1954802287209749,0.030826560099374747,0.03025221962836723,0.2884500928178078,-0.006588989066022343,True,True,-0.006588989066022343,,
dirichlet_11,0.11414884741515977,0.051648410594331395,0.3760408171063637,0.25644594049833863,0.2017159843858066,MaxMin,c=0.95,OK,0.1104891069404013,0.04803227058891719,0.3895641856174631,0.2532587486400975,0.19865568821312102,0.015128624173206522,0.014846757461341023,0.2854454405452355,-0.0032336510768595245,True,True,-0.0032336510768595245,,
dirichlet_11,0.11414884741515977,0.051648410594331395,0.3760408171063637,0.25644594049833863,0.2017159843858066,MaxMin,c=1.0,OK,0.11414884741515977,0.051648410594331395,0.3760408171063637,0.25644594049833863,0.2017159843858066,0.0,0.0,0.28254975698424317,0.0,False,True,0.0,,
dirichlet_11,0.11414884741515977,0.051648410594331395,0.3760408171063637,0.25644594049833863,0.2017159843858066,Fair,"alpha=0.0,eps=0.01",OK,0.15712482308281808,0.03961962385032867,0.3645199908984503,0.24667947399847975,0.19205608816992328,0.04809421061237312,0.04695898629350583,0.27840686471277204,-0.010000000000000028,True,True,,,0.05131114208474287
dirichlet_11,0.11414884741515977,0.051648410594331395,0.3760408171063637,0.25644594049833863,0.2017159843858066,Fair,"alpha=0.0,eps=0.02",OK,0.20010079875047643,0.02759083710632594,0.3529991646905369,0.23691300749862088,0.18239619195404,0.09618842122474625,0.09391797258701166,0.27426397244130096,-0.02000000000000001,True,True,,,0.10262228416948574
dirichlet_11,0.11414884741515977,0.051648410594331395,0.3760408171063637,0.25644594049833863,0.2017159843858066,Fair,"alpha=0.0,eps=0.05",OK,0.3205179765244972,0.0,0.318461053700985,0.20759887018643003,0.1534220995880878,0.23084527395421872,0.2256028522499627,0.26133817008261223,-0.05000000000000002,True,True,,,0.25654163602910096
dirichlet_11,0.11414884741515977,0.051648410594331395,0.3760408171063637,0.25644594049833863,0.2017159843858066,Fair,"alpha=0.0,eps=0.1",OK,0.47514612816376145,0.0,0.26102943297701087,0.15866220155480631,0.10516223730442148,0.4063231462535551,0.39844482205765785,0.2371043155880596,-0.1,True,True,,,0.5129977069786769
dirichlet_11,0.11414884741515977,0.051648410594331395,0.3760408171063637,0.25644594049833863,0.2017159843858066,Fair,"alpha=0.5,eps=0.01",OK,0.11464523048590355,0.05210496785379375,0.376151985877606,0.256270534697363,0.20082728108533382,0.0011347951053275838,0.0011521685730466556,0.28246109279596376,-0.0008913129357855757,True,True,,,1.0003561959118048
dirichlet_11,0.11414884741515977,0.051648410594331395,0.3760408171063637,0.25644594049833863,0.2017159843858066,Fair,"alpha=0.5,eps=0.02",OK,0.11514161389934655,0.05256152552478694,0.37626315438010766,0.2560951287261271,0.19993857746963162,0.002269590772987531,0.0023043377133982056,0.28237242847118393,-0.0017826261918091075,True,True,,,1.4147172994624313
dirichlet_11,0.11414884741515977,0.051648410594331395,0.3760408171063637,0.25644594049833863,0.2017159843858066,Fair,"alpha=0.5,eps=0.05",OK,0.11663076366874675,0.053931197723538625,0.3765966605243377,0.2555689108366832,0.19727246724669356,0.005673976812202634,0.005760844175518032,0.2821064357512499,-0.004456565340760598,True,True,,,2.236864455771893
dirichlet_11,0.11414884741515977,0.051648410594331395,0.3760408171063637,0.25644594049833863,0.2017159843858066,Fair,"alpha=0.5,eps=0.1",OK,0.11911267984042645,0.0562139849128704,0.3771525042215195,0.25469188130634907,0.1928289497188347,0.011347953924263104,0.011521688654405038,0.28166311457220866,-0.00891313106244635,True,True,,,3.1634040505429235
dirichlet_11,0.11414884741515977,0.051648410594331395,0.3760408171063637,0.25644594049833863,0.2017159843858066,Fair,"alpha=1.0,eps=0.01",OK,0.11439713064332703,0.05187725938371219,0.3760996197770114,0.25636155049606774,0.20126443969988175,0.0005731390404917103,0.0005818122865421385,0.2825060926056327,-0.00045265636419565655,True,True,,,-23.024058215445713
dirichlet_11,0.11414884741515977,0.051648410594331395,0.3760408171063637,0.25644594049833863,0.2017159843858066,Fair,"alpha=1.0,eps=0.02",OK,0.11464541435255793,0.05210610825512014,0.3761584219994941,0.2562771603934867,0.20081289499934124,0.001146278302436583,0.0011636247901942783,0.2824624280973127,-0.0009053127460339337,True,True,,,-19.558322312645984
dirichlet_11,0.11414884741515977,0.051648410594331395,0.3760408171063637,0.25644594049833863,0.2017159843858066,Fair,"alpha=1.0,eps=0.05",OK,0.11539026492708837,0.052792654567771345,0.3763348290762142,0.25602399066972886,0.19945826075919712,0.0028656957933644073,0.002909061990651469,0.28233143475843947,-0.0022632820031479547,True,True,,,-14.97686865327521
dirichlet_11,0.11414884741515977,0.051648410594331395,0.3760408171063637,0.25644594049833863,0.2017159843858066,Fair,"alpha=1.0,eps=0.1",OK,0.1166316823270196,0.05393689873208565,0.3766288418031679,0.2556020401019777,0.19720053703574902,0.005731391877228759,0.005818124318080562,0.28211311260246147,-0.004526564139737882,True,True,,,-11.511132750475483
dirichlet_11,0.11414884741515977,0.051648410594331395,0.3760408171063637,0.25644594049833863,0.2017159843858066,Fair,"alpha=2.0,eps=0.01",OK,0.11427299755582974,0.051762963298840746,0.3760710227727684,0.2564045957120332,0.20148842066052802,0.00028799757332143206,0.00029232900987661626,0.28252809593865735,-0.00022807029310763517,True,True,,,-499.91007439854934
dirichlet_11,0.11414884741515977,0.051648410594331395,0.3760408171063637,0.25644594049833863,0.2017159843858066,Fair,"alpha=2.0,eps=0.02",OK,0.11439714769659987,0.0518775159997181,0.3761012284392411,0.25636325092649115,0.20126085693794987,0.0005759951430051772,0.0005846580160552077,0.2825064348936041,-0.0004561405834963546,True,True,,,-249.95503719927467
dirichlet_11,0.11414884741515977,0.051648410594331395,0.3760408171063637,0.25644594049833863,0.2017159843858066,Fair,"alpha=2.0,eps=0.05",OK,0.11476959732258567,0.05222117402703863,0.37619184572283654,0.2562392173158571,0.20057816561168215,0.00143998752679837,0.0014616446850802011,0.28244145192041276,-0.0011403515782571188,True,True,,,-99.98201487970987
dirichlet_11,0.11414884741515977,0.051648410594331395,0.3760408171063637,0.25644594049833863,0.2017159843858066,Fair,"alpha=2.0,eps=0.1",OK,0.11539034882564564,0.05279393762943548,0.3763428737243807,0.2560324927029715,0.1994403471175668,0.0028799757285394604,0.0029232900905062824,0.28233314652549085,-0.002280702943095273,True,True,,,-49.99100743985493
dirichlet_12,0.08597214549508839,0.6349438670222669,0.05943641939658061,0.008150739699266708,0.21149682838679743,Avg,rho=0.0,OK,0.0,1.0,0.0,0.0,0.0,0.4347266048353734,0.42726858929525074,0.6452935645575758,-0.21038937595472018,True,True,,,
dirichlet_12,0.08597214549508839,0.6349438670222669,0.05943641939658061,0.008150739699266708,0.21149682838679743,Avg,rho=0.1,OK,5.404603418967972e-17,0.9999999999999997,0.0,1.335853743538721e-16,1.3877787807814454e-16,0.434726604835373,0.4272685892952504,0.6452935645575756,-0.21038937595472001,True,True,,,
dirichlet_12,0.08597214549508839,0.6349438670222669,0.05943641939658061,0.008150739699266708,0.21149682838679743,Avg,rho=0.2,OK,0.0,1.0,7.787371011731033e-18,0.0,2.7755575615628914e-17,0.4347266048353734,0.42726858929525074,0.6452935645575758,-0.21038937595472015,True,True,,,
dirichlet_12,0.08597214549508839,0.6349438670222669,0.05943641939658061,0.008150739699266708,0.21149682838679743,Avg,rho=0.5,OK,0.0,0.9312402747059589,4.9270520050655134e-17,3.066729075874133e-17,0.06875972529404105,0.3451894756723224,0.33799655008864654,0.6158326177875301,-0.14207259642819353,True,True,,,
dirichlet_12,0.08597214549508839,0.6349438670222669,0.05943641939658061,0.008150739699266708,0.21149682838679743,Cert,,FLOOR_COLLAPSED,0.08597214549508839,0.6349438670222669,0.05943641939658061,0.008150739699266708,0.21149682838679743,0.0,0.0,0.47314557651350514,0.0,False,True,0.0,-0.0,
dirichlet_12,0.08597214549508839,0.6349438670222669,0.05943641939658061,0.008150739699266708,0.21149682838679743,MaxMin,c=0.0,INFEASIBLE_BALL_MISSES_SIMPLEX,,,,,,,,,,False,False,,,
dirichlet_12,0.08597214549508839,0.6349438670222669,0.05943641939658061,0.008150739699266708,0.21149682838679743,MaxMin,c=0.1,INFEASIBLE_BALL_MISSES_SIMPLEX,,,,,,,,,,False,False,,,
dirichlet_12,0.08597214549508839,0.6349438670222669,0.05943641939658061,0.008150739699266708,0.21149682838679743,MaxMin,c=0.25,INFEASIBLE_BALL_MISSES_SIMPLEX,,,,,,,,,,False,False,,,
dirichlet_12,0.08597214549508839,0.6349438670222669,0.05943641939658061,0.008150739699266708,0.21149682838679743,MaxMin,c=0.5,INFEASIBLE_BALL_MISSES_SIMPLEX,,,,,,,,,,False,False,,,
dirichlet_12,0.08597214549508839,0.6349438670222669,0.05943641939658061,0.008150739699266708,0.21149682838679743,MaxMin,c=0.75,OK,0.045476315982146014,0.7570849185507965,0.020716978585503226,0.0,0.1767217868815541,0.13904417227088428,0.1354344708021661,0.5349532029373785,-0.03484252798618584,True,True,-0.03484252798618584,,
dirichlet_12,0.08597214549508839,0.6349438670222669,0.05943641939658061,0.008150739699266708,0.21149682838679743,MaxMin,c=0.9,OK,0.07227074501087113,0.6810792143087185,0.046421052540188835,1.0061396160665481e-16,0.20022898814022147,0.051759030133344146,0.05051426428996572,0.49709666916106166,-0.011548736285557974,True,True,-0.011548736285557974,,
dirichlet_12,0.08597214549508839,0.6349438670222669,0.05943641939658061,0.008150739699266708,0.21149682838679743,MaxMin,c=0.95,OK,0.07961955176212478,0.6576171356587849,0.05342457364450912,0.002933384137021206,0.2064053547975601,0.025371613064984526,0.024787203692441778,0.485060897589183,-0.0052905343887972404,True,True,-0.0052905343887972404,,
dirichlet_12,0.08597214549508839,0.6349438670222669,0.05943641939658061,0.008150739699266708,0.21149682838679743,MaxMin,c=1.0,OK,0.08597214549508839,0.6349438670222669,0.05943641939658061,0.008150739699266708,0.21149682838679743,0.0,0.0,0.47314557651350514,0.0,False,True,0.0,,
dirichlet_12,0.08597214549508839,0.6349438670222669,0.05943641939658061,0.008150739699266708,0.21149682838679743,Fair,"alpha=0.0,eps=0.01",OK,0.12726900579313394,0.6229951160542122,0.04797458826841529,0.0,0.20176128988423858,0.046268695254604565,0.045145938671835986,0.4674284737326322,-0.010000000000000012,True,True,,,0.0512532227051173
dirichlet_12,0.08597214549508839,0.6349438670222669,0.05943641939658061,0.008150739699266708,0.21149682838679743,Fair,"alpha=0.0,eps=0.02",OK,0.160095354679389,0.6114501157549849,0.03681036533638061,0.0,0.19164416422924557,0.08377772760418693,0.081590535039735,0.4610634806072047,-0.02000000000000001,True,True,,,0.1022142637204229
dirichlet_12,0.08597214549508839,0.6349438670222669,0.05943641939658061,0.008150739699266708,0.21149682838679743,Fair,"alpha=0.0,eps=0.05",OK,0.25857440133815424,0.5768151148573026,0.0033176965402765754,0.0,0.16129278726426655,0.19724776781518122,0.19186125931542528,0.4419685012309221,-0.05000000000000003,True,True,,,0.25509738676633975
dirichlet_12,0.08597214549508839,0.6349438670222669,0.05943641939658061,0.008150739699266708,0.21149682838679743,Fair,"alpha=0.0,eps=0.1",OK,0.3691769818585602,0.5199270984256287,0.0,0.0,0.11089591971581121,0.3273430948283972,0.3186273014942318,0.40874347404950023,-0.10000000000000002,True,True,,,0.509008893975309
dirichlet_12,0.08597214549508839,0.6349438670222669,0.05943641939658061,0.008150739699266708,0.21149682838679743,Fair,"alpha=0.5,eps=0.01",OK,0.08646852882606437,0.6354004248107182,0.059547587903711674,0.007975333543695002,0.21060812491581077,0.0011347955944575698,0.0011521690738562364,0.4733186494017785,-0.0008913131210028889,True,True,,,1.0003561959118048
dirichlet_12,0.08597214549508839,0.6349438670222669,0.05943641939658061,0.008150739699266708,0.21149682838679743,Fair,"alpha=0.5,eps=0.02",OK,0.08696491200089272,0.6358569818889874,0.05965875677380572,0.007799927866923689,0.2097194214693904,0.002269590777198065,0.0023043377219448173,0.4734917218679931,-0.0017826261961700453,True,True,,,1.4147172994624313
dirichlet_12,0.08597214549508839,0.6349438670222669,0.05943641939658061,0.008150739699266708,0.21149682838679743,Fair,"alpha=0.5,eps=0.05",OK,0.0884540617051332,0.6372266541604222,0.059992263537390345,0.007273709903981393,0.20705331069307287,0.005673977322561709,0.005760844710110242,0.4740109398484645,-0.004456565900299531,True,True,,,2.236864455771893
dirichlet_12,0.08597214549508839,0.6349438670222669,0.05943641939658061,0.008150739699266708,0.21149682838679743,Fair,"alpha=0.5,eps=0.1",OK,0.09093597899928484,0.6395094419415791,0.06054810511669811,0.006396680192000171,0.20260979375043786,0.011347954526011974,0.011521689242095956,0.47487630365713035,-0.008913131042125376,True,True,,,3.163404050542923
dirichlet_12,0.08597214549508839,0.6349438670222669,0.05943641939658061,0.008150739699266708,0.21149682838679743,Fair,"alpha=1.0,eps=0.01",OK,0.08622042899748637,0.6351727158078686,0.0594952218283941,0.008066349714937441,0.21104528365131353,0.0005731391696786011,0.0005818124106911465,0.4732313603280368,-0.0004526564117180133,True,True,,,-23.02405821544571
dirichlet_12,0.08597214549508839,0.6349438670222669,0.05943641939658061,0.008150739699266708,0.21149682838679743,Fair,"alpha=1.0,eps=0.02",OK,0.08646871250550915,0.6354015646102441,0.05955402429880376,0.007981959654006067,0.21059373893143693,0.0011462783514342312,0.0011636248372701764,0.4733171441587401,-0.0009053128116581472,True,True,,,-19.558322312645984
dirichlet_12,0.08597214549508839,0.6349438670222669,0.05943641939658061,0.008150739699266708,0.21149682838679743,Fair,"alpha=1.0,eps=0.05",OK,0.08721356301471553,0.6360881110338054,0.05973043150116638,0.007728789613534748,0.20923910483677807,0.0028656958032531933,0.0029090620131991423,0.4735744956578494,-0.0022632819395893657,True,True,,,-14.97686865327521
dirichlet_12,0.08597214549508839,0.6349438670222669,0.05943641939658061,0.008150739699266708,0.21149682838679743,Fair,"alpha=1.0,eps=0.1",OK,0.08845498040694826,0.6372323551600212,0.06002444409338489,0.007306839302905801,0.2069813810367399,0.005731391877228741,0.005818124318080547,0.4740034148452989,-0.004526564139737823,True,True,,,-11.511132750475483
dirichlet_12,0.08597214549508839,0.6349438670222669,0.05943641939658061,0.008150739699266708,0.21149682838679743,Fair,"alpha=2.0,eps=0.01",OK,0.08609629563970832,0.6350584197215504,0.05946662505920943,0.008109394912653056,0.2112692646668788,0.0002879975683586077,0.00029232900479896204,0.47318827140382763,-0.000228070287783237,True,True,,,-499.91007439854934
dirichlet_12,0.08597214549508839,0.6349438670222669,0.05943641939658061,0.008150739699266708,0.21149682838679743,Fair,"alpha=2.0,eps=0.02",OK,0.08622044580332477,0.6351729724141967,0.05949683076995483,0.008068050064672004,0.21104170094785177,0.0005759951554181492,0.0005846580317320704,0.47323096629525163,-0.0004561405777112657,True,True,,,-249.95503719927467
dirichlet_12,0.08597214549508839,0.6349438670222669,0.05943641939658061,0.008150739699266708,0.21149682838679743,Fair,"alpha=2.0,eps=0.05",OK,0.08659289616534767,0.6355166305556059,0.0595874477292478,0.007944015761586218,0.2103590097882124,0.0014399878356134456,0.001461645018470124,0.4733590509838814,-0.0011403514382205325,True,True,,,-99.98201487970985
dirichlet_12,0.08597214549508839,0.6349438670222669,0.05943641939658061,0.008150739699266708,0.21149682838679743,Fair,"alpha=2.0,eps=0.1",OK,0.08721364690804925,0.6360893940514977,0.05973847603696388,0.0077372918426748495,0.2092211911608144,0.0028799757050159084,0.0029232900695981595,0.473572525431681,-0.002280702904066769,True,True,,,-49.99100743985493
dirichlet_13,0.29988182668227864,0.13653559614210137,0.33130210717416203,0.19429198447004775,0.03798848553141006,Avg,rho=0.0,OK,7.216449660063516e-16,1.4571677198205177e-16,0.9999999999999987,4.163336342344336e-16,0.0,0.7713108654233857,0.7536040254016008,0.3585109534296218,-0.2758043867939977,True,True,,,
dirichlet_13,0.29988182668227864,0.13653559614210137,0.33130210717416203,0.19429198447004775,0.03798848553141006,Avg,rho=0.1,OK,0.4116006831762762,0.0,0.5883993168237238,2.862293735361731e-17,0.0,0.3693434003499664,0.3647533471067022,0.34704786962360845,-0.19232350408468601,True,True,,,
dirichlet_13,0.29988182668227864,0.13653559614210137,0.33130210717416203,0.19429198447004775,0.03798848553141006,Avg,rho=0.2,OK,0.43565365222861424,4.1450404306836435e-17,0.5387457310838711,0.025600616687514465,0.0,0.3316756206358382,0.3272846765659823,0.3425704912844748,-0.16722155874824335,True,True,,,
dirichlet_13,0.29988182668227864,0.13653559614210137,0.33130210717416203,0.19429198447004775,0.03798848553141006,Avg,rho=0.5,OK,0.3737185861907105,0.0467416745210551,0.43314509385907524,0.14639464542915925,0.0,0.16620496223598136,0.16323951680456827,0.3178748444994558,-0.08067506472867388,True,True,,,
dirichlet_13,0.29988182668227864,0.13653559614210137,0.33130210717416203,0.19429198447004775,0.03798848553141006,Cert,,FLOOR_COLLAPSED,0.2998818266822787,0.1365355961421014,0.3313021071741621,0.1942919844700478,0.037988485531410064,1.0031442548020353e-16,1.0530499236848455e-16,0.2849409339607427,1.0675954996397109e-17,False,True,1.0675954996397109e-17,-0.0,
dirichlet_13,0.29988182668227864,0.13653559614210137,0.33130210717416203,0.19429198447004775,0.03798848553141006,MaxMin,c=0.0,INFEASIBLE_BALL_MISSES_SIMPLEX,,,,,,,,,,False,False,,,
dirichlet_13,0.29988182668227864,0.13653559614210137,0.33130210717416203,0.19429198447004775,0.03798848553141006,MaxMin,c=0.1,INFEASIBLE_BALL_MISSES_SIMPLEX,,,,,,,,,,False,False,,,
dirichlet_13,0.29988182668227864,0.13653559614210137,0.33130210717416203,0.19429198447004775,0.03798848553141006,MaxMin,c=0.25,INFEASIBLE_BALL_MISSES_SIMPLEX,,,,,,,,,,False,False,,,
dirichlet_13,0.29988182668227864,0.13653559614210137,0.33130210717416203,0.19429198447004775,0.03798848553141006,MaxMin,c=0.5,INFEASIBLE_BALL_MISSES_SIMPLEX,,,,,,,,,,False,False,,,
dirichlet_13,0.29988182668227864,0.13653559614210137,0.33130210717416203,0.19429198447004775,0.03798848553141006,MaxMin,c=0.75,OK,0.32754477606794224,0.1060225737089492,0.385429744434011,0.16828530722301377,0.012717598566083772,0.07707820321919368,0.07639319963429787,0.3012903024238258,-0.02648255268209413,True,True,-0.02648255268209413,,
dirichlet_13,0.29988182668227864,0.13653559614210137,0.33130210717416203,0.19429198447004775,0.03798848553141006,MaxMin,c=0.9,OK,0.3022871102265149,0.1251100195603728,0.35971870078815604,0.18443332449677674,0.028450844928179512,0.033645085027697155,0.033233773107532005,0.2913252954071107,-0.010025459976962255,True,True,-0.010025459976962255,,
dirichlet_13,0.29988182668227864,0.13653559614210137,0.33130210717416203,0.19429198447004775,0.03798848553141006,MaxMin,c=0.95,OK,0.2944097682856704,0.1311287293392728,0.35152230112561356,0.18952648262919894,0.03341271862024432,0.022620378550638576,0.022198930331010433,0.2881802307139117,-0.0048349678478222195,True,True,-0.0048349678478222195,,
dirichlet_13,0.29988182668227864,0.13653559614210137,0.33130210717416203,0.19429198447004775,0.03798848553141006,MaxMin,c=1.0,OK,0.2998818266822787,0.1365355961421014,0.3313021071741621,0.1942919844700478,0.037988485531410064,1.0031442548020353e-16,1.0530499236848455e-16,0.2849409339607427,1.0675954996397109e-17,False,True,1.0675954996397109e-17,,
dirichlet_13,0.29988182668227864,0.13653559614210137,0.33130210717416203,0.19429198447004775,0.03798848553141006,Fair,"alpha=0.0,eps=0.01",OK,0.342857802349937,0.12450680939809866,0.31978128096624864,0.1845255179701889,0.028328589315526766,0.048094210612373144,0.04695898629350586,0.29032821297826933,-0.009999999999999988,True,True,,,0.05131114208474287
dirichlet_13,0.29988182668227864,0.13653559614210137,0.33130210717416203,0.19429198447004775,0.03798848553141006,Fair,"alpha=0.0,eps=0.02",OK,0.3858337780175954,0.11247802265409594,0.30826045475833525,0.17475905147033002,0.01866869309964346,0.0961884212247463,0.09391797258701172,0.29571549199579594,-0.01999999999999999,True,True,,,0.10262228416948574
dirichlet_13,0.29988182668227864,0.13653559614210137,0.33130210717416203,0.19429198447004775,0.03798848553141006,Fair,"alpha=0.0,eps=0.05",OK,0.5036388362526628,0.0770465725239579,0.2742455581472852,0.14506903307609417,0.0,0.22842359038388246,0.22282036550694315,0.30897179775312034,-0.04999999999999998,True,True,,,0.25579059119946074
dirichlet_13,0.29988182668227864,0.13653559614210137,0.33130210717416203,0.19429198447004775,0.03798848553141006,Fair,"alpha=0.0,eps=0.1",OK,0.666416200619037,0.019970414163435316,0.21920644878173795,0.09440693643578979,0.0,0.41463293816475566,0.40371140153060553,0.32229790146127724,-0.09999999999999999,True,True,,,0.5087622770424954
dirichlet_13,0.29988182668227864,0.13653559614210137,0.33130210717416203,0.19429198447004775,0.03798848553141006,Fair,"alpha=0.5,eps=0.01",OK,0.3003782097530225,0.13699215340156376,0.3314132759454044,0.19411657866907214,0.03709978223093728,0.0011347951053276232,0.001152168573046698,0.28514253265413325,-0.0008913129357855734,True,True,,,1.0003561959118048
dirichlet_13,0.29988182668227864,0.13653559614210137,0.33130210717416203,0.19429198447004775,0.03798848553141006,Fair,"alpha=0.5,eps=0.02",OK,0.30087459319818977,0.13744871097381822,0.3315244446178843,0.1939411726035336,0.03621107860657413,0.0022695907851501326,0.0023043377325711605,0.2853441314189651,-0.0017826262053579568,True,True,,,1.4147172994624313
dirichlet_13,0.29988182668227864,0.13653559614210137,0.33130210717416203,0.19429198447004775,0.03798848553141006,Fair,"alpha=0.5,eps=0.05",OK,0.302363743163781,0.13881838341396438,0.33185795052006284,0.1934149549145863,0.03354496798760552,0.005673977262746714,0.005760844623846874,0.28594892762054147,-0.004456565737487374,True,True,,,2.236864455771893
dirichlet_13,0.29988182668227864,0.13653559614210137,0.33130210717416203,0.19429198447004775,0.03798848553141006,Fair,"alpha=0.5,eps=0.1",OK,0.3048456591948165,0.14110117036903436,0.3324137943108369,0.19253792526744418,0.029101450857868062,0.011347953934475893,0.011521688665276524,0.28695692123713135,-0.0089131310694906,True,True,,,3.163404050542923
dirichlet_13,0.29988182668227864,0.13653559614210137,0.33130210717416203,0.19429198447004775,0.03798848553141006,Fair,"alpha=1.0,eps=0.01",OK,0.3001301101801988,0.13676444494455603,0.33136090959306225,0.19420759444222,0.03753694083996292,0.0005731391448538297,0.0005818123870980234,0.2850433358003029,-0.00045265636998226966,True,True,,,-23.02405821544571
dirichlet_13,0.29988182668227864,0.13653559614210137,0.33130210717416203,0.19429198447004775,0.03798848553141006,Fair,"alpha=1.0,eps=0.02",OK,0.30037839370394137,0.13699329373016644,0.33141971202316406,0.1941232044351084,0.03708539610761977,0.0011462783244868516,0.0011636248086170965,0.2851457376516232,-0.0009053127796381656,True,True,,,-19.558322312645984
dirichlet_13,0.29988182668227864,0.13653559614210137,0.33130210717416203,0.19429198447004775,0.03798848553141006,Fair,"alpha=1.0,eps=0.05",OK,0.30112324383015276,0.13767984025634367,0.33159611933457417,0.19387003455576415,0.03573076202316529,0.0028656956307900674,0.0029090618347735885,0.2854529431317811,-0.00226328189036661,True,True,,,-14.97686865327521
dirichlet_13,0.29988182668227864,0.13653559614210137,0.33130210717416203,0.19429198447004775,0.03798848553141006,Fair,"alpha=1.0,eps=0.1",OK,0.3023646616181802,0.1388240841677574,0.3318901311270628,0.1934480843288313,0.03347303875816837,0.005731391274552223,0.005818123685689828,0.28596495229375235,-0.004526563552348827,True,True,,,-11.511132750475483
dirichlet_13,0.29988182668227864,0.13653559614210137,0.33130210717416203,0.19429198447004775,0.03798848553141006,Fair,"alpha=2.0,eps=0.01",OK,0.30000597682302244,0.1366501488447419,0.33133231284055326,0.19425063968504416,0.037760921806638294,0.0002879975720211565,0.0002923290085136645,0.28499253310744266,-0.00022807029254254924,True,True,,,-499.9100743985493
dirichlet_13,0.29988182668227864,0.13653559614210137,0.33130210717416203,0.19429198447004775,0.03798848553141006,Fair,"alpha=2.0,eps=0.02",OK,0.3001301269643844,0.13676470154718776,0.3313625185067466,0.1942092948991308,0.03753335808255046,0.0005759951438008078,0.0005846580168137522,0.2850441322540865,-0.00045614058444758197,True,True,,,-249.95503719927467
dirichlet_13,0.29988182668227864,0.13653559614210137,0.33130210717416203,0.19429198447004775,0.03798848553141006,Fair,"alpha=2.0,eps=0.05",OK,0.3005025772099357,0.1371083595299363,0.3314531357830917,0.1940852604246691,0.03685066705236726,0.0014399876662440048,0.001461644857569846,0.28519892969541394,-0.0011403513254412661,True,True,,,-99.98201487970987
dirichlet_13,0.29988182668227864,0.13653559614210137,0.33130210717416203,0.19429198447004775,0.03798848553141006,Fair,"alpha=2.0,eps=0.1",OK,0.3011233279138838,0.1376811228995113,0.3316041636034829,0.19387853733034374,0.035712848252778165,0.00287997543526709,0.0029232897659246387,0.285456925385111,-0.002280702922002076,True,True,,,-49.99100743985493
dirichlet_14,0.17452451335503213,0.2394818760679047,0.10634765284387879,0.1512153936372891,0.32843056409589505,Avg,rho=0.0,OK,3.289357753052636e-16,1.1102230246251565e-16,5.3062720852858574e-17,1.698251759410622e-16,0.9999999999999993,0.7569622186778234,0.7556062166360558,0.33967494850326624,-0.2551130652524023,True,True,,,
dirichlet_14,0.17452451335503213,0.2394818760679047,0.10634765284387879,0.1512153936372891,0.32843056409589505,Avg,rho=0.1,OK,4.1116971913157954e-17,0.26412063921677814,0.0,0.0,0.7358793607832219,0.480891167387747,0.47538321634676944,0.31904185816813224,-0.17836633271864988,True,True,,,
dirichlet_14,0.17452451335503213,0.2394818760679047,0.10634765284387879,0.1512153936372891,0.32843056409589505,Avg,rho=0.2,OK,0.08857625762417372,0.3154513194529768,0.0,0.0,0.5959724229228496,0.3448376773994965,0.3379308383119174,0.3027625926739321,-0.1388217734792454,True,True,,,
dirichlet_14,0.17452451335503213,0.2394818760679047,0.10634765284387879,0.1512153936372891,0.32843056409589505,Avg,rho=0.5,OK,0.15415975597237933,0.2837281737903918,0.014307460225112366,0.10042580069032692,0.4473788093217897,0.16604855632235585,0.1632923680750625,0.27695504789583214,-0.09135980375084927,True,True,,,
dirichlet_14,0.17452451335503213,0.2394818760679047,0.10634765284387879,0.1512153936372891,0.32843056409589505,Cert,,FLOOR_COLLAPSED,0.17452451335503216,0.23948187606790475,0.10634765284387881,0.15121539363728914,0.3284305640958951,9.205483015737869e-17,9.629049966960346e-17,0.2502906516255882,3.270929701611348e-17,False,True,3.270929701611348e-17,-0.0,
dirichlet_14,0.17452451335503213,0.2394818760679047,0.10634765284387879,0.1512153936372891,0.32843056409589505,MaxMin,c=0.0,OK_EXACT_D0,0.1531466163430852,0.27850100945906797,0.016078349212456246,0.10670438050623289,0.44556964447915776,0.16071978369927675,0.1583317036701721,0.2761215004979305,-0.08980965242763957,True,True,-0.08980965242763957,,
dirichlet_14,0.17452451335503213,0.2394818760679047,0.10634765284387879,0.1512153936372891,0.32843056409589505,MaxMin,c=0.1,OK,0.14964457892233046,0.2749927551934287,0.030482803861366748,0.10307448017308564,0.4418053818497884,0.15101955447781895,0.1486336932789591,0.2744798258404025,-0.07585871777071414,True,True,-0.07585871777071414,,
dirichlet_14,0.17452451335503213,0.2394818760679047,0.10634765284387879,0.1512153936372891,0.32843056409589505,MaxMin,c=0.25,OK,0.14439152319361587,0.26973037340201067,0.052089485825455674,0.09762962994313357,0.43615898763578426,0.13872189691722844,0.13625941821311838,0.27201731378738264,-0.05493231578906044,True,True,-0.05493231578906044,,
dirichlet_14,0.17452451335503213,0.2394818760679047,0.10634765284387879,0.1512153936372891,0.32843056409589505,MaxMin,c=0.5,OK,0.14681618939281726,0.2452723355798089,0.07908722467930059,0.11890807919125937,0.4099161711568139,0.09606288724929773,0.0948916621554176,0.26455289627395245,-0.02878197704626654,True,True,-0.02878197704626654,,
dirichlet_14,0.17452451335503213,0.2394818760679047,0.10634765284387879,0.1512153936372891,0.32843056409589505,MaxMin,c=0.75,OK,0.16348000406435373,0.22845917059177745,0.09533300136965683,0.13697026649534919,0.3757575574788628,0.05298652393340607,0.05269231512730339,0.2572688540342222,-0.012289468143634746,True,True,-0.012289468143634746,,
dirichlet_14,0.17452451335503213,0.2394818760679047,0.10634765284387879,0.1512153936372891,0.32843056409589505,MaxMin,c=0.9,OK,0.17038330744266628,0.2353488456283786,0.1022176423013375,0.14587409660090633,0.3461761080267114,0.01986761932229349,0.019757303941570253,0.25290717104820404,-0.0046080108039933485,True,True,-0.0046080108039933485,,
dirichlet_14,0.17452451335503213,0.2394818760679047,0.10634765284387879,0.1512153936372891,0.32843056409589505,MaxMin,c=0.95,OK,0.1724842489162339,0.23744563947192754,0.10431290407259734,0.1485838755164808,0.33717333202276034,0.009788259276317702,0.00973390975757729,0.25157974268851924,-0.002270247067143707,True,True,-0.002270247067143707,,
dirichlet_14,0.17452451335503213,0.2394818760679047,0.10634765284387879,0.1512153936372891,0.32843056409589505,MaxMin,c=1.0,OK,0.17452451335503216,0.23948187606790475,0.10634765284387881,0.15121539363728914,0.3284305640958951,9.205483015737869e-17,9.629049966960346e-17,0.2502906516255882,3.270929701611348e-17,False,True,3.270929701611348e-17,,
dirichlet_14,0.17452451335503213,0.2394818760679047,0.10634765284387879,0.1512153936372891,0.32843056409589505,Fair,"alpha=0.0,eps=0.01",OK,0.2175004890226905,0.227453089323902,0.0948268266359654,0.14144892713743026,0.3187706678800118,0.04809421061237313,0.046958986293505846,0.24924570372761892,-0.009999999999999974,True,True,,,0.05131114208474287
dirichlet_14,0.17452451335503213,0.2394818760679047,0.10634765284387879,0.1512153936372891,0.32843056409589505,Fair,"alpha=0.0,eps=0.02",OK,0.26047646469034885,0.2154243025798993,0.08330600042805196,0.13168246063757139,0.3091107716641285,0.09618842122474626,0.09391797258701169,0.24820075582964954,-0.019999999999999976,True,True,,,0.10262228416948574
dirichlet_14,0.17452451335503213,0.2394818760679047,0.10634765284387879,0.1512153936372891,0.32843056409589505,Fair,"alpha=0.0,eps=0.05",OK,0.38940439169332386,0.1793379423478911,0.04874352180431168,0.10238306113799478,0.2801310830164786,0.24047105306186567,0.23479493146752925,0.24506591213574155,-0.049999999999999996,True,True,,,0.2565557104237144
dirichlet_14,0.17452451335503213,0.2394818760679047,0.10634765284387879,0.1512153936372891,0.32843056409589505,Fair,"alpha=0.0,eps=0.1",OK,0.5952655098912899,0.1193345296302162,0.0,0.053535802038183464,0.2318641584403105,0.4707808063249291,0.45979391233555544,0.23924409479063066,-0.09999999999999998,True,True,,,0.5129611239423837
dirichlet_14,0.17452451335503213,0.2394818760679047,0.10634765284387879,0.1512153936372891,0.32843056409589505,Fair,"alpha=0.5,eps=0.01",OK,0.17502089642577595,0.2399384333273671,0.10645882161512109,0.1510399878363135,0.3275418607954223,0.0011347951053275963,0.00115216857304667,0.250191524943025,-0.0008913129357855458,True,True,,,1.0003561959118048
dirichlet_14,0.17452451335503213,0.2394818760679047,0.10634765284387879,0.1512153936372891,0.32843056409589505,Fair,"alpha=0.5,eps=0.02",OK,0.1755172799552896,0.240394990637154,0.10656999039544236,0.15086458185622703,0.32665315715588694,0.0022695907256856528,0.0023043376712444477,0.2500923982200532,-0.0017826262166741069,True,True,,,1.4147172994624313
dirichlet_14,0.17452451335503213,0.2394818760679047,0.10634765284387879,0.1512153936372891,0.32843056409589505,Fair,"alpha=0.5,eps=0.05",OK,0.17700642960861918,0.24176466319711198,0.10690349626185289,0.1503383639756338,0.3239870469567821,0.005673976812202612,0.005760844175518015,0.2497950182201996,-0.004456565340760507,True,True,,,2.236864455771893
dirichlet_14,0.17452451335503213,0.2394818760679047,0.10634765284387879,0.1512153936372891,0.32843056409589505,Fair,"alpha=0.5,eps=0.1",OK,0.17948834578029885,0.24404745038644374,0.1074593399590346,0.14946133444529955,0.3195435294289232,0.01134795392426309,0.011521688654405027,0.24929938474232158,-0.008913131062446294,True,True,,,3.1634040505429235
dirichlet_14,0.17452451335503213,0.2394818760679047,0.10634765284387879,0.1512153936372891,0.32843056409589505,Fair,"alpha=1.0,eps=0.01",OK,0.1747727968632123,0.23971072480324918,0.10640645518148803,0.15113100363110377,0.3279790195209467,0.0005731390191921696,0.0005818122578883285,0.25023982804799544,-0.00045265625296273747,True,True,,,-23.02405821544571
dirichlet_14,0.17452451335503213,0.2394818760679047,0.10634765284387879,0.1512153936372891,0.32843056409589505,Fair,"alpha=1.0,eps=0.02",OK,0.17502108065643635,0.2399395735850344,0.10646525729075652,0.15104661387996343,0.3275274745878093,0.0011462784016256608,0.0011636248669976087,0.250189004433423,-0.0009053128489216045,True,True,,,-19.558322312645984
dirichlet_14,0.17452451335503213,0.2394818760679047,0.10634765284387879,0.1512153936372891,0.32843056409589505,Fair,"alpha=1.0,eps=0.05",OK,0.17576593123130652,0.24062611972185355,0.10664166501082369,0.1507934435004783,0.3261728405355379,0.002865695837033973,0.002909062049418901,0.25003653361073697,-0.0022632819522581185,True,True,,,-14.97686865327521
dirichlet_14,0.17452451335503213,0.2394818760679047,0.10634765284387879,0.1512153936372891,0.32843056409589505,Fair,"alpha=1.0,eps=0.1",OK,0.17700734826689202,0.24177036420565903,0.10693567754068309,0.15037149324092824,0.3239151167458376,0.0057313918772287,0.00581812431808051,0.2497824155920763,-0.004526564139737738,True,True,,,-11.511132750475483
dirichlet_14,0.17452451335503213,0.2394818760679047,0.10634765284387879,0.1512153936372891,0.32843056409589505,Fair,"alpha=2.0,eps=0.01",OK,0.17464866349570213,0.2395964287724141,0.10637785851028347,0.1511740488509837,0.3282030003706165,0.0002879975733214439,0.00029232900987663084,0.2502649243522709,-0.00022807029310760682,True,True,,,-499.91007439854934
dirichlet_14,0.17452451335503213,0.2394818760679047,0.10634765284387879,0.1512153936372891,0.32843056409589505,Fair,"alpha=2.0,eps=0.02",OK,0.17477281363854918,0.23971098147221137,0.10640806417732059,0.15113270406484805,0.3279754366470708,0.0005759951443798386,0.0005846580174698368,0.2502391970788615,-0.0004561405844861973,True,True,,,-249.95503719927467
dirichlet_14,0.17452451335503213,0.2394818760679047,0.10634765284387879,0.1512153936372891,0.32843056409589505,Fair,"alpha=2.0,eps=0.05",OK,0.17514526397431895,0.24005463975248464,0.10649868117453065,0.15100866967261728,0.3272927454260484,0.0014399879337686375,0.0014616451186398533,0.25016201526362997,-0.001140351510319971,True,True,,,-99.98201487970987
dirichlet_14,0.17452451335503213,0.2394818760679047,0.10634765284387879,0.1512153936372891,0.32843056409589505,Fair,"alpha=2.0,eps=0.1",OK,0.17576601475218037,0.24062740309637742,0.10664970950357934,0.1508019457589486,0.32615492688891423,0.002879975688031374,0.002923290053734761,0.2500333788984087,-0.0022807028862805163,True,True,,,-49.991007439854926
dirichlet_15,0.5553245832636765,0.10721258024249722,0.0715542923806048,0.22826694407840128,0.037641600034820234,Avg,rho=0.0,OK,0.9999999999999997,2.9837243786801077e-16,1.3877787807814454e-17,0.0,1.3877787807814454e-17,0.5175649410286973,0.5076328695972449,0.5704576854142357,-0.2261640270253659,True,True,,,
dirichlet_15,0.5553245832636765,0.10721258024249722,0.0715542923806048,0.22826694407840128,0.037641600034820234,Avg,rho=0.1,OK,0.9999999999999998,5.551115123125783e-17,0.0,1.6653345369377348e-16,7.632783294297951e-17,0.5175649410286974,0.507632869597245,0.5704576854142358,-0.22616402702536573,True,True,,,
dirichlet_15,0.5553245832636765,0.10721258024249722,0.0715542923806048,0.22826694407840128,0.037641600034820234,Avg,rho=0.2,OK,1.0,0.0,1.0842021724855044e-16,5.551115123125783e-17,0.0,0.5175649410286975,0.5076328695972452,0.5704576854142359,-0.22616402702536584,True,True,,,
dirichlet_15,0.5553245832636765,0.10721258024249722,0.0715542923806048,0.22826694407840128,0.037641600034820234,Avg,rho=0.5,OK,0.8332377650872519,9.354631869476491e-18,0.0,0.166762234912748,2.6352889054975786e-17,0.3147221156105488,0.30609485001252423,0.5158076672964257,-0.09374929496528213,True,True,,,
dirichlet_15,0.5553245832636765,0.10721258024249722,0.0715542923806048,0.22826694407840128,0.037641600034820234,Cert,,FLOOR_COLLAPSED,0.5553245832636764,0.10721258024249719,0.07155429238060479,0.22826694407840123,0.03764160003482023,1.2813490069415586e-16,1.3184476948398465e-16,0.3986065011240057,-1.1460605285712522e-16,False,True,0.0,-0.0,
dirichlet_15,0.5553245832636765,0.10721258024249722,0.0715542923806048,0.22826694407840128,0.037641600034820234,MaxMin,c=0.0,INFEASIBLE_BALL_MISSES_SIMPLEX,,,,,,,,,,False,False,,,
dirichlet_15,0.5553245832636765,0.10721258024249722,0.0715542923806048,0.22826694407840128,0.037641600034820234,MaxMin,c=0.1,INFEASIBLE_BALL_MISSES_SIMPLEX,,,,,,,,,,False,False,,,
dirichlet_15,0.5553245832636765,0.10721258024249722,0.0715542923806048,0.22826694407840128,0.037641600034820234,MaxMin,c=0.25,INFEASIBLE_BALL_MISSES_SIMPLEX,,,,,,,,,,False,False,,,
dirichlet_15,0.5553245832636765,0.10721258024249722,0.0715542923806048,0.22826694407840128,0.037641600034820234,MaxMin,c=0.5,OK,0.7731970128238562,0.04266495798351192,0.009616861762303332,0.1745211674303285,0.0,0.24449240269183609,0.23841730894543214,0.4910197540598029,-0.054450747441647185,True,True,-0.054450747441647185,,
dirichlet_15,0.5553245832636765,0.10721258024249722,0.0715542923806048,0.22826694407840128,0.037641600034820234,MaxMin,c=0.75,OK,0.6543042762529834,0.07950859911214618,0.045020215531231866,0.20577340342624884,0.015393505677389754,0.11076770514271694,0.10815312448899514,0.44120155400491806,-0.023031401021523477,True,True,-0.023031401021523477,,
dirichlet_15,0.5553245832636765,0.10721258024249722,0.0715542923806048,0.22826694407840128,0.037641600034820234,MaxMin,c=0.9,OK,0.5943384062425202,0.0962927826255707,0.06109562408366112,0.2194008930060334,0.028872294042214582,0.043660184323642826,0.04262962155154741,0.41539576165495057,-0.009078054045950152,True,True,-0.009078054045950152,,
dirichlet_15,0.5553245832636765,0.10721258024249722,0.0715542923806048,0.22826694407840128,0.037641600034820234,MaxMin,c=0.95,OK,0.5747585405329554,0.10177310099967593,0.06634451550519885,0.2238504976875648,0.03327334527460505,0.0217484494399493,0.02123509516325941,0.40696973617323706,-0.004522051440918067,True,True,-0.004522051440918067,,
dirichlet_15,0.5553245832636765,0.10721258024249722,0.0715542923806048,0.22826694407840128,0.037641600034820234,MaxMin,c=1.0,OK,0.5553245832636764,0.10721258024249719,0.07155429238060479,0.22826694407840123,0.03764160003482023,1.2813490069415586e-16,1.3184476948398465e-16,0.3986065011240057,-1.1460605285712522e-16,False,True,-1.1460605285712522e-16,,
dirichlet_15,0.5553245832636765,0.10721258024249722,0.0715542923806048,0.22826694407840128,0.037641600034820234,Fair,"alpha=0.0,eps=0.01",OK,0.5983005589313348,0.09518379349849448,0.06003346617269138,0.2185004775785424,0.027981703818936936,0.048094210612373116,0.046958986293505825,0.4171008397189989,-0.010000000000000009,True,True,,,0.05131114208474287
dirichlet_15,0.5553245832636765,0.10721258024249722,0.0715542923806048,0.22826694407840128,0.037641600034820234,Fair,"alpha=0.0,eps=0.02",OK,0.6412765345989931,0.08315500675449176,0.04851263996477796,0.20873401107868353,0.018321807603053634,0.09618842122474622,0.09391797258701165,0.435595178313992,-0.02000000000000001,True,True,,,0.10262228416948574
dirichlet_15,0.5553245832636765,0.10721258024249722,0.0715542923806048,0.22826694407840128,0.037641600034820234,Fair,"alpha=0.0,eps=0.05",OK,0.7587073940636222,0.0477455892995548,0.014516165266288267,0.17903085137053476,0.0,0.22802482663894832,0.222424090776526,0.48517124634957887,-0.05,True,True,,,0.25576485083706607
dirichlet_15,0.5553245832636765,0.10721258024249722,0.0715542923806048,0.22826694407840128,0.037641600034820234,Fair,"alpha=0.0,eps=0.1",OK,0.8717087157974843,0.0,0.0,0.12829128420251568,0.0,0.35794621950834066,0.34902693755636305,0.5284150670138954,-0.10000000000000003,True,True,,,0.5080465148680565
dirichlet_15,0.5553245832636765,0.10721258024249722,0.0715542923806048,0.22826694407840128,0.037641600034820234,Fair,"alpha=0.5,eps=0.01",OK,0.5558209663344202,0.10766913750195958,0.07166546115184708,0.22809153827742565,0.03675289673434745,0.0011347951053275664,0.0011521685730466367,0.39888049225275507,-0.000891312935785583,True,True,,,1.0003561959118048
dirichlet_15,0.5553245832636765,0.10721258024249722,0.0715542923806048,0.22826694407840128,0.037641600034820234,Fair,"alpha=0.5,eps=0.02",OK,0.5563173497261161,0.10812569525584279,0.07177662975128588,0.2279161322556881,0.03586419301106712,0.0022695908983747636,0.002304337843823679,0.3991544835440196,-0.0017826263013812392,True,True,,,1.4147172994624313
dirichlet_15,0.5553245832636765,0.10721258024249722,0.0715542923806048,0.22826694407840128,0.037641600034820234,Fair,"alpha=0.5,eps=0.05",OK,0.557806499557072,0.10949536734237418,0.07211013605774627,0.22738991452062074,0.03319808252218692,0.00567397711966697,0.005760844486828338,0.39997645721661385,-0.004456565707725417,True,True,,,2.236864455771893
dirichlet_15,0.5553245832636765,0.10721258024249722,0.0715542923806048,0.22826694407840128,0.037641600034820234,Fair,"alpha=0.5,eps=0.1",OK,0.5602884156904641,0.1117781545669693,0.07266597948638166,0.2265128848184316,0.028754565437753468,0.011347953882158838,0.011521688614320656,0.4013464131975346,-0.00891313099617187,True,True,,,3.163404050542923
dirichlet_15,0.5553245832636765,0.10721258024249722,0.0715542923806048,0.22826694407840128,0.037641600034820234,Fair,"alpha=1.0,eps=0.01",OK,0.555572866810917,0.10744142903725445,0.07161309472419704,0.22818255407472413,0.03719005535290722,0.0005731391443521012,0.0005818123840415573,0.398744406673234,-0.0004526563591158981,True,True,,,-23.02405821544571
dirichlet_15,0.5553245832636765,0.10721258024249722,0.0715542923806048,0.22826694407840128,0.037641600034820234,Fair,"alpha=1.0,eps=0.02",OK,0.5558211502853392,0.10767027783056225,0.0716718972296068,0.2280981640434619,0.03673851061102992,0.0011462783244868286,0.0011636248086170711,0.3988823121888255,-0.0009053127796381887,True,True,,,-19.558322312645984
dirichlet_15,0.5553245832636765,0.10721258024249722,0.0715542923806048,0.22826694407840128,0.037641600034820234,Fair,"alpha=1.0,eps=0.05",OK,0.5565660008219593,0.10835682419500631,0.07184830450091803,0.2278449940020339,0.03538387648008235,0.002865695800381154,0.0029090620101318667,0.39929602878839765,-0.0022632819438607975,True,True,,,-14.97686865327521
dirichlet_15,0.5553245832636765,0.10721258024249722,0.0715542923806048,0.22826694407840128,0.037641600034820234,Fair,"alpha=1.0,eps=0.1",OK,0.5578074175631413,0.10950106854063629,0.07214231675356272,0.2274230431558223,0.033126153986837215,0.005731390694402729,0.0058181231408518655,0.3999855559325996,-0.004526562870267406,True,True,,,-11.511132750475483
dirichlet_15,0.5553245832636765,0.10721258024249722,0.0715542923806048,0.22826694407840128,0.037641600034820234,Fair,"alpha=2.0,eps=0.01",OK,0.5554487334119055,0.10732713294451175,0.07158449805379868,0.22822559928678188,0.03741403630300229,0.000287997582229721,0.0002923290191785398,0.39867567659389735,-0.00022807029987185063,True,True,,,-499.9100743985493
dirichlet_15,0.5553245832636765,0.10721258024249722,0.0715542923806048,0.22826694407840128,0.037641600034820234,Fair,"alpha=2.0,eps=0.02",OK,0.555572883395824,0.10744168558283676,0.07161470368300146,0.22818425468680073,0.037186472651537045,0.0005759949726788369,0.0005846578370460256,0.3987448520063432,-0.0004561405108221499,True,True,,,-249.95503719927464
dirichlet_15,0.5553245832636765,0.10721258024249722,0.0715542923806048,0.22826694407840128,0.037641600034820234,Fair,"alpha=2.0,eps=0.05",OK,0.5559453339712763,0.10778534375605793,0.07170532070791498,0.2280602201489084,0.03650378141584226,0.0014399878582196843,0.0014616450407405814,0.3989523784596728,-0.0011403514580584947,True,True,,,-99.98201487970987
dirichlet_15,0.5553245832636765,0.10721258024249722,0.0715542923806048,0.22826694407840128,0.037641600034820234,Fair,"alpha=2.0,eps=0.1",OK,0.5565660846880223,0.10835810726919338,0.0718563490386668,0.2278534962316484,0.03536596277246915,0.0028799757380937796,0.002923290102883774,0.39929825580251216,-0.0022807029397826375,True,True,,,-49.99100743985493
dirichlet_16,0.003266691436240095,0.7482358288497472,0.006528503219455429,0.10144699691613053,0.14052197957842674,Avg,rho=0.0,OK,0.0,1.0,0.0,4.163336342344337e-17,0.0,0.30573912152379357,0.3055919378131862,0.7515517328518199,-0.1443882449918379,True,True,,,
dirichlet_16,0.003266691436240095,0.7482358288497472,0.006528503219455429,0.10144699691613053,0.14052197957842674,Avg,rho=0.1,OK,0.0,1.0,0.0,4.163336342344337e-17,0.0,0.30573912152379357,0.3055919378131862,0.7515517328518199,-0.1443882449918379,True,True,,,
dirichlet_16,0.003266691436240095,0.7482358288497472,0.006528503219455429,0.10144699691613053,0.14052197957842674,Avg,rho=0.2,OK,0.0,1.0,0.0,4.163336342344337e-17,0.0,0.30573912152379357,0.3055919378131862,0.7515517328518199,-0.1443882449918379,True,True,,,
dirichlet_16,0.003266691436240095,0.7482358288497472,0.006528503219455429,0.10144699691613053,0.14052197957842674,Avg,rho=0.5,OK,0.0,1.0,0.0,4.163336342344337e-17,0.0,0.30573912152379357,0.3055919378131862,0.7515517328518199,-0.1443882449918379,True,True,,,
dirichlet_16,0.003266691436240095,0.7482358288497472,0.006528503219455429,0.10144699691613053,0.14052197957842674,Cert,,FLOOR_COLLAPSED,0.003266691436240095,0.7482358288497472,0.006528503219455429,0.10144699691613053,0.14052197957842674,0.0,0.0,0.596489898160058,0.0,False,True,0.0,-0.0,
dirichlet_16,0.003266691436240095,0.7482358288497472,0.006528503219455429,0.10144699691613053,0.14052197957842674,MaxMin,c=0.0,INFEASIBLE_BALL_MISSES_SIMPLEX,,,,,,,,,,False,False,,,
dirichlet_16,0.003266691436240095,0.7482358288497472,0.006528503219455429,0.10144699691613053,0.14052197957842674,MaxMin,c=0.1,INFEASIBLE_BALL_MISSES_SIMPLEX,,,,,,,,,,False,False,,,
dirichlet_16,0.003266691436240095,0.7482358288497472,0.006528503219455429,0.10144699691613053,0.14052197957842674,MaxMin,c=0.25,INFEASIBLE_BALL_MISSES_SIMPLEX,,,,,,,,,,False,False,,,
dirichlet_16,0.003266691436240095,0.7482358288497472,0.006528503219455429,0.10144699691613053,0.14052197957842674,MaxMin,c=0.5,INFEASIBLE_BALL_MISSES_SIMPLEX,,,,,,,,,,False,False,,,
dirichlet_16,0.003266691436240095,0.7482358288497472,0.006528503219455429,0.10144699691613053,0.14052197957842674,MaxMin,c=0.75,OK,0.0,0.8970147475077911,0.0,0.031093248554675018,0.07189200393753402,0.1784605915300614,0.17809866607940683,0.6888153508209939,-0.07149147698298475,True,True,-0.07149147698298475,,
dirichlet_16,0.003266691436240095,0.7482358288497472,0.006528503219455429,0.10144699691613053,0.14052197957842674,MaxMin,c=0.9,OK,0.0,0.8041720347919764,0.0,0.07809425728582356,0.11773370792219989,0.06516753436916599,0.06472841891164952,0.6317262349306139,-0.023726201724679638,True,True,-0.023726201724679638,,
dirichlet_16,0.003266691436240095,0.7482358288497472,0.006528503219455429,0.10144699691613053,0.14052197957842674,MaxMin,c=0.95,OK,0.0,0.7753739048847591,1.5612511283791264e-16,0.09267311991937222,0.13195297519586857,0.030662298540237942,0.03020571011653661,0.6140182239558407,-0.008910277440421284,True,True,-0.008910277440421284,,
dirichlet_16,0.003266691436240095,0.7482358288497472,0.006528503219455429,0.10144699691613053,0.14052197957842674,MaxMin,c=1.0,OK,0.003266691436240095,0.7482358288497472,0.006528503219455429,0.10144699691613053,0.14052197957842674,0.0,0.0,0.596489898160058,0.0,False,True,0.0,,
dirichlet_16,0.003266691436240095,0.7482358288497472,0.006528503219455429,0.10144699691613053,0.14052197957842674,Fair,"alpha=0.0,eps=0.01",OK,0.04116123733078661,0.7362862156943445,0.0,0.09167212033871135,0.13088042663615768,0.04254314248673292,0.04161289235340253,0.5866726271576227,-0.009999999999999978,True,True,,,0.051226460470394586
dirichlet_16,0.003266691436240095,0.7482358288497472,0.006528503219455429,0.10144699691613053,0.14052197957842674,Fair,"alpha=0.0,eps=0.02",OK,0.0724107543059515,0.7244401385139307,0.0,0.08188624583135944,0.1212628613487584,0.07837916994303924,0.07678231030309982,0.576875117368779,-0.019999999999999983,True,True,,,0.10234218207369672
dirichlet_16,0.003266691436240095,0.7482358288497472,0.006528503219455429,0.10144699691613053,0.14052197957842674,Fair,"alpha=0.0,eps=0.05",OK,0.1661593052314461,0.6889019069726897,0.0,0.05252862230930372,0.09241016548656056,0.18656069601611555,0.18295567881719865,0.5474825880022476,-0.049999999999999996,True,True,,,0.2556893468836031
dirichlet_16,0.003266691436240095,0.7482358288497472,0.006528503219455429,0.10144699691613053,0.14052197957842674,Fair,"alpha=0.0,eps=0.1",OK,0.32240689010727047,0.6296715210706212,0.0,0.0035992497725441663,0.044322339049564174,0.36712277959855893,0.36016685430048645,0.49849503905802856,-0.10000000000000002,True,True,,,0.5112679549001139
dirichlet_16,0.003266691436240095,0.7482358288497472,0.006528503219455429,0.10144699691613053,0.14052197957842674,Fair,"alpha=0.5,eps=0.01",OK,0.0037630746701012296,0.7486923862995584,0.006639671933743328,0.10127159101967645,0.13963327607692055,0.001134795419876728,0.0011521688923503842,0.59671070055032,-0.0008913131397688205,True,True,,,1.0003561959118048
dirichlet_16,0.003266691436240095,0.7482358288497472,0.006528503219455429,0.10144699691613053,0.14052197957842674,Fair,"alpha=0.5,eps=0.02",OK,0.004259457932899948,0.7491489436980502,0.006750840638438216,0.10109618507611601,0.13874457265449555,0.002269590776174107,0.0023043377220706347,0.5969315029093224,-0.0017826262031446932,True,True,,,1.4147172994624313
dirichlet_16,0.003266691436240095,0.7482358288497472,0.006528503219455429,0.10144699691613053,0.14052197957842674,Fair,"alpha=0.5,eps=0.05",OK,0.005748607670164603,0.7505186159492027,0.007084346699880329,0.10056996724613315,0.13607846243461916,0.005673976802715798,0.005760844167580018,0.5975939100300043,-0.004456565346017023,True,True,,,2.236864455771893
dirichlet_16,0.003266691436240095,0.7482358288497472,0.006528503219455429,0.10144699691613053,0.14052197957842674,Fair,"alpha=0.5,eps=0.1",OK,0.008230524008975415,0.752801403322907,0.0076401903213606905,0.0996929369960606,0.13163494535069625,0.011347953818231222,0.011521688574394427,0.5986979220565242,-0.008913130660283874,True,True,,,3.163404050542923
dirichlet_16,0.003266691436240095,0.7482358288497472,0.006528503219455429,0.10144699691613053,0.14052197957842674,Fair,"alpha=1.0,eps=0.01",OK,0.0035149749423639457,0.7484646776478305,0.006587305647589363,0.10136260690063319,0.14007043486158297,0.0005731391658026653,0.0005818124079070241,0.5966002094748273,-0.0004526563946562655,True,True,,,-23.02405821544571
dirichlet_16,0.003266691436240095,0.7482358288497472,0.006528503219455429,0.10144699691613053,0.14052197957842674,Fair,"alpha=1.0,eps=0.02",OK,0.0037632586513103674,0.7486935270295554,0.006646108087630125,0.10127821623558537,0.13961888999591882,0.001146278866620347,0.0011636253802993555,0.5967105211379902,-0.0009053129677604899,True,True,,,-19.558322312645984
dirichlet_16,0.003266691436240095,0.7482358288497472,0.006528503219455429,0.10144699691613053,0.14052197957842674,Fair,"alpha=1.0,eps=0.05",OK,0.0045081089653425345,0.7493800728951111,0.006822515264074668,0.10102504683300913,0.1382642560424627,0.0028656958032538937,0.0029090620119011797,0.5970414547770883,-0.0022632819253162353,True,True,,,-14.97686865327521
dirichlet_16,0.003266691436240095,0.7482358288497472,0.006528503219455429,0.10144699691613053,0.14052197957842674,Fair,"alpha=1.0,eps=0.1",OK,0.005749527419764275,0.7505243175301477,0.007116525827826541,0.10060309771351897,0.1360065315087426,0.005731392735063813,0.005818125093211714,0.5975930117860925,-0.0045265647915081145,True,True,,,-11.511132750475483
dirichlet_16,0.003266691436240095,0.7482358288497472,0.006528503219455429,0.10144699691613053,0.14052197957842674,Fair,"alpha=2.0,eps=0.01",OK,0.0033908415733601956,0.7483503815126826,0.00655870889221288,0.10140565214767788,0.1402944158740665,0.0002879975368294683,0.00029232897250239026,0.5965450235537877,-0.0002280702715022961,True,True,,,-499.91007439854934
dirichlet_16,0.003266691436240095,0.7482358288497472,0.006528503219455429,0.10144699691613053,0.14052197957842674,Fair,"alpha=2.0,eps=0.02",OK,0.003514991790834601,0.7484649342753196,0.006588914498917357,0.10136430734784009,0.1400668520870883,0.0005759952108141054,0.0005846580830740148,0.5966001490074808,-0.0004561406263287134,True,True,,,-249.95503719927467
dirichlet_16,0.003266691436240095,0.7482358288497472,0.006528503219455429,0.10144699691613053,0.14052197957842674,Fair,"alpha=2.0,eps=0.05",OK,0.003887442140829281,0.7488085922589376,0.006679531609190424,0.10124027297630227,0.13938416101474052,0.0014399877797496969,0.0014616449632039784,0.596765525183752,-0.0011403514037997017,True,True,,,-99.98201487970985
dirichlet_16,0.003266691436240095,0.7482358288497472,0.006528503219455429,0.10144699691613053,0.14052197957842674,Fair,"alpha=2.0,eps=0.1",OK,0.004508192882104466,0.7493813558486236,0.006830559835839463,0.10103354912252112,0.1382463423109114,0.0028799757283846763,0.0029232900901476695,0.5970411523267608,-0.002280702942267698,True,True,,,-49.991007439854926
dirichlet_17,0.1746015249700055,0.43130918208822927,0.3853925893886305,0.008177715613737731,0.0005189879393968516,Avg,rho=0.0,OK,4.4388156787900294e-17,1.0,0.0,0.0,0.0,0.708864959802517,0.6883005806622258,0.46320598620497483,-0.36548252760218536,True,True,,,
dirichlet_17,0.1746015249700055,0.43130918208822927,0.3853925893886305,0.008177715613737731,0.0005189879393968516,Avg,rho=0.1,OK,6.321689759298814e-17,0.6443460617688966,0.3556539382311033,4.057758643448579e-17,0.0,0.27716770443133537,0.2678740995793812,0.44698539604636767,-0.16214641463077492,True,True,,,
dirichlet_17,0.1746015249700055,0.43130918208822927,0.3853925893886305,0.008177715613737731,0.0005189879393968516,Avg,rho=0.2,OK,3.2387449514268276e-17,0.5842018693651898,0.4157981306348103,4.30472260147949e-17,8.170493183873142e-18,0.23420825703684198,0.2262381609267618,0.44424235234424225,-0.16286328691555163,True,True,,,
dirichlet_17,0.1746015249700055,0.43130918208822927,0.3853925893886305,0.008177715613737731,0.0005189879393968516,Avg,rho=0.5,OK,0.023662281949038497,0.536135441576773,0.44020227647418825,0.0,1.1453081880916132e-16,0.1919438614326053,0.18551181691775806,0.4374853368466001,-0.1410719509043476,True,True,,,
dirichlet_17,0.1746015249700055,0.43130918208822927,0.3853925893886305,0.008177715613737731,0.0005189879393968516,Cert,,FLOOR_COLLAPSED,0.17460152497000553,0.4313091820882293,0.3853925893886306,0.008177715613737733,0.0005189879393968517,8.328486549353166e-17,8.741361888849404e-17,0.4001696617499065,9.446882434479815e-19,False,True,9.446882434479815e-19,-0.0,
dirichlet_17,0.1746015249700055,0.43130918208822927,0.3853925893886305,0.008177715613737731,0.0005189879393968516,MaxMin,c=0.0,INFEASIBLE_BALL_MISSES_SIMPLEX,,,,,,,,,,False,False,,,
dirichlet_17,0.1746015249700055,0.43130918208822927,0.3853925893886305,0.008177715613737731,0.0005189879393968516,MaxMin,c=0.1,INFEASIBLE_BALL_MISSES_SIMPLEX,,,,,,,,,,False,False,,,
dirichlet_17,0.1746015249700055,0.43130918208822927,0.3853925893886305,0.008177715613737731,0.0005189879393968516,MaxMin,c=0.25,INFEASIBLE_BALL_MISSES_SIMPLEX,,,,,,,,,,False,False,,,
dirichlet_17,0.1746015249700055,0.43130918208822927,0.3853925893886305,0.008177715613737731,0.0005189879393968516,MaxMin,c=0.5,INFEASIBLE_BALL_MISSES_SIMPLEX,,,,,,,,,,False,False,,,
dirichlet_17,0.1746015249700055,0.43130918208822927,0.3853925893886305,0.008177715613737731,0.0005189879393968516,MaxMin,c=0.75,INFEASIBLE_BALL_MISSES_SIMPLEX,,,,,,,,,,False,False,,,
dirichlet_17,0.1746015249700055,0.43130918208822927,0.3853925893886305,0.008177715613737731,0.0005189879393968516,MaxMin,c=0.9,OK,0.05163289896580537,0.5204948091079585,0.4278722919262358,6.418476861114175e-17,1.3888629829539287e-16,0.157946283771056,0.1526397908732012,0.4313760472410621,-0.11482212982854618,True,True,-0.11482212982854618,,
dirichlet_17,0.1746015249700055,0.43130918208822927,0.3853925893886305,0.008177715613737731,0.0005189879393968516,MaxMin,c=0.95,OK,0.14659150399999593,0.47331128057598343,0.3800972154240207,0.0,3.5887091909270197e-17,0.05141909099430728,0.049768546422931874,0.4109051601425841,-0.025635017925788026,True,True,-0.025635017925788026,,
dirichlet_17,0.1746015249700055,0.43130918208822927,0.3853925893886305,0.008177715613737731,0.0005189879393968516,MaxMin,c=1.0,OK,0.17460152497000553,0.4313091820882293,0.3853925893886306,0.008177715613737733,0.0005189879393968517,8.328486549353166e-17,8.741361888849404e-17,0.4001696617499065,9.446882434479815e-19,False,True,9.446882434479815e-19,,
dirichlet_17,0.1746015249700055,0.43130918208822927,0.3853925893886305,0.008177715613737731,0.0005189879393968516,Fair,"alpha=0.0,eps=0.01",OK,0.20560442055470365,0.4199627742696049,0.3744328051756914,0.0,0.0,0.035737679781385305,0.03470519279972789,0.39708756881884844,-0.009999999999999995,True,True,,,0.05055662482776026
dirichlet_17,0.1746015249700055,0.43130918208822927,0.3853925893886305,0.008177715613737731,0.0005189879393968516,Fair,"alpha=0.0,eps=0.02",OK,0.22709862611928297,0.40908053141389356,0.3638208424668235,0.0,0.0,0.06150238358208579,0.059594541114239716,0.3924446965368882,-0.019999999999999938,True,True,,,0.10075183498555154
dirichlet_17,0.1746015249700055,0.43130918208822927,0.3853925893886305,0.008177715613737731,0.0005189879393968516,Fair,"alpha=0.0,eps=0.05",OK,0.2915812428130209,0.3764338028467594,0.33198495434021974,0.0,0.0,0.14005385212885538,0.13556703250346985,0.37851607969100737,-0.04999999999999995,True,True,,,0.2513374654589254
dirichlet_17,0.1746015249700055,0.43130918208822927,0.3853925893886305,0.008177715613737731,0.0005189879393968516,Fair,"alpha=0.0,eps=0.1",OK,0.39905227063591736,0.3220225885682026,0.2789251407958801,0.0,0.0,0.2715219305032022,0.2627591785726843,0.3553017182812059,-0.09999999999999995,True,True,,,0.5023135162478818
dirichlet_17,0.1746015249700055,0.43130918208822927,0.3853925893886305,0.008177715613737731,0.0005189879393968516,Fair,"alpha=0.5,eps=0.01",OK,0.17501399201596993,0.4316827898449517,0.38542564087777204,0.007877577261306487,0.0,0.0008186792611662832,0.0008343493961873836,0.40043814690051155,-0.000529680825666573,True,True,,,1.0003102986836465
dirichlet_17,0.1746015249700055,0.43130918208822927,0.3853925893886305,0.008177715613737731,0.0005189879393968516,Fair,"alpha=0.5,eps=0.02",OK,0.17530822274900826,0.43193948300116186,0.3853484394998009,0.007403854750028986,0.0,0.0013292326064290594,0.0013487812273521933,0.40057862891745954,-0.0007792765853061749,True,True,,,1.4145311847474662
dirichlet_17,0.1746015249700055,0.43130918208822927,0.3853925893886305,0.008177715613737731,0.0005189879393968516,Fair,"alpha=0.5,eps=0.05",OK,0.17619050874222703,0.4327091248192135,0.3851162783867493,0.0059840880518103315,0.0,0.003105222570101283,0.0031220842153620696,0.40099958472531066,-0.002174557367487879,True,True,,,2.2364092339522816
dirichlet_17,0.1746015249700055,0.43130918208822927,0.3853925893886305,0.008177715613737731,0.0005189879393968516,Fair,"alpha=0.5,eps=0.1",OK,0.1776608552482959,0.4339917199509589,0.3847291648381384,0.0036182599626069486,0.0,0.00616876224105825,0.006177192115502065,0.4017010202609767,-0.004499583557330443,True,True,,,3.162673748799972
dirichlet_17,0.1746015249700055,0.43130918208822927,0.3853925893886305,0.008177715613737731,0.0005189879393968516,Fair,"alpha=1.0,eps=0.01",OK,0.17484980847074175,0.4315380308926968,0.3854513917998691,0.008093325614751078,6.744322194130734e-05,0.0005731391623353943,0.0005818124034558907,0.4003509788837159,-0.0004526563944370141,True,True,,,-23.02405821544571
dirichlet_17,0.1746015249700055,0.43130918208822927,0.3853925893886305,0.008177715613737731,0.0005189879393968516,Fair,"alpha=1.0,eps=0.02",OK,0.17501218555418427,0.43168177381714196,0.3854284668353439,0.007877573793329849,0.0,0.0008174273647438091,0.000833174781217252,0.4004384504137742,-0.0005296904788017483,True,True,,,-19.55856237635277
dirichlet_17,0.1746015249700055,0.43130918208822927,0.3853925893886305,0.008177715613737731,0.0005189879393968516,Fair,"alpha=1.0,eps=0.05",OK,0.17545360167811586,0.43206767190332646,0.3853160016290802,0.007162724789477439,0.0,0.0016145470125069937,0.0016344438210342857,0.40065086958452795,-0.0010162417042032382,True,True,,,-14.977649704478047
dirichlet_17,0.1746015249700055,0.43130918208822927,0.3853925893886305,0.008177715613737731,0.0005189879393968516,Fair,"alpha=1.0,eps=0.1",OK,0.17618911838551163,0.43271064447145274,0.3851283152361771,0.005971921906858515,8.131516293641285e-18,0.0031127583990331067,0.0031299673113677636,0.4010046872004223,-0.0021865012496288007,True,True,,,-11.512161719011804
dirichlet_17,0.1746015249700055,0.43130918208822927,0.3853925893886305,0.008177715613737731,0.0005189879393968516,Fair,"alpha=2.0,eps=0.01",OK,0.17472567512468876,0.43142373482492885,0.3854227949785251,0.00813637085433411,0.0002914242175232705,0.0002879975775891513,0.00029232901161807345,0.4002607283553225,-0.0002280702882172926,True,True,,,-499.91007439854934
dirichlet_17,0.1746015249700055,0.43130918208822927,0.3853925893886305,0.008177715613737731,0.0005189879393968516,Fair,"alpha=2.0,eps=0.02",OK,0.1748498252542448,0.43153828748831036,0.3854530007239511,0.008095026056254541,6.386047723929172e-05,0.0005759951515955651,0.0005846580241965068,0.40035179498496204,-0.00045614059703268626,True,True,,,-249.95503719927467
dirichlet_17,0.1746015249700055,0.43130918208822927,0.3853925893886305,0.008177715613737731,0.0005189879393968516,Fair,"alpha=2.0,eps=0.05",OK,0.1750848609376269,0.43174565683093263,0.3854114445930802,0.007758037638360341,0.0,0.0009327151020572023,0.0009503465095050225,0.4004741608747533,-0.0005352417376770022,True,True,,,-99.98593509012224
dirichlet_17,0.1746015249700055,0.43130918208822927,0.3853925893886305,0.008177715613737731,0.0005189879393968516,Fair,"alpha=2.0,eps=0.1",OK,0.17545272447759463,0.43206758503837367,0.3853191342857352,0.00716055619829634,0.0,0.001615262531698651,0.0016352632582550632,0.40065188419026954,-0.0010183698029079397,True,True,,,-49.99494125757086
dirichlet_18,0.43643368638229163,0.08604259514475139,0.06551338575188821,0.016330835010806878,0.39567949771026184,Avg,rho=0.0,OK,0.9999999999999998,6.418476861114185e-17,1.5959455978986623e-16,0.0,0.0,0.6972311545082933,0.6885951844679674,0.44881557902761854,-0.39338782930322397,True,True,,,
dirichlet_18,0.43643368638229163,0.08604259514475139,0.06551338575188821,0.016330835010806878,0.39567949771026184,Avg,rho=0.1,OK,0.6462932614052611,3.3566899260151202e-16,0.0,0.0,0.3537067385947385,0.24034305024414696,0.2332902749948131,0.43168809789697027,-0.0760118985595434,True,True,,,
dirichlet_18,0.43643368638229163,0.08604259514475139,0.06551338575188821,0.016330835010806878,0.39567949771026184,Avg,rho=0.2,OK,0.5853377358197359,0.0,0.0,7.025630077706067e-17,0.414662264180264,0.1857277292861596,0.17968600305396187,0.428736458868484,-0.07968957984155259,True,True,,,
dirichlet_18,0.43643368638229163,0.08604259514475139,0.06551338575188821,0.016330835010806878,0.39567949771026184,Avg,rho=0.5,OK,0.5487644204684207,2.3501776154517817e-17,1.3769367590565906e-17,0.0,0.45123557953157944,0.16633309986811123,0.16151971314265998,0.4269654754513923,-0.08189618861075787,True,True,,,
dirichlet_18,0.43643368638229163,0.08604259514475139,0.06551338575188821,0.016330835010806878,0.39567949771026184,Cert,,FLOOR_COLLAPSED,0.43643368638229163,0.08604259514475139,0.06551338575188821,0.016330835010806878,0.39567949771026184,0.0,0.0,0.37179448612771177,0.0,False,True,0.0,-0.0,
dirichlet_18,0.43643368638229163,0.08604259514475139,0.06551338575188821,0.016330835010806878,0.39567949771026184,MaxMin,c=0.0,INFEASIBLE_BALL_MISSES_SIMPLEX,,,,,,,,,,False,False,,,
dirichlet_18,0.43643368638229163,0.08604259514475139,0.06551338575188821,0.016330835010806878,0.39567949771026184,MaxMin,c=0.1,INFEASIBLE_BALL_MISSES_SIMPLEX,,,,,,,,,,False,False,,,
dirichlet_18,0.43643368638229163,0.08604259514475139,0.06551338575188821,0.016330835010806878,0.39567949771026184,MaxMin,c=0.25,INFEASIBLE_BALL_MISSES_SIMPLEX,,,,,,,,,,False,False,,,
dirichlet_18,0.43643368638229163,0.08604259514475139,0.06551338575188821,0.016330835010806878,0.39567949771026184,MaxMin,c=0.5,INFEASIBLE_BALL_MISSES_SIMPLEX,,,,,,,,,,False,False,,,
dirichlet_18,0.43643368638229163,0.08604259514475139,0.06551338575188821,0.016330835010806878,0.39567949771026184,MaxMin,c=0.75,OK,0.5259109782044883,0.039101758452069854,0.019756365209502746,2.636779683484747e-16,0.4152308981339388,0.11380811157750123,0.11020366729013334,0.4089299223956655,-0.04352281032110339,True,True,-0.04352281032110339,,
dirichlet_18,0.43643368638229163,0.08604259514475139,0.06551338575188821,0.016330835010806878,0.39567949771026184,MaxMin,c=0.9,OK,0.4875001219956765,0.07142852725854676,0.051506054867407454,0.004344953698244724,0.38522034218012463,0.057189268487963144,0.05581144675511911,0.38684229087539806,-0.01222029276323744,True,True,-0.01222029276323744,,
dirichlet_18,0.43643368638229163,0.08604259514475139,0.06551338575188821,0.016330835010806878,0.39567949771026184,MaxMin,c=0.95,OK,0.4616648803256707,0.07898049483111323,0.05874950905278193,0.010596942840328565,0.39000817295010554,0.02823610951612925,0.027569619354740404,0.3790709508173014,-0.00587099968096066,True,True,-0.00587099968096066,,
dirichlet_18,0.43643368638229163,0.08604259514475139,0.06551338575188821,0.016330835010806878,0.39567949771026184,MaxMin,c=1.0,OK,0.43643368638229163,0.08604259514475139,0.06551338575188821,0.016330835010806878,0.39567949771026184,0.0,0.0,0.37179448612771177,0.0,False,True,0.0,,
dirichlet_18,0.43643368638229163,0.08604259514475139,0.06551338575188821,0.016330835010806878,0.39567949771026184,Fair,"alpha=0.0,eps=0.01",OK,0.47940966204995,0.07401380840074868,0.0539925595439748,0.0065643685109480045,0.3860196014943786,0.048094210612373144,0.04695898629350586,0.3841883970202417,-0.009999999999999998,True,True,,,0.05131114208474287
dirichlet_18,0.43643368638229163,0.08604259514475139,0.06551338575188821,0.016330835010806878,0.39567949771026184,Fair,"alpha=0.0,eps=0.02",OK,0.5190579142768535,0.06214363906478189,0.04258865163323127,0.0,0.37620979502513346,0.09257014673259095,0.09032441201627944,0.3952114557267402,-0.01999999999999999,True,True,,,0.10250749772851686
dirichlet_18,0.43643368638229163,0.08604259514475139,0.06551338575188821,0.016330835010806878,0.39567949771026184,Fair,"alpha=0.0,eps=0.05",OK,0.6175369609356187,0.02750863816709971,0.009095982837127245,0.0,0.3458584180601543,0.20532018818104172,0.1998795344552016,0.41984980403804917,-0.05000000000000001,True,True,,,0.2553906207744337
dirichlet_18,0.43643368638229163,0.08604259514475139,0.06551338575188821,0.016330835010806878,0.39567949771026184,Fair,"alpha=0.0,eps=0.1",OK,0.7045425146108889,0.0,0.0,0.0,0.29545748538911104,0.30641283196348335,0.29894599007570943,0.434508691559159,-0.10000000000000002,True,True,,,0.5093512992014723
dirichlet_18,0.43643368638229163,0.08604259514475139,0.06551338575188821,0.016330835010806878,0.39567949771026184,Fair,"alpha=0.5,eps=0.01",OK,0.4369300694530355,0.08649915240421377,0.0656245545231305,0.016155429209831252,0.3947907944097891,0.001134795105327593,0.0011521685730466662,0.37171917439203467,-0.0008913129357855468,True,True,,,1.0003561959118048
dirichlet_18,0.43643368638229163,0.08604259514475139,0.06551338575188821,0.016330835010806878,0.39567949771026184,Fair,"alpha=0.5,eps=0.02",OK,0.4374264527774837,0.0869557100249762,0.06573572323407818,0.015980023204180627,0.39390209075928145,0.0022695907668474017,0.0023043377129736875,0.37164386265845495,-0.0017826262286900285,True,True,,,1.4147172994624313
dirichlet_18,0.43643368638229163,0.08604259514475139,0.06551338575188821,0.016330835010806878,0.39567949771026184,Fair,"alpha=0.5,eps=0.05",OK,0.4389156029578347,0.08832538327319013,0.06606922961441154,0.01545380604397115,0.3912359781105924,0.005673979218160439,0.00576084658420072,0.37141792698235865,-0.004456567753815887,True,True,,,2.236864455771893
dirichlet_18,0.43643368638229163,0.08604259514475139,0.06551338575188821,0.016330835010806878,0.39567949771026184,Fair,"alpha=0.5,eps=0.1",OK,0.44139751766938035,0.09060816956842847,0.06662507207240972,0.014576777702281244,0.38679246298750014,0.01134795314341816,0.011521687782612458,0.3710413684656251,-0.008913131027218335,True,True,,,3.163404050542923
dirichlet_18,0.43643368638229163,0.08604259514475139,0.06551338575188821,0.016330835010806878,0.39567949771026184,Fair,"alpha=1.0,eps=0.01",OK,0.4366819696104589,0.08627144393413219,0.06557218842253591,0.016246445008535976,0.39522795302433694,0.0005731390404917667,0.0005818122865421959,0.3717545258082527,-0.0004526563641957122,True,True,,,-23.024058215445713
dirichlet_18,0.43643368638229163,0.08604259514475139,0.06551338575188821,0.016330835010806878,0.39567949771026184,Fair,"alpha=1.0,eps=0.02",OK,0.4369302533934093,0.08650029252962528,0.0656309904052592,0.016162055174552787,0.39477640849715334,0.001146278023476035,0.001163624493500537,0.37171456572003975,-0.000905312560353221,True,True,,,-19.558322312645984
dirichlet_18,0.43643368638229163,0.08604259514475139,0.06551338575188821,0.016330835010806878,0.39567949771026184,Fair,"alpha=1.0,eps=0.05",OK,0.43767510394623244,0.08718683900595003,0.06580739778591792,0.01590888492346898,0.3934217743384306,0.0028656956150336674,0.0029090618218975237,0.37159468505213417,-0.002263281762388447,True,True,,,-14.97686865327521
dirichlet_18,0.43643368638229163,0.08604259514475139,0.06551338575188821,0.016330835010806878,0.39567949771026184,Fair,"alpha=1.0,eps=0.1",OK,0.43891652147645643,0.0883310829078701,0.06610141001793124,0.01548693498678675,0.39116405061095544,0.005731391510042884,0.005818123924326884,0.3713948838500626,-0.004526563871630032,True,True,,,-11.511132750475483
dirichlet_18,0.43643368638229163,0.08604259514475139,0.06551338575188821,0.016330835010806878,0.39567949771026184,Fair,"alpha=2.0,eps=0.01",OK,0.43655783652296165,0.08615714784926078,0.06554359141829288,0.01628949022450147,0.3954519339849833,0.00028799757332144334,0.00029232900987662976,0.3717739254415001,-0.00022807029310760685,True,True,,,-499.91007439854934
dirichlet_18,0.43643368638229163,0.08604259514475139,0.06551338575188821,0.016330835010806878,0.39567949771026184,Fair,"alpha=2.0,eps=0.02",OK,0.43668198666460595,0.08627170055035964,0.0655737970844028,0.01624814543963448,0.3952243702609971,0.0005759951444477438,0.0005846580174743354,0.3717533647558692,-0.0004561405848618465,True,True,,,-249.95503719927467
dirichlet_18,0.43643368638229163,0.08604259514475139,0.06551338575188821,0.016330835010806878,0.39567949771026184,Fair,"alpha=2.0,eps=0.05",OK,0.43705443710224434,0.08661535865155676,0.06566441408258246,0.01612411107031147,0.39454167909330495,0.001439987861195265,0.0014616450442018563,0.37169168270541764,-0.00114035145657304,True,True,,,-99.98201487970987
dirichlet_18,0.43643368638229163,0.08604259514475139,0.06551338575188821,0.016330835010806878,0.39567949771026184,Fair,"alpha=2.0,eps=0.1",OK,0.43767518788559406,0.08718812224487567,0.06581544266172423,0.015917386926442085,0.39340386028136404,0.002879975993453165,0.0029232903743613547,0.3715888792580938,-0.0022807031171843293,True,True,,,-49.99100743985493
dirichlet_19,0.42704454918173507,0.3088590247225328,0.20972752905813435,0.014692586751762425,0.0396763102858355,Avg,rho=0.0,OK,1.0,0.0,0.0,0.0,0.0,0.6851624361588293,0.6628267088880424,0.45969533581210414,-0.28205342758066554,True,True,,,
dirichlet_19,0.42704454918173507,0.3088590247225328,0.20972752905813435,0.014692586751762425,0.0396763102858355,Avg,rho=0.1,OK,0.8563970716732321,0.14360292832676796,0.0,0.0,0.0,0.5073745008511605,0.4915716774376939,0.4437746354430507,-0.19518937410893317,True,True,,,
dirichlet_19,0.42704454918173507,0.3088590247225328,0.20972752905813435,0.014692586751762425,0.0396763102858355,Avg,rho=0.2,OK,0.7078982918093857,0.2921017081906143,5.941427905220566e-17,1.0842021724855046e-17,3.989863994746657e-17,0.3534619506446147,0.34375366264909807,0.42731115097981887,-0.1955963924111366,True,True,,,
dirichlet_19,0.42704454918173507,0.3088590247225328,0.20972752905813435,0.014692586751762425,0.0396763102858355,Avg,rho=0.5,OK,0.5589086617820354,0.3216613821527906,0.1194299560651741,8.798978256077672e-18,3.9732833248041534e-17,0.16581850903747655,0.16210680046545262,0.3989485574576467,-0.08279897201385493,True,True,,,
dirichlet_19,0.42704454918173507,0.3088590247225328,0.20972752905813435,0.014692586751762425,0.0396763102858355,Cert,,FLOOR_COLLAPSED,0.42704454918173496,0.30885902472253274,0.2097275290581343,0.014692586751762422,0.039676310285835494,1.3619512758127423e-16,1.4288910284425267e-16,0.3587299176395622,-1.1788038842520389e-16,False,True,0.0,-0.0,
dirichlet_19,0.42704454918173507,0.3088590247225328,0.20972752905813435,0.014692586751762425,0.0396763102858355,MaxMin,c=0.0,INFEASIBLE_BALL_MISSES_SIMPLEX,,,,,,,,,,False,False,,,
dirichlet_19,0.42704454918173507,0.3088590247225328,0.20972752905813435,0.014692586751762425,0.0396763102858355,MaxMin,c=0.1,INFEASIBLE_BALL_MISSES_SIMPLEX,,,,,,,,,,False,False,,,
dirichlet_19,0.42704454918173507,0.3088590247225328,0.20972752905813435,0.014692586751762425,0.0396763102858355,MaxMin,c=0.25,INFEASIBLE_BALL_MISSES_SIMPLEX,,,,,,,,,,False,False,,,
dirichlet_19,0.42704454918173507,0.3088590247225328,0.20972752905813435,0.014692586751762425,0.0396763102858355,MaxMin,c=0.5,INFEASIBLE_BALL_MISSES_SIMPLEX,,,,,,,,,,False,False,,,
dirichlet_19,0.42704454918173507,0.3088590247225328,0.20972752905813435,0.014692586751762425,0.0396763102858355,MaxMin,c=0.75,INFEASIBLE_BALL_MISSES_SIMPLEX,,,,,,,,,,False,False,,,
dirichlet_19,0.42704454918173507,0.3088590247225328,0.20972752905813435,0.014692586751762425,0.0396763102858355,MaxMin,c=0.9,OK,0.4834931479311845,0.2930593099794441,0.19459501639799598,0.0018644114727690282,0.0269881142186063,0.06317135922692808,0.06168025120504361,0.3743764224708085,-0.013134919655106611,True,True,-0.013134919655106611,,
dirichlet_19,0.42704454918173507,0.3088590247225328,0.20972752905813435,0.014692586751762425,0.0396763102858355,MaxMin,c=0.95,OK,0.4540620687676787,0.30129693971102717,0.20248478138614145,0.008552744762230271,0.033603465372922546,0.03023517807341241,0.029521501541514197,0.36621867307538936,-0.00628665647869769,True,True,-0.00628665647869769,,
dirichlet_19,0.42704454918173507,0.3088590247225328,0.20972752905813435,0.014692586751762425,0.0396763102858355,MaxMin,c=1.0,OK,0.42704454918173496,0.30885902472253274,0.2097275290581343,0.014692586751762422,0.039676310285835494,1.3619512758127423e-16,1.4288910284425267e-16,0.3587299176395622,-1.1788038842520389e-16,False,True,-1.1788038842520389e-16,,
dirichlet_19,0.42704454918173507,0.3088590247225328,0.20972752905813435,0.014692586751762425,0.0396763102858355,Fair,"alpha=0.0,eps=0.01",OK,0.4700205248493933,0.29683023797853003,0.19820670285022088,0.00492612025190355,0.030016414069952195,0.04809421061237303,0.04695898629350575,0.3706420611791412,-0.010000000000000064,True,True,,,0.05131114208474287
dirichlet_19,0.42704454918173507,0.3088590247225328,0.20972752905813435,0.014692586751762425,0.0396763102858355,Fair,"alpha=0.0,eps=0.02",OK,0.5079662566811441,0.28504122002939425,0.18686261234589416,0.0,0.0201299109435674,0.09075433220504449,0.08852082627112129,0.3805204651317202,-0.02000000000000009,True,True,,,0.10244877101630179
dirichlet_19,0.42704454918173507,0.3088590247225328,0.20972752905813435,0.014692586751762425,0.0396763102858355,Fair,"alpha=0.0,eps=0.05",OK,0.5949962888804408,0.2510758117532087,0.1539278993663506,0.0,0.0,0.1909197919179052,0.18562042742728666,0.39952805449866874,-0.05000000000000001,True,True,,,0.25455816500564926
dirichlet_19,0.42704454918173507,0.3088590247225328,0.20972752905813435,0.014692586751762425,0.0396763102858355,Fair,"alpha=0.0,eps=0.1",OK,0.7024673167033373,0.19666459747465181,0.10086808582201098,0.0,0.0,0.31950860780231466,0.309714099341866,0.41670525778058265,-0.10000000000000002,True,True,,,0.5055342157946058
dirichlet_19,0.42704454918173507,0.3088590247225328,0.20972752905813435,0.014692586751762425,0.0396763102858355,Fair,"alpha=0.5,eps=0.01",OK,0.42754093225247874,0.3093155819819951,0.20983869782937656,0.014517180950786792,0.03878760698536271,0.0011347951053275178,0.0011521685730465833,0.3590982403620848,-0.0008913129357855907,True,True,,,1.0003561959118048
dirichlet_19,0.42704454918173507,0.3088590247225328,0.20972752905813435,0.014692586751762425,0.0396763102858355,Fair,"alpha=0.5,eps=0.02",OK,0.42803731512518856,0.30977214020926647,0.20994986637667162,0.014341775116160688,0.037898903172712814,0.0022695908977745306,0.0023043378366470564,0.3594665632504955,-0.0017826263814775664,True,True,,,1.4147172994624313
dirichlet_19,0.42704454918173507,0.3088590247225328,0.20972752905813435,0.014692586751762425,0.0396763102858355,Fair,"alpha=0.5,eps=0.05",OK,0.4295264640932823,0.3111418113532521,0.2102833733346592,0.013815557401783569,0.035232793817022934,0.005673975535603731,0.005760842897195128,0.36057153126019154,-0.004456564663393694,True,True,,,2.236864455771893
dirichlet_19,0.42704454918173507,0.3088590247225328,0.20972752905813435,0.014692586751762425,0.0396763102858355,Fair,"alpha=0.5,eps=0.1",OK,0.4320083810023983,0.31342459916628335,0.2108392175674752,0.012938526159727414,0.03078927610411563,0.01134795368313799,0.011521688494239376,0.36241314608010167,-0.008913130650935585,True,True,,,3.163404050542923
dirichlet_19,0.42704454918173507,0.3088590247225328,0.20972752905813435,0.014692586751762425,0.0396763102858355,Fair,"alpha=1.0,eps=0.01",OK,0.42729283264729945,0.309087873577371,0.20978633152264037,0.014608196669674467,0.039224765583014624,0.0005731391733826985,0.0005818124189634287,0.3589149019092242,-0.00045265638399927174,True,True,,,-23.02405821544571
dirichlet_19,0.42704454918173507,0.3088590247225328,0.20972752905813435,0.014692586751762425,0.0396763102858355,Fair,"alpha=1.0,eps=0.02",OK,0.42754111631102915,0.3093167223093359,0.20984513367956403,0.01452380672781894,0.038773220972251915,0.0011462782588157131,0.0011636247371926338,0.3590998861592557,-0.0009053126688794295,True,True,,,-19.558322312645984
dirichlet_19,0.42704454918173507,0.3088590247225328,0.20972752905813435,0.014692586751762425,0.0396763102858355,Fair,"alpha=1.0,eps=0.05",OK,0.4282859666935397,0.31000326869101547,0.210021541219916,0.014270636630547754,0.037418586764981214,0.0028656957707878595,0.00290906198296544,0.35965483893500555,-0.0022632819124631712,True,True,,,-14.97686865327521
dirichlet_19,0.42704454918173507,0.3088590247225328,0.20972752905813435,0.014692586751762425,0.0396763102858355,Fair,"alpha=1.0,eps=0.1",OK,0.4295273844601616,0.3111475125924787,0.2103155534049321,0.013848686500645104,0.035160863041782627,0.005731391788281125,0.0058181242148216345,0.36057976032037786,-0.004526564026303507,True,True,,,-11.511132750475483
dirichlet_19,0.42704454918173507,0.3088590247225328,0.20972752905813435,0.014692586751762425,0.0396763102858355,Fair,"alpha=2.0,eps=0.01",OK,0.4271686993224049,0.30897357742704207,0.20975773472453899,0.014651241965457015,0.03944874656055692,0.0002879975733213507,0.00029232900987653007,0.3588226048522814,-0.00022807029310764366,True,True,,,-499.91007439854934
dirichlet_19,0.42704454918173507,0.3088590247225328,0.20972752905813435,0.014692586751762425,0.0396763102858355,Fair,"alpha=2.0,eps=0.02",OK,0.4272928494596704,0.3090881301519571,0.2097879404148582,0.014609897132446172,0.039221182841068056,0.0005759951579300548,0.0005846580334354743,0.35891529207523437,-0.0004561405827414078,True,True,,,-249.95503719927467
dirichlet_19,0.42704454918173507,0.3088590247225328,0.20972752905813435,0.014692586751762425,0.0396763102858355,Fair,"alpha=2.0,eps=0.05",OK,0.42766529988052027,0.3094317882305978,0.20987855740104727,0.014485862824928683,0.03853849166290589,0.0014399878566110438,0.0014616450393391354,0.35919335369904287,-0.0011403514619108808,True,True,,,-99.98201487970987
dirichlet_19,0.42704454918173507,0.3088590247225328,0.20972752905813435,0.014692586751762425,0.0396763102858355,Fair,"alpha=2.0,eps=0.1",OK,0.42828605059465635,0.3100045517505179,0.21002958572309266,0.014279138903692534,0.03740067302804049,0.0028799757309939385,0.0029232900959395595,0.3596567897641416,-0.0022807029353452005,True,True,,,-49.99100743985493
dirichlet_20,0.49635533264561205,0.18182391409745344,0.017940541661388847,0.11654973105284337,0.1873304805427022,Avg,rho=0.0,OK,1.0,0.0,0.0,9.71445146547012e-17,0.0,0.5794103023559247,0.5685250994447354,0.5127257231212,-0.19128859980568186,True,True,,,
dirichlet_20,0.49635533264561205,0.18182391409745344,0.017940541661388847,0.11654973105284337,0.1873304805427022,Avg,rho=0.1,OK,1.0,0.0,0.0,0.0,0.0,0.5794103023559247,0.5685250994447354,0.5127257231212,-0.19128859980568186,True,True,,,
dirichlet_20,0.49635533264561205,0.18182391409745344,0.017940541661388847,0.11654973105284337,0.1873304805427022,Avg,rho=0.2,OK,1.0,0.0,2.862293735361732e-17,6.071532165918825e-18,1.3010426069826053e-17,0.5794103023559247,0.5685250994447354,0.5127257231212,-0.19128859980568186,True,True,,,
dirichlet_20,0.49635533264561205,0.18182391409745344,0.017940541661388847,0.11654973105284337,0.1873304805427022,Avg,rho=0.5,OK,0.7515821051351839,0.12268255590082572,8.543851932364677e-17,0.0,0.1257353389639903,0.2938334051030978,0.2896132543743541,0.43718468872850674,-0.1170264773658905,True,True,,,
dirichlet_20,0.49635533264561205,0.18182391409745344,0.017940541661388847,0.11654973105284337,0.1873304805427022,Cert,,FLOOR_COLLAPSED,0.4963553326456121,0.18182391409745347,0.01794054166138885,0.11654973105284339,0.18733048054270224,6.947562107041945e-17,7.19628915346465e-17,0.3486722349410466,8.307530011120366e-18,False,True,8.307530011120366e-18,-0.0,
dirichlet_20,0.49635533264561205,0.18182391409745344,0.017940541661388847,0.11654973105284337,0.1873304805427022,MaxMin,c=0.0,INFEASIBLE_BALL_MISSES_SIMPLEX,,,,,,,,,,False,False,,,
dirichlet_20,0.49635533264561205,0.18182391409745344,0.017940541661388847,0.11654973105284337,0.1873304805427022,MaxMin,c=0.1,INFEASIBLE_BALL_MISSES_SIMPLEX,,,,,,,,,,False,False,,,
dirichlet_20,0.49635533264561205,0.18182391409745344,0.017940541661388847,0.11654973105284337,0.1873304805427022,MaxMin,c=0.25,INFEASIBLE_BALL_MISSES_SIMPLEX,,,,,,,,,,False,False,,,
dirichlet_20,0.49635533264561205,0.18182391409745344,0.017940541661388847,0.11654973105284337,0.1873304805427022,MaxMin,c=0.5,OK,0.7327249727200957,0.1252018057775925,0.0,0.02640777409694703,0.11566544740536473,0.2695551563466101,0.26564720898455596,0.42972848176123174,-0.09142564496252954,True,True,-0.09142564496252954,,
dirichlet_20,0.49635533264561205,0.18182391409745344,0.017940541661388847,0.11654973105284337,0.1873304805427022,MaxMin,c=0.75,OK,0.5841102837976135,0.1551955122631381,1.2836953722228375e-16,0.09481765088637283,0.16587655305287546,0.09830778496204971,0.09609917542959817,0.37953524837143887,-0.022238485506280235,True,True,-0.022238485506280235,,
dirichlet_20,0.49635533264561205,0.18182391409745344,0.017940541661388847,0.11654973105284337,0.1873304805427022,MaxMin,c=0.9,OK,0.529727618295465,0.17248315798882322,0.008994233935741447,0.10896574244619765,0.17982924733377276,0.0373467666463745,0.03646522691033985,0.3606840895051296,-0.007765335197489904,True,True,-0.007765335197489904,,
dirichlet_20,0.49635533264561205,0.18182391409745344,0.017940541661388847,0.11654973105284337,0.1873304805427022,MaxMin,c=0.95,OK,0.5129665380988281,0.17717451068418968,0.013487476706904106,0.11277476657418485,0.1835967079358934,0.018589521265798443,0.01815073089273002,0.3546511896381161,-0.003865230560831027,True,True,-0.003865230560831027,,
dirichlet_20,0.49635533264561205,0.18182391409745344,0.017940541661388847,0.11654973105284337,0.1873304805427022,MaxMin,c=1.0,OK,0.4963553326456121,0.18182391409745347,0.01794054166138885,0.11654973105284339,0.18733048054270224,6.947562107041945e-17,7.19628915346465e-17,0.3486722349410466,8.307530011120366e-18,False,True,8.307530011120366e-18,,
dirichlet_20,0.49635533264561205,0.18182391409745344,0.017940541661388847,0.11654973105284337,0.1873304805427022,Fair,"alpha=0.0,eps=0.01",OK,0.5393313083132705,0.16979512735345073,0.006419715453475426,0.10678326455298451,0.17767058432681893,0.04809421061237319,0.046958986293505915,0.3641407939389454,-0.009999999999999993,True,True,,,0.05131114208474287
dirichlet_20,0.49635533264561205,0.18182391409745344,0.017940541661388847,0.11654973105284337,0.1873304805427022,Fair,"alpha=0.0,eps=0.02",OK,0.5771151247148977,0.1578472394706011,0.0,0.0970082047114713,0.16802943110302998,0.09040624833253194,0.0883458553212811,0.37726024839367606,-0.01999999999999998,True,True,,,0.10253575725713372
dirichlet_20,0.49635533264561205,0.18182391409745344,0.017940541661388847,0.11654973105284337,0.1873304805427022,Fair,"alpha=0.0,eps=0.05",OK,0.6708636756403923,0.12230900792935998,0.0,0.06765058118941557,0.13917673524083213,0.1975524206636006,0.19349553943145598,0.40774961235936236,-0.05000000000000001,True,True,,,0.25588292206704016
dirichlet_20,0.49635533264561205,0.18182391409745344,0.017940541661388847,0.11654973105284337,0.1873304805427022,Fair,"alpha=0.0,eps=0.1",OK,0.8271112605162166,0.06307862202729154,0.0,0.01872120865265603,0.09108890880383574,0.3776965066971735,0.3702949729033836,0.4585652189688396,-0.10000000000000002,True,True,,,0.5114615300835509
dirichlet_20,0.49635533264561205,0.18182391409745344,0.017940541661388847,0.11654973105284337,0.1873304805427022,Fair,"alpha=0.5,eps=0.01",OK,0.4968517157163559,0.18228047135691583,0.01805171043263112,0.11637432525186776,0.18644177724222946,0.0011347951053275946,0.001152168573046667,0.3488327054573194,-0.0008913129357855458,True,True,,,1.0003561959118048
dirichlet_20,0.49635533264561205,0.18182391409745344,0.017940541661388847,0.11654973105284337,0.1873304805427022,Fair,"alpha=0.5,eps=0.02",OK,0.49734809916132366,0.1827370290343807,0.018162878968771803,0.11619891913333938,0.1855530737021845,0.0022695907561931525,0.0023043377026337564,0.348993176152136,-0.0017826261236758916,True,True,,,1.4147172994624313
dirichlet_20,0.49635533264561205,0.18182391409745344,0.017940541661388847,0.11654973105284337,0.1873304805427022,Fair,"alpha=0.5,eps=0.05",OK,0.4988372488991991,0.1841067012266607,0.01849638507936293,0.11567270139118804,0.18288696340358926,0.005673976812202614,0.005760844175518015,0.34947458792381614,-0.0044565653407605075,True,True,,,2.236864455771893
dirichlet_20,0.49635533264561205,0.18182391409745344,0.017940541661388847,0.11654973105284337,0.1873304805427022,Fair,"alpha=0.5,eps=0.1",OK,0.5013191650708787,0.18638948841599243,0.01905222877654464,0.11479567186085378,0.17844344587573033,0.011347953924263089,0.011521688654405022,0.3502769408348955,-0.008913131062446351,True,True,,,3.1634040505429235
dirichlet_20,0.49635533264561205,0.18182391409745344,0.017940541661388847,0.11654973105284337,0.1873304805427022,Fair,"alpha=1.0,eps=0.01",OK,0.49660361604454206,0.18205276289953676,0.01799934405076147,0.11646534097589477,0.186878936029265,0.0005731389657821018,0.0005818122080883943,0.3487518594500094,-0.0004526561954052327,True,True,,,-23.02405821544571
dirichlet_20,0.49635533264561205,0.18182391409745344,0.017940541661388847,0.11654973105284337,0.1873304805427022,Fair,"alpha=1.0,eps=0.02",OK,0.4968518996646374,0.18228161169246504,0.018058146503482753,0.11638095102369661,0.18642739111571827,0.0011462783270724524,0.0011636248108736775,0.3488314840119339,-0.0009053127825185558,True,True,,,-19.558322312645984
dirichlet_20,0.49635533264561205,0.18182391409745344,0.017940541661388847,0.11654973105284337,0.1873304805427022,Fair,"alpha=1.0,eps=0.05",OK,0.49759675016327615,0.1829681581566664,0.018234553734517052,0.11612778099321383,0.1850727569523265,0.0028656958461624896,0.002909062054862143,0.349070357614097,-0.002263281978360269,True,True,,,-14.97686865327521
dirichlet_20,0.49635533264561205,0.18182391409745344,0.017940541661388847,0.11654973105284337,0.1873304805427022,Fair,"alpha=1.0,eps=0.1",OK,0.49883816755747196,0.18411240223520775,0.018528566358193128,0.11570583065648248,0.18281503319264472,0.005731391877228747,0.005818124318080555,0.3494684801877352,-0.0045265641397377945,True,True,,,-11.511132750475483
dirichlet_20,0.49635533264561205,0.18182391409745344,0.017940541661388847,0.11654973105284337,0.1873304805427022,Fair,"alpha=2.0,eps=0.01",OK,0.4964794827894254,0.18193846679847417,0.017970747325513525,0.11650838626434377,0.1871029168222431,0.00028799756955659396,0.0002923290061122024,0.34871188832966293,-0.00022807028841421198,True,True,,,-499.91007439854934
dirichlet_20,0.49635533264561205,0.18182391409745344,0.017940541661388847,0.11654973105284337,0.1873304805427022,Fair,"alpha=2.0,eps=0.02",OK,0.4966036329241951,0.18205301950384922,0.018000952994046467,0.11646704148018988,0.18687535309771922,0.0005759951399969,0.0005846580130564928,0.34875154171464584,-0.0004561405806801384,True,True,,,-249.95503719927467
dirichlet_20,0.49635533264561205,0.18182391409745344,0.017940541661388847,0.11654973105284337,0.1873304805427022,Fair,"alpha=2.0,eps=0.05",OK,0.49697608335274795,0.18239667759877815,0.018091569993475463,0.11634300711683053,0.1861926619381678,0.0014399878431770189,0.0014616450259160578,0.34887050187829466,-0.001140351444030357,True,True,,,-99.98201487970987
dirichlet_20,0.49635533264561205,0.18182391409745344,0.017940541661388847,0.11654973105284337,0.1873304805427022,Fair,"alpha=2.0,eps=0.1",OK,0.49759683452084646,0.18296944107272456,0.01824259783426035,0.11613628334977395,0.18505484322239457,0.002879975886288715,0.0029232902361129042,0.34906876901902695,-0.0022807029888741825,True,True,,,-49.99100743985493
dirichlet_21,0.632775498878638,0.15287301528472802,0.1014888057157034,0.09324645200272964,0.019616228118200903,Avg,rho=0.0,OK,1.0,0.0,8.673617379884035e-18,1.0061396160665481e-16,1.5612511283791264e-17,0.4214305018960544,0.40927895213509496,0.650234612987884,-0.1354694008094833,True,True,,,
dirichlet_21,0.632775498878638,0.15287301528472802,0.1014888057157034,0.09324645200272964,0.019616228118200903,Avg,rho=0.1,OK,0.9999999999999996,1.6653345369377346e-16,0.0,1.283695372222837e-16,1.3877787807814454e-17,0.4214305018960539,0.40927895213509446,0.6502346129878837,-0.13546940080948316,True,True,,,
dirichlet_21,0.632775498878638,0.15287301528472802,0.1014888057157034,0.09324645200272964,0.019616228118200903,Avg,rho=0.2,OK,1.0,0.0,0.0,0.0,5.204170427930421e-18,0.4214305018960544,0.40927895213509496,0.650234612987884,-0.1354694008094833,True,True,,,
dirichlet_21,0.632775498878638,0.15287301528472802,0.1014888057157034,0.09324645200272964,0.019616228118200903,Avg,rho=0.5,OK,0.9800447968465581,0.019955203153441948,0.0,1.2265037076242269e-17,5.658180087658726e-18,0.3970425480917409,0.3858582405551197,0.6412948928994726,-0.11684672195297455,True,True,,,
dirichlet_21,0.632775498878638,0.15287301528472802,0.1014888057157034,0.09324645200272964,0.019616228118200903,Cert,,FLOOR_COLLAPSED,0.6327754988786382,0.15287301528472805,0.10148880571570341,0.09324645200272966,0.019616228118200907,1.1616172636829685e-16,1.1915759130124636e-16,0.46797848663656944,5.218301527652541e-18,False,True,5.218301527652541e-18,-0.0,
dirichlet_21,0.632775498878638,0.15287301528472802,0.1014888057157034,0.09324645200272964,0.019616228118200903,MaxMin,c=0.0,INFEASIBLE_BALL_MISSES_SIMPLEX,,,,,,,,,,False,False,,,
dirichlet_21,0.632775498878638,0.15287301528472802,0.1014888057157034,0.09324645200272964,0.019616228118200903,MaxMin,c=0.1,INFEASIBLE_BALL_MISSES_SIMPLEX,,,,,,,,,,False,False,,,
dirichlet_21,0.632775498878638,0.15287301528472802,0.1014888057157034,0.09324645200272964,0.019616228118200903,MaxMin,c=0.25,INFEASIBLE_BALL_MISSES_SIMPLEX,,,,,,,,,,False,False,,,
dirichlet_21,0.632775498878638,0.15287301528472802,0.1014888057157034,0.09324645200272964,0.019616228118200903,MaxMin,c=0.5,OK,0.9154666788652764,0.05992421347647546,0.012017067651350952,0.012592040006896801,3.2959746043559335e-16,0.32163473924945163,0.3129500883199048,0.6105188276396993,-0.08033377331129112,True,True,-0.08033377331129112,,
dirichlet_21,0.632775498878638,0.15287301528472802,0.1014888057157034,0.09324645200272964,0.019616228118200903,MaxMin,c=0.75,OK,0.7536248422194126,0.11667233895273102,0.06673985163146107,0.0629629671963954,0.0,0.13573661414791505,0.13233153257506586,0.5302573231910174,-0.030621137504756098,True,True,-0.030621137504756098,,
dirichlet_21,0.632775498878638,0.15287301528472802,0.1014888057157034,0.09324645200272964,0.019616228118200903,MaxMin,c=0.9,OK,0.6794282708756397,0.13981510940474984,0.08898231877864604,0.08264441847688822,0.009129882464076193,0.05220889595214809,0.05097654786718249,0.492369200060829,-0.010855546912483895,True,True,-0.010855546912483895,,
dirichlet_21,0.632775498878638,0.15287301528472802,0.1014888057157034,0.09324645200272964,0.019616228118200903,MaxMin,c=0.95,OK,0.656034344772221,0.14636296652331998,0.09525366812606956,0.08796078400529561,0.01438823657309389,0.026028864164880972,0.025414474216148467,0.4801385324491925,-0.005412057674606149,True,True,-0.005412057674606149,,
dirichlet_21,0.632775498878638,0.15287301528472802,0.1014888057157034,0.09324645200272964,0.019616228118200903,MaxMin,c=1.0,OK,0.6327754988786382,0.15287301528472805,0.10148880571570341,0.09324645200272966,0.019616228118200907,1.1616172636829685e-16,1.1915759130124636e-16,0.46797848663656944,5.218301527652541e-18,False,True,5.218301527652541e-18,,
dirichlet_21,0.632775498878638,0.15287301528472802,0.1014888057157034,0.09324645200272964,0.019616228118200903,Fair,"alpha=0.0,eps=0.01",OK,0.6757514745462964,0.14084422854072529,0.08996797950778998,0.08347998550287077,0.009956331902317603,0.048094210612373116,0.046958986293505825,0.4904469201672752,-0.010000000000000009,True,True,,,0.05131114208474287
dirichlet_21,0.632775498878638,0.15287301528472802,0.1014888057157034,0.09324645200272964,0.019616228118200903,Fair,"alpha=0.0,eps=0.02",OK,0.7187274502139547,0.12881544179672255,0.07844715329987656,0.0737135190030119,0.0002964356864343029,0.09618842122474623,0.09391797258701165,0.5129153536979811,-0.020000000000000018,True,True,,,0.10262228416948574
dirichlet_21,0.632775498878638,0.15287301528472802,0.1014888057157034,0.09324645200272964,0.019616228118200903,Fair,"alpha=0.0,eps=0.05",OK,0.8167136454472965,0.09455091846022434,0.04540794498634813,0.043327491106131065,0.0,0.20798190003903425,0.20251620295350606,0.5615446736430318,-0.05,True,True,,,0.2544272924496616
dirichlet_21,0.632775498878638,0.15287301528472802,0.1014888057157034,0.09324645200272964,0.019616228118200903,Fair,"alpha=0.0,eps=0.1",OK,0.9619926271436122,0.038007372856387805,0.0,0.0,0.0,0.3754433489300273,0.36513074252473904,0.6332077116820264,-0.10000000000000002,True,True,,,0.5069535113152244
dirichlet_21,0.632775498878638,0.15287301528472802,0.1014888057157034,0.09324645200272964,0.019616228118200903,Fair,"alpha=0.5,eps=0.01",OK,0.6332718819493818,0.15332957254419038,0.10159997448694567,0.09307104620175402,0.018727524817728124,0.0011347951053275614,0.0011521685730466315,0.4683636140487633,-0.0008913129357855788,True,True,,,1.0003561959118048
dirichlet_21,0.632775498878638,0.15287301528472802,0.1014888057157034,0.09324645200272964,0.019616228118200903,Fair,"alpha=0.5,eps=0.02",OK,0.6337682652773737,0.15378613002941743,0.10171114384046319,0.09289563971983786,0.01783882113290783,0.002269590877304962,0.002304337855408723,0.46874874167266956,-0.0017826262871902699,True,True,,,1.4147172994624313
dirichlet_21,0.632775498878638,0.15287301528472802,0.1014888057157034,0.09324645200272964,0.019616228118200903,Fair,"alpha=0.5,eps=0.05",OK,0.6352574151839427,0.1551558024305598,0.10204464913462237,0.09236942243113186,0.015172710819743234,0.005673976952474971,0.005760844313463289,0.4699041243378933,-0.0044565654948009095,True,True,,,2.236864455771893
dirichlet_21,0.632775498878638,0.15287301528472802,0.1014888057157034,0.09324645200272964,0.019616228118200903,Fair,"alpha=0.5,eps=0.1",OK,0.6377393313923648,0.15743858951973763,0.1026004928410129,0.0914923927999765,0.010729193446908095,0.01134795393539369,0.01152168866597603,0.47182976199793414,-0.00891313106722822,True,True,,,3.1634040505429235
dirichlet_21,0.632775498878638,0.15287301528472802,0.1014888057157034,0.09324645200272964,0.019616228118200903,Fair,"alpha=1.0,eps=0.01",OK,0.633023782356528,0.15310186402432704,0.10154760825206424,0.09316206211071226,0.019164683256368317,0.0005731392373706252,0.000581812477504764,0.46817183895126224,-0.00045265653322204194,True,True,,,-23.02405821544571
dirichlet_21,0.632775498878638,0.15287301528472802,0.1014888057157034,0.09324645200272964,0.019616228118200903,Fair,"alpha=1.0,eps=0.02",OK,0.6332720658919535,0.15333071288451888,0.10160641055930414,0.09307767196177914,0.018713138702444208,0.0011462783195545195,0.0011636248037941385,0.4683651912755677,-0.0009053127719286119,True,True,,,-19.558322312645984
dirichlet_21,0.632775498878638,0.15287301528472802,0.1014888057157034,0.09324645200272964,0.019616228118200903,Fair,"alpha=1.0,eps=0.05",OK,0.6340169162625108,0.1540172593758791,0.10178281772814157,0.09282450203568113,0.0173585045977874,0.0028656957259789646,0.0029090619292546,0.4689452481567435,-0.0022632819043714473,True,True,,,-14.97686865327521
dirichlet_21,0.632775498878638,0.15287301528472802,0.1014888057157034,0.09324645200272964,0.019616228118200903,Fair,"alpha=1.0,eps=0.1",OK,0.6352583354751083,0.15516150174958315,0.10207683005871365,0.09240255237051982,0.015100780346074885,0.005731392122740489,0.005818124524238948,0.46991201057590526,-0.004526564521003311,True,True,,,-11.511132750475483
dirichlet_21,0.632775498878638,0.15287301528472802,0.1014888057157034,0.09324645200272964,0.019616228118200903,Fair,"alpha=2.0,eps=0.01",OK,0.632899649019308,0.15298756798923735,0.10151901138210803,0.09320510721642422,0.019388664392922327,0.0002879975733213957,0.0002923290098765775,0.4680753501823598,-0.0002280702931076401,True,True,,,-499.91007439854934
dirichlet_21,0.632775498878638,0.15287301528472802,0.1014888057157034,0.09324645200272964,0.019616228118200903,Fair,"alpha=2.0,eps=0.02",OK,0.6330237991622087,0.15310212068637655,0.10154921705070098,0.09316376243413123,0.019161100666582557,0.0005759951451649711,0.0005846580181410776,0.46817221372883633,-0.00045614058708551606,True,True,,,-249.95503719927464
dirichlet_21,0.632775498878638,0.15287301528472802,0.1014888057157034,0.09324645200272964,0.019616228118200903,Fair,"alpha=2.0,eps=0.05",OK,0.6333962496103014,0.15344577884919788,0.10163983399151955,0.0930397280598249,0.018478409489156314,0.0014399878933212572,0.00146164507561213,0.4684628043828835,-0.0011403514685254961,True,True,,,-99.98201487970987
dirichlet_21,0.632775498878638,0.15287301528472802,0.1014888057157034,0.09324645200272964,0.019616228118200903,Fair,"alpha=2.0,eps=0.1",OK,0.6340170002915027,0.15401854230675668,0.10179086237674873,0.0928330041503048,0.017340590874687114,0.0028799757175306685,0.002923290082455265,0.4689471220948247,-0.002280702921349871,True,True,,,-49.991007439854926
dirichlet_22,0.07969936724846238,0.013664113895498048,0.37725546566094154,0.13008504765809048,0.3992960055370076,Avg,rho=0.0,OK,0.0,0.0,0.0,2.8108614906739796e-17,1.0,0.7256912512270013,0.7225440175664655,0.4082207479009026,-0.3826221955807949,True,True,,,
dirichlet_22,0.07969936724846238,0.013664113895498048,0.37725546566094154,0.13008504765809048,0.3992960055370076,Avg,rho=0.1,OK,0.0,8.857184026886377e-17,0.4333062707478638,1.146819693487502e-16,0.566693729252136,0.23371886408345535,0.22772085454026195,0.398620985456293,-0.12166185287960124,True,True,,,
dirichlet_22,0.07969936724846238,0.013664113895498048,0.37725546566094154,0.13008504765809048,0.3992960055370076,Avg,rho=0.2,OK,6.560290447936642e-17,5.966266867910023e-17,0.4610953246029204,1.4624579142444276e-17,0.5389046753970795,0.22356323360533042,0.21734616467929785,0.39800532781739345,-0.12265047132444587,True,True,,,
dirichlet_22,0.07969936724846238,0.013664113895498048,0.37725546566094154,0.13008504765809048,0.3992960055370076,Avg,rho=0.5,OK,0.0,0.0,0.47776890727833526,1.7293162674765096e-17,0.5222310927216647,0.22062820395279145,0.21435127150706407,0.39763592990282304,-0.12324364774061795,True,True,,,
dirichlet_22,0.07969936724846238,0.013664113895498048,0.37725546566094154,0.13008504765809048,0.3992960055370076,Cert,,FLOOR_COLLAPSED,0.07969936724846238,0.013664113895498048,0.37725546566094154,0.13008504765809048,0.3992960055370076,0.0,0.0,0.3385113531228943,0.0,False,True,0.0,-0.0,
dirichlet_22,0.07969936724846238,0.013664113895498048,0.37725546566094154,0.13008504765809048,0.3992960055370076,MaxMin,c=0.0,INFEASIBLE_BALL_MISSES_SIMPLEX,,,,,,,,,,False,False,,,
dirichlet_22,0.07969936724846238,0.013664113895498048,0.37725546566094154,0.13008504765809048,0.3992960055370076,MaxMin,c=0.1,INFEASIBLE_BALL_MISSES_SIMPLEX,,,,,,,,,,False,False,,,
dirichlet_22,0.07969936724846238,0.013664113895498048,0.37725546566094154,0.13008504765809048,0.3992960055370076,MaxMin,c=0.25,INFEASIBLE_BALL_MISSES_SIMPLEX,,,,,,,,,,False,False,,,
dirichlet_22,0.07969936724846238,0.013664113895498048,0.37725546566094154,0.13008504765809048,0.3992960055370076,MaxMin,c=0.5,INFEASIBLE_BALL_MISSES_SIMPLEX,,,,,,,,,,False,False,,,
dirichlet_22,0.07969936724846238,0.013664113895498048,0.37725546566094154,0.13008504765809048,0.3992960055370076,MaxMin,c=0.75,OK,0.03445885527027836,0.0,0.41664659784898167,0.08245909164202357,0.46643545523871643,0.10276677780462729,0.10020021004387715,0.3681083932714759,-0.044311483602682354,True,True,-0.044311483602682354,,
dirichlet_22,0.07969936724846238,0.013664113895498048,0.37725546566094154,0.13008504765809048,0.3992960055370076,MaxMin,c=0.9,OK,0.06754786392886383,0.0015878483658052483,0.38933174937262865,0.11657209659260498,0.42496044174009734,0.035785401806821854,0.035085004125734474,0.3496719746848982,-0.012339729244804625,True,True,-0.012339729244804625,,
dirichlet_22,0.07969936724846238,0.013664113895498048,0.37725546566094154,0.13008504765809048,0.3992960055370076,MaxMin,c=0.95,OK,0.07380892324309099,0.00780357846821816,0.3800110124840188,0.12325803317774787,0.4151184526269242,0.019328585126620296,0.019054243947510447,0.34406119303880356,-0.006132992945623518,True,True,-0.006132992945623518,,
dirichlet_22,0.07969936724846238,0.013664113895498048,0.37725546566094154,0.13008504765809048,0.3992960055370076,MaxMin,c=1.0,OK,0.07969936724846238,0.013664113895498048,0.37725546566094154,0.13008504765809048,0.3992960055370076,0.0,0.0,0.3385113531228943,0.0,False,True,0.0,,
dirichlet_22,0.07969936724846238,0.013664113895498048,0.37725546566094154,0.13008504765809048,0.3992960055370076,Fair,"alpha=0.0,eps=0.01",OK,0.1226753429161207,0.0016353271514953204,0.3657346394530281,0.1203185811582316,0.3896361093211243,0.04809421061237312,0.04695898629350583,0.3326008186798442,-0.010000000000000028,True,True,,,0.05131114208474287
dirichlet_22,0.07969936724846238,0.013664113895498048,0.37725546566094154,0.13008504765809048,0.3992960055370076,Fair,"alpha=0.0,eps=0.02",OK,0.15523923131093148,0.0,0.35424362471376175,0.11053408435492681,0.37998305962038004,0.08472162617044121,0.08297917160606755,0.3260484060922837,-0.02000000000000002,True,True,,,0.10260506549448026
dirichlet_22,0.07969936724846238,0.013664113895498048,0.37725546566094154,0.13008504765809048,0.3992960055370076,Fair,"alpha=0.0,eps=0.05",OK,0.24801612229448997,0.0,0.3197846522793773,0.08117208317595258,0.3510271422501802,0.19116091045489791,0.18781912741571558,0.3060881852617431,-0.05000000000000001,True,True,,,0.2564787080642257
dirichlet_22,0.07969936724846238,0.013664113895498048,0.37725546566094154,0.13008504765809048,0.3992960055370076,Fair,"alpha=0.0,eps=0.1",OK,0.4026442739337542,0.0,0.2623530315554032,0.032235414544328864,0.30276727996651387,0.369560598125206,0.36353223969067283,0.2728211505441753,-0.10000000000000002,True,True,,,0.5129347790138016
dirichlet_22,0.07969936724846238,0.013664113895498048,0.37725546566094154,0.13008504765809048,0.3992960055370076,Fair,"alpha=0.5,eps=0.01",OK,0.08019575050032712,0.014120671303346226,0.37736663437618956,0.12990964176700517,0.398407302053132,0.0011347953963260567,0.0011521688683524872,0.33823608681732126,-0.0008913131219910909,True,True,,,1.000356195911805
dirichlet_22,0.07969936724846238,0.013664113895498048,0.37725546566094154,0.13008504765809048,0.3992960055370076,Fair,"alpha=0.5,eps=0.02",OK,0.08069213387363765,0.014577228733518624,0.3774778030751649,0.1297342356565805,0.3975185986610984,0.0022695908151408157,0.0023043377670294773,0.33796082052176396,-0.0017826261629695249,True,True,,,1.4147172994624313
dirichlet_22,0.07969936724846238,0.013664113895498048,0.37725546566094154,0.13008504765809048,0.3992960055370076,Fair,"alpha=0.5,eps=0.05",OK,0.0821812835020494,0.01594690102470529,0.37781130907891564,0.12920801799643514,0.3948524883978946,0.005673976812202628,0.005760844175518028,0.337135021618675,-0.004456565340760565,True,True,,,2.236864455771893
dirichlet_22,0.07969936724846238,0.013664113895498048,0.37725546566094154,0.13008504765809048,0.3992960055370076,Fair,"alpha=0.5,eps=0.1",OK,0.08466319976279829,0.018229688972571143,0.3783671524542901,0.12833098805507617,0.3904089707552644,0.011347954390290604,0.011521689133417785,0.3357586898841893,-0.00891313119486757,True,True,,,3.1634040505429235
dirichlet_22,0.07969936724846238,0.013664113895498048,0.37725546566094154,0.13008504765809048,0.3992960055370076,Fair,"alpha=1.0,eps=0.01",OK,0.07994765064739144,0.01389296269758087,0.37731426805031476,0.13000065758114246,0.3988444610235705,0.0005731389657813768,0.0005818122080876524,0.3383725904297094,-0.00045265619540509825,True,True,,,-23.02405821544571
dirichlet_22,0.07969936724846238,0.013664113895498048,0.37725546566094154,0.13008504765809048,0.3992960055370076,Fair,"alpha=1.0,eps=0.02",OK,0.08019593418508741,0.014121811531469377,0.37737307064801484,0.12991626757782385,0.39839291605760435,0.0011462783714312557,0.0011636248606706286,0.3382338276601259,-0.0009053128374945719,True,True,,,-19.558322312645984
dirichlet_22,0.07969936724846238,0.013664113895498048,0.37725546566094154,0.13008504765809048,0.3992960055370076,Fair,"alpha=1.0,eps=0.05",OK,0.08094078479861924,0.01480835790085578,0.3775494777631781,0.129663097584447,0.3970382819528999,0.0028656958388461203,0.002909062048497315,0.3378175394103766,-0.0022632819728631965,True,True,,,-14.97686865327521
dirichlet_22,0.07969936724846238,0.013664113895498048,0.37725546566094154,0.13008504765809048,0.3992960055370076,Fair,"alpha=1.0,eps=0.1",OK,0.08218220216032225,0.01595260203325232,0.37784349035774584,0.12924114726172958,0.3947805581869501,0.005731391877228715,0.005818124318080522,0.3371237257593862,-0.004526564139737795,True,True,,,-11.511132750475483
dirichlet_22,0.07969936724846238,0.013664113895498048,0.37725546566094154,0.13008504765809048,0.3992960055370076,Fair,"alpha=2.0,eps=0.01",OK,0.07982351738883714,0.013778666597685228,0.3772856713275745,0.13004370287254763,0.39906844181335555,0.0002879975708997886,0.0002923290074094098,0.3384416934853579,-0.0002280702914564596,True,True,,,-499.91007439854934
dirichlet_22,0.07969936724846238,0.013664113895498048,0.37725546566094154,0.13008504765809048,0.3992960055370076,Fair,"alpha=2.0,eps=0.02",OK,0.07994766752963989,0.013893219303873083,0.3773158769914712,0.1300023580874869,0.398840878087529,0.0005759951449373524,0.0005846580179110749,0.3383720338461745,-0.00045614058504218945,True,True,,,-249.95503719927467
dirichlet_22,0.07969936724846238,0.013664113895498048,0.37725546566094154,0.13008504765809048,0.3992960055370076,Fair,"alpha=2.0,eps=0.05",OK,0.08032011798487237,0.014236877708001253,0.37740649388045444,0.1298783238574836,0.3981581865691884,0.0014399882353764405,0.0014616454139618432,0.3381630547857788,-0.001140351798228525,True,True,,,-99.98201487970985
dirichlet_22,0.07969936724846238,0.013664113895498048,0.37725546566094154,0.13008504765809048,0.3992960055370076,Fair,"alpha=2.0,eps=0.1",OK,0.08094086862571313,0.014809640903524589,0.37755752232985446,0.1296715998329711,0.3970203683079368,0.0028799756821017704,0.002923290045905131,0.33781475675299627,-0.0022807029057545043,True,True,,,-49.991007439854926
dirichlet_23,0.33493582699630764,0.44559289581784395,0.12898054513390741,0.06739982157712732,0.023090910474813858,Avg,rho=0.0,OK,0.0,1.0,0.0,3.469446951953614e-18,0.0,0.6642749073174216,0.643099854631433,0.4760597928230822,-0.30626962502912264,True,True,,,
dirichlet_23,0.33493582699630764,0.44559289581784395,0.12898054513390741,0.06739982157712732,0.023090910474813858,Avg,rho=0.1,OK,0.16884361631992756,0.831156383680072,2.723515857283587e-16,1.8041124150158794e-16,5.377642775528102e-17,0.4449244123871805,0.4317814094651856,0.4586664714044422,-0.14870067323645475,True,True,,,
dirichlet_23,0.33493582699630764,0.44559289581784395,0.12898054513390741,0.06739982157712732,0.023090910474813858,Avg,rho=0.2,OK,0.3068254428532915,0.6931745571467084,1.6653345369377346e-16,6.591949208711866e-17,0.0,0.28948018903070516,0.2825408595212765,0.44445235830301294,-0.11891749605825733,True,True,,,
dirichlet_23,0.33493582699630764,0.44559289581784395,0.12898054513390741,0.06739982157712732,0.023090910474813858,Avg,rho=0.5,OK,0.38961453877330965,0.6103854612266905,0.0,1.395910297075087e-17,0.0,0.22772408360523885,0.2235614004832233,0.4359238904421554,-0.1186905805422295,True,True,,,
dirichlet_23,0.33493582699630764,0.44559289581784395,0.12898054513390741,0.06739982157712732,0.023090910474813858,Cert,,FLOOR_COLLAPSED,0.3349358269963076,0.44559289581784384,0.1289805451339074,0.0673998215771273,0.023090910474813854,1.27993912314e-16,1.3343527015127403e-16,0.3656970086731343,-1.1645134464194708e-16,False,True,0.0,-0.0,
dirichlet_23,0.33493582699630764,0.44559289581784395,0.12898054513390741,0.06739982157712732,0.023090910474813858,MaxMin,c=0.0,INFEASIBLE_BALL_MISSES_SIMPLEX,,,,,,,,,,False,False,,,
dirichlet_23,0.33493582699630764,0.44559289581784395,0.12898054513390741,0.06739982157712732,0.023090910474813858,MaxMin,c=0.1,INFEASIBLE_BALL_MISSES_SIMPLEX,,,,,,,,,,False,False,,,
dirichlet_23,0.33493582699630764,0.44559289581784395,0.12898054513390741,0.06739982157712732,0.023090910474813858,MaxMin,c=0.25,INFEASIBLE_BALL_MISSES_SIMPLEX,,,,,,,,,,False,False,,,
dirichlet_23,0.33493582699630764,0.44559289581784395,0.12898054513390741,0.06739982157712732,0.023090910474813858,MaxMin,c=0.5,INFEASIBLE_BALL_MISSES_SIMPLEX,,,,,,,,,,False,False,,,
dirichlet_23,0.33493582699630764,0.44559289581784395,0.12898054513390741,0.06739982157712732,0.023090910474813858,MaxMin,c=0.75,OK,0.3386774228515967,0.5523242858339333,0.082786191309634,0.026212100004836154,9.020562075079397e-17,0.1255751808058643,0.12356848165503215,0.4057293571435695,-0.04125072864347199,True,True,-0.04125072864347199,,
dirichlet_23,0.33493582699630764,0.44559289581784395,0.12898054513390741,0.06739982157712732,0.023090910474813858,MaxMin,c=0.9,OK,0.3201562982414066,0.4983430384945565,0.11499377832687563,0.05526146364048903,0.011245421296672185,0.05902793419739663,0.05766828560515147,0.38148078843542654,-0.01230861100439731,True,True,-0.01230861100439731,,
dirichlet_23,0.33493582699630764,0.44559289581784395,0.12898054513390741,0.06739982157712732,0.023090910474813858,MaxMin,c=0.95,OK,0.3277899290269139,0.47109757487019643,0.12221794734190312,0.06153092895073391,0.0173636198102526,0.028539989475566036,0.027882599766087507,0.3733284617203315,-0.005951209936461517,True,True,-0.005951209936461517,,
dirichlet_23,0.33493582699630764,0.44559289581784395,0.12898054513390741,0.06739982157712732,0.023090910474813858,MaxMin,c=1.0,OK,0.3349358269963076,0.44559289581784384,0.1289805451339074,0.0673998215771273,0.023090910474813854,1.27993912314e-16,1.3343527015127403e-16,0.3656970086731343,-1.1645134464194708e-16,False,True,-1.1645134464194708e-16,,
dirichlet_23,0.33493582699630764,0.44559289581784395,0.12898054513390741,0.06739982157712732,0.023090910474813858,Fair,"alpha=0.0,eps=0.01",OK,0.37791180266396585,0.43356410907384113,0.11745971892599397,0.057633355077268425,0.013431014258930554,0.048094210612373046,0.046958986293505756,0.37288294848141273,-0.0100000000000001,True,True,,,0.05131114208474287
dirichlet_23,0.33493582699630764,0.44559289581784395,0.12898054513390741,0.06739982157712732,0.023090910474813858,Fair,"alpha=0.0,eps=0.02",OK,0.42088777833162416,0.42153532232983837,0.10593889271808055,0.047866888577409554,0.0037711180430472563,0.09618842122474616,0.0939179725870116,0.3800688882896911,-0.020000000000000136,True,True,,,0.10262228416948574
dirichlet_23,0.33493582699630764,0.44559289581784395,0.12898054513390741,0.06739982157712732,0.023090910474813858,Fair,"alpha=0.0,eps=0.05",OK,0.5226222475005747,0.3870501021105279,0.07271515580598618,0.017612494582911174,0.0,0.21173382641602015,0.20624099766648987,0.3932097445318754,-0.050000000000000114,True,True,,,0.2546851284905019
dirichlet_23,0.33493582699630764,0.44559289581784395,0.12898054513390741,0.06739982157712732,0.023090910474813858,Fair,"alpha=0.0,eps=0.1",OK,0.6493203231041532,0.3317124296646231,0.018967247231223696,0.0,0.0,0.3591451291259119,0.34882279876592553,0.40340089408659247,-0.10000000000000007,True,True,,,0.5063549545850674
dirichlet_23,0.33493582699630764,0.44559289581784395,0.12898054513390741,0.06739982157712732,0.023090910474813858,Fair,"alpha=0.5,eps=0.01",OK,0.3354322100670514,0.4460494530773062,0.12909171390514965,0.06722441577615168,0.022202207174341074,0.0011347951053275176,0.0011521685730465842,0.3660750224543354,-0.0008913129357855839,True,True,,,1.0003561959118048
dirichlet_23,0.33493582699630764,0.44559289581784395,0.12898054513390741,0.06739982157712732,0.023090910474813858,Fair,"alpha=0.5,eps=0.02",OK,0.3359285936044711,0.4465060106289626,0.1292028825124515,0.06704900982729352,0.02131350342682127,0.0022695908892445015,0.0023043378315550484,0.3664530364935628,-0.0017826263219655216,True,True,,,1.4147172994624313
dirichlet_23,0.33493582699630764,0.44559289581784395,0.12898054513390741,0.06739982157712732,0.023090910474813858,Fair,"alpha=0.5,eps=0.05",OK,0.3374177429567879,0.44787568309702086,0.12953638917752208,0.06652279209989237,0.018647392668776984,0.005673977299407022,0.005760844673473849,0.36758707822293885,-0.004456565996722534,True,True,,,2.236864455771893
dirichlet_23,0.33493582699630764,0.44559289581784395,0.12898054513390741,0.06739982157712732,0.023090910474813858,Fair,"alpha=0.5,eps=0.1",OK,0.3398996602391789,0.45015847102392015,0.1300922315906315,0.06564576164528689,0.014203875500982758,0.011347954929150026,0.011521689680524493,0.3694771482319035,-0.008913131399822256,True,True,,,3.163404050542923
dirichlet_23,0.33493582699630764,0.44559289581784395,0.12898054513390741,0.06739982157712732,0.023090910474813858,Fair,"alpha=1.0,eps=0.01",OK,0.33518411039523677,0.44582174461992674,0.12903934752328053,0.06731543150017921,0.02263936596137673,0.0005731389657814206,0.0005818122080876942,0.365886922005968,-0.00045265619540513403,True,True,,,-23.02405821544571
dirichlet_23,0.33493582699630764,0.44559289581784395,0.12898054513390741,0.06739982157712732,0.023090910474813858,Fair,"alpha=1.0,eps=0.02",OK,0.33543239401797026,0.44605059340590886,0.1290981499829094,0.06723104154218791,0.022187821051023564,0.0011462783244867401,0.0011636248086169788,0.3660768354239246,-0.0009053127796381733,True,True,,,-19.558322312645984
dirichlet_23,0.33493582699630764,0.44559289581784395,0.12898054513390741,0.06739982157712732,0.023090910474813858,Fair,"alpha=1.0,eps=0.05",OK,0.3361772443367663,0.4467371393201085,0.12927455666386362,0.06697787203442208,0.02083318764483964,0.0028656948160942215,0.0029090609857208133,0.3666465752155216,-0.002263281196924944,True,True,,,-14.97686865327521
dirichlet_23,0.33493582699630764,0.44559289581784395,0.12898054513390741,0.06739982157712732,0.023090910474813858,Fair,"alpha=1.0,eps=0.1",OK,0.3374186626697067,0.44788138325308363,0.12956857005492892,0.06655592144308531,0.018575462579195377,0.005731392340817087,0.005818124777661382,0.36759614249192935,-0.004526564669643935,True,True,,,-11.511132750475483
dirichlet_23,0.33493582699630764,0.44559289581784395,0.12898054513390741,0.06739982157712732,0.023090910474813858,Fair,"alpha=2.0,eps=0.01",OK,0.33505997716169655,0.44570744853325694,0.12901075077608407,0.06735847680521029,0.02286334672375231,0.0002879976040802462,0.00029232903980149584,0.36579218184326817,-0.00022807031795869844,True,True,,,-499.91007439854934
dirichlet_23,0.33493582699630764,0.44559289581784395,0.12898054513390741,0.06739982157712732,0.023090910474813858,Fair,"alpha=2.0,eps=0.02",OK,0.3351841272156935,0.4458220012376543,0.12904095657849313,0.0673171319114616,0.022635783056697424,0.0005759951236770388,0.0005846580025573659,0.36588735498654823,-0.0004561405587465799,True,True,,,-249.95503719927467
dirichlet_23,0.33493582699630764,0.44559289581784395,0.12898054513390741,0.06739982157712732,0.023090910474813858,Fair,"alpha=2.0,eps=0.05",OK,0.3355565776995282,0.4461656593517978,0.12913157343253526,0.06719309761286174,0.021953091903277207,0.0014399878289408927,0.0014616450120312685,0.366172874469292,-0.0011403514124808509,True,True,,,-99.98201487970987
dirichlet_23,0.33493582699630764,0.44559289581784395,0.12898054513390741,0.06739982157712732,0.023090910474813858,Fair,"alpha=2.0,eps=0.1",OK,0.3361773292376831,0.44673842287199017,0.12928260091041058,0.06698637361871228,0.020815273361203996,0.0028799759072597082,0.002923290258587608,0.3666487404277245,-0.0022807027941681357,True,True,,,-49.991007439854926
dirichlet_24,0.28356743031879594,0.25931316112899694,0.40856504305184216,0.042033046211393796,0.0065213192889710505,Avg,rho=0.0,OK,6.661338147750938e-16,0.0,0.9999999999999993,9.887923813067798e-17,6.245004513516504e-17,0.7065822074972341,0.6889398938022241,0.43841707375150685,-0.2691818359151335,True,True,,,
dirichlet_24,0.28356743031879594,0.25931316112899694,0.40856504305184216,0.042033046211393796,0.0065213192889710505,Avg,rho=0.1,OK,0.13694817938759984,1.7206288477344955e-16,0.8630518206124,0.0,7.719519468096792e-17,0.5450761926875874,0.5315512145924158,0.42275312137953347,-0.24622737559497512,True,True,,,
dirichlet_24,0.28356743031879594,0.25931316112899694,0.40856504305184216,0.042033046211393796,0.0065213192889710505,Avg,rho=0.2,OK,0.2204368484284478,0.1334952025679176,0.6460679490036346,1.450289812288813e-17,0.0,0.2793430936696221,0.2725601140166039,0.39477260151913235,-0.11846541138383139,True,True,,,
dirichlet_24,0.28356743031879594,0.25931316112899694,0.40856504305184216,0.042033046211393796,0.0065213192889710505,Avg,rho=0.5,OK,0.26794318076595014,0.21868653108204336,0.5133702881520065,0.0,0.0,0.12119440673003445,0.11875953861522584,0.3775768336994569,-0.04148939860279367,True,True,,,
dirichlet_24,0.28356743031879594,0.25931316112899694,0.40856504305184216,0.042033046211393796,0.0065213192889710505,Cert,,FLOOR_COLLAPSED,0.283567430318796,0.259313161128997,0.4085650430518422,0.0420330462113938,0.006521319288971051,9.640209695879514e-17,1.0201571466376862e-16,0.35147232477523493,2.1772650762091054e-18,False,True,2.1772650762091054e-18,-0.0,
dirichlet_24,0.28356743031879594,0.25931316112899694,0.40856504305184216,0.042033046211393796,0.0065213192889710505,MaxMin,c=0.0,INFEASIBLE_BALL_MISSES_SIMPLEX,,,,,,,,,,False,False,,,
dirichlet_24,0.28356743031879594,0.25931316112899694,0.40856504305184216,0.042033046211393796,0.0065213192889710505,MaxMin,c=0.1,INFEASIBLE_BALL_MISSES_SIMPLEX,,,,,,,,,,False,False,,,
dirichlet_24,0.28356743031879594,0.25931316112899694,0.40856504305184216,0.042033046211393796,0.0065213192889710505,MaxMin,c=0.25,INFEASIBLE_BALL_MISSES_SIMPLEX,,,,,,,,,,False,False,,,
dirichlet_24,0.28356743031879594,0.25931316112899694,0.40856504305184216,0.042033046211393796,0.0065213192889710505,MaxMin,c=0.5,INFEASIBLE_BALL_MISSES_SIMPLEX,,,,,,,,,,False,False,,,
dirichlet_24,0.28356743031879594,0.25931316112899694,0.40856504305184216,0.042033046211393796,0.0065213192889710505,MaxMin,c=0.75,INFEASIBLE_BALL_MISSES_SIMPLEX,,,,,,,,,,False,False,,,
dirichlet_24,0.28356743031879594,0.25931316112899694,0.40856504305184216,0.042033046211393796,0.0065213192889710505,MaxMin,c=0.9,OK,0.2605993169876801,0.2365940610375811,0.4818136142926007,0.020993007682138097,0.0,0.08303165513434323,0.08123495552865238,0.3679835768084769,-0.020861590669277248,True,True,-0.020861590669277248,,
dirichlet_24,0.28356743031879594,0.25931316112899694,0.40856504305184216,0.042033046211393796,0.0065213192889710505,MaxMin,c=0.95,OK,0.27586357166291725,0.2517010827114911,0.43703212160001526,0.03532391594535252,7.930808022393444e-05,0.03184618775351622,0.03125285024147516,0.35868376810525077,-0.006806928253621809,True,True,-0.006806928253621809,,
dirichlet_24,0.28356743031879594,0.25931316112899694,0.40856504305184216,0.042033046211393796,0.0065213192889710505,MaxMin,c=1.0,OK,0.283567430318796,0.259313161128997,0.4085650430518422,0.0420330462113938,0.006521319288971051,9.640209695879514e-17,1.0201571466376862e-16,0.35147232477523493,2.1772650762091054e-18,False,True,2.1772650762091054e-18,,
dirichlet_24,0.28356743031879594,0.25931316112899694,0.40856504305184216,0.042033046211393796,0.0065213192889710505,Fair,"alpha=0.0,eps=0.01",OK,0.3231577019471603,0.2474837232961019,0.39721089602273546,0.03214767873400221,0.0,0.04445773225480975,0.04334488384217141,0.35509474444525996,-0.010000000000000012,True,True,,,0.05107824648000725
dirichlet_24,0.28356743031879594,0.25931316112899694,0.40856504305184216,0.042033046211393796,0.0065213192889710505,Fair,"alpha=0.0,eps=0.02",OK,0.3557131748204352,0.23606849162399746,0.3862030741496261,0.02201525940594134,0.0,0.08178398472276459,0.0796083174664684,0.3567894918499372,-0.019999999999999993,True,True,,,0.10167258364861419
dirichlet_24,0.28356743031879594,0.25931316112899694,0.40856504305184216,0.042033046211393796,0.0065213192889710505,Fair,"alpha=0.0,eps=0.05",OK,0.444229209523729,0.20226370922258657,0.35350708125368446,0.0,0.0,0.18413997663886503,0.17891233129502354,0.35968090906474953,-0.04999999999999994,True,True,,,0.2531254191195832
dirichlet_24,0.28356743031879594,0.25931316112899694,0.40856504305184216,0.042033046211393796,0.0065213192889710505,Fair,"alpha=0.0,eps=0.1",OK,0.5517002373466255,0.14785249494402966,0.3004472677093449,0.0,0.0,0.31275779804044634,0.3031209941034449,0.35490087242201895,-0.09999999999999999,True,True,,,0.5041014699085398
dirichlet_24,0.28356743031879594,0.25931316112899694,0.40856504305184216,0.042033046211393796,0.0065213192889710505,Fair,"alpha=0.5,eps=0.01",OK,0.2840638136631002,0.25976971855892483,0.40867621165153684,0.041857640305469644,0.005632615820968532,0.001134795424187055,0.001152168894417513,0.3517963528181799,-0.0008913131065223165,True,True,,,1.0003561959118048
dirichlet_24,0.28356743031879594,0.25931316112899694,0.40856504305184216,0.042033046211393796,0.0065213192889710505,Fair,"alpha=0.5,eps=0.02",OK,0.2845601974429037,0.2602262760462651,0.4087873795211598,0.04168223459399037,0.004743912395681165,0.0022695909269414565,0.0023043378446981374,0.3521203807115145,-0.0017826261589910795,True,True,,,1.4147172994624313
dirichlet_24,0.28356743031879594,0.25931316112899694,0.40856504305184216,0.042033046211393796,0.0065213192889710505,Fair,"alpha=0.5,eps=0.05",OK,0.28604934659445463,0.2615959482639975,0.40912088662705437,0.04115601662128955,0.0020778018932039685,0.005673977029528003,0.005760844395130008,0.35309246508958614,-0.004456565592842402,True,True,,,2.236864455771893
dirichlet_24,0.28356743031879594,0.25931316112899694,0.40856504305184216,0.042033046211393796,0.0065213192889710505,Fair,"alpha=0.5,eps=0.1",OK,0.2879947388842527,0.26334843306686023,0.4091774775039612,0.039479350544925906,0.0,0.009236261339419695,0.009405193890630086,0.3541459935931099,-0.006599210942455467,True,True,,,3.1633443104829175
dirichlet_24,0.28356743031879594,0.25931316112899694,0.40856504305184216,0.042033046211393796,0.0065213192889710505,Fair,"alpha=1.0,eps=0.01",OK,0.2838157138236827,0.2595420099291359,0.40862384548000463,0.04194865619046082,0.006069774576716038,0.0005731391632755762,0.0005818124055728745,0.35163604724944364,-0.0004526563903544546,True,True,,,-23.02405821544571
dirichlet_24,0.28356743031879594,0.25931316112899694,0.40856504305184216,0.042033046211393796,0.0065213192889710505,Fair,"alpha=1.0,eps=0.02",OK,0.28406399730923404,0.2597708587445047,0.40868264793240333,0.041864266176026455,0.005618229837831594,0.001146278346765736,0.0011636248318139613,0.35179976973260296,-0.00090531280694355,True,True,,,-19.558322312645984
dirichlet_24,0.28356743031879594,0.25931316112899694,0.40856504305184216,0.042033046211393796,0.0065213192889710505,Fair,"alpha=1.0,eps=0.05",OK,0.28480884790132194,0.26045740521474914,0.4088590550479133,0.0416110963084627,0.0042635955275530015,0.0028656959886339197,0.0029090621908044617,0.3522909371363661,-0.0022632821406356144,True,True,,,-14.97686865327521
dirichlet_24,0.28356743031879594,0.25931316112899694,0.40856504305184216,0.042033046211393796,0.0065213192889710505,Fair,"alpha=1.0,eps=0.1",OK,0.28605026358481167,0.26160164990808904,0.4091530682352578,0.04118914481730437,0.002005873454537041,0.005731390423086647,0.005818122904306796,0.35310954951623835,-0.0045265626833653205,True,True,,,-11.511132750475483
dirichlet_24,0.28356743031879594,0.25931316112899694,0.40856504305184216,0.042033046211393796,0.0065213192889710505,Fair,"alpha=2.0,eps=0.01",OK,0.28369158049085597,0.2594277138512535,0.40859524870301156,0.04199170137726921,0.006293755577609661,0.00028799758818235386,0.0002923290263544624,0.35155460550260825,-0.00022807028147426182,True,True,,,-499.91007439854934
dirichlet_24,0.28356743031879594,0.25931316112899694,0.40856504305184216,0.042033046211393796,0.0065213192889710505,Fair,"alpha=2.0,eps=0.02",OK,0.2838157305441853,0.25954226655945917,0.4086254545199829,0.041950356631045266,0.006066191745327453,0.0005759952199106135,0.0005846580967191733,0.3516368862635092,-0.0004561406795045862,True,True,,,-249.95503719927467
dirichlet_24,0.28356743031879594,0.25931316112899694,0.40856504305184216,0.042033046211393796,0.0065213192889710505,Fair,"alpha=2.0,eps=0.05",OK,0.2841881809955426,0.259885924578799,0.408716071405049,0.04182632229335468,0.005383500727254757,0.0014399877753851066,0.0014616449573276091,0.3518837283616932,-0.0011403514007199767,True,True,,,-99.98201487970987
dirichlet_24,0.28356743031879594,0.25931316112899694,0.40856504305184216,0.042033046211393796,0.0065213192889710505,Fair,"alpha=2.0,eps=0.1",OK,0.2848089317414452,0.2604586881567545,0.4088670997000298,0.04161959834828709,0.004245682053483445,0.0028799757178703416,0.002923290082940721,0.3522951319803734,-0.002280702913835615,True,True,,,-49.99100743985493
dirichlet_25,0.1522338181206526,0.5475804929740837,0.24739436144658847,0.00581048234519229,0.046980845113482626,Avg,rho=0.0,OK,2.0122792321330952e-16,0.9999999999999993,0.0,1.5352302762394735e-16,1.1796119636642283e-16,0.5397253721156626,0.5239199375098136,0.5710478876290326,-0.23243406153229176,True,True,,,
dirichlet_25,0.1522338181206526,0.5475804929740837,0.24739436144658847,0.00581048234519229,0.046980845113482626,Avg,rho=0.1,OK,4.822531263215524e-16,0.9999999999999993,1.942890293094024e-16,0.0,1.0148132334464322e-16,0.5397253721156624,0.5239199375098134,0.5710478876290326,-0.2324340615322916,True,True,,,
dirichlet_25,0.1522338181206526,0.5475804929740837,0.24739436144658847,0.00581048234519229,0.046980845113482626,Avg,rho=0.2,OK,3.716210380823041e-17,1.0,0.0,0.0,4.314942751749972e-17,0.5397253721156632,0.5239199375098141,0.5710478876290329,-0.2324340615322918,True,True,,,
dirichlet_25,0.1522338181206526,0.5475804929740837,0.24739436144658847,0.00581048234519229,0.046980845113482626,Avg,rho=0.5,OK,0.008283273341262797,0.7980564088588551,0.19366031779988205,1.0281412968714786e-16,0.0,0.29763778782252287,0.28843434054852335,0.5125142288563885,-0.1305979274937492,True,True,,,
dirichlet_25,0.1522338181206526,0.5475804929740837,0.24739436144658847,0.00581048234519229,0.046980845113482626,Cert,,FLOOR_COLLAPSED,0.15223381812065262,0.5475804929740838,0.24739436144658852,0.005810482345192291,0.04698084511348264,1.2794982158516685e-16,1.3278557804000398e-16,0.41658787617835313,5.102661683520845e-18,False,True,5.102661683520845e-18,-0.0,
dirichlet_25,0.1522338181206526,0.5475804929740837,0.24739436144658847,0.00581048234519229,0.046980845113482626,MaxMin,c=0.0,INFEASIBLE_BALL_MISSES_SIMPLEX,,,,,,,,,,False,False,,,
dirichlet_25,0.1522338181206526,0.5475804929740837,0.24739436144658847,0.00581048234519229,0.046980845113482626,MaxMin,c=0.1,INFEASIBLE_BALL_MISSES_SIMPLEX,,,,,,,,,,False,False,,,
dirichlet_25,0.1522338181206526,0.5475804929740837,0.24739436144658847,0.00581048234519229,0.046980845113482626,MaxMin,c=0.25,INFEASIBLE_BALL_MISSES_SIMPLEX,,,,,,,,,,False,False,,,
dirichlet_25,0.1522338181206526,0.5475804929740837,0.24739436144658847,0.00581048234519229,0.046980845113482626,MaxMin,c=0.5,INFEASIBLE_BALL_MISSES_SIMPLEX,,,,,,,,,,False,False,,,
dirichlet_25,0.1522338181206526,0.5475804929740837,0.24739436144658847,0.00581048234519229,0.046980845113482626,MaxMin,c=0.75,OK,0.10232062686468299,0.6943477806558341,0.1996038940908137,1.6653345369377353e-16,0.0037276983886688772,0.16798954899510302,0.16355713709945577,0.47424983143657246,-0.04313364237666613,True,True,-0.04313364237666613,,
dirichlet_25,0.1522338181206526,0.5475804929740837,0.24739436144658847,0.00581048234519229,0.046980845113482626,MaxMin,c=0.9,OK,0.13606076795404382,0.5986397070867084,0.2319710358154128,0.0,0.03332848914383491,0.05767701795014671,0.05622486185372108,0.4372094507108027,-0.013801581684393108,True,True,-0.013801581684393108,,
dirichlet_25,0.1522338181206526,0.5475804929740837,0.24739436144658847,0.00581048234519229,0.046980845113482626,MaxMin,c=0.95,OK,0.14554204091758025,0.5714643534189437,0.241061525750934,0.0003145569831476447,0.04161752292939444,0.02672627733652334,0.02611066464652071,0.4266455960572235,-0.005573011419149432,True,True,-0.005573011419149432,,
dirichlet_25,0.1522338181206526,0.5475804929740837,0.24739436144658847,0.00581048234519229,0.046980845113482626,MaxMin,c=1.0,OK,0.15223381812065262,0.5475804929740838,0.24739436144658852,0.005810482345192291,0.04698084511348264,1.2794982158516685e-16,1.3278557804000398e-16,0.41658787617835313,5.102661683520845e-18,False,True,5.102661683520845e-18,,
dirichlet_25,0.1522338181206526,0.5475804929740837,0.24739436144658847,0.00581048234519229,0.046980845113482626,Fair,"alpha=0.0,eps=0.01",OK,0.19109860754468938,0.53574766773876,0.23601798020338155,0.0,0.03713574451316908,0.04371038058778842,0.042604735822636346,0.4138088607219504,-0.009999999999999983,True,True,,,0.05116933088995245
dirichlet_25,0.1522338181206526,0.5475804929740837,0.24739436144658847,0.00581048234519229,0.046980845113482626,Fair,"alpha=0.0,eps=0.02",OK,0.22392495643094448,0.5242026674395327,0.22485375727134688,0.0,0.027018618858176066,0.08140315139898496,0.0792317130619418,0.4101628130617661,-0.01999999999999999,True,True,,,0.10213037190525805
dirichlet_25,0.1522338181206526,0.5475804929740837,0.24739436144658847,0.00581048234519229,0.046980845113482626,Fair,"alpha=0.0,eps=0.05",OK,0.31867099691674305,0.4897859904332446,0.1915430126500123,0.0,0.0,0.19079275060809436,0.1854683998916355,0.39881983727530934,-0.049999999999999926,True,True,,,0.25476121687478653
dirichlet_25,0.1522338181206526,0.5475804929740837,0.24739436144658847,0.00581048234519229,0.046980845113482626,Fair,"alpha=0.0,eps=0.1",OK,0.42614202473963964,0.4353747761546878,0.1384831991056727,0.0,0.0,0.31893327097575497,0.30912902020109456,0.3744449220501436,-0.09999999999999992,True,True,,,0.505737267663743
dirichlet_25,0.1522338181206526,0.5475804929740837,0.24739436144658847,0.00581048234519229,0.046980845113482626,Fair,"alpha=0.5,eps=0.01",OK,0.15273020136083154,0.5480370503975248,0.24750553016111582,0.0056350764276621515,0.046092141652865744,0.0011347953832900404,0.0011521688562280824,0.41692957865916735,-0.0008913131001350636,True,True,,,1.0003561959118048
dirichlet_25,0.1522338181206526,0.5475804929740837,0.24739436144658847,0.00581048234519229,0.046980845113482626,Fair,"alpha=0.5,eps=0.02",OK,0.15322658421579022,0.5484936082760284,0.24761669923070234,0.005459670187347324,0.04520343809013173,0.002269590945808078,0.002304337913845402,0.41727128140919495,-0.0017826263182492061,True,True,,,1.4147172994624313
dirichlet_25,0.1522338181206526,0.5475804929740837,0.24739436144658847,0.00581048234519229,0.046980845113482626,Fair,"alpha=0.5,eps=0.05",OK,0.1547157342302,0.5498632802038453,0.24795020514752666,0.004933452202736627,0.04253732821569145,0.005673976702701357,0.005760844089454411,0.4182963886720065,-0.004456565124620953,True,True,,,2.236864455771893
dirichlet_25,0.1522338181206526,0.5475804929740837,0.24739436144658847,0.00581048234519229,0.046980845113482626,Fair,"alpha=0.5,eps=0.1",OK,0.15719765128139315,0.5521460677002223,0.24850604860991315,0.004056422195097672,0.03809381021337354,0.011347954745355262,0.01152168951785905,0.420004901386155,-0.008913131339043437,True,True,,,3.1634040505429235
dirichlet_25,0.1522338181206526,0.5475804929740837,0.24739436144658847,0.00581048234519229,0.046980845113482626,Fair,"alpha=1.0,eps=0.01",OK,0.15248210127787296,0.5478093418218034,0.24745316416385388,0.005726092376540136,0.046529300359929755,0.0005731390861649253,0.0005818123324277868,0.41675969189379636,-0.00045265642998061715,True,True,,,-23.024058215445713
dirichlet_25,0.1522338181206526,0.5475804929740837,0.24739436144658847,0.00581048234519229,0.046980845113482626,Fair,"alpha=1.0,eps=0.02",OK,0.15273038540796982,0.54803819044677,0.2475119664159339,0.00564170233603143,0.04607775539329477,0.0011462786355651451,0.0011636251229666693,0.4169315075339063,-0.0009053130731206124,True,True,,,-19.558322312645984
dirichlet_25,0.1522338181206526,0.5475804929740837,0.24739436144658847,0.00581048234519229,0.046980845113482626,Fair,"alpha=1.0,eps=0.05",OK,0.1534752360967172,0.5487247371713102,0.24768837343652192,0.0053885319659095635,0.044723121329541024,0.0028656962908793857,0.0029090625128665123,0.4174469547073775,-0.0022632821852623004,True,True,,,-14.97686865327521
dirichlet_25,0.1522338181206526,0.5475804929740837,0.24739436144658847,0.00581048234519229,0.046980845113482626,Fair,"alpha=1.0,eps=0.1",OK,0.15471665303251247,0.5498689811118381,0.2479823861433928,0.004966581948831384,0.042465397763425124,0.005731391877228785,0.005818124318080597,0.41830603310351777,-0.004526564139737808,True,True,,,-11.511132750475483
dirichlet_25,0.1522338181206526,0.5475804929740837,0.24739436144658847,0.00581048234519229,0.046980845113482626,Fair,"alpha=2.0,eps=0.01",OK,0.15235796826022327,0.5476950456727158,0.24742456711284525,0.0057691375589120665,0.04675328139530378,0.00028799756488076897,0.00029232900136227875,0.4166740149476318,-0.00022807028605262457,True,True,,,-499.91007439854934
dirichlet_25,0.1522338181206526,0.5475804929740837,0.24739436144658847,0.00581048234519229,0.046980845113482626,Fair,"alpha=2.0,eps=0.02",OK,0.1524821183789197,0.5478095984016597,0.24745477274702166,0.005727792783712125,0.04652571768868673,0.0005759951187288127,0.0005846579906067998,0.4167601537217486,-0.000456140560010429,True,True,,,-249.95503719927467
dirichlet_25,0.1522338181206526,0.5475804929740837,0.24739436144658847,0.00581048234519229,0.046980845113482626,Fair,"alpha=2.0,eps=0.05",OK,0.15285456924823349,0.548153256064756,0.24754538918750513,0.005603758844102149,0.04584302665540318,0.0014399876209207482,0.0014616447721410005,0.4170185697319667,-0.0011403512759774216,True,True,,,-99.98201487970987
dirichlet_25,0.1522338181206526,0.5475804929740837,0.24739436144658847,0.00581048234519229,0.046980845113482626,Fair,"alpha=2.0,eps=0.1",OK,0.15347531950292478,0.5487260199033899,0.24769641804668246,0.0053970346856651264,0.04470520786133783,0.002879975640196852,0.002923289995819456,0.41744926381951797,-0.0022807029206532124,True,True,,,-49.99100743985493
dirichlet_26,0.030099609448743837,0.012994274629629415,0.3463617676071789,0.23751605438909834,0.37302829392534964,Avg,rho=0.0,OK,0.0,1.835751397825206e-16,1.1102230246251568e-16,2.944311509252581e-17,0.9999999999999997,0.7553467468870233,0.7467888155961119,0.3872586819051602,-0.35082410446529155,True,True,,,
dirichlet_26,0.030099609448743837,0.012994274629629415,0.3463617676071789,0.23751605438909834,0.37302829392534964,Avg,rho=0.1,OK,1.5515838457795456e-18,3.463868289219843e-17,0.4006858548921004,0.0,0.5993141451078996,0.33413336657603226,0.32482603417404393,0.37403977239731373,-0.22512998792520203,True,True,,,
dirichlet_26,0.030099609448743837,0.012994274629629415,0.3463617676071789,0.23751605438909834,0.37302829392534964,Avg,rho=0.2,OK,9.624668543351246e-18,1.0958812073030106e-16,0.4110440332752209,0.0643423708209375,0.5246135959038416,0.24130035559556143,0.23449621651298452,0.3658011632845595,-0.1646081599270266,True,True,,,
dirichlet_26,0.030099609448743837,0.012994274629629415,0.3463617676071789,0.23751605438909834,0.37302829392534964,Avg,rho=0.5,OK,3.388634875684937e-17,0.0,0.38182143909760236,0.17644753895754667,0.44173102194485103,0.10383474552702064,0.10102736300787706,0.353006315100258,-0.057477945021484934,True,True,,,
dirichlet_26,0.030099609448743837,0.012994274629629415,0.3463617676071789,0.23751605438909834,0.37302829392534964,Cert,,FLOOR_COLLAPSED,0.030099609448743837,0.012994274629629415,0.3463617676071789,0.23751605438909834,0.37302829392534964,0.0,0.0,0.3322108989097648,0.0,False,True,0.0,-0.0,
dirichlet_26,0.030099609448743837,0.012994274629629415,0.3463617676071789,0.23751605438909834,0.37302829392534964,MaxMin,c=0.0,INFEASIBLE_BALL_MISSES_SIMPLEX,,,,,,,,,,False,False,,,
dirichlet_26,0.030099609448743837,0.012994274629629415,0.3463617676071789,0.23751605438909834,0.37302829392534964,MaxMin,c=0.1,INFEASIBLE_BALL_MISSES_SIMPLEX,,,,,,,,,,False,False,,,
dirichlet_26,0.030099609448743837,0.012994274629629415,0.3463617676071789,0.23751605438909834,0.37302829392534964,MaxMin,c=0.25,INFEASIBLE_BALL_MISSES_SIMPLEX,,,,,,,,,,False,False,,,
dirichlet_26,0.030099609448743837,0.012994274629629415,0.3463617676071789,0.23751605438909834,0.37302829392534964,MaxMin,c=0.5,INFEASIBLE_BALL_MISSES_SIMPLEX,,,,,,,,,,False,False,,,
dirichlet_26,0.030099609448743837,0.012994274629629415,0.3463617676071789,0.23751605438909834,0.37302829392534964,MaxMin,c=0.75,INFEASIBLE_BALL_MISSES_SIMPLEX,,,,,,,,,,False,False,,,
dirichlet_26,0.030099609448743837,0.012994274629629415,0.3463617676071789,0.23751605438909834,0.37302829392534964,MaxMin,c=0.9,OK,0.015602639135318147,0.0,0.34925765206309245,0.2205132040495277,0.4146265047520616,0.049060243903327576,0.048451246178904055,0.3435119250525123,-0.015196354908138652,True,True,-0.015196354908138652,,
dirichlet_26,0.030099609448743837,0.012994274629629415,0.3463617676071789,0.23751605438909834,0.37302829392534964,MaxMin,c=0.95,OK,0.023575455599955965,0.006492192805035119,0.34419497144537115,0.22948867097600203,0.39624870917363586,0.02632799319862596,0.026109469445099606,0.33768463740824245,-0.007047647027200214,True,True,-0.007047647027200214,,
dirichlet_26,0.030099609448743837,0.012994274629629415,0.3463617676071789,0.23751605438909834,0.37302829392534964,MaxMin,c=1.0,OK,0.030099609448743837,0.012994274629629415,0.3463617676071789,0.23751605438909834,0.37302829392534964,0.0,0.0,0.3322108989097648,0.0,False,True,0.0,,
dirichlet_26,0.030099609448743837,0.012994274629629415,0.3463617676071789,0.23751605438909834,0.37302829392534964,Fair,"alpha=0.0,eps=0.01",OK,0.07307558511640216,0.0009654878856266876,0.33484094139926546,0.22774958788923946,0.36336839770946633,0.04809421061237314,0.046958986293505846,0.32375534424688457,-0.010000000000000028,True,True,,,0.05131114208474287
dirichlet_26,0.030099609448743837,0.012994274629629415,0.3463617676071789,0.23751605438909834,0.37302829392534964,Fair,"alpha=0.0,eps=0.02",OK,0.1049684337257663,0.0,0.3233518479540683,0.2179639290661937,0.35371578925397185,0.0840173009893859,0.08230850070591213,0.31512263277110053,-0.02000000000000002,True,True,,,0.10260395578269253
dirichlet_26,0.030099609448743837,0.012994274629629415,0.3463617676071789,0.23751605438909834,0.37302829392534964,Fair,"alpha=0.0,eps=0.05",OK,0.19774532470932477,0.0,0.2888928755196838,0.1886019278872194,0.324759871883772,0.19052307711658406,0.18721371001799936,0.2891781172166801,-0.05000000000000009,True,True,,,0.25647759835243805
dirichlet_26,0.030099609448743837,0.012994274629629415,0.3463617676071789,0.23751605438909834,0.37302829392534964,Fair,"alpha=0.0,eps=0.1",OK,0.35237347634858895,0.0,0.23146125479570973,0.13966525925559575,0.2765000096001057,0.36894974195288677,0.36295313049457806,0.24593725795931287,-0.10000000000000005,True,True,,,0.5129336693020138
dirichlet_26,0.030099609448743837,0.012994274629629415,0.3463617676071789,0.23751605438909834,0.37302829392534964,Fair,"alpha=0.5,eps=0.01",OK,0.030595992519487622,0.013450831889091772,0.3464729363784212,0.2373406485881227,0.37213959062487684,0.001134795105327604,0.0011521685730466755,0.3319059485739948,-0.0008913129357856035,True,True,,,1.0003561959118048
dirichlet_26,0.030099609448743837,0.012994274629629415,0.3463617676071789,0.23751605438909834,0.37302829392534964,Fair,"alpha=0.5,eps=0.02",OK,0.031092375922568895,0.013907389502813311,0.34658410501219916,0.2371652425950797,0.3712508869673389,0.0022695907944075455,0.002304337738505705,0.33160099803332316,-0.0017826262348042935,True,True,,,1.4147172994624313
dirichlet_26,0.030099609448743837,0.012994274629629415,0.3463617676071789,0.23751605438909834,0.37302829392534964,Fair,"alpha=0.5,eps=0.05",OK,0.03258152570233084,0.015277061758836655,0.34691761102515295,0.23663902472744294,0.3685847767862366,0.0056739768122026695,0.005760844175518068,0.33068614673930447,-0.004456565340760624,True,True,,,2.236864455771893
dirichlet_26,0.030099609448743837,0.012994274629629415,0.3463617676071789,0.23751605438909834,0.37302829392534964,Fair,"alpha=0.5,eps=0.1",OK,0.03506344187401052,0.01755984894816841,0.34747345472233465,0.2357619951971087,0.3641412592583777,0.01134795392426315,0.011521688654405084,0.3291613945497146,-0.00891313106244641,True,True,,,3.1634040505429235
dirichlet_26,0.030099609448743837,0.012994274629629415,0.3463617676071789,0.23751605438909834,0.37302829392534964,Fair,"alpha=1.0,eps=0.01",OK,0.03034789294874652,0.01322312342520789,0.3464205700204121,0.23743166439441962,0.37257674921121386,0.0005731391554231683,0.0005818123963575774,0.33205768244804096,-0.00045265639094165287,True,True,,,-23.02405821544571
dirichlet_26,0.030099609448743837,0.012994274629629415,0.3463617676071789,0.23751605438909834,0.37302829392534964,Fair,"alpha=1.0,eps=0.02",OK,0.030596176439778862,0.013451972237267906,0.34647937246914173,0.2373472743493835,0.372125204504428,0.0011462783188072733,0.0011636248034162838,0.33190446598856665,-0.0009053127770695586,True,True,,,-19.558322312645984
dirichlet_26,0.030099609448743837,0.012994274629629415,0.3463617676071789,0.23751605438909834,0.37302829392534964,Fair,"alpha=1.0,eps=0.05",OK,0.03134102705730435,0.014138518597337939,0.3466557797660754,0.2370941041280265,0.3707705704512557,0.0028656957958502413,0.0029090620133261965,0.33144481660103153,-0.0022632818725434583,True,True,,,-14.97686865327521
dirichlet_26,0.030099609448743837,0.012994274629629415,0.3463617676071789,0.23751605438909834,0.37302829392534964,Fair,"alpha=1.0,eps=0.1",OK,0.032582444360603695,0.015282762767383684,0.34694979230398315,0.2366721539927374,0.3685128465752921,0.005731391877228755,0.005818124318080561,0.3306787342950141,-0.004526564139737854,True,True,,,-11.511132750475483
dirichlet_26,0.030099609448743837,0.012994274629629415,0.3463617676071789,0.23751605438909834,0.37302829392534964,Fair,"alpha=2.0,eps=0.01",OK,0.030223759589413805,0.013108827334138774,0.3463919732735835,0.23747470960279288,0.372800730200071,0.00028799757332149896,0.0002923290098766816,0.3321341124337999,-0.0002280702931077216,True,True,,,-499.91007439854934
dirichlet_26,0.030099609448743837,0.012994274629629415,0.3463617676071789,0.23751605438909834,0.37302829392534964,Fair,"alpha=2.0,eps=0.02",OK,0.030347909729816294,0.013223380038240572,0.3464221789375379,0.23743336481859278,0.3725731664758124,0.0005759951450003354,0.0005846580179677891,0.3320573259578877,-0.0004561405850953521,True,True,,,-249.95503719927467
dirichlet_26,0.030099609448743837,0.012994274629629415,0.3463617676071789,0.23751605438909834,0.37302829392534964,Fair,"alpha=2.0,eps=0.05",OK,0.03072036016401052,0.013567038132363223,0.3465127959115938,0.23730933044877975,0.3718904753432527,0.0014399878272292326,0.001461645009443765,0.3318269665348735,-0.001140351421853162,True,True,,,-99.98201487970987
dirichlet_26,0.030099609448743837,0.012994274629629415,0.3463617676071789,0.23751605438909834,0.37302829392534964,Fair,"alpha=2.0,eps=0.1",OK,0.031341110777900694,0.014139801645140924,0.3466638244343394,0.23710260643717826,0.37075265670544066,0.0028799756919080386,0.0029232900639383896,0.33144303419156734,-0.002280702903139362,True,True,,,-49.991007439854926
dirichlet_27,0.18418611410119867,0.06078553309529848,0.19270023192552205,0.05303530820915666,0.5092928126688242,Avg,rho=0.0,OK,0.0,0.0,1.1102230246251565e-16,0.0,1.0,0.5642331722442799,0.5662914367347348,0.5144836381210894,-0.2052406246891333,True,True,,,
dirichlet_27,0.18418611410119867,0.06078553309529848,0.19270023192552205,0.05303530820915666,0.5092928126688242,Avg,rho=0.1,OK,6.938893903907228e-17,1.5959455978986625e-16,8.326672684688674e-17,6.938893903907228e-18,0.9999999999999998,0.5642331722442797,0.5662914367347346,0.5144836381210893,-0.20524062468913332,True,True,,,
dirichlet_27,0.18418611410119867,0.06078553309529848,0.19270023192552205,0.05303530820915666,0.5092928126688242,Avg,rho=0.2,OK,0.0,5.6112527198228856e-18,5.551115123125783e-17,0.0,1.0,0.5642331722442799,0.5662914367347348,0.5144836381210894,-0.20524062468913334,True,True,,,
dirichlet_27,0.18418611410119867,0.06078553309529848,0.19270023192552205,0.05303530820915666,0.5092928126688242,Avg,rho=0.5,OK,0.11735017666861423,8.27607305400207e-17,0.13165145550716423,0.0,0.7509983678242215,0.2704130100016817,0.2701106980613952,0.43770293257067056,-0.07343013939696846,True,True,,,
dirichlet_27,0.18418611410119867,0.06078553309529848,0.19270023192552205,0.05303530820915666,0.5092928126688242,Cert,,FLOOR_COLLAPSED,0.18418611410119867,0.06078553309529848,0.19270023192552205,0.05303530820915666,0.5092928126688242,0.0,0.0,0.34965326756126924,0.0,False,True,0.0,-0.0,
dirichlet_27,0.18418611410119867,0.06078553309529848,0.19270023192552205,0.05303530820915666,0.5092928126688242,MaxMin,c=0.0,INFEASIBLE_BALL_MISSES_SIMPLEX,,,,,,,,,,False,False,,,
dirichlet_27,0.18418611410119867,0.06078553309529848,0.19270023192552205,0.05303530820915666,0.5092928126688242,MaxMin,c=0.1,INFEASIBLE_BALL_MISSES_SIMPLEX,,,,,,,,,,False,False,,,
dirichlet_27,0.18418611410119867,0.06078553309529848,0.19270023192552205,0.05303530820915666,0.5092928126688242,MaxMin,c=0.25,INFEASIBLE_BALL_MISSES_SIMPLEX,,,,,,,,,,False,False,,,
dirichlet_27,0.18418611410119867,0.06078553309529848,0.19270023192552205,0.05303530820915666,0.5092928126688242,MaxMin,c=0.5,OK,0.1438750412342749,0.02055404141519067,0.15249813634162143,0.0010423818505376214,0.6820303991583755,0.19339416274901913,0.19232033752883435,0.4138496208958578,-0.04485501644259676,True,True,-0.04485501644259676,,
dirichlet_27,0.18418611410119867,0.06078553309529848,0.19270023192552205,0.05303530820915666,0.5092928126688242,MaxMin,c=0.75,OK,0.16485396281128942,0.04149154689090853,0.17342034333101475,0.028100841153712062,0.5921333058130753,0.09274685457248409,0.0922318756810995,0.38044018357865605,-0.02151130948169767,True,True,-0.02151130948169767,,
dirichlet_27,0.18418611410119867,0.06078553309529848,0.19270023192552205,0.05303530820915666,0.5092928126688242,MaxMin,c=0.9,OK,0.17654776081476048,0.0531622592690832,0.18508252822562918,0.04318341611901119,0.542024035571516,0.03664533919721347,0.03644186516845871,0.36181752893157315,-0.008499363521994041,True,True,-0.008499363521994041,,
dirichlet_27,0.18418611410119867,0.06078553309529848,0.19270023192552205,0.05303530820915666,0.5092928126688242,MaxMin,c=0.95,OK,0.18037894653681014,0.05698588155297637,0.1889033566889649,0.04812485138594988,0.5256069638352988,0.01826505550945703,0.018163638398540488,0.35571627349947155,-0.004236318995133692,True,True,-0.004236318995133692,,
dirichlet_27,0.18418611410119867,0.06078553309529848,0.19270023192552205,0.05303530820915666,0.5092928126688242,MaxMin,c=1.0,OK,0.18418611410119867,0.06078553309529848,0.19270023192552205,0.05303530820915666,0.5092928126688242,0.0,0.0,0.34965326756126924,0.0,False,True,0.0,,
dirichlet_27,0.18418611410119867,0.06078553309529848,0.19270023192552205,0.05303530820915666,0.5092928126688242,Fair,"alpha=0.0,eps=0.01",OK,0.227162089768857,0.04875674635129575,0.18117940571760863,0.04326884170929779,0.4996329164529409,0.048094210612373116,0.04695898629350583,0.3491040674319525,-0.01000000000000001,True,True,,,0.05131114208474287
dirichlet_27,0.18418611410119867,0.06078553309529848,0.19270023192552205,0.05303530820915666,0.5092928126688242,Fair,"alpha=0.0,eps=0.02",OK,0.2701380654365153,0.036727959607293026,0.1696585795096952,0.03350237520943891,0.4899730202370576,0.09618842122474623,0.09391797258701166,0.34855486730263574,-0.02000000000000002,True,True,,,0.10262228416948574
dirichlet_27,0.18418611410119867,0.06078553309529848,0.19270023192552205,0.05303530820915666,0.5092928126688242,Fair,"alpha=0.0,eps=0.05",OK,0.3990659924394903,0.0006415993752848514,0.13509610088595492,0.004202975709862292,0.4609933315894077,0.2404710530618656,0.2347949314675292,0.34690726691468554,-0.05000000000000002,True,True,,,0.2565557104237144
dirichlet_27,0.18418611410119867,0.06078553309529848,0.19270023192552205,0.05303530820915666,0.5092928126688242,Fair,"alpha=0.0,eps=0.1",OK,0.5100729786652825,0.0,0.07928946636290876,0.0,0.4106375549718088,0.36783791955519196,0.3596528252005066,0.33149172130186405,-0.10000000000000002,True,True,,,0.5114131122838408
dirichlet_27,0.18418611410119867,0.06078553309529848,0.19270023192552205,0.05303530820915666,0.5092928126688242,Fair,"alpha=0.5,eps=0.01",OK,0.18468249717194246,0.06124209035476084,0.1928114006967643,0.05285990240818103,0.5084041093683515,0.0011347951053275582,0.001152168573046629,0.34934459530416995,-0.0008913129357855477,True,True,,,1.0003561959118048
dirichlet_27,0.18418611410119867,0.06078553309529848,0.19270023192552205,0.05303530820915666,0.5092928126688242,Fair,"alpha=0.5,eps=0.02",OK,0.1851788797093185,0.06169864835169629,0.19292256925564294,0.052684496167107235,0.5075154065162351,0.0022695899701500964,0.0023043369175621917,0.3490359231507182,-0.001782625446543312,True,True,,,1.4147172994624313
dirichlet_27,0.18418611410119867,0.06078553309529848,0.19270023192552205,0.05303530820915666,0.5092928126688242,Fair,"alpha=0.5,eps=0.05",OK,0.18666803035478569,0.06306832022450572,0.19325607534349612,0.05215827854750132,0.5048492955297113,0.005673976812202579,0.00576084417551798,0.3481099060545199,-0.004456565340760509,True,True,,,2.236864455771893
dirichlet_27,0.18418611410119867,0.06078553309529848,0.19270023192552205,0.05303530820915666,0.5092928126688242,Fair,"alpha=0.5,eps=0.1",OK,0.18914994668904445,0.06535110730902109,0.19381191907841772,0.05128124903600577,0.5004057778875111,0.01134795404353869,0.011521688774275684,0.34656654438079004,-0.008913131175183287,True,True,,,3.1634040505429235
dirichlet_27,0.18418611410119867,0.06078553309529848,0.19270023192552205,0.05303530820915666,0.5092928126688242,Fair,"alpha=1.0,eps=0.01",OK,0.18443439761711855,0.06101438195356808,0.19275903426780683,0.05295091826607483,0.5088412678954317,0.0005731392191592186,0.000581812457217304,0.3494962623089184,-0.0004526564471591175,True,True,,,-23.02405821544571
dirichlet_27,0.18418611410119867,0.06078553309529848,0.19270023192552205,0.05303530820915666,0.5092928126688242,Fair,"alpha=1.0,eps=0.02",OK,0.1846826810385968,0.06124323075608721,0.19281783681865244,0.052866528104304734,0.5083897232823589,0.0011462783024365414,0.0011636247901942363,0.3493392571392591,-0.0009053127460339055,True,True,,,-19.558322312645984
dirichlet_27,0.18418611410119867,0.06078553309529848,0.19270023192552205,0.05303530820915666,0.5092928126688242,Fair,"alpha=1.0,eps=0.05",OK,0.18542753161032066,0.06192977711673978,0.19299424404570423,0.05261335809762099,0.5070350891296144,0.0028656957995397856,0.002909062010788893,0.34886824148066947,-0.002263281930120327,True,True,,,-14.97686865327521
dirichlet_27,0.18418611410119867,0.06078553309529848,0.19270023192552205,0.05303530820915666,0.5092928126688242,Fair,"alpha=1.0,eps=0.1",OK,0.18666894901305853,0.06307402123305275,0.19328825662232632,0.052191407812795756,0.5047773653187667,0.005731391877228706,0.005818124318080513,0.3480832153269834,-0.004526564139737796,True,True,,,-11.511132750475483
dirichlet_27,0.18418611410119867,0.06078553309529848,0.19270023192552205,0.05303530820915666,0.5092928126688242,Fair,"alpha=2.0,eps=0.01",OK,0.18431026422813565,0.06090008579685835,0.19273043762145375,0.05299396341092316,0.5090652489426292,0.0002879975717616184,0.00029232900937709716,0.3495740989419832,-0.00022807029467756387,True,True,,,-499.91007439854934
dirichlet_27,0.18418611410119867,0.06078553309529848,0.19270023192552205,0.05303530820915666,0.5092928126688242,Fair,"alpha=2.0,eps=0.02",OK,0.18443441438330438,0.061014638500384855,0.19276064325810655,0.05295261863823966,0.5088376852199646,0.0005759951438007521,0.0005846580168136947,0.34949493032030193,-0.00045614058444755053,True,True,,,-249.95503719927467
dirichlet_27,0.18418611410119867,0.06078553309529848,0.19270023192552205,0.05303530820915666,0.5092928126688242,Fair,"alpha=2.0,eps=0.05",OK,0.18480686481125758,0.06135829661237887,0.1928512602518475,0.05282858427945435,0.5081549940450617,0.0014399878643870415,0.0014616450469434744,0.3492574244580929,-0.0011403514628177491,True,True,,,-99.98201487970987
dirichlet_27,0.18418611410119867,0.06078553309529848,0.19270023192552205,0.05303530820915666,0.5092928126688242,Fair,"alpha=2.0,eps=0.1",OK,0.18542761550566886,0.06193106011988073,0.1930022885555055,0.0526218603526416,0.5070171754663034,0.0028799756798660895,0.0029232900440525136,0.3488615813695769,-0.002280702880725626,True,True,,,-49.991007439854926
dirichlet_28,0.16272172114595412,0.24607378484734208,0.4983077122411494,0.011027463914329658,0.08186931785122468,Avg,rho=0.0,OK,0.0,2.7061686225238186e-16,0.9999999999999998,0.0,3.4119667990488275e-17,0.587835017572374,0.5738398017510027,0.5205396374513914,-0.23152237090349798,True,True,,,
dirichlet_28,0.16272172114595412,0.24607378484734208,0.4983077122411494,0.011027463914329658,0.08186931785122468,Avg,rho=0.1,OK,3.923444224650119e-17,1.3877787807814457e-16,0.9999999999999998,9.13072133087988e-17,1.3900430775680708e-17,0.5878350175723741,0.5738398017510028,0.5205396374513913,-0.23152237090349811,True,True,,,
dirichlet_28,0.16272172114595412,0.24607378484734208,0.4983077122411494,0.011027463914329658,0.08186931785122468,Avg,rho=0.2,OK,2.1909263171314792e-17,0.06262828407810389,0.937371715921896,6.714601962164585e-17,6.591900917261965e-17,0.5096390877661873,0.49766719604372295,0.5057028968712539,-0.1721580017180954,True,True,,,
dirichlet_28,0.16272172114595412,0.24607378484734208,0.4983077122411494,0.011027463914329658,0.08186931785122468,Avg,rho=0.5,OK,0.0559215635504444,0.2217609313018427,0.7223175051477129,8.498472142215529e-17,4.649999122189296e-18,0.26268225290985836,0.2573606580491293,0.4504842078185886,-0.09689160139176624,True,True,,,
dirichlet_28,0.16272172114595412,0.24607378484734208,0.4983077122411494,0.011027463914329658,0.08186931785122468,Cert,,FLOOR_COLLAPSED,0.16272172114595415,0.2460737848473421,0.49830771224114945,0.01102746391432966,0.0818693178512247,6.941061969544858e-17,7.263220160125478e-17,0.37037139297641347,4.449675573431069e-18,False,True,4.449675573431069e-18,-0.0,
dirichlet_28,0.16272172114595412,0.24607378484734208,0.4983077122411494,0.011027463914329658,0.08186931785122468,MaxMin,c=0.0,INFEASIBLE_BALL_MISSES_SIMPLEX,,,,,,,,,,False,False,,,
dirichlet_28,0.16272172114595412,0.24607378484734208,0.4983077122411494,0.011027463914329658,0.08186931785122468,MaxMin,c=0.1,INFEASIBLE_BALL_MISSES_SIMPLEX,,,,,,,,,,False,False,,,
dirichlet_28,0.16272172114595412,0.24607378484734208,0.4983077122411494,0.011027463914329658,0.08186931785122468,MaxMin,c=0.25,INFEASIBLE_BALL_MISSES_SIMPLEX,,,,,,,,,,False,False,,,
dirichlet_28,0.16272172114595412,0.24607378484734208,0.4983077122411494,0.011027463914329658,0.08186931785122468,MaxMin,c=0.5,INFEASIBLE_BALL_MISSES_SIMPLEX,,,,,,,,,,False,False,,,
dirichlet_28,0.16272172114595412,0.24607378484734208,0.4983077122411494,0.011027463914329658,0.08186931785122468,MaxMin,c=0.75,OK,0.12141854413149418,0.2051498534994204,0.6282143456518593,2.2551405187698492e-17,0.04521725671722617,0.14738192744808976,0.14434432055613272,0.414291664291264,-0.037349270397128716,True,True,-0.037349270397128716,,
dirichlet_28,0.16272172114595412,0.24607378484734208,0.4983077122411494,0.011027463914329658,0.08186931785122468,MaxMin,c=0.9,OK,0.1511010666367905,0.2345915734857673,0.5412480229958258,0.0009072776075440878,0.07215205927407241,0.04803742667775498,0.0471424245051107,0.3858939779261009,-0.010267706747662036,True,True,-0.010267706747662036,,
dirichlet_28,0.16272172114595412,0.24607378484734208,0.4983077122411494,0.011027463914329658,0.08186931785122468,MaxMin,c=0.95,OK,0.15698686170491416,0.24040724789118198,0.5194990011086101,0.006033094110048395,0.07707379518524542,0.023706744718118015,0.023265056028768123,0.3780318773990303,-0.0050671719852978855,True,True,-0.0050671719852978855,,
dirichlet_28,0.16272172114595412,0.24607378484734208,0.4983077122411494,0.011027463914329658,0.08186931785122468,MaxMin,c=1.0,OK,0.16272172114595415,0.2460737848473421,0.49830771224114945,0.01102746391432966,0.0818693178512247,6.941061969544858e-17,7.263220160125478e-17,0.37037139297641347,4.449675573431069e-18,False,True,4.449675573431069e-18,,
dirichlet_28,0.16272172114595412,0.24607378484734208,0.4983077122411494,0.011027463914329658,0.08186931785122468,Fair,"alpha=0.0,eps=0.01",OK,0.20569769681361247,0.23404499810333937,0.486786886033236,0.0012609974144707841,0.0722094216353414,0.04809421061237312,0.04695898629350583,0.3687208303304074,-0.009999999999999998,True,True,,,0.05131114208474287
dirichlet_28,0.16272172114595412,0.24607378484734208,0.4983077122411494,0.011027463914329658,0.08186931785122468,Fair,"alpha=0.0,eps=0.02",OK,0.23983451485771268,0.22243753371272063,0.47557662026586456,0.0,0.06215133116370211,0.08678802811166493,0.08458093061586121,0.36575387886694966,-0.019999999999999997,True,True,,,0.10231738640293908
dirichlet_28,0.16272172114595412,0.24607378484734208,0.4983077122411494,0.011027463914329658,0.08186931785122468,Fair,"alpha=0.0,eps=0.05",OK,0.33831356151647796,0.18780253281503845,0.44208395146976054,0.0,0.03179995419872308,0.20004422168697206,0.19463880888289142,0.35626753193810023,-0.049999999999999996,True,True,,,0.25520050944885586
dirichlet_28,0.16272172114595412,0.24607378484734208,0.4983077122411494,0.011027463914329658,0.08186931785122468,Fair,"alpha=0.0,eps=0.1",OK,0.4814035636302402,0.1313081521246588,0.3872882842451009,0.0,0.0,0.3658944803379708,0.35542879972663965,0.33861150360177694,-0.1,True,True,,,0.5085837050162214
dirichlet_28,0.16272172114595412,0.24607378484734208,0.4983077122411494,0.011027463914329658,0.08186931785122468,Fair,"alpha=0.5,eps=0.01",OK,0.1632181042166979,0.24653034210680447,0.4984188810123917,0.010852058113353992,0.08098061455075191,0.0011347951053276022,0.0011521685730466755,0.37057885459558265,-0.0008913129357855771,True,True,,,1.0003561959118048
dirichlet_28,0.16272172114595412,0.24607378484734208,0.4983077122411494,0.011027463914329658,0.08186931785122468,Fair,"alpha=0.5,eps=0.02",OK,0.16371448729278948,0.24698689985404698,0.49853004974955534,0.010676652128410048,0.08009191097519824,0.002269590649765363,0.002304337595360783,0.37078631630675196,-0.0017826261534598055,True,True,,,1.4147172994624313
dirichlet_28,0.16272172114595412,0.24607378484734208,0.4983077122411494,0.011027463914329658,0.08186931785122468,Fair,"alpha=0.5,eps=0.05",OK,0.16520363666836463,0.24835657251352544,0.49886355486078227,0.01015043465460539,0.0774258013027222,0.005673976105544454,0.005760843433554625,0.3714087008397285,-0.004456564732998033,True,True,,,2.236864455771893
dirichlet_28,0.16272172114595412,0.24607378484734208,0.4983077122411494,0.011027463914329658,0.08186931785122468,Fair,"alpha=0.5,eps=0.1",OK,0.16768555624094547,0.2506393605290264,0.49941939744977537,0.00927340352620024,0.07298228225405261,0.01134795636707955,0.011521691117704671,0.3724460093491988,-0.00891313203590416,True,True,,,3.1634040505429235
dirichlet_28,0.16272172114595412,0.24607378484734208,0.4983077122411494,0.011027463914329658,0.08186931785122468,Fair,"alpha=1.0,eps=0.01",OK,0.16297000437412143,0.2463026336367229,0.4983665149117971,0.010943073912058766,0.08141777316529984,0.0005731390404917419,0.0005818122865421731,0.3704764594103486,-0.00045265636419565574,True,True,,,-23.024058215445713
dirichlet_28,0.16272172114595412,0.24607378484734208,0.4983077122411494,0.011027463914329658,0.08186931785122468,Fair,"alpha=1.0,eps=0.02",OK,0.16321828804604574,0.24653148241314748,0.4984253171855623,0.010858683905463472,0.08096622844978092,0.0011462782512784958,0.0011636247359801707,0.37058152572327396,-0.0009053127565591906,True,True,,,-19.558322312645984
dirichlet_28,0.16272172114595412,0.24607378484734208,0.4983077122411494,0.011027463914329658,0.08186931785122468,Fair,"alpha=1.0,eps=0.05",OK,0.16396313930511153,0.24721802801650752,0.4986017247514043,0.010605513693407377,0.0796115942335694,0.0028656958587590545,0.002909062080455489,0.370896724882008,-0.002263282014028003,True,True,,,-14.97686865327521
dirichlet_28,0.16272172114595412,0.24607378484734208,0.4983077122411494,0.011027463914329658,0.08186931785122468,Fair,"alpha=1.0,eps=0.1",OK,0.1652045538963873,0.24836227127615426,0.49889574038593054,0.010183563465881118,0.07735387097564674,0.0057313902461439675,0.005818122748440989,0.37142205773119974,-0.004526563682327949,True,True,,,-11.511132750475483
dirichlet_28,0.16272172114595412,0.24607378484734208,0.4983077122411494,0.011027463914329658,0.08186931785122468,Fair,"alpha=2.0,eps=0.01",OK,0.16284587128662412,0.24618833755185143,0.4983379179075541,0.010986119128024259,0.08164175412594613,0.0002879975733214344,0.000292329009876621,0.3704242542475041,-0.00022807029310762048,True,True,,,-499.91007439854934
dirichlet_28,0.16272172114595412,0.24607378484734208,0.4983077122411494,0.011027463914329658,0.08186931785122468,Fair,"alpha=2.0,eps=0.02",OK,0.1629700213753693,0.2463028901959629,0.49836812362274946,0.010944774397746748,0.08141419040817151,0.0005759950913801056,0.0005846579629065982,0.37047711551852336,-0.00045614057629011817,True,True,,,-249.95503719927464
dirichlet_28,0.16272172114595412,0.24607378484734208,0.4983077122411494,0.011027463914329658,0.08186931785122468,Fair,"alpha=2.0,eps=0.05",OK,0.16334247185466383,0.24664654836338454,0.49845874056840045,0.010820739981807293,0.08073149923174383,0.0014399878605113332,0.001461645043166298,0.3706356993292172,-0.0011403514587003537,True,True,,,-99.98201487970985
dirichlet_28,0.16272172114595412,0.24607378484734208,0.4983077122411494,0.011027463914329658,0.08186931785122468,Fair,"alpha=2.0,eps=0.1",OK,0.1639632227014901,0.24721931184805276,0.4986097688436712,0.010614016094413757,0.07959368051237231,0.0028799758350817523,0.0029232901982141984,0.37090000566743453,-0.0022807030142837875,True,True,,,-49.991007439854926
dirichlet_29,0.33812575644571324,0.24319566034786871,0.12246812139369438,0.16456645550625318,0.13164400630647047,Avg,rho=0.0,OK,1.0,0.0,0.0,0.0,0.0,0.7460779764371855,0.727703090000457,0.36473442443708437,-0.2092338211509735,True,True,,,
dirichlet_29,0.33812575644571324,0.24319566034786871,0.12246812139369438,0.16456645550625318,0.13164400630647047,Avg,rho=0.1,OK,0.7852202702574846,0.21477972974251533,0.0,3.122502256758253e-17,5.724587470723463e-17,0.5100114438174528,0.502880671124717,0.3456781313147962,-0.16694831769642457,True,True,,,
dirichlet_29,0.33812575644571324,0.24319566034786871,0.12246812139369438,0.16456645550625318,0.13164400630647047,Avg,rho=0.2,OK,0.6535360779631525,0.32073256964900865,9.1691316540278e-19,0.025731352387838767,0.0,0.39635768471890015,0.3940382425281611,0.3316241137419393,-0.14146591354220717,True,True,,,
dirichlet_29,0.33812575644571324,0.24319566034786871,0.12246812139369438,0.16456645550625318,0.13164400630647047,Avg,rho=0.5,OK,0.48136205541470084,0.2911559233409573,0.04654851962411228,0.1271278675042098,0.0538056341160197,0.18984485812999316,0.1881339420715417,0.29441501590696606,-0.07879613695083888,True,True,,,
dirichlet_29,0.33812575644571324,0.24319566034786871,0.12246812139369438,0.16456645550625318,0.13164400630647047,Cert,,FLOOR_COLLAPSED,0.3381257564457133,0.24319566034786874,0.1224681213936944,0.1645664555062532,0.1316440063064705,7.473417450352271e-17,7.826629571434062e-17,0.25902063607038217,1.8966716410569256e-17,False,True,1.8966716410569256e-17,-0.0,
dirichlet_29,0.33812575644571324,0.24319566034786871,0.12246812139369438,0.16456645550625318,0.13164400630647047,MaxMin,c=0.0,OK_EXACT_D0,0.47754358054656165,0.29388866323242513,0.054270318367041506,0.12313988695115555,0.051157550902816123,0.1866876553011086,0.18550573774023282,0.29387291671220767,-0.08164073100024997,True,True,-0.08164073100024997,,
dirichlet_29,0.33812575644571324,0.24319566034786871,0.12246812139369438,0.16456645550625318,0.13164400630647047,MaxMin,c=0.1,OK,0.4734404980664716,0.28977829687002626,0.05009358515185784,0.11888699682205553,0.06780062308958876,0.17855163216203845,0.17697139619612479,0.2922139918531155,-0.0652954358669913,True,True,-0.0652954358669913,,
dirichlet_29,0.33812575644571324,0.24319566034786871,0.12246812139369438,0.16456645550625318,0.13164400630647047,MaxMin,c=0.25,OK,0.4571404532791113,0.27344931576368303,0.06709386186779724,0.11725641103964576,0.08505995804976271,0.15018123786219614,0.14883460885990904,0.2866327353470486,-0.04828440771847086,True,True,-0.04828440771847086,,
dirichlet_29,0.33812575644571324,0.24319566034786871,0.12246812139369438,0.16456645550625318,0.13164400630647047,MaxMin,c=0.5,OK,0.4289920124022584,0.24525090579605108,0.08795996502059697,0.13515395692307475,0.10264315985801878,0.10563076033672647,0.10410558950941096,0.27769921299788736,-0.030047951790706715,True,True,-0.030047951790706715,,
dirichlet_29,0.33812575644571324,0.24319566034786871,0.12246812139369438,0.16456645550625318,0.13164400630647047,MaxMin,c=0.75,OK,0.3949144704196337,0.22730074884798795,0.10724443201607778,0.15166098764938848,0.11887936106691208,0.06355198056208235,0.06205188828636682,0.2687324666798372,-0.013214060435318318,True,True,-0.013214060435318318,,
dirichlet_29,0.33812575644571324,0.24319566034786871,0.12246812139369438,0.16456645550625318,0.13164400630647047,MaxMin,c=0.9,OK,0.3593865193128836,0.23724486624556143,0.11676862184225889,0.15973486006070917,0.12686513253858686,0.023792818923315643,0.023231208984983393,0.2626565861235665,-0.004947127444315537,True,True,-0.004947127444315537,,
dirichlet_29,0.33812575644571324,0.24319566034786871,0.12246812139369438,0.16456645550625318,0.13164400630647047,MaxMin,c=0.95,OK,0.34859725594708585,0.24026473365138057,0.11966096404549384,0.16218676435335636,0.1292902820026834,0.0117186054446083,0.011441997393149647,0.26081143959924924,-0.0024365937802908705,True,True,-0.0024365937802908705,,
dirichlet_29,0.33812575644571324,0.24319566034786871,0.12246812139369438,0.16456645550625318,0.13164400630647047,MaxMin,c=1.0,OK,0.3381257564457133,0.24319566034786874,0.1224681213936944,0.1645664555062532,0.1316440063064705,7.473417450352271e-17,7.826629571434062e-17,0.25902063607038217,1.8966716410569256e-17,False,True,1.8966716410569256e-17,,
dirichlet_29,0.33812575644571324,0.24319566034786871,0.12246812139369438,0.16456645550625318,0.13164400630647047,Fair,"alpha=0.0,eps=0.01",OK,0.38110173211337156,0.23116687360386598,0.11094729518578096,0.1547999890063943,0.12198411009058717,0.048094210612373116,0.046958986293505825,0.26637025480187926,-0.010000000000000009,True,True,,,0.05131114208474287
dirichlet_29,0.33812575644571324,0.24319566034786871,0.12246812139369438,0.16456645550625318,0.13164400630647047,Fair,"alpha=0.0,eps=0.02",OK,0.4240777077810299,0.21913808685986325,0.09942646897786754,0.14503352250653542,0.11232421387470387,0.09618842122474623,0.09391797258701165,0.27371987353337646,-0.020000000000000018,True,True,,,0.10262228416948574
dirichlet_29,0.33812575644571324,0.24319566034786871,0.12246812139369438,0.16456645550625318,0.13164400630647047,Fair,"alpha=0.0,eps=0.05",OK,0.5530056347840049,0.18305172662785507,0.06486399035412727,0.11573412300695882,0.08334452522705395,0.24047105306186561,0.2347949314675292,0.29576872972786794,-0.05000000000000002,True,True,,,0.2565557104237144
dirichlet_29,0.33812575644571324,0.24319566034786871,0.12246812139369438,0.16456645550625318,0.13164400630647047,Fair,"alpha=0.0,eps=0.1",OK,0.7678855131222966,0.12290779290784146,0.007259859314560135,0.06690179050766444,0.03504504414763743,0.48094210612373123,0.46958986293505844,0.33251682338535365,-0.10000000000000002,True,True,,,0.5131114208474288
dirichlet_29,0.33812575644571324,0.24319566034786871,0.12246812139369438,0.16456645550625318,0.13164400630647047,Fair,"alpha=0.5,eps=0.01",OK,0.3386221395164571,0.2436522176073311,0.12257929016493667,0.16439104970527757,0.13075530300599772,0.0011347951053275961,0.001152168573046669,0.2591841985495324,-0.0008913129357855458,True,True,,,1.0003561959118048
dirichlet_29,0.33812575644571324,0.24319566034786871,0.12246812139369438,0.16456645550625318,0.13164400630647047,Fair,"alpha=0.5,eps=0.02",OK,0.33911852289416194,0.24410877512860246,0.12269045896668956,0.1642156436170494,0.12986659939349662,0.0022695907420103756,0.002304337692718491,0.25934776111968355,-0.0017826261950690003,True,True,,,1.4147172994624313
dirichlet_29,0.33812575644571324,0.24319566034786871,0.12246812139369438,0.16456645550625318,0.13164400630647047,Fair,"alpha=0.5,eps=0.05",OK,0.34060767269930026,0.24547844747707595,0.12302396481166847,0.16368942584459784,0.1272004891673575,0.005673976812202603,0.005760844175518002,0.2598384487421068,-0.004456565340760537,True,True,,,2.236864455771893
dirichlet_29,0.33812575644571324,0.24319566034786871,0.12246812139369438,0.16456645550625318,0.13164400630647047,Fair,"alpha=0.5,eps=0.1",OK,0.34308958887097996,0.2477612346664077,0.12357980850885017,0.16281239631426359,0.12275697163949859,0.011347953924263113,0.011521688654405048,0.2606562614122674,-0.008913131062446351,True,True,,,3.1634040505429235
dirichlet_29,0.33812575644571324,0.24319566034786871,0.12246812139369438,0.16456645550625318,0.13164400630647047,Fair,"alpha=1.0,eps=0.01",OK,0.3383740396738805,0.2434245091372495,0.12252692406434207,0.16448206550398226,0.13119246162054563,0.000573139040491719,0.0005818122865421485,0.25910268121664476,-0.0004526563641956579,True,True,,,-23.024058215445713
dirichlet_29,0.33812575644571324,0.24319566034786871,0.12246812139369438,0.16456645550625318,0.13164400630647047,Fair,"alpha=1.0,eps=0.02",OK,0.33862232354091987,0.24365335797428955,0.1225857265507328,0.16439767562130192,0.13074091631275586,0.0011462788301922235,0.0011636253186988565,0.25918472651205693,-0.0009053133396923556,True,True,,,-19.558322312645984
dirichlet_29,0.33812575644571324,0.24319566034786871,0.12246812139369438,0.16456645550625318,0.13164400630647047,Fair,"alpha=1.0,eps=0.05",OK,0.33936717395372434,0.24433990428718025,0.1227621335608584,0.16414450543309028,0.12938628276514674,0.00286569576710049,0.0029090619774993364,0.25943086208435745,-0.0022632819305505327,True,True,,,-14.97686865327521
dirichlet_29,0.33812575644571324,0.24319566034786871,0.12246812139369438,0.16456645550625318,0.13164400630647047,Fair,"alpha=1.0,eps=0.1",OK,0.3406085913575731,0.245484148485623,0.12305614609049866,0.16372255510989228,0.12712855895641295,0.005731391877228732,0.005818124318080539,0.2598410881041077,-0.004526564139737823,True,True,,,-11.511132750475483
dirichlet_29,0.33812575644571324,0.24319566034786871,0.12246812139369438,0.16456645550625318,0.13164400630647047,Fair,"alpha=2.0,eps=0.01",OK,0.3382499066119219,0.24331021310063747,0.12249832700407272,0.16452511072132667,0.13141644256204124,0.00028799761258408346,0.0002923290482749684,0.259061720454911,-0.00022807031188747614,True,True,,,-499.9100743985493
dirichlet_29,0.33812575644571324,0.24319566034786871,0.12246812139369438,0.16456645550625318,0.13164400630647047,Fair,"alpha=2.0,eps=0.02",OK,0.3383740566692158,0.24342476577955777,0.12252853282762183,0.164483765940383,0.13118887878322177,0.0005759951978031524,0.0005846580732019684,0.25910280480857684,-0.00045614065845604257,True,True,,,-249.95503719927467
dirichlet_29,0.33812575644571324,0.24319566034786871,0.12246812139369438,0.16456645550625318,0.13164400630647047,Fair,"alpha=2.0,eps=0.05",OK,0.3387465071457751,0.24376842386223313,0.12261914972751373,0.16435973157459183,0.13050618768988617,0.0014399878543925027,0.0014616450371119994,0.2592260579346865,-0.0011403514558063683,True,True,,,-99.98201487970987
dirichlet_29,0.33812575644571324,0.24319566034786871,0.12246812139369438,0.16456645550625318,0.13164400630647047,Fair,"alpha=2.0,eps=0.1",OK,0.3393672578875992,0.2443411874132639,0.12277017799715745,0.1641530076833257,0.12936836901865373,0.0028799757720228956,0.002923290135074377,0.2594314798137737,-0.002280702963785903,True,True,,,-49.991007439854926
dirichlet_30,0.2062477770181575,0.5461684488819272,0.08614666318590462,0.053251294200991874,0.10818581671301866,Avg,rho=0.0,OK,1.387778780781446e-16,0.9999999999999996,1.4571677198205182e-16,1.5265566588595905e-16,1.5959455978986628e-16,0.5200599399734382,0.5058121337070249,0.5660996255969567,-0.182309346800707,True,True,,,
dirichlet_30,0.2062477770181575,0.5461684488819272,0.08614666318590462,0.053251294200991874,0.10818581671301866,Avg,rho=0.1,OK,0.0,0.9999999999999998,1.3183898417423731e-16,0.0,0.0,0.5200599399734385,0.5058121337070253,0.5660996255969568,-0.18230934680070718,True,True,,,
dirichlet_30,0.2062477770181575,0.5461684488819272,0.08614666318590462,0.053251294200991874,0.10818581671301866,Avg,rho=0.2,OK,0.0,1.0,6.591949208711867e-17,2.7755575615628914e-17,0.0,0.5200599399734387,0.5058121337070255,0.5660996255969569,-0.18230934680070718,True,True,,,
dirichlet_30,0.2062477770181575,0.5461684488819272,0.08614666318590462,0.053251294200991874,0.10818581671301866,Avg,rho=0.5,OK,0.1603018967622334,0.8396981032377667,2.0233923044010726e-17,0.0,0.0,0.3320117479077503,0.32595751619895796,0.5152816004705854,-0.10977043569225191,True,True,,,
dirichlet_30,0.2062477770181575,0.5461684488819272,0.08614666318590462,0.053251294200991874,0.10818581671301866,Cert,,FLOOR_COLLAPSED,0.20624777701815755,0.5461684488819274,0.08614666318590465,0.053251294200991894,0.1081858167130187,2.3520701021126763e-16,2.4137179131974737e-16,0.3880451657991676,2.852676759931842e-17,False,True,2.852676759931842e-17,-0.0,
dirichlet_30,0.2062477770181575,0.5461684488819272,0.08614666318590462,0.053251294200991874,0.10818581671301866,MaxMin,c=0.0,INFEASIBLE_BALL_MISSES_SIMPLEX,,,,,,,,,,False,False,,,
dirichlet_30,0.2062477770181575,0.5461684488819272,0.08614666318590462,0.053251294200991874,0.10818581671301866,MaxMin,c=0.1,INFEASIBLE_BALL_MISSES_SIMPLEX,,,,,,,,,,False,False,,,
dirichlet_30,0.2062477770181575,0.5461684488819272,0.08614666318590462,0.053251294200991874,0.10818581671301866,MaxMin,c=0.25,INFEASIBLE_BALL_MISSES_SIMPLEX,,,,,,,,,,False,False,,,
dirichlet_30,0.2062477770181575,0.5461684488819272,0.08614666318590462,0.053251294200991874,0.10818581671301866,MaxMin,c=0.5,OK,0.14653738367825697,0.7592829412447519,0.029639086966708212,0.00421142703629205,0.06032916107399081,0.23847723614324767,0.23298415489597984,0.4774300407011135,-0.04972770219731621,True,True,-0.04972770219731621,,
dirichlet_30,0.2062477770181575,0.5461684488819272,0.08614666318590462,0.053251294200991874,0.10818581671301866,MaxMin,c=0.75,OK,0.17821821881469524,0.6462097437647295,0.05962058777460553,0.030230748964280484,0.08572070068168927,0.11194720377450965,0.10936861348353341,0.4300046708942223,-0.023343432275343787,True,True,-0.023343432275343787,,
dirichlet_30,0.2062477770181575,0.5461684488819272,0.08614666318590462,0.053251294200991874,0.10818581671301866,MaxMin,c=0.9,OK,0.19523020773975913,0.5854916479516795,0.07572006739703827,0.04420261601167093,0.09935546089985216,0.044003050785020585,0.04298948514245092,0.4045381747476629,-0.009175595292024047,True,True,-0.009175595292024047,,
dirichlet_30,0.2062477770181575,0.5461684488819272,0.08614666318590462,0.053251294200991874,0.10818581671301866,MaxMin,c=0.95,OK,0.20076331726890714,0.5657432295853841,0.08095638541403276,0.04874693302483448,0.10379013470684155,0.02190437425683439,0.02139982921341951,0.39625525655842314,-0.0045675395164688085,True,True,-0.0045675395164688085,,
dirichlet_30,0.2062477770181575,0.5461684488819272,0.08614666318590462,0.053251294200991874,0.10818581671301866,MaxMin,c=1.0,OK,0.20624777701815755,0.5461684488819274,0.08614666318590465,0.053251294200991894,0.1081858167130187,2.3520701021126763e-16,2.4137179131974737e-16,0.3880451657991676,2.852676759931842e-17,False,True,2.852676759931842e-17,,
dirichlet_30,0.2062477770181575,0.5461684488819272,0.08614666318590462,0.053251294200991874,0.10818581671301866,Fair,"alpha=0.0,eps=0.01",OK,0.24922375268581584,0.5341396621379245,0.07462583697799122,0.04348482770113301,0.09852592049713538,0.04809421061237311,0.046958986293505825,0.38862797479040845,-0.009999999999999986,True,True,,,0.05131114208474287
dirichlet_30,0.2062477770181575,0.5461684488819272,0.08614666318590462,0.053251294200991874,0.10818581671301866,Fair,"alpha=0.0,eps=0.02",OK,0.29219972835347413,0.5221108753939218,0.06310501077007778,0.033718361201274125,0.08886602428125207,0.0961884212247462,0.09391797258701164,0.38921078378164947,-0.020000000000000004,True,True,,,0.10262228416948574
dirichlet_30,0.2062477770181575,0.5461684488819272,0.08614666318590462,0.053251294200991874,0.10818581671301866,Fair,"alpha=0.0,eps=0.05",OK,0.4211276553564492,0.4860245151619136,0.028542532146337504,0.0044189617016975056,0.05988633563360215,0.24047105306186564,0.23479493146752925,0.3909592107553726,-0.05,True,True,,,0.2565557104237144
dirichlet_30,0.2062477770181575,0.5461684488819272,0.08614666318590462,0.053251294200991874,0.10818581671301866,Fair,"alpha=0.0,eps=0.1",OK,0.5618757081242697,0.4285180529822875,0.0,0.0,0.00960623889344281,0.4003594910994214,0.39043797860406526,0.3836560232674061,-0.1,True,True,,,0.5110522486504927
dirichlet_30,0.2062477770181575,0.5461684488819272,0.08614666318590462,0.053251294200991874,0.10818581671301866,Fair,"alpha=0.5,eps=0.01",OK,0.20674416008890134,0.5466250061413896,0.08625783195714691,0.05307588840001626,0.10729711341254591,0.0011347951053276306,0.0011521685730467052,0.3883250722216199,-0.0008913129357855456,True,True,,,1.0003561959118048
dirichlet_30,0.2062477770181575,0.5461684488819272,0.08614666318590462,0.053251294200991874,0.10818581671301866,Fair,"alpha=0.5,eps=0.02",OK,0.2072405434805458,0.5470815637270223,0.0863690006933775,0.052900482314936485,0.10640840978411795,0.0022695907795696095,0.002304337729129271,0.3886049788450261,-0.0017826262105403493,True,True,,,1.4147172994624313
dirichlet_30,0.2062477770181575,0.5461684488819272,0.08614666318590462,0.053251294200991874,0.10818581671301866,Fair,"alpha=0.5,eps=0.05",OK,0.20872969327174454,0.5484512360111345,0.08670250660387872,0.05237426453933654,0.10374229957390568,0.00567397681220267,0.005760844175518075,0.38944469842807883,-0.004456565340760535,True,True,,,2.236864455771893
dirichlet_30,0.2062477770181575,0.5461684488819272,0.08614666318590462,0.053251294200991874,0.10818581671301866,Fair,"alpha=0.5,eps=0.1",OK,0.2112116103209466,0.5507340219539402,0.08725835039605953,0.051497235435730405,0.09929878189332336,0.011347953869551003,0.011521688582215615,0.39084423060949014,-0.008913131193831216,True,True,,,3.1634040505429235
dirichlet_30,0.2062477770181575,0.5461684488819272,0.08614666318590462,0.053251294200991874,0.10818581671301866,Fair,"alpha=1.0,eps=0.01",OK,0.2064960604902768,0.5463972977041457,0.08620546563210457,0.053166904188245816,0.10773427198522714,0.0005731391707823815,0.0005818124132759924,0.3881852828222106,-0.0004526564054769037,True,True,,,-23.02405821544571
dirichlet_30,0.2062477770181575,0.5461684488819272,0.08614666318590462,0.053251294200991874,0.10818581671301866,Fair,"alpha=1.0,eps=0.02",OK,0.2067443439555557,0.546626146542716,0.08626426807903502,0.053082514096139975,0.10728272732655338,0.001146278302436576,0.0011636247901942736,0.3883253998550652,-0.0009053127460338612,True,True,,,-19.558322312645984
dirichlet_30,0.2062477770181575,0.5461684488819272,0.08614666318590462,0.053251294200991874,0.10818581671301866,Fair,"alpha=1.0,eps=0.05",OK,0.20748919454434595,0.5473126929268972,0.0864406752844222,0.05282934413675129,0.10592809310758318,0.0028656958593167546,0.002909062068779661,0.38874575090519914,-0.002263281993612031,True,True,,,-14.97686865327521
dirichlet_30,0.2062477770181575,0.5461684488819272,0.08614666318590462,0.053251294200991874,0.10818581671301866,Fair,"alpha=1.0,eps=0.1",OK,0.2087306138946215,0.5484569368120956,0.08673468611822928,0.052407394417967594,0.10367036875708603,0.005731392851403615,0.005818125236750408,0.3894463361531034,-0.004526564706358723,True,True,,,-11.511132750475483
dirichlet_30,0.2062477770181575,0.5461684488819272,0.08614666318590462,0.053251294200991874,0.10818581671301866,Fair,"alpha=2.0,eps=0.01",OK,0.2063719271696887,0.5462830016393,0.08617686890133178,0.05320994933828017,0.10795825295139935,0.0002879976438556064,0.0002923290849220949,0.38811525601373187,-0.0002280703329622046,True,True,,,-499.91007439854934
dirichlet_30,0.2062477770181575,0.5461684488819272,0.08614666318590462,0.053251294200991874,0.10818581671301866,Fair,"alpha=2.0,eps=0.02",OK,0.20649607725845007,0.5463975542968297,0.08620707459315664,0.05316860456690907,0.10773068928465454,0.0005759951303850188,0.0005846580073095576,0.38818534617093026,-0.0004561405673135474,True,True,,,-249.95503719927467
dirichlet_30,0.2062477770181575,0.5461684488819272,0.08614666318590462,0.053251294200991874,0.10818581671301866,Fair,"alpha=2.0,eps=0.05",OK,0.20686852772214692,0.5467412123434889,0.08629769154539275,0.0530445702534233,0.10704799813554809,0.001439987809152822,0.001461644992585232,0.3883956167006781,-0.0011403514177703218,True,True,,,-99.98201487970985
dirichlet_30,0.2062477770181575,0.5461684488819272,0.08614666318590462,0.053251294200991874,0.10818581671301866,Fair,"alpha=2.0,eps=0.1",OK,0.20748927831735264,0.5473139759614197,0.08644871986358935,0.05283784649100745,0.10591017936663083,0.002879975753969873,0.0029232901142826418,0.3887460676497946,-0.002280703016950584,True,True,,,-49.991007439854926
dirichlet_31,0.285730318848621,0.038243238762633025,0.2996966558293978,0.14874614360515878,0.22758364295418942,Avg,rho=0.0,OK,0.0,2.7755575615628895e-17,0.9999999999999992,3.3653635433950033e-16,5.030698080332738e-16,0.8046420720137771,0.7909315064420029,0.32083631248426864,-0.25392844600489295,True,True,,,
dirichlet_31,0.285730318848621,0.038243238762633025,0.2996966558293978,0.14874614360515878,0.22758364295418942,Avg,rho=0.1,OK,0.4397330728946144,0.0,0.5164029908449558,0.0,0.04386393626042985,0.35779795285290455,0.36147681219284866,0.3119404484315421,-0.19012138307450935,True,True,,,
dirichlet_31,0.285730318848621,0.038243238762633025,0.2996966558293978,0.14874614360515878,0.22758364295418942,Avg,rho=0.2,OK,0.3928572561293532,2.721686266117518e-17,0.43812179580948496,0.0,0.1690209480611619,0.24011507626813597,0.24070321773575776,0.3022434556279488,-0.14830797296244713,True,True,,,
dirichlet_31,0.285730318848621,0.038243238762633025,0.2996966558293978,0.14874614360515878,0.22758364295418942,Avg,rho=0.5,OK,0.3433003476117166,1.8736368793265127e-17,0.3695189075520149,0.06816187333546603,0.21901887150080263,0.12735454559380105,0.12613631482487123,0.2885832901395824,-0.07952539923566274,True,True,,,
dirichlet_31,0.285730318848621,0.038243238762633025,0.2996966558293978,0.14874614360515878,0.22758364295418942,Cert,,FLOOR_COLLAPSED,0.285730318848621,0.038243238762633025,0.2996966558293978,0.14874614360515878,0.22758364295418942,0.0,0.0,0.26724527285115485,0.0,False,True,0.0,-0.0,
dirichlet_31,0.285730318848621,0.038243238762633025,0.2996966558293978,0.14874614360515878,0.22758364295418942,MaxMin,c=0.0,INFEASIBLE_BALL_MISSES_SIMPLEX,,,,,,,,,,False,False,,,
dirichlet_31,0.285730318848621,0.038243238762633025,0.2996966558293978,0.14874614360515878,0.22758364295418942,MaxMin,c=0.1,INFEASIBLE_BALL_MISSES_SIMPLEX,,,,,,,,,,False,False,,,
dirichlet_31,0.285730318848621,0.038243238762633025,0.2996966558293978,0.14874614360515878,0.22758364295418942,MaxMin,c=0.25,INFEASIBLE_BALL_MISSES_SIMPLEX,,,,,,,,,,False,False,,,
dirichlet_31,0.285730318848621,0.038243238762633025,0.2996966558293978,0.14874614360515878,0.22758364295418942,MaxMin,c=0.5,INFEASIBLE_BALL_MISSES_SIMPLEX,,,,,,,,,,False,False,,,
dirichlet_31,0.285730318848621,0.038243238762633025,0.2996966558293978,0.14874614360515878,0.22758364295418942,MaxMin,c=0.75,OK,0.31488719129519654,0.012316832972344222,0.3398969706351908,0.12673432773312004,0.20616467736414837,0.06388786397654375,0.06333479467074377,0.27824901949381986,-0.022424254799774886,True,True,-0.022424254799774886,,
dirichlet_31,0.285730318848621,0.038243238762633025,0.2996966558293978,0.14874614360515878,0.22758364295418942,MaxMin,c=0.9,OK,0.2934613780092185,0.028508513290909754,0.3180865617104409,0.140432521588408,0.21951102540102285,0.02504009303627279,0.024809430389415243,0.2714254209281598,-0.008463875494529491,True,True,-0.008463875494529491,,
dirichlet_31,0.285730318848621,0.038243238762633025,0.2996966558293978,0.14874614360515878,0.22758364295418942,MaxMin,c=0.95,OK,0.28684200890716005,0.03351083012615428,0.31134837446534475,0.1446644916099115,0.22363429489142947,0.01384381907535917,0.013676626891675646,0.26931731347533855,-0.004150904942679813,True,True,-0.004150904942679813,,
dirichlet_31,0.285730318848621,0.038243238762633025,0.2996966558293978,0.14874614360515878,0.22758364295418942,MaxMin,c=1.0,OK,0.285730318848621,0.038243238762633025,0.2996966558293978,0.14874614360515878,0.22758364295418942,0.0,0.0,0.26724527285115485,0.0,False,True,0.0,,
dirichlet_31,0.285730318848621,0.038243238762633025,0.2996966558293978,0.14874614360515878,0.22758364295418942,Fair,"alpha=0.0,eps=0.01",OK,0.3287062945162793,0.026214452018630298,0.28817582962148436,0.1389796771052999,0.2179237467383061,0.04809421061237312,0.04695898629350583,0.2719064218395153,-0.010000000000000028,True,True,,,0.05131114208474287
dirichlet_31,0.285730318848621,0.038243238762633025,0.2996966558293978,0.14874614360515878,0.22758364295418942,Fair,"alpha=0.0,eps=0.02",OK,0.3716822701839377,0.014185665274627572,0.276655003413571,0.12921321060544105,0.20826385052242286,0.09618842122474625,0.09391797258701168,0.27656757082787586,-0.019999999999999997,True,True,,,0.10262228416948574
dirichlet_31,0.285730318848621,0.038243238762633025,0.2996966558293978,0.14874614360515878,0.22758364295418942,Fair,"alpha=0.0,eps=0.05",OK,0.47867025070396807,0.0,0.2421553423603673,0.09987581834972355,0.17929858858594122,0.21614606296914057,0.21158413793464886,0.28548243289241265,-0.04999999999999999,True,True,,,0.25651942789954524
dirichlet_31,0.285730318848621,0.038243238762633025,0.2996966558293978,0.14874614360515878,0.22758364295418942,Fair,"alpha=0.0,eps=0.1",OK,0.6332984023432322,0.0,0.18472372163639314,0.050939149718099805,0.13103872630227487,0.39290205211562607,0.38568613265952356,0.29486877322601185,-0.10000000000000002,True,True,,,0.5129754988491211
dirichlet_31,0.285730318848621,0.038243238762633025,0.2996966558293978,0.14874614360515878,0.22758364295418942,Fair,"alpha=0.5,eps=0.01",OK,0.2862267019193648,0.03869979602209538,0.2998078246006401,0.14857073780418315,0.22669493965371665,0.0011347951053275838,0.0011521685730466556,0.2672270291309578,-0.0008913129357855757,True,True,,,1.0003561959118048
dirichlet_31,0.285730318848621,0.038243238762633025,0.2996966558293978,0.14874614360515878,0.22758364295418942,Fair,"alpha=0.5,eps=0.02",OK,0.2867230851725248,0.03915635370141171,0.29991899339774325,0.14839533182854814,0.2258062358997721,0.0022695908440283304,0.0023043377916430806,0.26720878536944886,-0.0017826263303420422,True,True,,,1.4147172994624313
dirichlet_31,0.285730318848621,0.038243238762633025,0.2996966558293978,0.14874614360515878,0.22758364295418942,Fair,"alpha=0.5,eps=0.05",OK,0.288212235102208,0.04052602589184027,0.3002524992473719,0.14786911394350344,0.22314012581507645,0.005673976812202606,0.0057608441755180075,0.26715405418666777,-0.004456565340760537,True,True,,,2.236864455771893
dirichlet_31,0.285730318848621,0.038243238762633025,0.2996966558293978,0.14874614360515878,0.22758364295418942,Fair,"alpha=0.5,eps=0.1",OK,0.2906941512738877,0.04280881308117203,0.3008083429445536,0.1469920844131692,0.21869660828721754,0.01134795392426312,0.011521688654405055,0.26706283552081844,-0.008913131062446351,True,True,,,3.1634040505429235
dirichlet_31,0.285730318848621,0.038243238762633025,0.2996966558293978,0.14874614360515878,0.22758364295418942,Fair,"alpha=1.0,eps=0.01",OK,0.28597860224755,0.03847208756471578,0.2997554582187711,0.14866175352821084,0.22713209844075233,0.0005731389657813266,0.0005818122080876002,0.26723610698557115,-0.0004526561954050943,True,True,,,-23.02405821544571
dirichlet_31,0.285730318848621,0.038243238762633025,0.2996966558293978,0.14874614360515878,0.22758364295418942,Fair,"alpha=1.0,eps=0.02",OK,0.2862268857860191,0.03870093642342177,0.29981426072252815,0.14857736350030684,0.22668055356772399,0.0011462783024366308,0.001163624790194323,0.26722694112668083,-0.0009053127460340174,True,True,,,-19.558322312645984
dirichlet_31,0.285730318848621,0.038243238762633025,0.2996966558293978,0.14874614360515878,0.22758364295418942,Fair,"alpha=1.0,eps=0.05",OK,0.2869717363987778,0.03938748276799074,0.29999066793163437,0.1483241935315153,0.22532591937008184,0.002865695838846015,0.0029090620484972093,0.267199443554792,-0.0022632819728630855,True,True,,,-14.97686865327521
dirichlet_31,0.285730318848621,0.038243238762633025,0.2996966558293978,0.14874614360515878,0.22758364295418942,Fair,"alpha=1.0,eps=0.1",OK,0.28821315387780677,0.04053172678972942,0.30028468004342695,0.14790224343931813,0.2230681958497188,0.005731391606911728,0.005818124026713575,0.2671536142528326,-0.004526563883336871,True,True,,,-11.511132750475483
dirichlet_31,0.285730318848621,0.038243238762633025,0.2996966558293978,0.14874614360515878,0.22758364295418942,Fair,"alpha=2.0,eps=0.01",OK,0.28585446899016903,0.03835779146526226,0.29972686149559863,0.14870479881914908,0.22735607922982118,0.00028799757216898766,0.0002923290086961727,0.26724067872402363,-0.00022807029218810556,True,True,,,-499.91007439854934
dirichlet_31,0.285730318848621,0.038243238762633025,0.2996966558293978,0.14874614360515878,0.22758364295418942,Fair,"alpha=2.0,eps=0.02",OK,0.28597861909065886,0.03847234414158628,0.2997570671361321,0.14866345400479547,0.22712851562682732,0.0005759950216475356,0.000584657894375473,0.26723608459807024,-0.00045614046506797275,True,True,,,-249.95503719927467
dirichlet_31,0.285730318848621,0.038243238762633025,0.2996966558293978,0.14874614360515878,0.22758364295418942,Fair,"alpha=2.0,eps=0.05",OK,0.28635106956750284,0.03881600227883393,0.2998476841503341,0.1485394196678682,0.22644582433546095,0.00143998786438708,0.0014616450471115021,0.26722230221544374,-0.0011403514581532605,True,True,,,-99.98201487970987
dirichlet_31,0.285730318848621,0.038243238762633025,0.2996966558293978,0.14874614360515878,0.22758364295418942,Fair,"alpha=2.0,eps=0.1",OK,0.28697182019011264,0.03938876572176319,0.29999871269998785,0.1483326956631508,0.22530800572498555,0.0028799756852757514,0.002923290057659278,0.2671993316081218,-0.0022807029120296995,True,True,,,-49.991007439854926
dirichlet_32,0.11635336138859033,0.06076807475784333,0.02424956108772191,0.40843428151630873,0.39019472124953564,Avg,rho=0.0,OK,1.2412670766236351e-17,1.310360414066213e-16,0.0,0.9999999999999996,3.885780586188048e-16,0.7211246942140269,0.7025331903439415,0.4328458544110222,-0.3597465633107109,True,True,,,
dirichlet_32,0.11635336138859033,0.06076807475784333,0.02424956108772191,0.40843428151630873,0.39019472124953564,Avg,rho=0.1,OK,0.0,1.9482023477364493e-16,0.0,0.5616521348979451,0.43834786510205465,0.20883807288639655,0.2112408062841775,0.42432080273352457,-0.11886355940028291,True,True,,,
dirichlet_32,0.11635336138859033,0.06076807475784333,0.02424956108772191,0.40843428151630873,0.39019472124953564,Avg,rho=0.2,OK,0.0,3.1163961153755044e-16,1.2968974582366763e-16,0.5359637453571341,0.46403625464286546,0.19883470781167073,0.2021775020035668,0.4238212112770996,-0.11910956536305863,True,True,,,
dirichlet_32,0.11635336138859033,0.06076807475784333,0.02424956108772191,0.40843428151630873,0.39019472124953564,Avg,rho=0.5,OK,3.852291767099528e-17,0.0,3.839709605136214e-17,0.5205507116326481,0.47944928836735173,0.19584528710838725,0.19956602981948104,0.42352145640324473,-0.11925716894072401,True,True,,,
dirichlet_32,0.11635336138859033,0.06076807475784333,0.02424956108772191,0.40843428151630873,0.39019472124953564,Cert,,FLOOR_COLLAPSED,0.11635336138859033,0.06076807475784333,0.02424956108772191,0.40843428151630873,0.39019472124953564,0.0,0.0,0.35924459235688166,0.0,False,True,0.0,-0.0,
dirichlet_32,0.11635336138859033,0.06076807475784333,0.02424956108772191,0.40843428151630873,0.39019472124953564,MaxMin,c=0.0,INFEASIBLE_BALL_MISSES_SIMPLEX,,,,,,,,,,False,False,,,
dirichlet_32,0.11635336138859033,0.06076807475784333,0.02424956108772191,0.40843428151630873,0.39019472124953564,MaxMin,c=0.1,INFEASIBLE_BALL_MISSES_SIMPLEX,,,,,,,,,,False,False,,,
dirichlet_32,0.11635336138859033,0.06076807475784333,0.02424956108772191,0.40843428151630873,0.39019472124953564,MaxMin,c=0.25,INFEASIBLE_BALL_MISSES_SIMPLEX,,,,,,,,,,False,False,,,
dirichlet_32,0.11635336138859033,0.06076807475784333,0.02424956108772191,0.40843428151630873,0.39019472124953564,MaxMin,c=0.5,INFEASIBLE_BALL_MISSES_SIMPLEX,,,,,,,,,,False,False,,,
dirichlet_32,0.11635336138859033,0.06076807475784333,0.02424956108772191,0.40843428151630873,0.39019472124953564,MaxMin,c=0.75,OK,0.07481257746613951,0.019067220798121738,0.0,0.47245805570360855,0.43366214603213027,0.10020528848930986,0.1024170587034193,0.395116429503698,-0.044289544761720756,True,True,-0.044289544761720756,,
dirichlet_32,0.11635336138859033,0.06076807475784333,0.02424956108772191,0.40843428151630873,0.39019472124953564,MaxMin,c=0.9,OK,0.10257374197695626,0.046891102950213634,0.010230544964811654,0.44230927667557246,0.39799533343244603,0.04227701406440574,0.0427696312273322,0.37362029365913324,-0.014858960343375893,True,True,-0.014858960343375893,,
dirichlet_32,0.11635336138859033,0.06076807475784333,0.02424956108772191,0.40843428151630873,0.39019472124953564,MaxMin,c=0.95,OK,0.10949109733592437,0.05384102520063422,0.01723186490418414,0.432064583647792,0.3873714289114652,0.02665867404190187,0.02652423172464507,0.36655405489547144,-0.007337741798900418,True,True,-0.007337741798900418,,
dirichlet_32,0.11635336138859033,0.06076807475784333,0.02424956108772191,0.40843428151630873,0.39019472124953564,MaxMin,c=1.0,OK,0.11635336138859033,0.06076807475784333,0.02424956108772191,0.40843428151630873,0.39019472124953564,0.0,0.0,0.35924459235688166,0.0,False,True,0.0,,
dirichlet_32,0.11635336138859033,0.06076807475784333,0.02424956108772191,0.40843428151630873,0.39019472124953564,Fair,"alpha=0.0,eps=0.01",OK,0.15932933705624866,0.0487392880138406,0.012728734879808487,0.3986678150164499,0.3805348250336523,0.04809421061237313,0.04695898629350583,0.35521481621512907,-0.010000000000000009,True,True,,,0.05131114208474287
dirichlet_32,0.11635336138859033,0.06076807475784333,0.02424956108772191,0.40843428151630873,0.39019472124953564,Fair,"alpha=0.0,eps=0.02",OK,0.20230531272390698,0.036710501269837874,0.0012079086718950645,0.388901348516591,0.370874928817769,0.09618842122474625,0.09391797258701166,0.3511850400733764,-0.02000000000000002,True,True,,,0.10262228416948574
dirichlet_32,0.11635336138859033,0.06076807475784333,0.02424956108772191,0.40843428151630873,0.39019472124953564,Fair,"alpha=0.0,eps=0.05",OK,0.2972833319956521,0.0011531134231101555,0.0,0.35954575983996495,0.34201779474127286,0.20393318241826663,0.19962255280429875,0.336126846860781,-0.049999999999999996,True,True,,,0.25598993796949915
dirichlet_32,0.11635336138859033,0.06076807475784333,0.02424956108772191,0.40843428151630873,0.39019472124953564,Fair,"alpha=0.0,eps=0.1",OK,0.3955164722231678,0.0,0.0,0.3105159124158856,0.2939676153609465,0.31790015018640844,0.31357378156011023,0.30784148082003443,-0.1,True,True,,,0.5114751517014728
dirichlet_32,0.11635336138859033,0.06076807475784333,0.02424956108772191,0.40843428151630873,0.39019472124953564,Fair,"alpha=0.5,eps=0.01",OK,0.11684974445933413,0.06122463201730569,0.024360729858964182,0.40825887571533315,0.3893060179490629,0.001134795105327561,0.0011521685730466315,0.35890757790707684,-0.0008913129357855449,True,True,,,1.0003561959118048
dirichlet_32,0.11635336138859033,0.06076807475784333,0.02424956108772191,0.40843428151630873,0.39019472124953564,Fair,"alpha=0.5,eps=0.02",OK,0.11734612789409903,0.061681190040929826,0.024471898156672632,0.40808346981531185,0.3884173140929866,0.0022695910813632972,0.0023043380176014164,0.35857056327331377,-0.0017826264266467386,True,True,,,1.4147172994624313
dirichlet_32,0.11635336138859033,0.06076807475784333,0.02424956108772191,0.40843428151630873,0.39019472124953564,Fair,"alpha=0.5,eps=0.05",OK,0.11883527764217736,0.06305086188705059,0.02480540450569599,0.4075572518546534,0.3857512041104227,0.005673976812202591,0.005760844175517991,0.3575595197261747,-0.0044565653407605075,True,True,,,2.236864455771893
dirichlet_32,0.11635336138859033,0.06076807475784333,0.02424956108772191,0.40843428151630873,0.39019472124953564,Fair,"alpha=0.5,eps=0.1",OK,0.12131719438805848,0.06533364882414525,0.025361247875222283,0.40668022204025234,0.3813076868723216,0.011347953858838522,0.01152168859085849,0.3558744470356575,-0.008913130786660096,True,True,,,3.1634040505429235
dirichlet_32,0.11635336138859033,0.06076807475784333,0.02424956108772191,0.40843428151630873,0.39019472124953564,Fair,"alpha=1.0,eps=0.01",OK,0.11660164485507914,0.06099692356273451,0.02430836351788833,0.4083498915091778,0.3897431765551202,0.0005731391326576773,0.0005818123743057842,0.3590747399155552,-0.0004526563720058473,True,True,,,-23.024058215445713
dirichlet_32,0.11635336138859033,0.06076807475784333,0.02424956108772191,0.40843428151630873,0.39019472124953564,Fair,"alpha=1.0,eps=0.02",OK,0.1168499283505068,0.06122577252376876,0.024367166012822097,0.408265501417001,0.38929163169590136,0.001146278489204772,0.0011636249789238062,0.35890488738829607,-0.0009053129119462644,True,True,,,-19.558322312645984
dirichlet_32,0.11635336138859033,0.06076807475784333,0.02424956108772191,0.40843428151630873,0.39019472124953564,Fair,"alpha=1.0,eps=0.05",OK,0.11759477898662578,0.061912318765132264,0.024543573008819868,0.40801233161955874,0.3879369976198633,0.002865695851625694,0.0029090620508565998,0.35839533016894337,-0.0022632820092133117,True,True,,,-14.97686865327521
dirichlet_32,0.11635336138859033,0.06076807475784333,0.02424956108772191,0.40843428151630873,0.39019472124953564,Fair,"alpha=1.0,eps=0.1",OK,0.11883619643697764,0.06305656276340897,0.024837585293114382,0.4075903813395695,0.38567927416692954,0.00573139159012557,0.0058181240099788225,0.35754606788352805,-0.004526563862090992,True,True,,,-11.511132750475483
dirichlet_32,0.11635336138859033,0.06076807475784333,0.02424956108772191,0.40843428151630873,0.39019472124953564,Fair,"alpha=2.0,eps=0.01",OK,0.11647751151115639,0.06088262747580077,0.02427976676088404,0.40839293672915883,0.38996715752299993,0.0002879975726895455,0.00029232900945448084,0.3591593391439779,-0.0002280702944269893,True,True,,,-499.91007439854934
dirichlet_32,0.11635336138859033,0.06076807475784333,0.02424956108772191,0.40843428151630873,0.39019472124953564,Fair,"alpha=2.0,eps=0.02",OK,0.11660166167760401,0.06099718016058467,0.024309972424096334,0.4083515919359111,0.38973959380180395,0.0005759951467132244,0.0005846580201752875,0.35907408593333207,-0.0004561405837819872,True,True,,,-249.95503719927467
dirichlet_32,0.11635336138859033,0.06076807475784333,0.02424956108772191,0.40843428151630873,0.39019472124953564,Fair,"alpha=2.0,eps=0.05",OK,0.11697411216619477,0.06134083816146353,0.024400589457330063,0.4082275575857171,0.3890569026292945,0.0014399878502599733,0.0014616450333650218,0.3588183263066737,-0.0011403514594528043,True,True,,,-99.98201487970985
dirichlet_32,0.11635336138859033,0.06076807475784333,0.02424956108772191,0.40843428151630873,0.39019472124953564,Fair,"alpha=2.0,eps=0.1",OK,0.11759486278569378,0.06191360178233756,0.02455161774005461,0.4080208336566728,0.3879190840352413,0.0028799756887504776,0.00292329005358654,0.3583920602608468,-0.002280702892641849,True,True,,,-49.99100743985493
dirichlet_33,0.27712460413756357,0.024887617953328757,0.26512961856619055,0.13601595170674205,0.2968422076361751,Avg,rho=0.0,OK,7.216449660063513e-16,0.0,0.0,0.0,0.9999999999999993,0.812799098466222,0.8114724914036875,0.3071542520017925,-0.29066037109300336,True,True,,,
dirichlet_33,0.27712460413756357,0.024887617953328757,0.26512961856619055,0.13601595170674205,0.2968422076361751,Avg,rho=0.1,OK,0.33583313152996935,1.539753432177812e-16,0.257658004714592,0.0,0.4065088637554385,0.186142483900357,0.18102351206931042,0.298287556690504,-0.129748205454583,True,True,,,
dirichlet_33,0.27712460413756357,0.024887617953328757,0.26512961856619055,0.13601595170674205,0.2968422076361751,Avg,rho=0.2,OK,0.33224895545869326,0.0,0.2871872135767129,5.204170427930421e-17,0.38056383096459384,0.172204165063017,0.16775688679097558,0.29767060487867886,-0.13066586706412914,True,True,,,
dirichlet_33,0.27712460413756357,0.024887617953328757,0.26512961856619055,0.13601595170674205,0.2968422076361751,Avg,rho=0.5,OK,0.3186054948107676,7.777880038162613e-19,0.2933020844716597,0.03655486906487883,0.3515375516526939,0.12656157896851977,0.12340379846554969,0.29235126638522785,-0.09578399147879735,True,True,,,
dirichlet_33,0.27712460413756357,0.024887617953328757,0.26512961856619055,0.13601595170674205,0.2968422076361751,Cert,,FLOOR_COLLAPSED,0.27712460413756357,0.024887617953328757,0.26512961856619055,0.13601595170674205,0.2968422076361751,0.0,0.0,0.27279610830849416,0.0,False,True,0.0,-0.0,
dirichlet_33,0.27712460413756357,0.024887617953328757,0.26512961856619055,0.13601595170674205,0.2968422076361751,MaxMin,c=0.0,INFEASIBLE_BALL_MISSES_SIMPLEX,,,,,,,,,,False,False,,,
dirichlet_33,0.27712460413756357,0.024887617953328757,0.26512961856619055,0.13601595170674205,0.2968422076361751,MaxMin,c=0.1,INFEASIBLE_BALL_MISSES_SIMPLEX,,,,,,,,,,False,False,,,
dirichlet_33,0.27712460413756357,0.024887617953328757,0.26512961856619055,0.13601595170674205,0.2968422076361751,MaxMin,c=0.25,INFEASIBLE_BALL_MISSES_SIMPLEX,,,,,,,,,,False,False,,,
dirichlet_33,0.27712460413756357,0.024887617953328757,0.26512961856619055,0.13601595170674205,0.2968422076361751,MaxMin,c=0.5,INFEASIBLE_BALL_MISSES_SIMPLEX,,,,,,,,,,False,False,,,
dirichlet_33,0.27712460413756357,0.024887617953328757,0.26512961856619055,0.13601595170674205,0.2968422076361751,MaxMin,c=0.75,OK,0.299730428749484,1.7347234759768056e-17,0.277193979859529,0.08677768465150397,0.336297906739483,0.07250603272504764,0.07043890578155985,0.2855845522236205,-0.046982935804828325,True,True,-0.046982935804828325,,
dirichlet_33,0.27712460413756357,0.024887617953328757,0.26512961856619055,0.13601595170674205,0.2968422076361751,MaxMin,c=0.9,OK,0.2883209568370044,0.012727599574647076,0.26262494309562323,0.12357657505003834,0.3127499254426869,0.026216241862097124,0.02548986330136274,0.2775392717458074,-0.011667557195786014,True,True,-0.011667557195786014,,
dirichlet_33,0.27712460413756357,0.024887617953328757,0.26512961856619055,0.13601595170674205,0.2968422076361751,MaxMin,c=0.95,OK,0.28377833010943676,0.019084649219555563,0.2594439903836146,0.12982587422719977,0.3078671560601933,0.0164359189040172,0.016060455898272964,0.27518307306583195,-0.005696972465619489,True,True,-0.005696972465619489,,
dirichlet_33,0.27712460413756357,0.024887617953328757,0.26512961856619055,0.13601595170674205,0.2968422076361751,MaxMin,c=1.0,OK,0.27712460413756357,0.024887617953328757,0.26512961856619055,0.13601595170674205,0.2968422076361751,0.0,0.0,0.27279610830849416,0.0,False,True,0.0,,
dirichlet_33,0.27712460413756357,0.024887617953328757,0.26512961856619055,0.13601595170674205,0.2968422076361751,Fair,"alpha=0.0,eps=0.01",OK,0.3201005798052219,0.01285883120932603,0.2536087923582771,0.12624948520688317,0.28718231142029177,0.04809421061237312,0.04695898629350583,0.27701568824657474,-0.010000000000000028,True,True,,,0.05131114208474287
dirichlet_33,0.27712460413756357,0.024887617953328757,0.26512961856619055,0.13601595170674205,0.2968422076361751,Fair,"alpha=0.0,eps=0.02",OK,0.3630765554728802,0.0008300444653233027,0.2420879661503637,0.1164830187070243,0.27752241520440846,0.09618842122474623,0.09391797258701166,0.2812352681846554,-0.02000000000000002,True,True,,,0.10262228416948574
dirichlet_33,0.27712460413756357,0.024887617953328757,0.26512961856619055,0.13601595170674205,0.2968422076361751,Fair,"alpha=0.0,eps=0.05",OK,0.45668497856914547,0.0,0.2076266129067469,0.08712245746760534,0.24856595105650225,0.20221050413252437,0.1983178682340427,0.2855786870954858,-0.050000000000000024,True,True,,,0.2564973018603602
dirichlet_33,0.27712460413756357,0.024887617953328757,0.26512961856619055,0.13601595170674205,0.2968422076361751,Fair,"alpha=0.0,eps=0.1",OK,0.6113131302084097,0.0,0.1501949921827728,0.03818578883598162,0.20030608877283596,0.38000170504776365,0.3734361588006648,0.29249143730557925,-0.10000000000000002,True,True,,,0.512953372809936
dirichlet_33,0.27712460413756357,0.024887617953328757,0.26512961856619055,0.13601595170674205,0.2968422076361751,Fair,"alpha=0.5,eps=0.01",OK,0.27762098720830736,0.025344175212791115,0.26524078733743284,0.1358405459057664,0.2959535043357023,0.0011347951053276057,0.001152168573046677,0.2727023394466146,-0.0008913129357856034,True,True,,,1.0003561959118048
dirichlet_33,0.27712460413756357,0.024887617953328757,0.26512961856619055,0.13601595170674205,0.2968422076361751,Fair,"alpha=0.5,eps=0.02",OK,0.27811737064992675,0.025800732829441432,0.26535195608882106,0.13566513976700748,0.2950648006648033,0.0022695908569517332,0.0023043378093846206,0.2726085705430503,-0.0017826262552892976,True,True,,,1.4147172994624313
dirichlet_33,0.27712460413756357,0.024887617953328757,0.26512961856619055,0.13601595170674205,0.2968422076361751,Fair,"alpha=0.5,eps=0.05",OK,0.2796065203911506,0.027170405082536,0.26568546198416465,0.1351389220450867,0.2923986904970621,0.005673976812202628,0.005760844175518029,0.27232726389142387,-0.004456565340760565,True,True,,,2.236864455771893
dirichlet_33,0.27712460413756357,0.024887617953328757,0.26512961856619055,0.13601595170674205,0.2968422076361751,Fair,"alpha=0.5,eps=0.1",OK,0.2820884365628303,0.029453192271867757,0.26624130568134635,0.13426189251475246,0.2879551729692032,0.011347953924263118,0.011521688654405055,0.27185841943512207,-0.008913131062446351,True,True,,,3.1634040505429235
dirichlet_33,0.27712460413756357,0.024887617953328757,0.26512961856619055,0.13601595170674205,0.2968422076361751,Fair,"alpha=1.0,eps=0.01",OK,0.27737288736573085,0.02511646674270955,0.2651884212368382,0.13593156170447113,0.29639066295025024,0.0005731390404917204,0.0005818122865421494,0.272748530461955,-0.0004526563641956579,True,True,,,-23.024058215445713
dirichlet_33,0.27712460413756357,0.024887617953328757,0.26512961856619055,0.13601595170674205,0.2968422076361751,Fair,"alpha=1.0,eps=0.02",OK,0.27762117101931855,0.025345315651296472,0.26524722344484214,0.1358471716661905,0.2959391182183525,0.0011462783069286298,0.001163624792114338,0.2727009525975419,-0.0009053127741415005,True,True,,,-19.558322312645984
dirichlet_33,0.27712460413756357,0.024887617953328757,0.26512961856619055,0.13601595170674205,0.2968422076361751,Fair,"alpha=1.0,eps=0.05",OK,0.278366020944165,0.026031861381478862,0.2654236311091256,0.13559400193136134,0.29458448463386916,0.002865694829193344,0.002909061029283926,0.27255821918041956,-0.0022632813824684547,True,True,,,-14.97686865327521
dirichlet_33,0.27712460413756357,0.024887617953328757,0.26512961856619055,0.13601595170674205,0.2968422076361751,Fair,"alpha=1.0,eps=0.1",OK,0.2796074390494234,0.027176106091083032,0.26571764326299485,0.13517205131038115,0.2923267602861176,0.0057313918772287096,0.005818124318080517,0.27232032985686533,-0.004526564139737795,True,True,,,-11.511132750475483
dirichlet_33,0.27712460413756357,0.024887617953328757,0.26512961856619055,0.13601595170674205,0.2968422076361751,Fair,"alpha=2.0,eps=0.01",OK,0.27724875426887446,0.02500217066550469,0.26515982422624634,0.1359746069223713,0.29661464391700326,0.0002879975665674218,0.0002923290028935547,0.27277214646873055,-0.00022807028693512182,True,True,,,-499.91007439854934
dirichlet_33,0.27712460413756357,0.024887617953328757,0.26512961856619055,0.13601595170674205,0.2968422076361751,Fair,"alpha=2.0,eps=0.02",OK,0.2773729043778561,0.025116723368231203,0.26519002997344254,0.13593326207265927,0.2963870802078109,0.00057599513038502,0.0005846580073095549,0.2727481846390768,-0.00045614056731360246,True,True,,,-249.95503719927467
dirichlet_33,0.27712460413756357,0.024887617953328757,0.26512961856619055,0.13601595170674205,0.2968422076361751,Fair,"alpha=2.0,eps=0.05",OK,0.2777453548286154,0.02546038147418159,0.265280646895316,0.13580922779258914,0.29570438900929785,0.0014399878582165085,0.001461645040219661,0.2726762991174219,-0.0011403514651974352,True,True,,,-99.98201487970985
dirichlet_33,0.27712460413756357,0.024887617953328757,0.26512961856619055,0.13601595170674205,0.2968422076361751,Fair,"alpha=2.0,eps=0.1",OK,0.27836610556551133,0.02603314495185714,0.2654316752786401,0.13560250382122419,0.29456657038276723,0.0028799757326454013,0.0029232900999399116,0.2725564899436389,-0.0022807029328881087,True,True,,,-49.99100743985493
dirichlet_34,0.15540390492777603,0.42502770899418624,0.14101880307507145,0.1663811136456864,0.11216846935727992,Avg,rho=0.0,OK,1.942890293094024e-16,0.9999999999999999,0.0,5.551115123125783e-17,0.0,0.6441228550578957,0.6298024447177707,0.4465147117623406,-0.1670265801896281,True,True,,,
dirichlet_34,0.15540390492777603,0.42502770899418624,0.14101880307507145,0.1663811136456864,0.11216846935727992,Avg,rho=0.1,OK,9.71445146547012e-17,1.0,0.0,0.0,0.0,0.6441228550578958,0.6298024447177708,0.4465147117623406,-0.16702658018962815,True,True,,,
dirichlet_34,0.15540390492777603,0.42502770899418624,0.14101880307507145,0.1663811136456864,0.11216846935727992,Avg,rho=0.2,OK,0.014852997951275784,0.957847447545391,3.2388951716228343e-18,0.027299554503333302,0.0,0.5962073294365305,0.5828288955670422,0.43564849696290914,-0.14025039492702462,True,True,,,
dirichlet_34,0.15540390492777603,0.42502770899418624,0.14101880307507145,0.1663811136456864,0.11216846935727992,Avg,rho=0.5,OK,0.1159185966767922,0.6548199741510334,0.08364980489211434,0.1307571674809835,0.014854456799076474,0.2615221964320236,0.25701029878979936,0.35573483290942126,-0.09821913391428483,True,True,,,
dirichlet_34,0.15540390492777603,0.42502770899418624,0.14101880307507145,0.1663811136456864,0.11216846935727992,Cert,,FLOOR_COLLAPSED,0.15540390492777603,0.42502770899418624,0.14101880307507145,0.1663811136456864,0.11216846935727992,0.0,0.0,0.28968054289716166,0.0,False,True,0.0,-0.0,
dirichlet_34,0.15540390492777603,0.42502770899418624,0.14101880307507145,0.1663811136456864,0.11216846935727992,MaxMin,c=0.0,OK_EXACT_D0,0.12499751297423348,0.6460701870337661,0.09063458511996328,0.1261942281180962,0.0121034867539411,0.2528851156163062,0.24914599563695183,0.35363142459743424,-0.10118362470490497,True,True,-0.10118362470490497,,
dirichlet_34,0.15540390492777603,0.42502770899418624,0.14101880307507145,0.1663811136456864,0.11216846935727992,MaxMin,c=0.1,OK,0.11948681264465473,0.640549703750947,0.08502496734310144,0.12048232577725426,0.03445619048404264,0.24294232730722212,0.23868875385920332,0.3508541806671238,-0.0792308545126974,True,True,-0.0792308545126974,,
dirichlet_34,0.15540390492777603,0.42502770899418624,0.14101880307507145,0.1663811136456864,0.11216846935727992,MaxMin,c=0.25,OK,0.10383487510499512,0.624869980810838,0.08638768395377001,0.1189956109440469,0.06591184918635001,0.22353057597132878,0.21853249272357902,0.3447076918883996,-0.04806091509719002,True,True,-0.04806091509719002,,
dirichlet_34,0.15540390492777603,0.42502770899418624,0.14101880307507145,0.1663811136456864,0.11216846935727992,MaxMin,c=0.5,OK,0.12135916288670515,0.5465380108340128,0.10880019341364208,0.13842032601786625,0.08488230684777374,0.1359712360450827,0.1328392765383127,0.3230520146935104,-0.02835296669317905,True,True,-0.02835296669317905,,
dirichlet_34,0.15540390492777603,0.42502770899418624,0.14101880307507145,0.1663811136456864,0.11216846935727992,MaxMin,c=0.75,OK,0.138768873074931,0.48440039388972506,0.1252760608529184,0.1527188396810804,0.09883583250134517,0.06643862479416213,0.06490827846067873,0.305986599663252,-0.013853901536240892,True,True,-0.013853901536240892,,
dirichlet_34,0.15540390492777603,0.42502770899418624,0.14101880307507145,0.1663811136456864,0.11216846935727992,MaxMin,c=0.9,OK,0.1487974210696256,0.44860714592266626,0.13476668565842292,0.16095523930945174,0.10687350803983353,0.026385624394537132,0.025777858299529118,0.29615637665379085,-0.005501977855000312,True,True,-0.005501977855000312,,
dirichlet_34,0.15540390492777603,0.42502770899418624,0.14101880307507145,0.1663811136456864,0.11216846935727992,MaxMin,c=0.95,OK,0.15210679088361917,0.4367955562060272,0.1378985435568832,0.16367320928083107,0.10952590007263942,0.013168338048348487,0.012865018738040754,0.29291245307586705,-0.00274588553394915,True,True,-0.00274588553394915,,
dirichlet_34,0.15540390492777603,0.42502770899418624,0.14101880307507145,0.1663811136456864,0.11216846935727992,MaxMin,c=1.0,OK,0.15540390492777603,0.42502770899418624,0.14101880307507145,0.1663811136456864,0.11216846935727992,0.0,0.0,0.28968054289716166,0.0,False,True,0.0,,
dirichlet_34,0.15540390492777603,0.42502770899418624,0.14101880307507145,0.1663811136456864,0.11216846935727992,Fair,"alpha=0.0,eps=0.01",OK,0.19837988059543435,0.41299892225018353,0.12949797686715803,0.1566146471458275,0.10250857314139662,0.0480942106123731,0.04695898629350582,0.2876544947434347,-0.010000000000000005,True,True,,,0.05131114208474287
dirichlet_34,0.15540390492777603,0.42502770899418624,0.14101880307507145,0.1663811136456864,0.11216846935727992,Fair,"alpha=0.0,eps=0.02",OK,0.2413558562630927,0.40097013550618077,0.1179771506592446,0.14684818064596863,0.09284867692551332,0.09618842122474625,0.09391797258701168,0.2856284465897077,-0.020000000000000014,True,True,,,0.10262228416948574
dirichlet_34,0.15540390492777603,0.42502770899418624,0.14101880307507145,0.1663811136456864,0.11216846935727992,Fair,"alpha=0.0,eps=0.05",OK,0.3702837832660677,0.3648837752741726,0.08341467203550432,0.11754878114639203,0.0638689882778634,0.24047105306186564,0.23479493146752922,0.2795503021285266,-0.05000000000000002,True,True,,,0.2565557104237144
dirichlet_34,0.15540390492777603,0.42502770899418624,0.14101880307507145,0.1663811136456864,0.11216846935727992,Fair,"alpha=0.0,eps=0.1",OK,0.5851636616043593,0.304739841554159,0.0258105409959372,0.06871644864709765,0.01556950719844688,0.48094210612373123,0.4695898629350584,0.26942006135989155,-0.10000000000000002,True,True,,,0.5131114208474288
dirichlet_34,0.15540390492777603,0.42502770899418624,0.14101880307507145,0.1663811136456864,0.11216846935727992,Fair,"alpha=0.5,eps=0.01",OK,0.15590028799851982,0.4254842662536486,0.1411299718463137,0.16620570784471075,0.11127976605680714,0.0011347951053275838,0.0011521685730466547,0.289856744168498,-0.0008913129357855758,True,True,,,1.0003561959118048
dirichlet_34,0.15540390492777603,0.42502770899418624,0.14101880307507145,0.1663811136456864,0.11216846935727992,Fair,"alpha=0.5,eps=0.02",OK,0.1563966714929493,0.42594082392792193,0.1412411406818233,0.16603030143049144,0.11039106246681404,0.002269590890693473,0.0023043378554220193,0.2900329455690196,-0.001782626188131305,True,True,,,1.4147172994624313
dirichlet_34,0.15540390492777603,0.42502770899418624,0.14101880307507145,0.1663811136456864,0.11216846935727992,Fair,"alpha=0.5,eps=0.05",OK,0.15788582118136305,0.4273104961233935,0.14157464649304552,0.16550408398403105,0.10772495221816693,0.005673976812202624,0.005760844175518024,0.2905615495225562,-0.004456565340760551,True,True,,,2.236864455771893
dirichlet_34,0.15540390492777603,0.42502770899418624,0.14101880307507145,0.1663811136456864,0.11216846935727992,Fair,"alpha=0.5,eps=0.1",OK,0.1603677376262384,0.4295932849987627,0.1421304905979543,0.16462705060862914,0.10328143616841545,0.011347954198813594,0.011521689084872621,0.2914425565337366,-0.008913129776452014,True,True,,,3.1634040505429235
dirichlet_34,0.15540390492777603,0.42502770899418624,0.14101880307507145,0.1663811136456864,0.11216846935727992,Fair,"alpha=1.0,eps=0.01",OK,0.15565218825978627,0.4252565578790767,0.14107760548248025,0.1662967236339824,0.11171692474467441,0.000573139040229535,0.0005818122812032823,0.2897691912836997,-0.00045265629094629794,True,True,,,-23.02405821544571
dirichlet_34,0.15540390492777603,0.42502770899418624,0.14101880307507145,0.1663811136456864,0.11216846935727992,Fair,"alpha=1.0,eps=0.02",OK,0.15590047200301307,0.42548540659103506,0.14113640786356466,0.16621233360240897,0.1112653799399783,0.00114627834111009,0.0011636248243701694,0.28985783964085515,-0.0009053127733733573,True,True,,,-19.558322312645984
dirichlet_34,0.15540390492777603,0.42502770899418624,0.14101880307507145,0.1663811136456864,0.11216846935727992,Fair,"alpha=1.0,eps=0.05",OK,0.15664532247793286,0.42617195299954397,0.14131281517730798,0.1659591635720429,0.10991074577317231,0.002865695838846039,0.0029090620484972327,0.29012378475961403,-0.0022632819728631132,True,True,,,-14.97686865327521
dirichlet_34,0.15540390492777603,0.42502770899418624,0.14101880307507145,0.1663811136456864,0.11216846935727992,Fair,"alpha=1.0,eps=0.1",OK,0.1578867398396359,0.4273161971319405,0.14160682777187572,0.1655372132493255,0.1076530220072224,0.005731391877228732,0.005818124318080539,0.2905670266592774,-0.004526564139737823,True,True,,,-11.511132750475483
dirichlet_34,0.15540390492777603,0.42502770899418624,0.14101880307507145,0.1663811136456864,0.11216846935727992,Fair,"alpha=2.0,eps=0.01",OK,0.15552805506844603,0.4251422616986956,0.14104900874147613,0.166339768859381,0.11194090563200138,0.0002879975733214288,0.00029232900987661463,0.2897249997425203,-0.00022807029310760552,True,True,,,-499.9100743985493
dirichlet_34,0.15540390492777603,0.42502770899418624,0.14101880307507145,0.1663811136456864,0.11216846935727992,Fair,"alpha=2.0,eps=0.02",OK,0.15565220514243663,0.42525681448173724,0.14107921454838948,0.1662984241960522,0.11171334163138445,0.0005759953637786735,0.0005846582368460338,0.28976945662279546,-0.0004561408544330441,True,True,,,-249.95503719927467
dirichlet_34,0.15540390492777603,0.42502770899418624,0.14101880307507145,0.1663811136456864,0.11216846935727992,Fair,"alpha=2.0,eps=0.05",OK,0.1560246556400387,0.4256004725070406,0.14116983140871547,0.1661743897031462,0.11103065074105904,0.0014399878603076146,0.001461645043465465,0.289902827120884,-0.001140351455951478,True,True,,,-99.98201487970985
dirichlet_34,0.15540390492777603,0.42502770899418624,0.14101880307507145,0.1663811136456864,0.11216846935727992,Fair,"alpha=2.0,eps=0.1",OK,0.15664540634206822,0.4261732360528454,0.1413208597402868,0.16596766578169403,0.1098928320831056,0.0028799757590407286,0.0029232901248532556,0.2901251113556339,-0.0022807029523706783,True,True,,,-49.991007439854926
dirichlet_35,0.026033759442342187,0.0024289329437869444,0.1897098775210036,0.3020581068984774,0.4797693231943898,Avg,rho=0.0,OK,3.7238012298709096e-17,4.9022192201368796e-17,0.0,0.0,1.0,0.6313101860477911,0.6194858740531943,0.4968264353576476,-0.2780522285588423,True,True,,,
dirichlet_35,0.026033759442342187,0.0024289329437869444,0.1897098775210036,0.3020581068984774,0.4797693231943898,Avg,rho=0.1,OK,0.0,0.0,1.8587481854652506e-16,0.0,0.9999999999999998,0.6313101860477909,0.6194858740531941,0.49682643535764753,-0.2780522285588423,True,True,,,
dirichlet_35,0.026033759442342187,0.0024289329437869444,0.1897098775210036,0.3020581068984774,0.4797693231943898,Avg,rho=0.2,OK,0.0,1.1221177852970934e-16,2.023162885896075e-17,0.19465239885137686,0.805347601148623,0.3926966961558555,0.3890260596351592,0.46468483600364374,-0.19208472905395438,True,True,,,
dirichlet_35,0.026033759442342187,0.0024289329437869444,0.1897098775210036,0.3020581068984774,0.4797693231943898,Avg,rho=0.5,OK,0.0,0.0,0.05769518282525448,0.2962220473655846,0.6460827698091609,0.21402279803169286,0.2143288614547044,0.43069422997606815,-0.13310212918135841,True,True,,,
dirichlet_35,0.026033759442342187,0.0024289329437869444,0.1897098775210036,0.3020581068984774,0.4797693231943898,Cert,,FLOOR_COLLAPSED,0.026033759442342187,0.0024289329437869444,0.1897098775210036,0.3020581068984774,0.4797693231943898,0.0,0.0,0.3774156188667456,0.0,False,True,0.0,-0.0,
dirichlet_35,0.026033759442342187,0.0024289329437869444,0.1897098775210036,0.3020581068984774,0.4797693231943898,MaxMin,c=0.0,INFEASIBLE_BALL_MISSES_SIMPLEX,,,,,,,,,,False,False,,,
dirichlet_35,0.026033759442342187,0.0024289329437869444,0.1897098775210036,0.3020581068984774,0.4797693231943898,MaxMin,c=0.1,INFEASIBLE_BALL_MISSES_SIMPLEX,,,,,,,,,,False,False,,,
dirichlet_35,0.026033759442342187,0.0024289329437869444,0.1897098775210036,0.3020581068984774,0.4797693231943898,MaxMin,c=0.25,INFEASIBLE_BALL_MISSES_SIMPLEX,,,,,,,,,,False,False,,,
dirichlet_35,0.026033759442342187,0.0024289329437869444,0.1897098775210036,0.3020581068984774,0.4797693231943898,MaxMin,c=0.5,INFEASIBLE_BALL_MISSES_SIMPLEX,,,,,,,,,,False,False,,,
dirichlet_35,0.026033759442342187,0.0024289329437869444,0.1897098775210036,0.3020581068984774,0.4797693231943898,MaxMin,c=0.75,INFEASIBLE_BALL_MISSES_SIMPLEX,,,,,,,,,,False,False,,,
dirichlet_35,0.026033759442342187,0.0024289329437869444,0.1897098775210036,0.3020581068984774,0.4797693231943898,MaxMin,c=0.9,OK,0.009036899237774534,0.0,0.1729210629898912,0.28162661047766785,0.5364154272946664,0.06482965695692093,0.06421592739871597,0.3946317715399636,-0.018022013296025628,True,True,-0.018022013296025628,,
dirichlet_35,0.026033759442342187,0.0024289329437869444,0.1897098775210036,0.3020581068984774,0.4797693231943898,MaxMin,c=0.95,OK,0.018564353876322767,6.028164079019405e-17,0.18231671478893607,0.2929396590955962,0.5061792722391448,0.029949659243776926,0.029699574255805786,0.38565457433932077,-0.00800336052204576,True,True,-0.00800336052204576,,
dirichlet_35,0.026033759442342187,0.0024289329437869444,0.1897098775210036,0.3020581068984774,0.4797693231943898,MaxMin,c=1.0,OK,0.026033759442342187,0.0024289329437869444,0.1897098775210036,0.3020581068984774,0.4797693231943898,0.0,0.0,0.3774156188667456,0.0,False,True,0.0,,
dirichlet_35,0.026033759442342187,0.0024289329437869444,0.1897098775210036,0.3020581068984774,0.4797693231943898,Fair,"alpha=0.0,eps=0.01",OK,0.05939267596960795,0.0,0.17821658648923,0.29227498682186537,0.4701157507192966,0.03794355895043099,0.03728989129207747,0.36853955492136575,-0.01000000000000002,True,True,,,0.05129523816351095
dirichlet_35,0.026033759442342187,0.0024289329437869444,0.1897098775210036,0.3020581068984774,0.4797693231943898,Fair,"alpha=0.0,eps=0.02",OK,0.0903183062974608,0.0,0.16673026234443517,0.28248765309554064,0.46046377826256335,0.07363539991365688,0.07244412013405646,0.3596098800988698,-0.020000000000000007,True,True,,,0.10258645235342614
dirichlet_35,0.026033759442342187,0.0024289329437869444,0.1897098775210036,0.3020581068984774,0.4797693231943898,Fair,"alpha=0.0,eps=0.05",OK,0.18309519728101928,0.0,0.13227128991005072,0.25312565191656644,0.43150786089236354,0.18082295266924994,0.17801587777576058,0.3328208556313819,-0.049999999999999996,True,True,,,0.2564600949231716
dirichlet_35,0.026033759442342187,0.0024289329437869444,0.1897098775210036,0.3020581068984774,0.4797693231943898,Fair,"alpha=0.0,eps=0.1",OK,0.3377233489202835,0.0,0.07483966918607658,0.2041889832849427,0.3832479986086972,0.35950826989617424,0.35400708783502166,0.2881724815189021,-0.10000000000000002,True,True,,,0.5129161658727475
dirichlet_35,0.026033759442342187,0.0024289329437869444,0.1897098775210036,0.3020581068984774,0.4797693231943898,Fair,"alpha=0.5,eps=0.01",OK,0.026530142721522976,0.002885490339575416,0.1898210463595504,0.3018827009630433,0.47888061961630796,0.0011347954961332288,0.0011521689731184405,0.3769706270133415,-0.0008913132180384236,True,True,,,1.0003561959118048
dirichlet_35,0.026033759442342187,0.0024289329437869444,0.1897098775210036,0.3020581068984774,0.4797693231943898,Fair,"alpha=0.5,eps=0.02",OK,0.027026526073996082,0.003342047869463289,0.18993221482150505,0.3017072949552483,0.47799191627978727,0.0022695908633940435,0.0023043378111871015,0.37652563518757676,-0.0017826261983176035,True,True,,,1.4147172994624313
dirichlet_35,0.026033759442342187,0.0024289329437869444,0.1897098775210036,0.3020581068984774,0.4797693231943898,Fair,"alpha=0.5,eps=0.05",OK,0.028515675700391954,0.004711720060865193,0.1902657210771819,0.30118107729189386,0.47532580586966705,0.005673976959659818,0.005760844324944334,0.3751906597748399,-0.004456565522986564,True,True,,,2.236864455771893
dirichlet_35,0.026033759442342187,0.0024289329437869444,0.1897098775210036,0.3020581068984774,0.4797693231943898,Fair,"alpha=0.5,eps=0.1",OK,0.030997591442125518,0.006994507895621125,0.19082156412398169,0.30030404733930754,0.4708822891989642,0.01134795347360463,0.01152168820474297,0.3729657007850923,-0.008913130411264436,True,True,,,3.1634040505429235
dirichlet_35,0.026033759442342187,0.0024289329437869444,0.1897098775210036,0.3020581068984774,0.4797693231943898,Fair,"alpha=1.0,eps=0.01",OK,0.02628204280908638,0.0026577817519774665,0.189768679912479,0.30197371697286574,0.47931777855359137,0.0005731390325512775,0.0005818122697075704,0.37719130370283804,-0.00045265631482593974,True,True,,,-23.02405821544571
dirichlet_35,0.026033759442342187,0.0024289329437869444,0.1897098775210036,0.3020581068984774,0.4797693231943898,Fair,"alpha=1.0,eps=0.02",OK,0.026530326450955877,0.0028866305418259355,0.18982748236560626,0.3018893268693596,0.4788662337722524,0.0011462783202057436,0.001163624804025719,0.3769669884342857,-0.0009053127777152528,True,True,,,-19.558322312645984
dirichlet_35,0.026033759442342187,0.0024289329437869444,0.1897098775210036,0.3020581068984774,0.4797693231943898,Fair,"alpha=1.0,eps=0.05",OK,0.02727517703424179,0.0035731769178141424,0.1900038895113706,0.3016361568845121,0.4775115996520613,0.002865695791238944,0.0029090619958575363,0.3762940427902317,-0.0022632819281768897,True,True,,,-14.97686865327521
dirichlet_35,0.026033759442342187,0.0024289329437869444,0.1897098775210036,0.3020581068984774,0.4797693231943898,Fair,"alpha=1.0,eps=0.1",OK,0.02851659435420205,0.004717421081541218,0.19029790221780787,0.3012142065021165,0.4752538758443323,0.005731391877228709,0.005818124318080515,0.3751724665937708,-0.004526564139737795,True,True,,,-11.511132750475483
dirichlet_35,0.026033759442342187,0.0024289329437869444,0.1897098775210036,0.3020581068984774,0.4797693231943898,Fair,"alpha=2.0,eps=0.01",OK,0.026157909588324275,0.00254348564482805,0.1897400831888157,0.3020167621132406,0.4795417594647914,0.0002879975776394376,0.00029232901420182795,0.37730301614838807,-0.00022807029735043844,True,True,,,-499.9100743985493
dirichlet_35,0.026033759442342187,0.0024289329437869444,0.1897098775210036,0.3020581068984774,0.4797693231943898,Fair,"alpha=2.0,eps=0.02",OK,0.02628205973055425,0.0026580383486964447,0.1897702888459815,0.3019754173332061,0.4793141957415618,0.0005759951478901363,0.0005846580205537036,0.37719041343270376,-0.00045614058809765007,True,True,,,-249.95503719927467
dirichlet_35,0.026033759442342187,0.0024289329437869444,0.1897098775210036,0.3020581068984774,0.4797693231943898,Fair,"alpha=2.0,eps=0.05",OK,0.026654510142862093,0.0030016964701428147,0.18986090583686122,0.30185138297128483,0.4786315045788491,0.0014399878560096243,0.0014616450382218514,0.3768526052853009,-0.0011403514545044041,True,True,,,-99.98201487970987
dirichlet_35,0.026033759442342187,0.0024289329437869444,0.1897098775210036,0.3020581068984774,0.4797693231943898,Fair,"alpha=2.0,eps=0.1",OK,0.027275260815338705,0.0035744604626847705,0.1900119344190449,0.30164465758853876,0.4774936867143929,0.0028799755287745427,0.0029232899537846167,0.3762895916563383,-0.0022807022322925614,True,True,,,-49.99100743985493
dirichlet_36,0.01461483306554485,0.273611317128226,0.40087098224103435,0.008586203435515563,0.30231666412967906,Avg,rho=0.0,OK,0.0,4.649058915617841e-16,0.9999999999999987,0.0,8.049116928532381e-16,0.724914763559779,0.7127768833726822,0.41712847629105143,-0.3025789633021079,True,True,,,
dirichlet_36,0.01461483306554485,0.273611317128226,0.40087098224103435,0.008586203435515563,0.30231666412967906,Avg,rho=0.1,OK,0.0,0.05076678746571008,0.8079221312840776,0.0,0.1413110812502123,0.4914879818379046,0.48169266647025605,0.39535908677141185,-0.20380066501675093,True,True,,,
dirichlet_36,0.01461483306554485,0.273611317128226,0.40087098224103435,0.008586203435515563,0.30231666412967906,Avg,rho=0.2,OK,0.0,0.16611481918734433,0.6082434499117184,0.0,0.22564173090093725,0.24642483445867364,0.24152746354419788,0.37220016016669266,-0.09831576859339511,True,True,,,
dirichlet_36,0.01461483306554485,0.273611317128226,0.40087098224103435,0.008586203435515563,0.30231666412967906,Avg,rho=0.5,OK,3.300800325014409e-17,0.235324777341251,0.48843456116890077,5.110107825493499e-17,0.2762406614898482,0.10050131159422038,0.0984930937105641,0.3583046079415408,-0.03502377568478887,True,True,,,
dirichlet_36,0.01461483306554485,0.273611317128226,0.40087098224103435,0.008586203435515563,0.30231666412967906,Cert,,FLOOR_COLLAPSED,0.014614833065544853,0.27361131712822606,0.40087098224103446,0.008586203435515565,0.3023166641296791,1.3602931225955671e-16,1.3899708641557337e-16,0.3423078380525798,7.7908185951007e-18,False,True,7.7908185951007e-18,-0.0,
dirichlet_36,0.01461483306554485,0.273611317128226,0.40087098224103435,0.008586203435515563,0.30231666412967906,MaxMin,c=0.0,INFEASIBLE_BALL_MISSES_SIMPLEX,,,,,,,,,,False,False,,,
dirichlet_36,0.01461483306554485,0.273611317128226,0.40087098224103435,0.008586203435515563,0.30231666412967906,MaxMin,c=0.1,INFEASIBLE_BALL_MISSES_SIMPLEX,,,,,,,,,,False,False,,,
dirichlet_36,0.01461483306554485,0.273611317128226,0.40087098224103435,0.008586203435515563,0.30231666412967906,MaxMin,c=0.25,INFEASIBLE_BALL_MISSES_SIMPLEX,,,,,,,,,,False,False,,,
dirichlet_36,0.01461483306554485,0.273611317128226,0.40087098224103435,0.008586203435515563,0.30231666412967906,MaxMin,c=0.5,INFEASIBLE_BALL_MISSES_SIMPLEX,,,,,,,,,,False,False,,,
dirichlet_36,0.01461483306554485,0.273611317128226,0.40087098224103435,0.008586203435515563,0.30231666412967906,MaxMin,c=0.75,INFEASIBLE_BALL_MISSES_SIMPLEX,,,,,,,,,,False,False,,,
dirichlet_36,0.01461483306554485,0.273611317128226,0.40087098224103435,0.008586203435515563,0.30231666412967906,MaxMin,c=0.9,OK,1.4224732503009808e-16,0.2541386390544935,0.4606617317091482,0.0,0.2851996292363581,0.06733816177941707,0.06605632422874062,0.35506010724247306,-0.01759960044623761,True,True,-0.01759960044623761,,
dirichlet_36,0.01461483306554485,0.273611317128226,0.40087098224103435,0.008586203435515563,0.30231666412967906,MaxMin,c=0.95,OK,0.008250370106876435,0.26732267746195604,0.4243887640506856,0.003043525023247875,0.2969946633572341,0.0263093978466732,0.025819218212537225,0.3480474023332486,-0.005623473205785024,True,True,-0.005623473205785024,,
dirichlet_36,0.01461483306554485,0.273611317128226,0.40087098224103435,0.008586203435515563,0.30231666412967906,MaxMin,c=1.0,OK,0.014614833065544853,0.27361131712822606,0.40087098224103446,0.008586203435515565,0.3023166641296791,1.3602931225955671e-16,1.3899708641557337e-16,0.3423078380525798,7.7908185951007e-18,False,True,7.7908185951007e-18,,
dirichlet_36,0.01461483306554485,0.273611317128226,0.40087098224103435,0.008586203435515563,0.30231666412967906,Fair,"alpha=0.0,eps=0.01",OK,0.05636424131425663,0.26164099526216117,0.3893932510127792,0.0,0.29260151241080307,0.04675625168038702,0.04563018945718706,0.33305013747020296,-0.009999999999999948,True,True,,,0.05126883288713801
dirichlet_36,0.01461483306554485,0.273611317128226,0.40087098224103435,0.008586203435515563,0.30231666412967906,Fair,"alpha=0.0,eps=0.02",OK,0.0891905902005117,0.2500959949629338,0.37822902808074454,0.0,0.28248438675581006,0.08422715792580113,0.08203699351176662,0.3237371165361658,-0.019999999999999952,True,True,,,0.1022298739024436
dirichlet_36,0.01461483306554485,0.273611317128226,0.40087098224103435,0.008586203435515563,0.30231666412967906,Fair,"alpha=0.0,eps=0.05",OK,0.18766963685927698,0.21546099406525163,0.3447363592846404,0.0,0.25213300979083103,0.19766801242261978,0.1922786498226096,0.29579805373405443,-0.04999999999999996,True,True,,,0.2551129969483605
dirichlet_36,0.01461483306554485,0.273611317128226,0.40087098224103435,0.008586203435515563,0.30231666412967906,Fair,"alpha=0.0,eps=0.1",OK,0.3518013812905524,0.15773599256911466,0.28891524462446705,0.0,0.20154738151586596,0.38714870210137986,0.37642607826487984,0.24923294906386878,-0.09999999999999996,True,True,,,0.5099182020248886
dirichlet_36,0.01461483306554485,0.273611317128226,0.40087098224103435,0.008586203435515563,0.30231666412967906,Fair,"alpha=0.5,eps=0.01",OK,0.01511121630633311,0.274067874556497,0.4009821509551407,0.00841079751861853,0.30142796066341065,0.001134795389786597,0.0011521688627474502,0.3422399303948599,-0.0008913131057186853,True,True,,,1.0003561959118048
dirichlet_36,0.01461483306554485,0.273611317128226,0.40087098224103435,0.008586203435515563,0.30231666412967906,Fair,"alpha=0.5,eps=0.02",OK,0.015607599572652767,0.27452443197019677,0.40109331967394235,0.008235391590967693,0.30053925719224045,0.0022695907908397584,0.002304337737285605,0.34217202273432007,-0.0017826262168149775,True,True,,,1.4147172994624313
dirichlet_36,0.01461483306554485,0.273611317128226,0.40087098224103435,0.008586203435515563,0.30231666412967906,Fair,"alpha=0.5,eps=0.05",OK,0.017096749323679248,0.27589410424693345,0.401426825804432,0.0077091738309795765,0.29787314679397575,0.005673976969342354,0.005760844334779138,0.34196829975527904,-0.00445656553382131,True,True,,,2.236864455771893
dirichlet_36,0.01461483306554485,0.273611317128226,0.40087098224103435,0.008586203435515563,0.30231666412967906,Fair,"alpha=0.5,eps=0.1",OK,0.019578665584379516,0.27817689137576745,0.4019826693496459,0.006832144264105458,0.2934296294261017,0.011347953961472694,0.011521688690742167,0.3416287614451129,-0.008913131097772198,True,True,,,3.163404050542923
dirichlet_36,0.01461483306554485,0.273611317128226,0.40087098224103435,0.008586203435515563,0.30231666412967906,Fair,"alpha=1.0,eps=0.01",OK,0.014863116251848576,0.27384016594594196,0.4009297849154251,0.00850181344800952,0.3018651194387749,0.0005731390358033614,0.000581812281437019,0.34227332389134324,-0.00045265636848062683,True,True,,,-23.02405821544571
dirichlet_36,0.01461483306554485,0.273611317128226,0.40087098224103435,0.008586203435515563,0.30231666412967906,Fair,"alpha=1.0,eps=0.02",OK,0.015111400076844991,0.27406901474757994,0.400988587083088,0.008417423384109423,0.30141357470837765,0.0011462783322419758,0.0011636248169730884,0.3422388095355093,-0.0009053127779277006,True,True,,,-19.558322312645984
dirichlet_36,0.01461483306554485,0.273611317128226,0.40087098224103435,0.008586203435515563,0.30231666412967906,Fair,"alpha=1.0,eps=0.05",OK,0.015856251002556315,0.27475556090377956,0.40116499456018634,0.008164252865665708,0.30005894066781214,0.002865695913683266,0.002909062146312063,0.3421352668028506,-0.0022632818752679348,True,True,,,-14.97686865327521
dirichlet_36,0.01461483306554485,0.273611317128226,0.40087098224103435,0.008586203435515563,0.30231666412967906,Fair,"alpha=1.0,eps=0.1",OK,0.017097668084495993,0.27589980532750485,0.40145900630194087,0.007742303180427041,0.29780121710563134,0.005731391605299144,0.005818124025590596,0.34196269545859104,-0.004526563807192042,True,True,,,-11.511132750475483
dirichlet_36,0.01461483306554485,0.273611317128226,0.40087098224103435,0.008586203435515563,0.30231666412967906,Fair,"alpha=2.0,eps=0.01",OK,0.014738983206373133,0.2737258698312269,0.4009011879074188,0.008544858649816195,0.30208910040516485,0.0002879975720965786,0.00029232900861659683,0.3422904386483649,-0.00022807029231943786,True,True,,,-499.91007439854934
dirichlet_36,0.01461483306554485,0.273611317128226,0.40087098224103435,0.008586203435515563,0.30231666412967906,Fair,"alpha=2.0,eps=0.02",OK,0.014863133345990053,0.2738404225297293,0.4009313935768962,0.008503513866903704,0.3018615366804807,0.0005759951419402516,0.0005846580149146253,0.3422730392440843,-0.0004561405846860886,True,True,,,-249.95503719927467
dirichlet_36,0.01461483306554485,0.273611317128226,0.40087098224103435,0.008586203435515563,0.30231666412967906,Fair,"alpha=2.0,eps=0.05",OK,0.01523558373263104,0.2741840806197998,0.40102201064825616,0.008379479473887315,0.30117884552542573,0.0014399878333694344,0.0014616450185853495,0.3422208410581957,-0.001140351445208176,True,True,,,-99.98201487970985
dirichlet_36,0.01461483306554485,0.273611317128226,0.40087098224103435,0.008586203435515563,0.30231666412967906,Fair,"alpha=2.0,eps=0.1",OK,0.01585633433963331,0.27475684417719176,0.4011730388461258,0.00817275559803324,0.3000410270390159,0.00287997553963145,0.0029232899017584335,0.34213384403189967,-0.002280702768688825,True,True,,,-49.991007439854926
dirichlet_37,0.2687249079558859,0.10132402597062289,0.4083565808691536,0.09066210755254386,0.13093237765179383,Avg,rho=0.0,OK,4.093947403305265e-16,1.9775847626135603e-16,0.9999999999999993,0.0,6.591949208711868e-17,0.6766716153785772,0.6621461774623684,0.43046813428746594,-0.24545586048239063,True,True,,,
dirichlet_37,0.2687249079558859,0.10132402597062289,0.4083565808691536,0.09066210755254386,0.13093237765179383,Avg,rho=0.1,OK,0.08686995247117262,0.0,0.9131300475288274,0.0,3.122502256758252e-17,0.568767914865359,0.5577692262637438,0.41916151318306016,-0.1633512943388429,True,True,,,
dirichlet_37,0.2687249079558859,0.10132402597062289,0.4083565808691536,0.09066210755254386,0.13093237765179383,Avg,rho=0.2,OK,0.25900747227485044,7.806255641895632e-18,0.7409925277251496,1.6479873021779667e-17,6.852157730108388e-17,0.38258406291861724,0.3782477893153212,0.3967568305637364,-0.13537174143556294,True,True,,,
dirichlet_37,0.2687249079558859,0.10132402597062289,0.4083565808691536,0.09066210755254386,0.13093237765179383,Avg,rho=0.5,OK,0.33776707377500054,0.0025641033030605023,0.6134012162235506,2.964615315390051e-21,0.046267606698388315,0.26823755639428326,0.26582039624347453,0.372317455756747,-0.09215663547467774,True,True,,,
dirichlet_37,0.2687249079558859,0.10132402597062289,0.4083565808691536,0.09066210755254386,0.13093237765179383,Cert,,FLOOR_COLLAPSED,0.2687249079558859,0.10132402597062289,0.4083565808691536,0.09066210755254386,0.13093237765179383,0.0,0.0,0.2993738289029594,0.0,False,True,0.0,-0.0,
dirichlet_37,0.2687249079558859,0.10132402597062289,0.4083565808691536,0.09066210755254386,0.13093237765179383,MaxMin,c=0.0,INFEASIBLE_BALL_MISSES_SIMPLEX,,,,,,,,,,False,False,,,
dirichlet_37,0.2687249079558859,0.10132402597062289,0.4083565808691536,0.09066210755254386,0.13093237765179383,MaxMin,c=0.1,OK,0.33667628972526387,0.011998857879234947,0.6063313385996852,0.0010450578207281261,0.04394845597508772,0.25959160015354743,0.2576703184252219,0.37008847326835376,-0.0912096128999907,True,True,-0.0912096128999907,,
dirichlet_37,0.2687249079558859,0.10132402597062289,0.4083565808691536,0.09066210755254386,0.13093237765179383,MaxMin,c=0.25,OK,0.311459109102661,0.021373683202913163,0.5806615076825299,0.02206865253088594,0.06443704748101003,0.21687311513145197,0.2146266798622956,0.3580109683156342,-0.06979773727603815,True,True,-0.06979773727603815,,
dirichlet_37,0.2687249079558859,0.10132402597062289,0.4083565808691536,0.09066210755254386,0.13093237765179383,MaxMin,c=0.5,OK,0.271839536132885,0.05131455172568367,0.5403307593063176,0.047398687038219006,0.08911646579689483,0.15345398735763296,0.15143929171333542,0.3393043817035217,-0.043982882173612334,True,True,-0.043982882173612334,,
dirichlet_37,0.2687249079558859,0.10132402597062289,0.4083565808691536,0.09066210755254386,0.13093237765179383,MaxMin,c=0.75,OK,0.24664452748445184,0.07950670102416064,0.48994737235832475,0.07143276346358463,0.11246863566947818,0.0912758104181679,0.08957521872781499,0.32002237498339264,-0.019509647359252362,True,True,-0.019509647359252362,,
dirichlet_37,0.2687249079558859,0.10132402597062289,0.4083565808691536,0.09066210755254386,0.13093237765179383,MaxMin,c=0.9,OK,0.2604192523283165,0.09311732011451108,0.4390474024048867,0.08342888482100838,0.12398714033127742,0.03433389426606061,0.03369420742001868,0.3071408922094974,-0.007338660336532933,True,True,-0.007338660336532933,,
dirichlet_37,0.2687249079558859,0.10132402597062289,0.4083565808691536,0.09066210755254386,0.13093237765179383,MaxMin,c=0.95,OK,0.26463034584754486,0.0972782445971219,0.4234866898658401,0.08709623857774224,0.12750848111175078,0.01692608853501643,0.016610732633152017,0.30320287317521066,-0.0036178481130630527,True,True,-0.0036178481130630527,,
dirichlet_37,0.2687249079558859,0.10132402597062289,0.4083565808691536,0.09066210755254386,0.13093237765179383,MaxMin,c=1.0,OK,0.2687249079558859,0.10132402597062289,0.4083565808691536,0.09066210755254386,0.13093237765179383,0.0,0.0,0.2993738289029594,0.0,False,True,0.0,,
dirichlet_37,0.2687249079558859,0.10132402597062289,0.4083565808691536,0.09066210755254386,0.13093237765179383,Fair,"alpha=0.0,eps=0.01",OK,0.31170088362354414,0.08929523922662015,0.39683575466124005,0.08089564105268497,0.1212724814359105,0.04809421061237311,0.04695898629350582,0.3031624108367932,-0.010000000000000142,True,True,,,0.05131114208474287
dirichlet_37,0.2687249079558859,0.10132402597062289,0.4083565808691536,0.09066210755254386,0.13093237765179383,Fair,"alpha=0.0,eps=0.02",OK,0.3546768592912025,0.07726645248261743,0.38531492845332677,0.07112917455282611,0.11161258522002723,0.09618842122474622,0.09391797258701165,0.3069509927706272,-0.02000000000000001,True,True,,,0.10262228416948574
dirichlet_37,0.2687249079558859,0.10132402597062289,0.4083565808691536,0.09066210755254386,0.13093237765179383,Fair,"alpha=0.0,eps=0.05",OK,0.4836047862941775,0.04118009225060926,0.3507524498295865,0.041829775053249495,0.08263289657237731,0.24047105306186561,0.2347949314675292,0.31831673857212883,-0.05000000000000002,True,True,,,0.2565557104237144
dirichlet_37,0.2687249079558859,0.10132402597062289,0.4083565808691536,0.09066210755254386,0.13093237765179383,Fair,"alpha=0.0,eps=0.1",OK,0.6725250905629908,0.0,0.29345857679882986,0.0,0.03401633263817929,0.45181305268741506,0.44146321739649563,0.33304557309011557,-0.10000000000000006,True,True,,,0.5128284009394475
dirichlet_37,0.2687249079558859,0.10132402597062289,0.4083565808691536,0.09066210755254386,0.13093237765179383,Fair,"alpha=0.5,eps=0.01",OK,0.2692212910266296,0.10178058323008522,0.4084677496403958,0.09048670175156823,0.13004367435132103,0.001134795105327562,0.001152168573046628,0.29949234235467737,-0.0008913129357856044,True,True,,,1.0003561959118048
dirichlet_37,0.2687249079558859,0.10132402597062289,0.4083565808691536,0.09066210755254386,0.13093237765179383,Fair,"alpha=0.5,eps=0.02",OK,0.26971767446824907,0.10223714084673556,0.4085789183917841,0.09031129561280929,0.12915497068042203,0.0022695908569517332,0.0023043378093846206,0.29961085587094,-0.0017826262552892976,True,True,,,1.4147172994624313
dirichlet_37,0.2687249079558859,0.10132402597062289,0.4083565808691536,0.09066210755254386,0.13093237765179383,Fair,"alpha=0.5,eps=0.05",OK,0.27120682420947284,0.1036068130998301,0.4089124242871276,0.0897850778908885,0.12648886051268082,0.005673976812202582,0.005760844175517977,0.2999663962000198,-0.0044565653407605665,True,True,,,2.236864455771893
dirichlet_37,0.2687249079558859,0.10132402597062289,0.4083565808691536,0.09066210755254386,0.13093237765179383,Fair,"alpha=0.5,eps=0.1",OK,0.2736887403590689,0.10588959982681197,0.40946826784401374,0.08890804923739433,0.12204534273271112,0.011347953776748547,0.011521688469513066,0.30055896349084066,-0.008913131271129991,True,True,,,3.1634040505429235
dirichlet_37,0.2687249079558859,0.10132402597062289,0.4083565808691536,0.09066210755254386,0.13093237765179383,Fair,"alpha=1.0,eps=0.01",OK,0.26897319118405316,0.10155287476000369,0.4084153835398013,0.09057771755027295,0.130480832965869,0.000573139040491721,0.00058181228654215,0.29943394392540074,-0.00045265636419565715,True,True,,,-23.024058215445713
dirichlet_37,0.2687249079558859,0.10132402597062289,0.4083565808691536,0.09066210755254386,0.13093237765179383,Fair,"alpha=1.0,eps=0.02",OK,0.2692214749483024,0.10178172367450337,0.40847418570831867,0.09049332734727474,0.13002928832160085,0.001146278308391635,0.001163624798879307,0.2994940588940465,-0.0009053126946719118,True,True,,,-19.558322312645984
dirichlet_37,0.2687249079558859,0.10132402597062289,0.4083565808691536,0.09066210755254386,0.13093237765179383,Fair,"alpha=1.0,eps=0.05",OK,0.26996632566264883,0.10246826992074291,0.408650592965503,0.09024015754161141,0.1286746539094939,0.002865695999425154,0.0029090622074659646,0.29967440390119726,-0.002263282126970014,True,True,,,-14.97686865327521
dirichlet_37,0.2687249079558859,0.10132402597062289,0.4083565808691536,0.09066210755254386,0.13093237765179383,Fair,"alpha=1.0,eps=0.1",OK,0.27120774286774574,0.10361251410837716,0.4089446055659579,0.08981820715618295,0.1264169303017363,0.005731391877228732,0.005818124318080539,0.2999749789768478,-0.004526564139737824,True,True,,,-11.511132750475483
dirichlet_37,0.2687249079558859,0.10132402597062289,0.4083565808691536,0.09066210755254386,0.13093237765179383,Fair,"alpha=2.0,eps=0.01",OK,0.26884905808916854,0.10143857866642955,0.40838678653493793,0.09062076277692707,0.13070481393253677,0.0002879975603178896,0.00029232899635162307,0.29940409793422235,-0.0002280702866226081,True,True,,,-499.91007439854934
dirichlet_37,0.2687249079558859,0.10132402597062289,0.4083565808691536,0.09066210755254386,0.13093237765179383,Fair,"alpha=2.0,eps=0.02",OK,0.26897320823799165,0.10155313137570926,0.4084169922017381,0.09057941798162687,0.13047725020293421,0.0005759951438008188,0.0005846580168137617,0.2994343669688791,-0.0004561405844476053,True,True,,,-249.95503719927467
dirichlet_37,0.2687249079558859,0.10132402597062289,0.4083565808691536,0.09066210755254386,0.13093237765179383,Fair,"alpha=2.0,eps=0.05",OK,0.2693456585828191,0.10189678939203424,0.40850760904128014,0.09045538367251368,0.12979455931135267,0.0014399875433279725,0.0014616447184405477,0.29952517400721435,-0.0011403511785610676,True,True,,,-99.98201487970985
dirichlet_37,0.2687249079558859,0.10132402597062289,0.4083565808691536,0.09066210755254386,0.13093237765179383,Fair,"alpha=2.0,eps=0.1",OK,0.2699664092724036,0.10246955306469431,0.40865863756116433,0.09024865963889492,0.1286567404628429,0.0028799756735765373,0.002923290041390754,0.29967651922782146,-0.002280702870175926,True,True,,,-49.99100743985493
dirichlet_38,0.030338295587320614,0.2709192982557854,0.02929293456724884,0.598588153944794,0.07086131764485118,Avg,rho=0.0,OK,7.000472481576402e-17,0.0,0.0,1.0,0.0,0.49125202376572946,0.48558241578119055,0.6083691303302743,-0.26759898085772504,True,True,,,
dirichlet_38,0.030338295587320614,0.2709192982557854,0.02929293456724884,0.598588153944794,0.07086131764485118,Avg,rho=0.1,OK,1.0217625025220692e-16,0.0,0.0,1.0,0.0,0.49125202376572946,0.48558241578119055,0.6083691303302743,-0.26759898085772504,True,True,,,
dirichlet_38,0.030338295587320614,0.2709192982557854,0.02929293456724884,0.598588153944794,0.07086131764485118,Avg,rho=0.2,OK,8.62244006281192e-17,0.0,1.9399398742181367e-16,0.9999999999999997,2.5199979226478787e-17,0.4912520237657292,0.48558241578119027,0.6083691303302741,-0.26759898085772504,True,True,,,
dirichlet_38,0.030338295587320614,0.2709192982557854,0.02929293456724884,0.598588153944794,0.07086131764485118,Avg,rho=0.5,OK,4.315907690093008e-17,0.17149043866497451,0.0,0.8285095613350254,7.388760742153807e-17,0.26372289667168297,0.25967488901639096,0.5530615120480503,-0.09923974632750301,True,True,,,
dirichlet_38,0.030338295587320614,0.2709192982557854,0.02929293456724884,0.598588153944794,0.07086131764485118,Cert,,FLOOR_COLLAPSED,0.030338295587320614,0.2709192982557854,0.02929293456724884,0.598588153944794,0.07086131764485118,0.0,0.0,0.4525285431764456,0.0,False,True,0.0,-0.0,
dirichlet_38,0.030338295587320614,0.2709192982557854,0.02929293456724884,0.598588153944794,0.07086131764485118,MaxMin,c=0.0,INFEASIBLE_BALL_MISSES_SIMPLEX,,,,,,,,,,False,False,,,
dirichlet_38,0.030338295587320614,0.2709192982557854,0.02929293456724884,0.598588153944794,0.07086131764485118,MaxMin,c=0.1,INFEASIBLE_BALL_MISSES_SIMPLEX,,,,,,,,,,False,False,,,
dirichlet_38,0.030338295587320614,0.2709192982557854,0.02929293456724884,0.598588153944794,0.07086131764485118,MaxMin,c=0.25,INFEASIBLE_BALL_MISSES_SIMPLEX,,,,,,,,,,False,False,,,
dirichlet_38,0.030338295587320614,0.2709192982557854,0.02929293456724884,0.598588153944794,0.07086131764485118,MaxMin,c=0.5,INFEASIBLE_BALL_MISSES_SIMPLEX,,,,,,,,,,False,False,,,
dirichlet_38,0.030338295587320614,0.2709192982557854,0.02929293456724884,0.598588153944794,0.07086131764485118,MaxMin,c=0.75,OK,0.003174891280243723,0.24344238696767925,0.001387532992482371,0.7157867322722704,0.03620845648732429,0.13117877180747506,0.12932735008085425,0.5091254396614708,-0.028828407383149037,True,True,-0.028828407383149037,,
dirichlet_38,0.030338295587320614,0.2709192982557854,0.02929293456724884,0.598588153944794,0.07086131764485118,MaxMin,c=0.9,OK,0.019702722254168616,0.2601609742375761,0.01836683924118749,0.6444761457536201,0.05729331851344774,0.05136180397490402,0.05063689735710817,0.47468852121861044,-0.011287489496358195,True,True,-0.011287489496358195,,
dirichlet_38,0.030338295587320614,0.2709192982557854,0.02929293456724884,0.598588153944794,0.07086131764485118,MaxMin,c=0.95,OK,0.02504896841772079,0.2655689242095174,0.023859123802611553,0.6214093591802684,0.0641136243898818,0.02554346406481971,0.025182950517611234,0.46354923479922816,-0.00561354080306712,True,True,-0.00561354080306712,,
dirichlet_38,0.030338295587320614,0.2709192982557854,0.02929293456724884,0.598588153944794,0.07086131764485118,MaxMin,c=1.0,OK,0.030338295587320614,0.2709192982557854,0.02929293456724884,0.598588153944794,0.07086131764485118,0.0,0.0,0.4525285431764456,0.0,False,True,0.0,,
dirichlet_38,0.030338295587320614,0.2709192982557854,0.02929293456724884,0.598588153944794,0.07086131764485118,Fair,"alpha=0.0,eps=0.01",OK,0.07331427125497894,0.2588905115117827,0.017772108359335417,0.5888216874449351,0.06120142142896788,0.04809421061237313,0.046958986293505846,0.4440852357719355,-0.010000000000000033,True,True,,,0.05131114208474287
dirichlet_38,0.030338295587320614,0.2709192982557854,0.02929293456724884,0.598588153944794,0.07086131764485118,Fair,"alpha=0.0,eps=0.02",OK,0.11629024692263723,0.2468617247677799,0.006251282151421995,0.5790552209450762,0.05154152521308457,0.09618842122474625,0.09391797258701166,0.4356419283674254,-0.020000000000000077,True,True,,,0.10262228416948574
dirichlet_38,0.030338295587320614,0.2709192982557854,0.02929293456724884,0.598588153944794,0.07086131764485118,Fair,"alpha=0.0,eps=0.05",OK,0.21640165764662617,0.2112243537192548,0.0,0.5497081283457727,0.022665860288346454,0.2091726467106932,0.20465769093888422,0.4102694700738808,-0.05000000000000002,True,True,,,0.2560754855210087
dirichlet_38,0.030338295587320614,0.2709192982557854,0.02929293456724884,0.598588153944794,0.07086131764485118,Fair,"alpha=0.0,eps=0.1",OK,0.3465946742505877,0.15358756183254327,0.0,0.49981776391686905,0.0,0.3597496709067167,0.35193229647368396,0.3689322785886231,-0.10000000000000003,True,True,,,0.50979021351764
dirichlet_38,0.030338295587320614,0.2709192982557854,0.02929293456724884,0.598588153944794,0.07086131764485118,Fair,"alpha=0.5,eps=0.01",OK,0.0308346786580644,0.2713758555152478,0.02940410333849111,0.5984127481438184,0.0699726143443784,0.0011347951053275833,0.0011521685730466545,0.45249524856406015,-0.0008913129357855758,True,True,,,1.0003561959118048
dirichlet_38,0.030338295587320614,0.2709192982557854,0.02929293456724884,0.598588153944794,0.07086131764485118,Fair,"alpha=0.5,eps=0.02",OK,0.031331062160444206,0.27183241274099296,0.029515271986442496,0.5982373421698252,0.06908391094229512,0.0022695904801371346,0.002304337420725031,0.4524619538452794,-0.001782625980082482,True,True,,,1.4147172994624313
dirichlet_38,0.030338295587320614,0.2709192982557854,0.02929293456724884,0.598588153944794,0.07086131764485118,Fair,"alpha=0.5,eps=0.05",OK,0.03282021184090762,0.2732020853849927,0.02984877798522292,0.5977111242831387,0.06641780050573819,0.005673976812202627,0.005760844175518028,0.4523620699156797,-0.004456565340760552,True,True,,,2.236864455771893
dirichlet_38,0.030338295587320614,0.2709192982557854,0.02929293456724884,0.598588153944794,0.07086131764485118,Fair,"alpha=0.5,eps=0.1",OK,0.03530212797636305,0.2754848723096935,0.03040462163019199,0.5968340946226031,0.06197428346114853,0.011347953438492991,0.0115216881683679,0.452195596612665,-0.008913130588300872,True,True,,,3.1634040505429235
dirichlet_38,0.030338295587320614,0.2709192982557854,0.02929293456724884,0.598588153944794,0.07086131764485118,Fair,"alpha=1.0,eps=0.01",OK,0.030586579051339408,0.27114814710793805,0.029351736969557004,0.5985037638983065,0.0704097729728591,0.000573139135729332,0.0005818123783938426,0.4525135050099224,-0.0004526563515028051,True,True,,,-23.02405821544571
dirichlet_38,0.030338295587320614,0.2709192982557854,0.02929293456724884,0.598588153944794,0.07086131764485118,Fair,"alpha=1.0,eps=0.02",OK,0.030834862327571273,0.2713769960458254,0.02941053942025303,0.5984193739768893,0.06995822822946116,0.0011462782671481614,0.0011636247490883795,0.4524984669278592,-0.0009053127682977925,True,True,,,-19.558322312645984
dirichlet_38,0.030338295587320614,0.2709192982557854,0.02929293456724884,0.598588153944794,0.07086131764485118,Fair,"alpha=1.0,eps=0.05",OK,0.031579713117200044,0.27206354229203733,0.029586946590199354,0.5981662038887351,0.06860359411182823,0.0028656957914271397,0.002909061998497499,0.45245335238210077,-0.002263281921051092,True,True,,,-14.97686865327521
dirichlet_38,0.030338295587320614,0.2709192982557854,0.02929293456724884,0.598588153944794,0.07086131764485118,Fair,"alpha=1.0,eps=0.1",OK,0.03282113051388828,0.27320778611352703,0.02988095874979884,0.5977442538540535,0.06634587076873244,0.005731391300642542,0.005818123714556772,0.4523781615589379,-0.004526563652873985,True,True,,,-11.511132750475483
dirichlet_38,0.030338295587320614,0.2709192982557854,0.02929293456724884,0.598588153944794,0.07086131764485118,Fair,"alpha=2.0,eps=0.01",OK,0.030462445728200355,0.271033850958682,0.029323140233365293,0.5985468091595935,0.07063375392015901,0.0002879975721181703,0.0002923290086135541,0.452521435533428,-0.00022807029247186604,True,True,,,-499.91007439854934
dirichlet_38,0.030338295587320614,0.2709192982557854,0.02929293456724884,0.598588153944794,0.07086131764485118,Fair,"alpha=2.0,eps=0.02",OK,0.030586595879135946,0.2711484035276909,0.02935334599859649,0.5985054642874229,0.0704061903071537,0.0005759950299470229,0.0005846579072278913,0.452514327817131,-0.00045614047837363466,True,True,,,-249.95503719927467
dirichlet_38,0.030338295587320614,0.2709192982557854,0.02929293456724884,0.598588153944794,0.07086131764485118,Fair,"alpha=2.0,eps=0.05",OK,0.03095904610346664,0.2714920618239277,0.029443963178450466,0.5983814299706223,0.06972349892353283,0.0014399879144520718,0.0014616451052152737,0.4524930049414864,-0.0011403515628077689,True,True,,,-99.98201487970987
dirichlet_38,0.030338295587320614,0.2709192982557854,0.02929293456724884,0.598588153944794,0.07086131764485118,Fair,"alpha=2.0,eps=0.1",OK,0.03157979613082324,0.2720648255410798,0.02959499132456282,0.5981747066602819,0.06858568034325228,0.0028799754219452967,0.002923289766446212,0.4524574671121301,-0.0022807029530281385,True,True,,,-49.99100743985493
dirichlet_39,0.08204354416032475,0.2051267167613925,0.1794166882604532,0.23232265725155227,0.30109039356627737,Avg,rho=0.0,OK,0.0,0.0,0.0,0.0,1.0,0.789586547587918,0.7836374538887598,0.31606878060489346,-0.2196952536038887,True,True,,,
dirichlet_39,0.08204354416032475,0.2051267167613925,0.1794166882604532,0.23232265725155227,0.30109039356627737,Avg,rho=0.1,OK,1.7833365305568713e-17,0.10308242752901196,0.0,0.26000840819542786,0.6369091642755601,0.4035780911988381,0.4085507700504715,0.2913946059068574,-0.18757847537657682,True,True,,,
dirichlet_39,0.08204354416032475,0.2051267167613925,0.1794166882604532,0.23232265725155227,0.30109039356627737,Avg,rho=0.2,OK,2.721576460005121e-17,0.1738559399621833,0.07835481515635696,0.2626496642762063,0.4851395806052535,0.22960038636749502,0.23292750627735165,0.27576657151054423,-0.1060101845730529,True,True,,,
dirichlet_39,0.08204354416032475,0.2051267167613925,0.1794166882604532,0.23232265725155227,0.30109039356627737,Avg,rho=0.5,OK,1.2454149875394778e-18,0.20639655395339,0.15218832419017445,0.25564030138035515,0.3857748204760804,0.12324489491895498,0.1242240389036985,0.2646741073999336,-0.0824725557416529,True,True,,,
dirichlet_39,0.08204354416032475,0.2051267167613925,0.1794166882604532,0.23232265725155227,0.30109039356627737,Cert,,FLOOR_COLLAPSED,0.08204354416032474,0.20512671676139244,0.17941668826045318,0.2323226572515522,0.3010903935662773,1.0103182026100663e-16,1.0535036374798203e-16,0.24622522034704544,-6.023475860723443e-17,False,True,0.0,-0.0,
dirichlet_39,0.08204354416032475,0.2051267167613925,0.1794166882604532,0.23232265725155227,0.30109039356627737,MaxMin,c=0.0,INFEASIBLE_BALL_MISSES_SIMPLEX,,,,,,,,,,False,False,,,
dirichlet_39,0.08204354416032475,0.2051267167613925,0.1794166882604532,0.23232265725155227,0.30109039356627737,MaxMin,c=0.1,INFEASIBLE_BALL_MISSES_SIMPLEX,,,,,,,,,,False,False,,,
dirichlet_39,0.08204354416032475,0.2051267167613925,0.1794166882604532,0.23232265725155227,0.30109039356627737,MaxMin,c=0.25,OK,0.006159749812220602,0.20077616299140122,0.14863710950371983,0.2583687991097291,0.38605817858292935,0.12092388526484402,0.12232164173649535,0.2641708341416721,-0.07683569195036215,True,True,-0.07683569195036215,,
dirichlet_39,0.08204354416032475,0.2051267167613925,0.1794166882604532,0.23232265725155227,0.30109039356627737,MaxMin,c=0.5,OK,0.04081530774147103,0.19237235793964752,0.1400976141575449,0.2496735983122022,0.3770411218491344,0.09735501537085413,0.09892606590114514,0.25934633797039736,-0.04341709488428813,True,True,-0.04341709488428813,,
dirichlet_39,0.08204354416032475,0.2051267167613925,0.1794166882604532,0.23232265725155227,0.30109039356627737,MaxMin,c=0.75,OK,0.06716740326247424,0.19024941800222986,0.16451296290731604,0.22579331544787318,0.3522769003801068,0.057684013383044894,0.057906206338137096,0.25272469565642264,-0.01643685983496481,True,True,-0.01643685983496481,,
dirichlet_39,0.08204354416032475,0.2051267167613925,0.1794166882604532,0.23232265725155227,0.30109039356627737,MaxMin,c=0.9,OK,0.07710857277099864,0.20020148787833403,0.17449505811301314,0.22595756732020345,0.32223731391745086,0.023675744458098995,0.023544284381205413,0.24862658136474675,-0.0054912510898116286,True,True,-0.0054912510898116286,,
dirichlet_39,0.08204354416032475,0.2051267167613925,0.1794166882604532,0.23232265725155227,0.30109039356627737,MaxMin,c=0.95,OK,0.07966730346922705,0.202755167189655,0.17704687151781187,0.229257799422775,0.31127285840053115,0.01140012027122399,0.01133682085987481,0.2473815009643191,-0.00264409522471972,True,True,-0.00264409522471972,,
dirichlet_39,0.08204354416032475,0.2051267167613925,0.1794166882604532,0.23232265725155227,0.30109039356627737,MaxMin,c=1.0,OK,0.08204354416032474,0.20512671676139244,0.17941668826045318,0.2323226572515522,0.3010903935662773,1.0103182026100663e-16,1.0535036374798203e-16,0.24622522034704544,-6.023475860723443e-17,False,True,-6.023475860723443e-17,,
dirichlet_39,0.08204354416032475,0.2051267167613925,0.1794166882604532,0.23232265725155227,0.30109039356627737,Fair,"alpha=0.0,eps=0.01",OK,0.12501951982798307,0.19309793001738976,0.16789586205253978,0.2225561907516934,0.29143049735039406,0.048094210612373116,0.04695898629350583,0.24043496829859182,-0.01000000000000001,True,True,,,0.05131114208474287
dirichlet_39,0.08204354416032475,0.2051267167613925,0.1794166882604532,0.23232265725155227,0.30109039356627737,Fair,"alpha=0.0,eps=0.02",OK,0.1679954954956414,0.18106914327338702,0.15637503584462636,0.2127897242518345,0.28177060113451075,0.09618842122474626,0.09391797258701169,0.23464471625013808,-0.02000000000000002,True,True,,,0.10262228416948574
dirichlet_39,0.08204354416032475,0.2051267167613925,0.1794166882604532,0.23232265725155227,0.30109039356627737,Fair,"alpha=0.0,eps=0.05",OK,0.29692342249861636,0.14498278304137885,0.12181255722088608,0.1834903247522579,0.25279091248686086,0.2404710530618656,0.23479493146752917,0.21727396010477698,-0.05000000000000002,True,True,,,0.2565557104237144
dirichlet_39,0.08204354416032475,0.2051267167613925,0.1794166882604532,0.23232265725155227,0.30109039356627737,Fair,"alpha=0.0,eps=0.1",OK,0.511803300836908,0.08483884932136522,0.06420842618131894,0.13465799225296352,0.20449143140744427,0.4809421061237311,0.4695898629350583,0.18832269986250844,-0.10000000000000007,True,True,,,0.5131114208474288
dirichlet_39,0.08204354416032475,0.2051267167613925,0.1794166882604532,0.23232265725155227,0.30109039356627737,Fair,"alpha=0.5,eps=0.01",OK,0.08253992723106854,0.20558327402085486,0.17952785703169546,0.23214725145057663,0.30020169026580457,0.0011347951053276057,0.0011521685730466762,0.24608011015007514,-0.0008913129357856035,True,True,,,1.0003561959118048
dirichlet_39,0.08204354416032475,0.2051267167613925,0.1794166882604532,0.23232265725155227,0.30109039356627737,Fair,"alpha=0.5,eps=0.02",OK,0.08303631064717149,0.20603983160766415,0.1796390256505622,0.2319718454677044,0.2993129866268978,0.002269590771652306,0.0023043377148240056,0.24593499988151762,-0.0017826262157609153,True,True,,,1.4147172994624313
dirichlet_39,0.08204354416032475,0.2051267167613925,0.1794166882604532,0.23232265725155227,0.30109039356627737,Fair,"alpha=0.5,eps=0.05",OK,0.08452546041391176,0.20740950389059973,0.17997253167842728,0.23144562758989692,0.29664687642716436,0.005673976812202623,0.005760844175518022,0.24549966919317903,-0.004456565340760565,True,True,,,2.236864455771893
dirichlet_39,0.08204354416032475,0.2051267167613925,0.1794166882604532,0.23232265725155227,0.30109039356627737,Fair,"alpha=0.5,eps=0.1",OK,0.08700737658559143,0.20969229107993148,0.180528375375609,0.23056859805956267,0.2922033588993055,0.011347953924263103,0.011521688654405038,0.24477411801042673,-0.008913131062446351,True,True,,,3.1634040505429235
dirichlet_39,0.08204354416032475,0.2051267167613925,0.1794166882604532,0.23232265725155227,0.30109039356627737,Fair,"alpha=1.0,eps=0.01",OK,0.08229182755925486,0.20535556556347587,0.1794754906498257,0.23223826717460352,0.3006388490528401,0.0005731389657822181,0.0005818122080885117,0.246152024908226,-0.00045265619540529504,True,True,,,-23.02405821544571
dirichlet_39,0.08204354416032475,0.2051267167613925,0.1794166882604532,0.23232265725155227,0.30109039356627737,Fair,"alpha=1.0,eps=0.02",OK,0.08254011115322848,0.20558441439454841,0.17953429308942692,0.2321538772130747,0.3001873041497214,0.0011462783227994139,0.0011636248067462926,0.24607882941423256,-0.0009053127725736406,True,True,,,-19.558322312645984
dirichlet_39,0.08204354416032475,0.2051267167613925,0.1794166882604532,0.23232265725155227,0.30109039356627737,Fair,"alpha=1.0,eps=0.05",OK,0.08328496167757504,0.20627096076482498,0.17971070038616088,0.23190070715822633,0.2988326700132127,0.002865695804671368,0.0029090620153429964,0.24585924300864084,-0.0022632819430382597,True,True,,,-14.97686865327521
dirichlet_39,0.08204354416032475,0.2051267167613925,0.1794166882604532,0.23232265725155227,0.30109039356627737,Fair,"alpha=1.0,eps=0.1",OK,0.0845263794775112,0.20741520508034073,0.18000471279636188,0.23147875728301948,0.29657494536276685,0.005731392718051823,0.0058181251453012185,0.2454932655383667,-0.00452656496678494,True,True,,,-11.511132750475483
dirichlet_39,0.08204354416032475,0.2051267167613925,0.1794166882604532,0.23232265725155227,0.30109039356627737,Fair,"alpha=2.0,eps=0.01",OK,0.08216769430049801,0.20524126948027135,0.17944689391649632,0.23228131245399272,0.3008628298487417,0.0002879975732336583,0.0002923290100310065,0.24618846549177062,-0.00022807028591513863,True,True,,,-499.91007439854934
dirichlet_39,0.08204354416032475,0.2051267167613925,0.1794166882604532,0.23232265725155227,0.30109039356627737,Fair,"alpha=2.0,eps=0.02",OK,0.08229184435880404,0.205355822186111,0.1794770997423727,0.2322399675543037,0.30063526615840863,0.0005759951169692274,0.0005846579978053526,0.24615171064072386,-0.0004561405501795991,True,True,,,-249.95503719927467
dirichlet_39,0.08204354416032475,0.2051267167613925,0.1794166882604532,0.23232265725155227,0.30109039356627737,Fair,"alpha=2.0,eps=0.05",OK,0.0826642948750369,0.20569948027652887,0.17956771659950616,0.23211593332147365,0.2999525749274545,0.0014399878789087303,0.001461645061836564,0.2460414460647092,-0.0011403514778344317,True,True,,,-99.98201487970987
dirichlet_39,0.08204354416032475,0.2051267167613925,0.1794166882604532,0.23232265725155227,0.30109039356627737,Fair,"alpha=2.0,eps=0.1",OK,0.083285045609147,0.20627224372665412,0.17971874493750178,0.23190920939335108,0.2988147563333461,0.0028799757045977286,0.002923290069839924,0.24585767178425916,-0.002280702911135967,True,True,,,-49.99100743985493
dirichlet_40,0.09941500905385375,0.3628935886117226,0.00395986686591375,0.4625254406357025,0.07120609483280714,Avg,rho=0.0,OK,0.0,4.1633363423443364e-17,1.409280986662125e-16,0.9999999999999998,0.0,0.6599545371701387,0.6541460063072666,0.4746917414431885,-0.36038355653555537,True,True,,,
dirichlet_40,0.09941500905385375,0.3628935886117226,0.00395986686591375,0.4625254406357025,0.07120609483280714,Avg,rho=0.1,OK,0.0,0.20649266699241758,1.4951665660450536e-16,0.7935073330075822,0.0,0.385978747955831,0.3819039555177092,0.4548582411840092,-0.15766119124459815,True,True,,,
dirichlet_40,0.09941500905385375,0.3628935886117226,0.00395986686591375,0.4625254406357025,0.07120609483280714,Avg,rho=0.2,OK,0.0,0.3287873890789098,0.0,0.6712126109210902,1.4371554849916936e-17,0.24430083995026858,0.24031875840327482,0.4431119044373985,-0.0989481562781127,True,True,,,
dirichlet_40,0.09941500905385375,0.3628935886117226,0.00395986686591375,0.4625254406357025,0.07120609483280714,Avg,rho=0.5,OK,3.7834329794611016e-17,0.40216410063626873,0.0,0.5978358993637313,1.7068753251381442e-17,0.18660232010340036,0.1818950847329756,0.4360641140781213,-0.09526506220300487,True,True,,,
dirichlet_40,0.09941500905385375,0.3628935886117226,0.00395986686591375,0.4625254406357025,0.07120609483280714,Cert,,FLOOR_COLLAPSED,0.09941500905385378,0.36289358861172266,0.003959866865913751,0.4625254406357026,0.07120609483280715,1.2794982158516685e-16,1.3075184313541885e-16,0.377290480454124,7.33749541183833e-18,False,True,7.33749541183833e-18,-0.0,
dirichlet_40,0.09941500905385375,0.3628935886117226,0.00395986686591375,0.4625254406357025,0.07120609483280714,MaxMin,c=0.0,INFEASIBLE_BALL_MISSES_SIMPLEX,,,,,,,,,,False,False,,,
dirichlet_40,0.09941500905385375,0.3628935886117226,0.00395986686591375,0.4625254406357025,0.07120609483280714,MaxMin,c=0.1,INFEASIBLE_BALL_MISSES_SIMPLEX,,,,,,,,,,False,False,,,
dirichlet_40,0.09941500905385375,0.3628935886117226,0.00395986686591375,0.4625254406357025,0.07120609483280714,MaxMin,c=0.25,INFEASIBLE_BALL_MISSES_SIMPLEX,,,,,,,,,,False,False,,,
dirichlet_40,0.09941500905385375,0.3628935886117226,0.00395986686591375,0.4625254406357025,0.07120609483280714,MaxMin,c=0.5,INFEASIBLE_BALL_MISSES_SIMPLEX,,,,,,,,,,False,False,,,
dirichlet_40,0.09941500905385375,0.3628935886117226,0.00395986686591375,0.4625254406357025,0.07120609483280714,MaxMin,c=0.75,OK,0.04632118869390682,0.3690576766542087,0.0,0.5703651411821836,0.014255993469700839,0.1332116561965521,0.13008272425216855,0.4180167239528705,-0.05151022412574021,True,True,-0.05151022412574021,,
dirichlet_40,0.09941500905385375,0.3628935886117226,0.00395986686591375,0.4625254406357025,0.07120609483280714,MaxMin,c=0.9,OK,0.08388964920365845,0.34724859087920357,1.9949319973733285e-17,0.5163458083770445,0.05251595154009346,0.06121631104730011,0.06022724115655495,0.3928669932166705,-0.01602579399057693,True,True,-0.01602579399057693,,
dirichlet_40,0.09941500905385375,0.3628935886117226,0.00395986686591375,0.4625254406357025,0.07120609483280714,MaxMin,c=0.95,OK,0.0931543004256279,0.356572898812173,1.2836953722228375e-16,0.48682355738037253,0.06344924338182635,0.02730192959180045,0.02689195182336,0.38468998970898377,-0.006551440089463676,True,True,-0.006551440089463676,,
dirichlet_40,0.09941500905385375,0.3628935886117226,0.00395986686591375,0.4625254406357025,0.07120609483280714,MaxMin,c=1.0,OK,0.09941500905385378,0.36289358861172266,0.003959866865913751,0.4625254406357026,0.07120609483280715,1.2794982158516685e-16,1.3075184313541885e-16,0.377290480454124,7.33749541183833e-18,False,True,7.33749541183833e-18,,
dirichlet_40,0.09941500905385375,0.3628935886117226,0.00395986686591375,0.4625254406357025,0.07120609483280714,Fair,"alpha=0.0,eps=0.01",OK,0.13469507161601968,0.3509847116343253,0.0,0.4527462369282064,0.06157397982144867,0.039882266430001555,0.039055986678344604,0.371696810256818,-0.00999999999999997,True,True,,,0.051182890318063806
dirichlet_40,0.09941500905385375,0.3628935886117226,0.00395986686591375,0.4625254406357025,0.07120609483280714,Fair,"alpha=0.0,eps=0.02",OK,0.16594458859118455,0.33913863445391157,0.0,0.44296036242085446,0.05195641453404938,0.0758914080987235,0.0743964646870056,0.36573927245051113,-0.019999999999999987,True,True,,,0.10229861192136594
dirichlet_40,0.09941500905385375,0.3628935886117226,0.00395986686591375,0.4625254406357025,0.07120609483280714,Fair,"alpha=0.0,eps=0.05",OK,0.2596931395166792,0.30360040291267054,0.0,0.4136027388987988,0.02310371867185155,0.18419476338420873,0.18068982175270948,0.3478666590315908,-0.04999999999999999,True,True,,,0.2556457767312723
dirichlet_40,0.09941500905385375,0.3628935886117226,0.00395986686591375,0.4625254406357025,0.07120609483280714,Fair,"alpha=0.0,eps=0.1",OK,0.39033491020518857,0.24593616356200404,0.0,0.3637289262328074,0.0,0.3363928773105324,0.3295371749212212,0.31731799978732755,-0.09999999999999996,True,True,,,0.5093926074963432
dirichlet_40,0.09941500905385375,0.3628935886117226,0.00395986686591375,0.4625254406357025,0.07120609483280714,Fair,"alpha=0.5,eps=0.01",OK,0.09991139187185669,0.363350146336073,0.004071035174401851,0.46235003483634046,0.07031739178132797,0.0011347949412307346,0.0011521683989169735,0.3773616904806211,-0.0008913126870747169,True,True,,,1.0003561959118048
dirichlet_40,0.09941500905385375,0.3628935886117226,0.00395986686591375,0.4625254406357025,0.07120609483280714,Fair,"alpha=0.5,eps=0.02",OK,0.10040777596962397,0.36380670313195745,0.004182204060650717,0.4621746287243221,0.06942868811344578,0.002269590656367887,0.002304337598132359,0.3774329001363886,-0.0017826260023535555,True,True,,,1.4147172994624313
dirichlet_40,0.09941500905385375,0.3628935886117226,0.00395986686591375,0.4625254406357025,0.07120609483280714,Fair,"alpha=0.5,eps=0.05",OK,0.10189692500863817,0.36517637575759443,0.004515710112207738,0.46164841027674886,0.06676257884481086,0.005673975877682827,0.005760843256736642,0.37764652961793793,-0.00445656422963167,True,True,,,2.236864455771893
dirichlet_40,0.09941500905385375,0.3628935886117226,0.00395986686591375,0.4625254406357025,0.07120609483280714,Fair,"alpha=0.5,eps=0.1",OK,0.10437884189848297,0.36745916266481843,0.005071554295835877,0.46077138140321894,0.062319059737643734,0.011347954373335105,0.011521689114012622,0.37800257924557107,-0.008913131490498776,True,True,,,3.1634040505429235
dirichlet_40,0.09941500905385375,0.3628935886117226,0.00395986686591375,0.4625254406357025,0.07120609483280714,Fair,"alpha=1.0,eps=0.01",OK,0.09966329257286974,0.3631224374048096,0.004018669322387671,0.4624410506087062,0.07075455009122676,0.0005731391934818488,0.0005818124367875341,0.37732729225471606,-0.00045265641985407735,True,True,,,-23.02405821544571
dirichlet_40,0.09941500905385375,0.3628935886117226,0.00395986686591375,0.4625254406357025,0.07120609483280714,Fair,"alpha=1.0,eps=0.02",OK,0.09991157606282401,0.36335128621360485,0.004077471712265489,0.4623566605998421,0.07030300541146356,0.0011462783224416165,0.0011636248065754978,0.3773641040696908,-0.0009053127772498987,True,True,,,-19.558322312645984
dirichlet_40,0.09941500905385375,0.3628935886117226,0.00395986686591375,0.4625254406357025,0.07120609483280714,Fair,"alpha=1.0,eps=0.05",OK,0.10065642680411986,0.3640378329652893,0.00425387911359316,0.4621034896148699,0.06894837150212772,0.0028656960192955474,0.002909062269482872,0.377474539240121,-0.002263281766106926,True,True,,,-14.976868653275208
dirichlet_40,0.09941500905385375,0.3628935886117226,0.00395986686591375,0.4625254406357025,0.07120609483280714,Fair,"alpha=1.0,eps=0.1",OK,0.1018978447618035,0.3651820771127152,0.0045478907853448965,0.46168153967274456,0.06669064766739183,0.005731392225332988,0.005818124673670749,0.3776585984162976,-0.004526563980254869,True,True,,,-11.511132750475483
dirichlet_40,0.09941500905385375,0.3628935886117226,0.00395986686591375,0.4625254406357025,0.07120609483280714,Fair,"alpha=2.0,eps=0.01",OK,0.09953915919745453,0.363008141318563,0.003990072529565846,0.46248409584549127,0.07097853110892542,0.00028799757468032016,0.00029232901133880286,0.3773091918806479,-0.000228070291894265,True,True,,,-499.91007439854934
dirichlet_40,0.09941500905385375,0.3628935886117226,0.00395986686591375,0.4625254406357025,0.07120609483280714,Fair,"alpha=2.0,eps=0.02",OK,0.09966330937046328,0.36312269410540193,0.004020277966830377,0.46244275115716843,0.07075096740013594,0.0005759951435615707,0.0005846580084065099,0.3773279033828453,-0.0004561405632881717,True,True,,,-249.95503719927467
dirichlet_40,0.09941500905385375,0.3628935886117226,0.00395986686591375,0.4625254406357025,0.07120609483280714,Fair,"alpha=2.0,eps=0.05",OK,0.1000357596942822,0.36346635187368753,0.004110895265199951,0.4623187169617925,0.07006827620503776,0.0014399877069939946,0.0014616448797790077,0.3773840376071435,-0.0011403514549810023,True,True,,,-99.98201487970985
dirichlet_40,0.09941500905385375,0.3628935886117226,0.00395986686591375,0.4625254406357025,0.07120609483280714,Fair,"alpha=2.0,eps=0.1",OK,0.10065651048216007,0.36403911559018537,0.004261923544711028,0.46211199283350035,0.06893045754944327,0.002879975732998487,0.002923290096387403,0.37747759472886505,-0.002280702958616792,True,True,,,-49.991007439854926
dirichlet_41,0.003789982460689766,0.13740485555936072,0.5637993826744262,0.2296135659561316,0.06539221334939185,Avg,rho=0.0,OK,0.0,2.4936649967166597e-16,0.9999999999999996,0.0,1.1104446514754459e-16,0.515910814086481,0.5088212410192845,0.5755437764304583,-0.22780915164568438,True,True,,,
dirichlet_41,0.003789982460689766,0.13740485555936072,0.5637993826744262,0.2296135659561316,0.06539221334939185,Avg,rho=0.1,OK,0.0,0.0,0.9999999999999998,1.9428902930940235e-16,0.0,0.5159108140864811,0.5088212410192846,0.5755437764304584,-0.22780915164568422,True,True,,,
dirichlet_41,0.003789982460689766,0.13740485555936072,0.5637993826744262,0.2296135659561316,0.06539221334939185,Avg,rho=0.2,OK,0.0,1.437837504977578e-17,0.9999999999999999,3.8163916471489756e-17,6.445100170236324e-17,0.5159108140864813,0.5088212410192848,0.5755437764304584,-0.22780915164568438,True,True,,,
dirichlet_41,0.003789982460689766,0.13740485555936072,0.5637993826744262,0.2296135659561316,0.06539221334939185,Avg,rho=0.5,OK,3.3884856418538606e-17,1.601149823842807e-17,0.835727674274696,0.1642723257253041,1.1744552000541485e-17,0.31841022802764607,0.31240359991962446,0.5213898767789639,-0.12510051291399826,True,True,,,
dirichlet_41,0.003789982460689766,0.13740485555936072,0.5637993826744262,0.2296135659561316,0.06539221334939185,Cert,,FLOOR_COLLAPSED,0.0037899824606897653,0.1374048555593607,0.5637993826744261,0.22961356595613155,0.06539221334939184,1.2794982158516685e-16,1.307103183982924e-16,0.4099866081733222,-1.1356755879971326e-16,False,True,0.0,-0.0,
dirichlet_41,0.003789982460689766,0.13740485555936072,0.5637993826744262,0.2296135659561316,0.06539221334939185,MaxMin,c=0.0,INFEASIBLE_BALL_MISSES_SIMPLEX,,,,,,,,,,False,False,,,
dirichlet_41,0.003789982460689766,0.13740485555936072,0.5637993826744262,0.2296135659561316,0.06539221334939185,MaxMin,c=0.1,INFEASIBLE_BALL_MISSES_SIMPLEX,,,,,,,,,,False,False,,,
dirichlet_41,0.003789982460689766,0.13740485555936072,0.5637993826744262,0.2296135659561316,0.06539221334939185,MaxMin,c=0.25,INFEASIBLE_BALL_MISSES_SIMPLEX,,,,,,,,,,False,False,,,
dirichlet_41,0.003789982460689766,0.13740485555936072,0.5637993826744262,0.2296135659561316,0.06539221334939185,MaxMin,c=0.5,INFEASIBLE_BALL_MISSES_SIMPLEX,,,,,,,,,,False,False,,,
dirichlet_41,0.003789982460689766,0.13740485555936072,0.5637993826744262,0.2296135659561316,0.06539221334939185,MaxMin,c=0.75,OK,8.109832250191572e-17,0.09633894873381321,0.6786752335527777,0.1939911064387369,0.030994711274672092,0.1317170511229693,0.12986509936299123,0.45734079261224203,-0.03620416284353463,True,True,-0.03620416284353463,,
dirichlet_41,0.003789982460689766,0.13740485555936072,0.5637993826744262,0.2296135659561316,0.06539221334939185,MaxMin,c=0.9,OK,0.0,0.12294411437897483,0.6067669270104168,0.21703245620928022,0.05325650240132813,0.04873650245433123,0.048003290238397424,0.42798033137790237,-0.0127824309661976,True,True,-0.0127824309661976,,
dirichlet_41,0.003789982460689766,0.13740485555936072,0.5637993826744262,0.2296135659561316,0.06539221334939185,MaxMin,c=0.95,OK,4.2760933682828295e-16,0.131173585966611,0.5845243530118961,0.22415957339420803,0.06014248762728456,0.023238389322449607,0.02284648217543482,0.4188985957198558,-0.005537654534864563,True,True,-0.005537654534864563,,
dirichlet_41,0.003789982460689766,0.13740485555936072,0.5637993826744262,0.2296135659561316,0.06539221334939185,MaxMin,c=1.0,OK,0.0037899824606897653,0.1374048555593607,0.5637993826744261,0.22961356595613155,0.06539221334939184,1.2794982158516685e-16,1.307103183982924e-16,0.4099866081733222,-1.1356755879971326e-16,False,True,-1.1356755879971326e-16,,
dirichlet_41,0.003789982460689766,0.13740485555936072,0.5637993826744262,0.2296135659561316,0.06539221334939185,Fair,"alpha=0.0,eps=0.01",OK,0.04676595812834809,0.12537606881535798,0.5522785564665128,0.21984709945627273,0.055732317133508555,0.048094210612373116,0.046958986293505825,0.40018107650186147,-0.010000000000000007,True,True,,,0.05131114208474287
dirichlet_41,0.003789982460689766,0.13740485555936072,0.5637993826744262,0.2296135659561316,0.06539221334939185,Fair,"alpha=0.0,eps=0.02",OK,0.08974193379600641,0.11334728207135526,0.5407577302585993,0.21008063295641385,0.046072420917625256,0.09618842122474625,0.09391797258701168,0.39037554483040054,-0.020000000000000056,True,True,,,0.10262228416948574
dirichlet_41,0.003789982460689766,0.13740485555936072,0.5637993826744262,0.2296135659561316,0.06539221334939185,Fair,"alpha=0.0,eps=0.05",OK,0.21866986079898135,0.07726092183934707,0.506195251634859,0.18078123345683722,0.01709273226997533,0.2404710530618656,0.23479493146752917,0.3609589498160179,-0.05000000000000008,True,True,,,0.2565557104237144
dirichlet_41,0.003789982460689766,0.13740485555936072,0.5637993826744262,0.2296135659561316,0.06539221334939185,Fair,"alpha=0.0,eps=0.1",OK,0.39988581502205195,0.019099106620565725,0.4502484052137393,0.13076667314364288,0.0,0.44477953310841684,0.4336497382691244,0.3138276247084209,-0.10000000000000013,True,True,,,0.5107957488709072
dirichlet_41,0.003789982460689766,0.13740485555936072,0.5637993826744262,0.2296135659561316,0.06539221334939185,Fair,"alpha=0.5,eps=0.01",OK,0.004286365736036248,0.137861412957447,0.5639105513841443,0.22943815997365793,0.06450350994871468,0.0011347953510982183,0.0011521688260168548,0.4100381383070354,-0.0008913130436132038,True,True,,,1.0003561959118048
dirichlet_41,0.003789982460689766,0.13740485555936072,0.5637993826744262,0.2296135659561316,0.06539221334939185,Fair,"alpha=0.5,eps=0.02",OK,0.004782749018979773,0.13831796925008247,0.5640217205347245,0.2292627544759868,0.0636148067202264,0.0022695900941727826,0.0023043370290672287,0.41008966863817203,-0.0017826258945770473,True,True,,,1.4147172994624313
dirichlet_41,0.003789982460689766,0.13740485555936072,0.5637993826744262,0.2296135659561316,0.06539221334939185,Fair,"alpha=0.5,eps=0.05",OK,0.006271898727490467,0.1396876426686644,0.5643552262348834,0.22873653634262542,0.06094869602633646,0.005673976960543194,0.005760844326157814,0.41024425891155986,-0.004456565521664659,True,True,,,2.236864455771893
dirichlet_41,0.003789982460689766,0.13740485555936072,0.5637993826744262,0.2296135659561316,0.06539221334939185,Fair,"alpha=0.5,eps=0.1",OK,0.008753814790192483,0.14197042979999458,0.5649110701988661,0.22785950659418258,0.05650517861676422,0.011347953968814032,0.011521688714326692,0.41050190983584667,-0.00891313113698378,True,True,,,3.1634040505429235
dirichlet_41,0.003789982460689766,0.13740485555936072,0.5637993826744262,0.2296135659561316,0.06539221334939185,Fair,"alpha=1.0,eps=0.01",OK,0.004038266022954688,0.13763370431725352,0.5638581850805687,0.22952917595810726,0.06494066862111592,0.0005731391782530065,0.0005818124191939314,0.4100145627598662,-0.00045265640509235697,True,True,,,-23.024058215445713
dirichlet_41,0.003789982460689766,0.13740485555936072,0.5637993826744262,0.2296135659561316,0.06539221334939185,Fair,"alpha=1.0,eps=0.02",OK,0.004286549382597149,0.13786255320799368,0.5639169875126593,0.2294447859345894,0.06448912396216058,0.0011462782735767471,0.0011636247568286896,0.4100425173737064,-0.0009053127427060643,True,True,,,-19.558322312645984
dirichlet_41,0.003789982460689766,0.13740485555936072,0.5637993826744262,0.2296135659561316,0.06539221334939185,Fair,"alpha=1.0,eps=0.05",OK,0.005031400517125233,0.1385490998393915,0.5640933940818922,0.2291916157556192,0.06313448980597175,0.0028656960831834957,0.002909062284836285,0.4101263807995084,-0.0022632819360591007,True,True,,,-14.97686865327521
dirichlet_41,0.003789982460689766,0.13740485555936072,0.5637993826744262,0.2296135659561316,0.06539221334939185,Fair,"alpha=1.0,eps=0.1",OK,0.006272817513269637,0.13969334359522853,0.5643874067278734,0.2287696656066603,0.06087676655696814,0.005731391385266695,0.00581812380705798,0.4102661540338675,-0.004526563581474596,True,True,,,-11.511132750475483
dirichlet_41,0.003789982460689766,0.13740485555936072,0.5637993826744262,0.2296135659561316,0.06539221334939185,Fair,"alpha=2.0,eps=0.01",OK,0.003914132570245944,0.13751940830898182,0.5638295883353986,0.22957222114606815,0.06516464963930554,0.0002879975686890055,0.00029232900611970443,0.41000113563301227,-0.00022807027913606827,True,True,,,-499.91007439854934
dirichlet_41,0.003789982460689766,0.13740485555936072,0.5637993826744262,0.2296135659561316,0.06539221334939185,Fair,"alpha=2.0,eps=0.02",OK,0.004038282718173752,0.13763396098324324,0.5638597940625912,0.22953087635480762,0.06493708588118424,0.0005759951661457062,0.0005846580416810414,0.4100156631204804,-0.0004561406052869488,True,True,,,-249.95503719927467
dirichlet_41,0.003789982460689766,0.13740485555936072,0.5637993826744262,0.2296135659561316,0.06539221334939185,Fair,"alpha=2.0,eps=0.05",OK,0.004410733124250965,0.13797761911853762,0.5639504108582422,0.22940684214843715,0.06425439475053202,0.0014399878089478618,0.0014616449836459449,0.41005924543100575,-0.0011403514319145386,True,True,,,-99.98201487970987
dirichlet_41,0.003789982460689766,0.13740485555936072,0.5637993826744262,0.2296135659561316,0.06539221334939185,Fair,"alpha=2.0,eps=0.1",OK,0.005031484741655461,0.13855038166395847,0.5641014394405168,0.22920011813541086,0.06311657601845853,0.0028799758023801384,0.0029232901663049076,0.41013188272871953,-0.0022807030065357297,True,True,,,-49.99100743985493
dirichlet_42,0.053364043575813515,0.09330410607732292,0.2619580710700118,0.22285866790705927,0.3685151113697924,Avg,rho=0.0,OK,0.0,0.0,0.0,0.0,1.0,0.7270588413505372,0.7205230955524586,0.3823487546221944,-0.2716015353316603,True,True,,,
dirichlet_42,0.053364043575813515,0.09330410607732292,0.2619580710700118,0.22285866790705927,0.3685151113697924,Avg,rho=0.1,OK,0.0,3.2701424767733967e-17,0.176977506700064,8.498866564083992e-17,0.8230224932999358,0.5244216049788439,0.5165504775475657,0.36335847553943057,-0.2025983481219807,True,True,,,
dirichlet_42,0.053364043575813515,0.09330410607732292,0.2619580710700118,0.22285866790705927,0.3685151113697924,Avg,rho=0.2,OK,0.0,0.0,0.24965452819043324,0.1284155636027876,0.6219299082067792,0.2912787560595487,0.2883526239951106,0.3385583606761978,-0.09760067194674585,True,True,,,
dirichlet_42,0.053364043575813515,0.09330410607732292,0.2619580710700118,0.22285866790705927,0.3685151113697924,Avg,rho=0.5,OK,2.3948598170398325e-17,0.0,0.28959844494587306,0.21306081844432706,0.4973407366097999,0.17032148190472116,0.17006639801803763,0.32306560413644025,-0.09477604545295205,True,True,,,
dirichlet_42,0.053364043575813515,0.09330410607732292,0.2619580710700118,0.22285866790705927,0.3685151113697924,Cert,,FLOOR_COLLAPSED,0.053364043575813515,0.09330410607732292,0.2619580710700118,0.22285866790705927,0.3685151113697924,0.0,0.0,0.28385104046888643,0.0,False,True,0.0,-0.0,
dirichlet_42,0.053364043575813515,0.09330410607732292,0.2619580710700118,0.22285866790705927,0.3685151113697924,MaxMin,c=0.0,INFEASIBLE_BALL_MISSES_SIMPLEX,,,,,,,,,,False,False,,,
dirichlet_42,0.053364043575813515,0.09330410607732292,0.2619580710700118,0.22285866790705927,0.3685151113697924,MaxMin,c=0.1,INFEASIBLE_BALL_MISSES_SIMPLEX,,,,,,,,,,False,False,,,
dirichlet_42,0.053364043575813515,0.09330410607732292,0.2619580710700118,0.22285866790705927,0.3685151113697924,MaxMin,c=0.25,INFEASIBLE_BALL_MISSES_SIMPLEX,,,,,,,,,,False,False,,,
dirichlet_42,0.053364043575813515,0.09330410607732292,0.2619580710700118,0.22285866790705927,0.3685151113697924,MaxMin,c=0.5,OK,0.0,0.033448585398381164,0.2697947812880724,0.20956359161290625,0.48719304170064015,0.14405911540347352,0.14418915391619763,0.3167768330332766,-0.06248876708230663,True,True,-0.06248876708230663,,
dirichlet_42,0.053364043575813515,0.09330410607732292,0.2619580710700118,0.22285866790705927,0.3685151113697924,MaxMin,c=0.75,OK,0.031343123753247985,0.07133975497395416,0.24617920601346266,0.19500818295140843,0.4561297323079268,0.09832750137217265,0.09768585698243325,0.30171315566686663,-0.024201249087481128,True,True,-0.024201249087481128,,
dirichlet_42,0.053364043575813515,0.09330410607732292,0.2619580710700118,0.22285866790705927,0.3685151113697924,MaxMin,c=0.9,OK,0.04588622748775898,0.08584105252067141,0.2545004705709328,0.2132138355188713,0.40055841390176544,0.03587515485669529,0.03567595729294488,0.2901678908959992,-0.008320730254232857,True,True,-0.008320730254232857,,
dirichlet_42,0.053364043575813515,0.09330410607732292,0.2619580710700118,0.22285866790705927,0.3685151113697924,MaxMin,c=0.95,OK,0.04973254492769861,0.089679776649767,0.2583363898449481,0.21817478756464914,0.38407650101293705,0.017422276080193193,0.01732553852006212,0.2869187320938581,-0.0040408483324222266,True,True,-0.0040408483324222266,,
dirichlet_42,0.053364043575813515,0.09330410607732292,0.2619580710700118,0.22285866790705927,0.3685151113697924,MaxMin,c=1.0,OK,0.053364043575813515,0.09330410607732292,0.2619580710700118,0.22285866790705927,0.3685151113697924,0.0,0.0,0.28385104046888643,0.0,False,True,0.0,,
dirichlet_42,0.053364043575813515,0.09330410607732292,0.2619580710700118,0.22285866790705927,0.3685151113697924,Fair,"alpha=0.0,eps=0.01",OK,0.09634001924347187,0.0812753193333202,0.2504372448620984,0.21309220140720045,0.35885521515390917,0.04809421061237311,0.04695898629350583,0.2765892104910214,-0.00999999999999999,True,True,,,0.05131114208474287
dirichlet_42,0.053364043575813515,0.09330410607732292,0.2619580710700118,0.22285866790705927,0.3685151113697924,Fair,"alpha=0.0,eps=0.02",OK,0.1393159949111302,0.06924653258931748,0.23891641865418498,0.20332573490734154,0.34919531893802586,0.09618842122474625,0.09391797258701168,0.2693273805131564,-0.019999999999999983,True,True,,,0.10262228416948574
dirichlet_42,0.053364043575813515,0.09330410607732292,0.2619580710700118,0.22285866790705927,0.3685151113697924,Fair,"alpha=0.0,eps=0.05",OK,0.26824392191410523,0.0331601723573093,0.2043539400304447,0.17402633540776494,0.320215630290376,0.24047105306186567,0.23479493146752925,0.24754189057956136,-0.04999999999999999,True,True,,,0.2565557104237144
dirichlet_42,0.053364043575813515,0.09330410607732292,0.2619580710700118,0.22285866790705927,0.3685151113697924,Fair,"alpha=0.0,eps=0.1",OK,0.4560916772371969,0.0,0.14682720627603418,0.12514719218090178,0.2719339243058672,0.45058381832557554,0.44060763922218543,0.21223612432848263,-0.09999999999999998,True,True,,,0.5130667172900429
dirichlet_42,0.053364043575813515,0.09330410607732292,0.2619580710700118,0.22285866790705927,0.3685151113697924,Fair,"alpha=0.5,eps=0.01",OK,0.0538604266465573,0.09376066333678529,0.2620692398412541,0.22268326210608363,0.3676264080693196,0.0011347951053276052,0.0011521685730466768,0.28359120968992,-0.0008913129357856034,True,True,,,1.0003561959118048
dirichlet_42,0.053364043575813515,0.09330410607732292,0.2619580710700118,0.22285866790705927,0.3685151113697924,Fair,"alpha=0.5,eps=0.02",OK,0.054356810271701826,0.09421722077673252,0.2621804087040518,0.2225078559280339,0.36673770431948005,0.002269590944946071,0.002304337901324414,0.28333137873566566,-0.0017826263358069212,True,True,,,1.4147172994624313
dirichlet_42,0.053364043575813515,0.09330410607732292,0.2619580710700118,0.22285866790705927,0.3685151113697924,Fair,"alpha=0.5,eps=0.05",OK,0.05584595982940052,0.09558689320653016,0.2625139144879859,0.22198163824540393,0.3640715942306794,0.005673976812202622,0.005760844175518023,0.28255188621540284,-0.004456565340760565,True,True,,,2.236864455771893
dirichlet_42,0.053364043575813515,0.09330410607732292,0.2619580710700118,0.22285866790705927,0.3685151113697924,Fair,"alpha=0.5,eps=0.1",OK,0.058327876001080206,0.09786968039586193,0.2630697581851676,0.22110460871506968,0.35962807670282054,0.011347953924263111,0.011521688654405046,0.2812527319233617,-0.008913131062446351,True,True,,,3.1634040505429235
dirichlet_42,0.053364043575813515,0.09330410607732292,0.2619580710700118,0.22285866790705927,0.3685151113697924,Fair,"alpha=1.0,eps=0.01",OK,0.053612326974743364,0.09353295487940613,0.2620168734593845,0.22277427783011072,0.3680635668563552,0.0005731389657819877,0.0005818122080882777,0.2837201621058643,-0.0004526561954052313,True,True,,,-23.02405821544571
dirichlet_42,0.053364043575813515,0.09330410607732292,0.2619580710700118,0.22285866790705927,0.3685151113697924,Fair,"alpha=1.0,eps=0.02",OK,0.05386061068447582,0.09376180357298172,0.26207567592601444,0.2226898878569567,0.3676120219595714,0.0011462783175385488,0.001163624802076247,0.283589283655711,-0.000905312766844187,True,True,,,-19.558322312645984
dirichlet_42,0.053364043575813515,0.09330410607732292,0.2619580710700118,0.22285866790705927,0.3685151113697924,Fair,"alpha=1.0,eps=0.05",OK,0.05460546108496662,0.09444835009876597,0.2622520831901379,0.22243671779554264,0.366257387830587,0.002865695799541946,0.0029090620107891517,0.2831966484406486,-0.002263281930114884,True,True,,,-14.97686865327521
dirichlet_42,0.053364043575813515,0.09330410607732292,0.2619580710700118,0.22285866790705927,0.3685151113697924,Fair,"alpha=1.0,eps=0.1",OK,0.055846878487673376,0.0955925942150772,0.2625460957668161,0.22201476751069837,0.36399966401973494,0.005731391877228711,0.0058181243180805186,0.2825422563933505,-0.004526564139737795,True,True,,,-11.511132750475483
dirichlet_42,0.053364043575813515,0.09330410607732292,0.2619580710700118,0.22285866790705927,0.3685151113697924,Fair,"alpha=2.0,eps=0.01",OK,0.05348819371737894,0.09341865879027786,0.2619882767302265,0.22281732311889776,0.36828754764321897,0.00028799757770713133,0.0002923290142514283,0.2837853657937089,-0.00022807029446273678,True,True,,,-499.91007439854934
dirichlet_42,0.053364043575813515,0.09330410607732292,0.2619580710700118,0.22285866790705927,0.3685151113697924,Fair,"alpha=2.0,eps=0.02",OK,0.053612343838494066,0.09353321148677439,0.2620184823997271,0.22277597835882573,0.36805998391617867,0.0005759951373624033,0.000584658009432813,0.28371969112436196,-0.00045614058810258714,True,True,,,-249.95503719927467
dirichlet_42,0.053364043575813515,0.09330410607732292,0.2619580710700118,0.22285866790705927,0.3685151113697924,Fair,"alpha=2.0,eps=0.05",OK,0.05398479429493042,0.09387686957308232,0.2621090994261069,0.22265194394461388,0.36737729276126646,0.0014399878555948157,0.0014616450399024628,0.28352266710486423,-0.0011403514493092941,True,True,,,-99.98201487970987
dirichlet_42,0.053364043575813515,0.09330410607732292,0.2619580710700118,0.22285866790705927,0.3685151113697924,Fair,"alpha=2.0,eps=0.1",OK,0.05460554521926802,0.09444963302288432,0.2622601279513653,0.22244521987080673,0.3662394739356756,0.0028799759866213236,0.0029232903646346856,0.28319429368763177,-0.0022807031199341193,True,True,,,-49.991007439854926
dirichlet_43,0.12035621176243033,0.3629201991223497,0.08161577824412855,0.15801908631926456,0.2770887245518269,Avg,rho=0.0,OK,0.0,0.9999999999999996,0.0,0.0,3.8857805861880464e-16,0.7271627180827116,0.7173918400652368,0.3798807618734784,-0.282586762431685,True,True,,,
dirichlet_43,0.12035621176243033,0.3629201991223497,0.08161577824412855,0.15801908631926456,0.2770887245518269,Avg,rho=0.1,OK,2.948009306981136e-17,0.7743233631689092,4.320232902988991e-17,0.0,0.22567663683109096,0.4669181413917196,0.45652541834755256,0.3593775738051669,-0.15673660285042468,True,True,,,
dirichlet_43,0.12035621176243033,0.3629201991223497,0.08161577824412855,0.15801908631926456,0.2770887245518269,Avg,rho=0.2,OK,0.0,0.6600219618485306,0.0,1.2269855881123758e-17,0.33997803815146954,0.37194261357017294,0.36129153268157277,0.34899305567049915,-0.15269120413475717,True,True,,,
dirichlet_43,0.12035621176243033,0.3629201991223497,0.08161577824412855,0.15801908631926456,0.2770887245518269,Avg,rho=0.5,OK,0.03630892601978911,0.5212042032045001,0.0,0.10574735890090092,0.3367395118748099,0.21229568380664177,0.2058638782943607,0.320250857467743,-0.07871664504025451,True,True,,,
dirichlet_43,0.12035621176243033,0.3629201991223497,0.08161577824412855,0.15801908631926456,0.2770887245518269,Cert,,FLOOR_COLLAPSED,0.12035621176243033,0.3629201991223497,0.08161577824412855,0.15801908631926456,0.2770887245518269,0.0,0.0,0.2744125759391437,0.0,False,True,0.0,-0.0,
dirichlet_43,0.12035621176243033,0.3629201991223497,0.08161577824412855,0.15801908631926456,0.2770887245518269,MaxMin,c=0.0,INFEASIBLE_BALL_MISSES_SIMPLEX,,,,,,,,,,False,False,,,
dirichlet_43,0.12035621176243033,0.3629201991223497,0.08161577824412855,0.15801908631926456,0.2770887245518269,MaxMin,c=0.1,INFEASIBLE_BALL_MISSES_SIMPLEX,,,,,,,,,,False,False,,,
dirichlet_43,0.12035621176243033,0.3629201991223497,0.08161577824412855,0.15801908631926456,0.2770887245518269,MaxMin,c=0.25,OK,0.051815083209720364,0.5042560042852872,0.015541580188151504,0.10192787263979357,0.32645945967704726,0.18607307573078957,0.18041002220965507,0.31424884660075597,-0.0633121588356788,True,True,-0.0633121588356788,,
dirichlet_43,0.12035621176243033,0.3629201991223497,0.08161577824412855,0.15801908631926456,0.2770887245518269,MaxMin,c=0.5,OK,0.07949713174528615,0.4689922942215779,0.04250492384456529,0.12038320300645869,0.28862244718211183,0.1264907078836166,0.12280839591922627,0.3005380031524381,-0.03646478484684507,True,True,-0.03646478484684507,,
dirichlet_43,0.12035621176243033,0.3629201991223497,0.08161577824412855,0.15801908631926456,0.2770887245518269,MaxMin,c=0.75,OK,0.10146276408462958,0.4303534764065481,0.06373575979207631,0.14250198598585578,0.2619460137308903,0.07545850783079862,0.07372039764042727,0.2879269122540715,-0.015734743769882764,True,True,-0.015734743769882764,,
dirichlet_43,0.12035621176243033,0.3629201991223497,0.08161577824412855,0.15801908631926456,0.2770887245518269,MaxMin,c=0.9,OK,0.11335996196432434,0.3878907635545644,0.07499480161675115,0.1522730990369982,0.2714813738273619,0.02794230990444935,0.027298687137665537,0.27941693905630755,-0.005826580717326773,True,True,-0.005826580717326773,,
dirichlet_43,0.12035621176243033,0.3629201991223497,0.08161577824412855,0.15801908631926456,0.2770887245518269,MaxMin,c=0.95,OK,0.11691752856138557,0.3751933258561767,0.0783615432239272,0.15519491186707518,0.2743326904914354,0.013733750857900014,0.013417407837022083,0.2768722393130241,-0.002863786429928492,True,True,-0.002863786429928492,,
dirichlet_43,0.12035621176243033,0.3629201991223497,0.08161577824412855,0.15801908631926456,0.2770887245518269,MaxMin,c=1.0,OK,0.12035621176243033,0.3629201991223497,0.08161577824412855,0.15801908631926456,0.2770887245518269,0.0,0.0,0.2744125759391437,0.0,False,True,0.0,,
dirichlet_43,0.12035621176243033,0.3629201991223497,0.08161577824412855,0.15801908631926456,0.2770887245518269,Fair,"alpha=0.0,eps=0.01",OK,0.16333218743008865,0.350891412378347,0.07009495203621513,0.14825261981940568,0.2674288283359436,0.04809421061237311,0.046958986293505825,0.2705881906216672,-0.01000000000000001,True,True,,,0.05131114208474287
dirichlet_43,0.12035621176243033,0.3629201991223497,0.08161577824412855,0.15801908631926456,0.2770887245518269,Fair,"alpha=0.0,eps=0.02",OK,0.20630816309774697,0.3388626256343442,0.05857412582830171,0.1384861533195468,0.2577689321200603,0.09618842122474623,0.09391797258701166,0.26676380530419064,-0.02000000000000002,True,True,,,0.10262228416948574
dirichlet_43,0.12035621176243033,0.3629201991223497,0.08161577824412855,0.15801908631926456,0.2770887245518269,Fair,"alpha=0.0,eps=0.05",OK,0.335236090100722,0.30277626540233604,0.024011647204561427,0.1091867538199702,0.22878924347241042,0.24047105306186561,0.2347949314675292,0.25529064935176105,-0.05000000000000002,True,True,,,0.2565557104237144
dirichlet_43,0.12035621176243033,0.3629201991223497,0.08161577824412855,0.15801908631926456,0.2770887245518269,Fair,"alpha=0.0,eps=0.1",OK,0.5159239003563554,0.2431650771599992,0.0,0.06029783135341016,0.1806131911302353,0.44309501574181,0.43312491644438206,0.23487036684121193,-0.1,True,True,,,0.5125416128106303
dirichlet_43,0.12035621176243033,0.3629201991223497,0.08161577824412855,0.15801908631926456,0.2770887245518269,Fair,"alpha=0.5,eps=0.01",OK,0.12085259483317412,0.36337675638181205,0.08172694701537082,0.15784368051828893,0.2762000212513541,0.001134795105327607,0.0011521685730466779,0.27438564837211726,-0.0008913129357856034,True,True,,,1.0003561959118048
dirichlet_43,0.12035621176243033,0.3629201991223497,0.08161577824412855,0.15801908631926456,0.2770887245518269,Fair,"alpha=0.5,eps=0.02",OK,0.1213489783788771,0.36383331333125063,0.08183811572452365,0.15766827434466021,0.27531131822068833,0.0022695901339038708,0.0023043370801282396,0.2743587207631908,-0.0017826256206413926,True,True,,,1.4147172994624313
dirichlet_43,0.12035621176243033,0.3629201991223497,0.08161577824412855,0.15801908631926456,0.2770887245518269,Fair,"alpha=0.5,eps=0.05",OK,0.12283812801601734,0.36520298625155695,0.08217162166210262,0.15714205665760922,0.2726452074127139,0.005673976812202634,0.005760844175518034,0.27427793820544166,-0.004456565340760565,True,True,,,2.236864455771893
dirichlet_43,0.12035621176243033,0.3629201991223497,0.08161577824412855,0.15801908631926456,0.2770887245518269,Fair,"alpha=0.5,eps=0.1",OK,0.12532004418769702,0.3674857734408887,0.08272746535928434,0.15626502712727497,0.26820168988485504,0.011347953924263101,0.011521688654405034,0.27414330042464313,-0.008913131062446351,True,True,,,3.1634040505429235
dirichlet_43,0.12035621176243033,0.3629201991223497,0.08161577824412855,0.15801908631926456,0.2770887245518269,Fair,"alpha=1.0,eps=0.01",OK,0.1206044949905976,0.36314904791173047,0.08167458091477624,0.15793469631699364,0.2766371798659021,0.000573139040491713,0.0005818122865421422,0.2743982270883565,-0.000452656364195658,True,True,,,-23.024058215445713
dirichlet_43,0.12035621176243033,0.3629201991223497,0.08161577824412855,0.15801908631926456,0.2770887245518269,Fair,"alpha=1.0,eps=0.02",OK,0.12085277877163841,0.3633778967068401,0.08173338314472997,0.1578503062548509,0.2761856351219406,0.0011462783321007101,0.0011636248184828829,0.27438387824806143,-0.0009053127872480925,True,True,,,-19.558322312645984
dirichlet_43,0.12035621176243033,0.3629201991223497,0.08161577824412855,0.15801908631926456,0.2770887245518269,Fair,"alpha=1.0,eps=0.05",OK,0.12159762928861872,0.36406444316731973,0.08190979034264619,0.15759713625502397,0.27483100094639146,0.0028656958593167264,0.0029090620687796344,0.27434083173559737,-0.002263281993612018,True,True,,,-14.97686865327521
dirichlet_43,0.12035621176243033,0.3629201991223497,0.08161577824412855,0.15801908631926456,0.2770887245518269,Fair,"alpha=1.0,eps=0.1",OK,0.12283904692588378,0.3652086868886868,0.08220380233336536,0.1571751860455339,0.27257327780653023,0.005731391281067056,0.005818123699386702,0.2742690875222119,-0.004526563531120382,True,True,,,-11.511132750475483
dirichlet_43,0.12035621176243033,0.3629201991223497,0.08161577824412855,0.15801908631926456,0.2770887245518269,Fair,"alpha=2.0,eps=0.01",OK,0.12048036193596771,0.363034751846439,0.08164598387852914,0.15797774152391314,0.27686116081515105,0.00028799760222565857,0.0002923290386752131,0.2744051786181743,-0.0002280703047441153,True,True,,,-499.91007439854934
dirichlet_43,0.12035621176243033,0.3629201991223497,0.08161577824412855,0.15801908631926456,0.2770887245518269,Fair,"alpha=2.0,eps=0.02",OK,0.12060451200272283,0.36314930453725214,0.08167618965138056,0.15793639668518175,0.27663359712346275,0.0005759951303850102,0.0005846580073095458,0.2743977812885841,-0.00045614056731360414,True,True,,,-249.95503719927467
dirichlet_43,0.12035621176243033,0.3629201991223497,0.08161577824412855,0.15801908631926456,0.2770887245518269,Fair,"alpha=2.0,eps=0.05",OK,0.1209769624624922,0.3634929626367141,0.08176680657794791,0.15781236238760327,0.2759509059352426,0.0014399878543925521,0.001461645037112048,0.2743755893137559,-0.0011403514558064206,True,True,,,-99.98201487970987
dirichlet_43,0.12035621176243033,0.3629201991223497,0.08161577824412855,0.15801908631926456,0.2770887245518269,Fair,"alpha=2.0,eps=0.1",OK,0.1215977128385882,0.36406572612287025,0.08191783497694692,0.15760563869278849,0.2748130873688062,0.002879975491119464,0.0029232898475932425,0.27433860269294597,-0.0022807028509843575,True,True,,,-49.99100743985493
dirichlet_44,0.3034816053780615,0.09723936930500421,0.04376610324855616,0.5026870718166359,0.052825850251742267,Avg,rho=0.0,OK,0.0,0.0,2.0122792321330957e-16,0.9999999999999997,2.567390744445674e-16,0.5946282624736019,0.5910622847461711,0.513119966049581,-0.3044995629256041,True,True,,,
dirichlet_44,0.3034816053780615,0.09723936930500421,0.04376610324855616,0.5026870718166359,0.052825850251742267,Avg,rho=0.1,OK,0.0,0.0,2.081668171172168e-16,0.9999999999999998,0.0,0.594628262473602,0.5910622847461712,0.513119966049581,-0.3044995629256041,True,True,,,
dirichlet_44,0.3034816053780615,0.09723936930500421,0.04376610324855616,0.5026870718166359,0.052825850251742267,Avg,rho=0.2,OK,0.15826539501900075,0.0,3.4694469519536136e-17,0.8417346049809992,0.0,0.3875596917728994,0.38486857903675,0.4827268473255668,-0.14885843969202853,True,True,,,
dirichlet_44,0.3034816053780615,0.09723936930500421,0.04376610324855616,0.5026870718166359,0.052825850251742267,Avg,rho=0.5,OK,0.30472308286800054,0.0,1.4566002077458576e-17,0.6952769171319995,3.5456375655591385e-17,0.22639330152672688,0.22289974448869823,0.45460126817224106,-0.09626121585810306,True,True,,,
dirichlet_44,0.3034816053780615,0.09723936930500421,0.04376610324855616,0.5026870718166359,0.052825850251742267,Cert,,FLOOR_COLLAPSED,0.3034816053780615,0.09723936930500421,0.04376610324855616,0.5026870718166359,0.052825850251742267,0.0,0.0,0.3755945565485264,0.0,False,True,0.0,-0.0,
dirichlet_44,0.3034816053780615,0.09723936930500421,0.04376610324855616,0.5026870718166359,0.052825850251742267,MaxMin,c=0.0,INFEASIBLE_BALL_MISSES_SIMPLEX,,,,,,,,,,False,False,,,
dirichlet_44,0.3034816053780615,0.09723936930500421,0.04376610324855616,0.5026870718166359,0.052825850251742267,MaxMin,c=0.1,INFEASIBLE_BALL_MISSES_SIMPLEX,,,,,,,,,,False,False,,,
dirichlet_44,0.3034816053780615,0.09723936930500421,0.04376610324855616,0.5026870718166359,0.052825850251742267,MaxMin,c=0.25,INFEASIBLE_BALL_MISSES_SIMPLEX,,,,,,,,,,False,False,,,
dirichlet_44,0.3034816053780615,0.09723936930500421,0.04376610324855616,0.5026870718166359,0.052825850251742267,MaxMin,c=0.5,INFEASIBLE_BALL_MISSES_SIMPLEX,,,,,,,,,,False,False,,,
dirichlet_44,0.3034816053780615,0.09723936930500421,0.04376610324855616,0.5026870718166359,0.052825850251742267,MaxMin,c=0.75,OK,0.2794160342303396,0.07289604488041047,0.019043155439384025,0.6065198128555405,0.022124952594325613,0.1162185722494711,0.11457829473555053,0.41361155676302214,-0.025540690007472486,True,True,-0.025540690007472486,,
dirichlet_44,0.3034816053780615,0.09723936930500421,0.04376610324855616,0.5026870718166359,0.052825850251742267,MaxMin,c=0.9,OK,0.2942754083421655,0.08792691875953838,0.03430842915296577,0.5424079106412646,0.041081333104065976,0.04445899367156307,0.04383151145250379,0.39013782221797505,-0.00977049841028971,True,True,-0.00977049841028971,,
dirichlet_44,0.3034816053780615,0.09723936930500421,0.04376610324855616,0.5026870718166359,0.052825850251742267,MaxMin,c=0.95,OK,0.2989272348619774,0.09263243442935541,0.03908732525980049,0.5223372505507726,0.047015754898094064,0.021994177309377024,0.021683757436034293,0.38278921250844816,-0.004833534380566849,True,True,-0.004833534380566849,,
dirichlet_44,0.3034816053780615,0.09723936930500421,0.04376610324855616,0.5026870718166359,0.052825850251742267,MaxMin,c=1.0,OK,0.3034816053780615,0.09723936930500421,0.04376610324855616,0.5026870718166359,0.052825850251742267,0.0,0.0,0.3755945565485264,0.0,False,True,0.0,,
dirichlet_44,0.3034816053780615,0.09723936930500421,0.04376610324855616,0.5026870718166359,0.052825850251742267,Fair,"alpha=0.0,eps=0.01",OK,0.34645758104571983,0.08521058256100147,0.03224527704064274,0.492920605316777,0.04316595403585897,0.04809421061237311,0.04695898629350582,0.38116654432218605,-0.010000000000000009,True,True,,,0.05131114208474287
dirichlet_44,0.3034816053780615,0.09723936930500421,0.04376610324855616,0.5026870718166359,0.052825850251742267,Fair,"alpha=0.0,eps=0.02",OK,0.3894335567133782,0.07318179581699877,0.02072445083272932,0.48315413881691816,0.03350605781997567,0.09618842122474626,0.09391797258701169,0.38673853209584563,-0.019999999999999993,True,True,,,0.10262228416948574
dirichlet_44,0.3034816053780615,0.09723936930500421,0.04376610324855616,0.5026870718166359,0.052825850251742267,Fair,"alpha=0.0,eps=0.05",OK,0.5042764642612896,0.03731489380552096,0.0,0.45383142774730206,0.004577214185887266,0.22481057526511442,0.21970416268905898,0.3999870743320553,-0.0500000000000001,True,True,,,0.25632098471877734
dirichlet_44,0.3034816053780615,0.09723936930500421,0.04376610324855616,0.5026870718166359,0.052825850251742267,Fair,"alpha=0.0,eps=0.1",OK,0.5967754438686197,0.0,0.0,0.4032245561313804,0.0,0.33177643815404234,0.32445953457655075,0.39851584229342013,-0.09999999999999998,True,True,,,0.5086795492582792
dirichlet_44,0.3034816053780615,0.09723936930500421,0.04376610324855616,0.5026870718166359,0.052825850251742267,Fair,"alpha=0.5,eps=0.01",OK,0.3039779884488053,0.09769592656446657,0.04387727201979843,0.5025116660156602,0.05193714695126948,0.00113479510532759,0.001152168573046661,0.37565778165158975,-0.0008913129357855827,True,True,,,1.0003561959118048
dirichlet_44,0.3034816053780615,0.09723936930500421,0.04376610324855616,0.5026870718166359,0.052825850251742267,Fair,"alpha=0.5,eps=0.02",OK,0.3044743718904247,0.09815248418111688,0.04398844077118668,0.5023362598769012,0.051048443280370476,0.002269590856951737,0.0023043378093846258,0.3757210067144789,-0.0017826262552892934,True,True,,,1.4147172994624313
dirichlet_44,0.3034816053780615,0.09723936930500421,0.04376610324855616,0.5026870718166359,0.052825850251742267,Fair,"alpha=0.5,eps=0.05",OK,0.3059635216316486,0.0995221564342114,0.04432194666653025,0.5018100421549806,0.04838233311262935,0.005673976812202548,0.005760844175517948,0.3759106820379192,-0.00445656534076047,True,True,,,2.236864455771893
dirichlet_44,0.3034816053780615,0.09723936930500421,0.04376610324855616,0.5026870718166359,0.052825850251742267,Fair,"alpha=0.5,eps=0.1",OK,0.3084454371582687,0.10180494469998519,0.044877790415015606,0.5009330126175605,0.043938815109169985,0.01134795445376377,0.01152168919184273,0.3762268074578327,-0.008913131535834446,True,True,,,3.1634040505429235
dirichlet_44,0.3034816053780615,0.09723936930500421,0.04376610324855616,0.5026870718166359,0.052825850251742267,Fair,"alpha=1.0,eps=0.01",OK,0.3037298888705395,0.0974682181045908,0.043824905680585155,0.502602681813179,0.05237430553110557,0.0005731391621064815,0.0005818124038281002,0.37562761795664884,-0.00045265639787568646,True,True,,,-23.02405821544571
dirichlet_44,0.3034816053780615,0.09723936930500421,0.04376610324855616,0.5026870718166359,0.052825850251742267,Fair,"alpha=1.0,eps=0.02",OK,0.3039781722010595,0.09769706684102886,0.04388370818674073,0.5025182918789712,0.05192276089219988,0.0011462781618557878,0.0011636246431249485,0.37566067935243735,-0.0009053127115910969,True,True,,,-19.558322312645984
dirichlet_44,0.3034816053780615,0.09723936930500421,0.04376610324855616,0.5026870718166359,0.052825850251742267,Fair,"alpha=1.0,eps=0.05",OK,0.30472302287327585,0.09838361350171453,0.04406011518556181,0.5022651219623704,0.05056812647707746,0.0028656959923258865,0.00290906219174735,0.37575986367816794,-0.0022632821513716463,True,True,,,-14.97686865327521
dirichlet_44,0.3034816053780615,0.09723936930500421,0.04376610324855616,0.5026870718166359,0.052825850251742267,Fair,"alpha=1.0,eps=0.1",OK,0.3059644403355248,0.09952785733616416,0.04435412749479728,0.5018431716566033,0.0483104031769105,0.005731391556562954,0.005818123976541219,0.37592517058577307,-0.004526563853751691,True,True,,,-11.511132750475483
dirichlet_44,0.3034816053780615,0.09723936930500421,0.04376610324855616,0.5026870718166359,0.052825850251742267,Fair,"alpha=2.0,eps=0.01",OK,0.30360575551873153,0.09735392200951355,0.04379630891496084,0.5026457270303305,0.0525982865264637,0.00028799757332143597,0.00029232900987662027,0.37561145478997526,-0.00022807029310762493,True,True,,,-499.91007439854934
dirichlet_44,0.3034816053780615,0.09723936930500421,0.04376610324855616,0.5026870718166359,0.052825850251742267,Fair,"alpha=2.0,eps=0.02",OK,0.3037299056601673,0.09746847471009058,0.04382651458114065,0.5026043822457189,0.052370722802882665,0.0005759951438008012,0.0005846580168137429,0.37562835303215414,-0.0004561405844475892,True,True,,,-249.95503719927467
dirichlet_44,0.3034816053780615,0.09723936930500421,0.04376610324855616,0.5026870718166359,0.052825850251742267,Fair,"alpha=2.0,eps=0.05",OK,0.3041023561004743,0.09781213280467123,0.04391713157883818,0.5024803478867715,0.051688031629244735,0.0014399878622249997,0.0014616450448093365,0.3756790477599778,-0.0011403514615734858,True,True,,,-99.98201487970987
dirichlet_44,0.3034816053780615,0.09723936930500421,0.04376610324855616,0.5026870718166359,0.052825850251742267,Fair,"alpha=2.0,eps=0.1",OK,0.304723106667574,0.09838489640497367,0.04406816000040467,0.5022736239879222,0.05055021293912546,0.002879975756079344,0.0029232901225103385,0.3757635389517193,-0.002280702989230021,True,True,,,-49.991007439854926
dirichlet_45,0.16643297853635433,0.04475254084632108,0.47674820015648056,0.17237927164822994,0.13968700881261398,Avg,rho=0.0,OK,1.6653345369377346e-16,0.0,0.9999999999999998,1.3877787807814454e-17,0.0,0.5939042397736827,0.5849621269055139,0.4918073241813814,-0.17399252162371834,True,True,,,
dirichlet_45,0.16643297853635433,0.04475254084632108,0.47674820015648056,0.17237927164822994,0.13968700881261398,Avg,rho=0.1,OK,8.326672684688673e-17,3.4694469519536136e-17,0.9999999999999998,1.3877787807814454e-17,0.0,0.5939042397736827,0.5849621269055139,0.49180732418138134,-0.17399252162371834,True,True,,,
dirichlet_45,0.16643297853635433,0.04475254084632108,0.47674820015648056,0.17237927164822994,0.13968700881261398,Avg,rho=0.2,OK,1.3877787807814454e-17,0.0,0.9999999999999998,1.3877787807814454e-16,0.0,0.5939042397736827,0.5849621269055139,0.49180732418138134,-0.1739925216237182,True,True,,,
dirichlet_45,0.16643297853635433,0.04475254084632108,0.47674820015648056,0.17237927164822994,0.13968700881261398,Avg,rho=0.5,OK,0.10835297249064868,2.339339564193867e-18,0.7270741476447469,0.118423920481049,0.046148959383555524,0.2823113593374094,0.27838497001445783,0.4089486739837185,-0.09626586460739937,True,True,,,
dirichlet_45,0.16643297853635433,0.04475254084632108,0.47674820015648056,0.17237927164822994,0.13968700881261398,Cert,,FLOOR_COLLAPSED,0.16643297853635436,0.04475254084632109,0.4767482001564806,0.17237927164822997,0.139687008812614,7.376145397762941e-17,7.661912438540368e-17,0.3257953382765858,1.2370877193881078e-17,False,True,1.2370877193881078e-17,-0.0,
dirichlet_45,0.16643297853635433,0.04475254084632108,0.47674820015648056,0.17237927164822994,0.13968700881261398,MaxMin,c=0.0,INFEASIBLE_BALL_MISSES_SIMPLEX,,,,,,,,,,False,False,,,
dirichlet_45,0.16643297853635433,0.04475254084632108,0.47674820015648056,0.17237927164822994,0.13968700881261398,MaxMin,c=0.1,INFEASIBLE_BALL_MISSES_SIMPLEX,,,,,,,,,,False,False,,,
dirichlet_45,0.16643297853635433,0.04475254084632108,0.47674820015648056,0.17237927164822994,0.13968700881261398,MaxMin,c=0.25,INFEASIBLE_BALL_MISSES_SIMPLEX,,,,,,,,,,False,False,,,
dirichlet_45,0.16643297853635433,0.04475254084632108,0.47674820015648056,0.17237927164822994,0.13968700881261398,MaxMin,c=0.5,OK,0.1251464979018416,0.003957928404551178,0.6293088246045178,0.1364237344069083,0.10516301468218124,0.17066992953787574,0.16749011812195366,0.37698042923431574,-0.03647965572540842,True,True,-0.03647965572540842,,
dirichlet_45,0.16643297853635433,0.04475254084632108,0.47674820015648056,0.17237927164822994,0.13968700881261398,MaxMin,c=0.75,OK,0.14645608268466123,0.02501364056867961,0.5505662553365105,0.15498180856291385,0.1229822128472349,0.0825804320202546,0.08104184697963965,0.3505617803541711,-0.017651063300438294,True,True,-0.017651063300438294,,
dirichlet_45,0.16643297853635433,0.04475254084632108,0.47674820015648056,0.17237927164822994,0.13968700881261398,MaxMin,c=0.9,OK,0.15852116748436074,0.036934987482162875,0.505983698461415,0.16548903996574443,0.13307110660631702,0.032705820743460116,0.03209646710718245,0.3356040398687998,-0.006990669558304303,True,True,-0.006990669558304303,,
dirichlet_45,0.16643297853635433,0.04475254084632108,0.47674820015648056,0.17237927164822994,0.13968700881261398,MaxMin,c=0.95,OK,0.16248717236110985,0.040853743195961544,0.49132863047640074,0.16894295112149452,0.13638750284503343,0.016311161705950226,0.01600726272187043,0.3306871683594008,-0.0034864112566618723,True,True,-0.0034864112566618723,,
dirichlet_45,0.16643297853635433,0.04475254084632108,0.47674820015648056,0.17237927164822994,0.13968700881261398,MaxMin,c=1.0,OK,0.16643297853635436,0.04475254084632109,0.4767482001564806,0.17237927164822997,0.139687008812614,7.376145397762941e-17,7.661912438540368e-17,0.3257953382765858,1.2370877193881078e-17,False,True,1.2370877193881078e-17,,
dirichlet_45,0.16643297853635433,0.04475254084632108,0.47674820015648056,0.17237927164822994,0.13968700881261398,Fair,"alpha=0.0,eps=0.01",OK,0.2094089542040127,0.03272375410231836,0.4652273739485672,0.1626128051483711,0.1300271125967307,0.04809421061237313,0.046958986293505846,0.3243352044858516,-0.009999999999999986,True,True,,,0.05131114208474287
dirichlet_45,0.16643297853635433,0.04475254084632108,0.47674820015648056,0.17237927164822994,0.13968700881261398,Fair,"alpha=0.0,eps=0.02",OK,0.25238492987167105,0.020694967358315632,0.45370654774065383,0.15284633864851221,0.12036721638084741,0.09618842122474625,0.09391797258701169,0.32287507069511756,-0.019999999999999987,True,True,,,0.10262228416948574
dirichlet_45,0.16643297853635433,0.04475254084632108,0.47674820015648056,0.17237927164822994,0.13968700881261398,Fair,"alpha=0.0,eps=0.05",OK,0.36589387877354296,0.0,0.4191882161135901,0.12352023856079183,0.09139766655207507,0.22320317669971457,0.21831158661071726,0.31674264942108354,-0.049999999999999996,True,True,,,0.25653021175415053
dirichlet_45,0.16643297853635433,0.04475254084632108,0.47674820015648056,0.17237927164822994,0.13968700881261398,Fair,"alpha=0.0,eps=0.1",OK,0.5205220304128071,0.0,0.36175659538961596,0.07458356992916812,0.043137804268408714,0.3993628223942086,0.39182630628744025,0.3025957275183373,-0.10000000000000002,True,True,,,0.5129862827037264
dirichlet_45,0.16643297853635433,0.04475254084632108,0.47674820015648056,0.17237927164822994,0.13968700881261398,Fair,"alpha=0.5,eps=0.01",OK,0.16692936160709812,0.04520909810578344,0.47685936892772285,0.1722038658472543,0.1387983055121412,0.0011347951053275838,0.0011521685730466556,0.3258188931147262,-0.0008913129357855757,True,True,,,1.0003561959118048
dirichlet_45,0.16643297853635433,0.04475254084632108,0.47674820015648056,0.17237927164822994,0.13968700881261398,Fair,"alpha=0.5,eps=0.02",OK,0.16742574439231994,0.04566565586960405,0.47697053776612014,0.17202845989266455,0.1379096020792914,0.002269590422670958,0.0023043373680379678,0.32584244792207717,-0.0017826260107094932,True,True,,,1.4147172994624313
dirichlet_45,0.16643297853635433,0.04475254084632108,0.47674820015648056,0.17237927164822994,0.13968700881261398,Fair,"alpha=0.5,eps=0.05",OK,0.16891489478994134,0.04703532797552833,0.47730404357445466,0.1715022419865746,0.135243491673501,0.005673976812202606,0.0057608441755180075,0.3259131122787627,-0.004456565340760537,True,True,,,2.236864455771893
dirichlet_45,0.16643297853635433,0.04475254084632108,0.47674820015648056,0.17237927164822994,0.13968700881261398,Fair,"alpha=0.5,eps=0.1",OK,0.17139681096162104,0.049318115164860094,0.4778598872716365,0.17062521245624038,0.13079997414564212,0.011347953924263108,0.011521688654405048,0.32603088637313987,-0.008913131062446322,True,True,,,3.1634040505429235
dirichlet_45,0.16643297853635433,0.04475254084632108,0.47674820015648056,0.17237927164822994,0.13968700881261398,Fair,"alpha=1.0,eps=0.01",OK,0.16668126193283941,0.04498138977471281,0.4768070025630823,0.17229488162416048,0.1392354641052049,0.0005731391619580321,0.0005818124042644867,0.3258083077251273,-0.0004526563856841932,True,True,,,-23.02405821544571
dirichlet_45,0.16643297853635433,0.04475254084632108,0.47674820015648056,0.17237927164822994,0.13968700881261398,Fair,"alpha=1.0,eps=0.02",OK,0.16692954560603357,0.04521023846015264,0.47686580508072673,0.17221049143552544,0.13878391941756166,0.001146278366829111,0.0011636248595450858,0.3258212772342641,-0.0009053127596760301,True,True,,,-19.558322312645984
dirichlet_45,0.16643297853635433,0.04475254084632108,0.47674820015648056,0.17237927164822994,0.13968700881261398,Fair,"alpha=1.0,eps=0.05",OK,0.16767439546313245,0.04589678439908379,0.47704221243638995,0.17195732190224286,0.13742928579915098,0.002865694908486731,0.0029090611026436584,0.32586018568880804,-0.00226328139130978,True,True,,,-14.97686865327521
dirichlet_45,0.16643297853635433,0.04475254084632108,0.47674820015648056,0.17237927164822994,0.13968700881261398,Fair,"alpha=1.0,eps=0.1",OK,0.168915813653422,0.047041028860417805,0.47733622434800366,0.17153537146886227,0.1351715616692943,0.005731391670081163,0.005818124090259042,0.3259250329471149,-0.004526563922457291,True,True,,,-11.511132750475483
dirichlet_45,0.16643297853635433,0.04475254084632108,0.47674820015648056,0.17237927164822994,0.13968700881261398,Fair,"alpha=2.0,eps=0.01",OK,0.16655712867702432,0.04486709355083046,0.4767784058228853,0.17233792686192456,0.13945944508733543,0.000287997573321429,0.00029232900987661566,0.3258021221511848,-0.00022807029310760546,True,True,,,-499.91007439854934
dirichlet_45,0.16643297853635433,0.04475254084632108,0.47674820015648056,0.17237927164822994,0.13968700881261398,Fair,"alpha=2.0,eps=0.02",OK,0.16668127881925154,0.04498164625167971,0.47680861148919085,0.1722965820768468,0.13923188136303116,0.0005759951449018423,0.0005846580179426878,0.32580890602611934,-0.00045614058518808246,True,True,,,-249.95503719927467
dirichlet_45,0.16643297853635433,0.04475254084632108,0.47674820015648056,0.17237927164822994,0.13968700881261398,Fair,"alpha=2.0,eps=0.05",OK,0.1670537291800089,0.04532530440920126,0.4768992283337599,0.17217254784837074,0.13854919022865922,0.0014399877882517367,0.001461644962396071,0.3258292575967325,-0.00114035141672719,True,True,,,-99.98201487970987
dirichlet_45,0.16643297853635433,0.04475254084632108,0.47674820015648056,0.17237927164822994,0.13968700881261398,Fair,"alpha=2.0,eps=0.1",OK,0.16767447985733733,0.04589806783968093,0.47705025702038834,0.17196582370495136,0.1374113715776421,0.0028799756940891164,0.002923290066529598,0.3258631770866911,-0.0022807029178120346,True,True,,,-49.99100743985493
dirichlet_46,0.09770837993883308,0.2553375793815574,0.13214303520996767,0.2048825099152697,0.3099284955543722,Avg,rho=0.0,OK,0.0,3.885780586188047e-16,7.896456813011258e-17,4.515536310982316e-16,0.9999999999999991,0.7812691679736493,0.7766506531184854,0.3237050689146662,-0.2680443610576732,True,True,,,
dirichlet_46,0.09770837993883308,0.2553375793815574,0.13214303520996767,0.2048825099152697,0.3099284955543722,Avg,rho=0.1,OK,0.0,0.3350333149479397,0.0,0.03391410139580611,0.6310525836562542,0.40707615528692453,0.3994619002419306,0.30404336801649423,-0.15629326272198873,True,True,,,
dirichlet_46,0.09770837993883308,0.2553375793815574,0.13214303520996767,0.2048825099152697,0.3099284955543722,Avg,rho=0.2,OK,7.107587406037786e-17,0.3381507370624685,0.0,0.15586822011044016,0.5059810428270912,0.2733234901120851,0.2699574524868715,0.29248433030876575,-0.133397886903981,True,True,,,
dirichlet_46,0.09770837993883308,0.2553375793815574,0.13214303520996767,0.2048825099152697,0.3099284955543722,Avg,rho=0.5,OK,0.0005273144311575916,0.3154397372919056,0.06589834552009871,0.20775995725108637,0.41037464550575176,0.1659593219256454,0.1642258149429711,0.2775664930966022,-0.0960503228302862,True,True,,,
dirichlet_46,0.09770837993883308,0.2553375793815574,0.13214303520996767,0.2048825099152697,0.3099284955543722,Cert,,FLOOR_COLLAPSED,0.09770837993883308,0.2553375793815574,0.13214303520996767,0.2048825099152697,0.3099284955543722,0.0,0.0,0.2505963748187043,0.0,False,True,0.0,-0.0,
dirichlet_46,0.09770837993883308,0.2553375793815574,0.13214303520996767,0.2048825099152697,0.3099284955543722,MaxMin,c=0.0,OK_EXACT_D0,0.002978434794131929,0.3075179972718322,0.0654178966748592,0.21275798621630168,0.4113276850428751,0.1627655411527411,0.16157659862974486,0.2770889962054489,-0.09406498802302422,True,True,-0.09406498802302422,,
dirichlet_46,0.09770837993883308,0.2553375793815574,0.13214303520996767,0.2048825099152697,0.3099284955543722,MaxMin,c=0.1,OK,0.017742248675317235,0.3039378438401482,0.06177993765939174,0.2090536928976534,0.4074862769274894,0.15245475665104102,0.15138761706246334,0.2753276615998354,-0.07982813894555361,True,True,-0.07982813894555361,,
dirichlet_46,0.09770837993883308,0.2553375793815574,0.13214303520996767,0.2048825099152697,0.3099284955543722,MaxMin,c=0.25,OK,0.03628562575860076,0.29478796732067447,0.07167114814735769,0.1995865528925117,0.39766870588085546,0.12927617194776292,0.12823802698133835,0.27136355975179494,-0.06157890462267116,True,True,-0.06157890462267116,,
dirichlet_46,0.09770837993883308,0.2553375793815574,0.13214303520996767,0.2048825099152697,0.3099284955543722,MaxMin,c=0.5,OK,0.05993156629015685,0.2796573042094971,0.09504597294997541,0.18393124538143824,0.38143391116893244,0.09458704267103842,0.09340773010168033,0.26500488032646896,-0.03803437493250316,True,True,-0.03803437493250316,,
dirichlet_46,0.09770837993883308,0.2553375793815574,0.13214303520996767,0.2048825099152697,0.3099284955543722,MaxMin,c=0.75,OK,0.08204966362496868,0.25729632997218943,0.11672278681644019,0.18649003305354858,0.3574411865328532,0.05552076341440243,0.05488397884214815,0.2578837496308129,-0.016345972484311504,True,True,-0.016345972484311504,,
dirichlet_46,0.09770837993883308,0.2553375793815574,0.13214303520996767,0.2048825099152697,0.3099284955543722,MaxMin,c=0.9,OK,0.09253897126638078,0.25017837603602966,0.1269876015590636,0.1982150444942498,0.33208000664427617,0.024800467737904446,0.024662762610972035,0.25335449606124144,-0.0057521146055038675,True,True,-0.0057521146055038675,,
dirichlet_46,0.09770837993883308,0.2553375793815574,0.13214303520996767,0.2048825099152697,0.3099284955543722,MaxMin,c=0.95,OK,0.09521393627227881,0.25284806018794104,0.12965533504275745,0.20166519475501551,0.3206174737420072,0.011967204296704961,0.011900756139189577,0.2519272771522146,-0.0027756222725153394,True,True,-0.0027756222725153394,,
dirichlet_46,0.09770837993883308,0.2553375793815574,0.13214303520996767,0.2048825099152697,0.3099284955543722,MaxMin,c=1.0,OK,0.09770837993883308,0.2553375793815574,0.13214303520996767,0.2048825099152697,0.3099284955543722,0.0,0.0,0.2505963748187043,0.0,False,True,0.0,,
dirichlet_46,0.09770837993883308,0.2553375793815574,0.13214303520996767,0.2048825099152697,0.3099284955543722,Fair,"alpha=0.0,eps=0.01",OK,0.1406843556064914,0.24330879263755464,0.12062220900205425,0.19511604341541083,0.3002685993384889,0.048094210612373116,0.04695898629350583,0.24560990338461575,-0.01000000000000001,True,True,,,0.05131114208474287
dirichlet_46,0.09770837993883308,0.2553375793815574,0.13214303520996767,0.2048825099152697,0.3099284955543722,Fair,"alpha=0.0,eps=0.02",OK,0.1836603312741497,0.2312800058935519,0.10910138279414083,0.18534957691555196,0.29060870312260556,0.09618842122474623,0.09391797258701166,0.24062343195052724,-0.02000000000000002,True,True,,,0.10262228416948574
dirichlet_46,0.09770837993883308,0.2553375793815574,0.13214303520996767,0.2048825099152697,0.3099284955543722,Fair,"alpha=0.0,eps=0.05",OK,0.3125882582771247,0.19519364566154374,0.07453890417040054,0.15605017741597535,0.2616290144749557,0.24047105306186561,0.2347949314675292,0.22566401764826174,-0.05000000000000002,True,True,,,0.2565557104237144
dirichlet_46,0.09770837993883308,0.2553375793815574,0.13214303520996767,0.2048825099152697,0.3099284955543722,Fair,"alpha=0.0,eps=0.1",OK,0.5274681366154164,0.13504971194153012,0.016934773130833428,0.10721784491668097,0.21332953339553914,0.48094210612373123,0.4695898629350584,0.20073166047781926,-0.10000000000000002,True,True,,,0.5131114208474288
dirichlet_46,0.09770837993883308,0.2553375793815574,0.13214303520996767,0.2048825099152697,0.3099284955543722,Fair,"alpha=0.5,eps=0.01",OK,0.09820476300957687,0.25579413664101974,0.13225420398120993,0.20470710411429408,0.3090397922538994,0.0011347951053276057,0.0011521685730466762,0.25047426287597724,-0.0008913129357856035,True,True,,,1.0003561959118048
dirichlet_46,0.09770837993883308,0.2553375793815574,0.13214303520996767,0.2048825099152697,0.3099284955543722,Fair,"alpha=0.5,eps=0.02",OK,0.09870114648299662,0.25625069434298386,0.1323653723935806,0.20453169810714683,0.30815108867329216,0.0022695907809200536,0.0023043377207704924,0.2503521509121114,-0.0017826261583315927,True,True,,,1.4147172994624313
dirichlet_46,0.09770837993883308,0.2553375793815574,0.13214303520996767,0.2048825099152697,0.3099284955543722,Fair,"alpha=0.5,eps=0.05",OK,0.10019029619242009,0.25762036651076464,0.13269887862794175,0.20400548025361437,0.3054849784152592,0.005673976812202634,0.005760844175518034,0.24998581502273665,-0.004456565340760565,True,True,,,2.236864455771893
dirichlet_46,0.09770837993883308,0.2553375793815574,0.13214303520996767,0.2048825099152697,0.3099284955543722,Fair,"alpha=0.5,eps=0.1",OK,0.10267221236409976,0.25990315370009637,0.13325472232512348,0.20312845072328012,0.3010414608874003,0.011347953924263103,0.011521688654405038,0.24937525518065093,-0.008913131062446351,True,True,,,3.1634040505429235
dirichlet_46,0.09770837993883308,0.2553375793815574,0.13214303520996767,0.2048825099152697,0.3099284955543722,Fair,"alpha=1.0,eps=0.01",OK,0.09795666316700034,0.25556642817093816,0.13220183788061537,0.2047981199129988,0.30947695086844734,0.0005731390404917144,0.0005818122865421442,0.2505344218946044,-0.00045265636419565796,True,True,,,-23.024058215445713
dirichlet_46,0.09770837993883308,0.2553375793815574,0.13214303520996767,0.2048825099152697,0.3099284955543722,Fair,"alpha=1.0,eps=0.02",OK,0.09820494687533451,0.25579527698831167,0.13226064005896268,0.20471372997059356,0.30902540610679763,0.0011462783005045365,0.0011636247811778052,0.25047246895212094,-0.0009053127990558842,True,True,,,-19.558322312645984
dirichlet_46,0.09770837993883308,0.2553375793815574,0.13214303520996767,0.2048825099152697,0.3099284955543722,Fair,"alpha=1.0,eps=0.05",OK,0.09894979741267733,0.25648182336805736,0.13243704731498362,0.20446055989743026,0.30767077200685145,0.0028656957615014675,0.002909061968595522,0.25028661014527764,-0.0022632819339287627,True,True,,,-14.97686865327521
dirichlet_46,0.09770837993883308,0.2553375793815574,0.13214303520996767,0.2048825099152697,0.3099284955543722,Fair,"alpha=1.0,eps=0.1",OK,0.10019121496512104,0.2576260673997154,0.13273105943643335,0.2040386097241346,0.30541304847459566,0.0057313915876326125,0.005818124008498391,0.2499768454659888,-0.00452656386003489,True,True,,,-11.511132750475483
dirichlet_46,0.09770837993883308,0.2553375793815574,0.13214303520996767,0.2048825099152697,0.3099284955543722,Fair,"alpha=2.0,eps=0.01",OK,0.09783253007950306,0.2554521320860667,0.13217324087637233,0.2048411651289643,0.3097009318290936,0.0002879975733214457,0.0002923290098766292,0.25056517562622027,-0.00022807029310766306,True,True,,,-499.91007439854934
dirichlet_46,0.09770837993883308,0.2553375793815574,0.13214303520996767,0.2048825099152697,0.3099284955543722,Fair,"alpha=2.0,eps=0.02",OK,0.09795668014776562,0.2555666848038219,0.13220344667322037,0.2047998202338125,0.30947336814137966,0.000575995120323119,0.000584658000181352,0.2505339764355346,-0.00045614055446303625,True,True,,,-249.95503719927467
dirichlet_46,0.09770837993883308,0.2553375793815574,0.13214303520996767,0.2048825099152697,0.3099284955543722,Fair,"alpha=2.0,eps=0.05",OK,0.0983291305997304,0.2559103429379104,0.1322940633935826,0.20467578611253487,0.3087906769562418,0.0014399878053668318,0.0014616449798436433,0.25044037887585263,-0.001140351430956549,True,True,,,-99.98201487970987
dirichlet_46,0.09770837993883308,0.2553375793815574,0.13214303520996767,0.2048825099152697,0.3099284955543722,Fair,"alpha=2.0,eps=0.1",OK,0.0989498813480432,0.2564831064137955,0.13244509186694778,0.2044690620596869,0.3076528583115266,0.0028799757195151566,0.002923290084513018,0.2502843828944943,-0.0022807029208249145,True,True,,,-49.99100743985493
dirichlet_47,0.018954343538994615,0.21654385651509303,0.11798406923523519,0.1440154527277217,0.5025022779829555,Avg,rho=0.0,OK,0.0,0.0,1.2754400408717618e-17,0.0,1.0,0.5739470215649239,0.5701780148210087,0.5121629297303064,-0.22338306239734204,True,True,,,
dirichlet_47,0.018954343538994615,0.21654385651509303,0.11798406923523519,0.1440154527277217,0.5025022779829555,Avg,rho=0.1,OK,7.447602459741818e-17,3.035766082959412e-16,0.0,0.0,0.9999999999999997,0.5739470215649236,0.5701780148210083,0.5121629297303063,-0.2233830623973417,True,True,,,
dirichlet_47,0.018954343538994615,0.21654385651509303,0.11798406923523519,0.1440154527277217,0.5025022779829555,Avg,rho=0.2,OK,2.792850922403182e-17,0.0027050784336121233,2.993176487652423e-17,0.0,0.9972949215663878,0.5705845612285105,0.5668065778746303,0.5113991834819669,-0.22069540990657419,True,True,,,
dirichlet_47,0.018954343538994615,0.21654385651509303,0.11798406923523519,0.1440154527277217,0.5025022779829555,Avg,rho=0.5,OK,0.0,0.19224825539647483,0.0,0.04890865190258084,0.7588430927009442,0.2993755180696798,0.2963250197488679,0.4415099772761163,-0.12112630254397229,True,True,,,
dirichlet_47,0.018954343538994615,0.21654385651509303,0.11798406923523519,0.1440154527277217,0.5025022779829555,Cert,,FLOOR_COLLAPSED,0.018954343538994615,0.21654385651509303,0.11798406923523519,0.1440154527277217,0.5025022779829555,0.0,0.0,0.3494288280458394,0.0,False,True,0.0,-0.0,
dirichlet_47,0.018954343538994615,0.21654385651509303,0.11798406923523519,0.1440154527277217,0.5025022779829555,MaxMin,c=0.0,INFEASIBLE_BALL_MISSES_SIMPLEX,,,,,,,,,,False,False,,,
dirichlet_47,0.018954343538994615,0.21654385651509303,0.11798406923523519,0.1440154527277217,0.5025022779829555,MaxMin,c=0.1,INFEASIBLE_BALL_MISSES_SIMPLEX,,,,,,,,,,False,False,,,
dirichlet_47,0.018954343538994615,0.21654385651509303,0.11798406923523519,0.1440154527277217,0.5025022779829555,MaxMin,c=0.25,INFEASIBLE_BALL_MISSES_SIMPLEX,,,,,,,,,,False,False,,,
dirichlet_47,0.018954343538994615,0.21654385651509303,0.11798406923523519,0.1440154527277217,0.5025022779829555,MaxMin,c=0.5,OK,0.0,0.16884379635368674,0.03342447950245976,0.05223424376468316,0.7454974803791704,0.2779484588920501,0.27517630215887445,0.4343861668152577,-0.0889074114766716,True,True,-0.0889074114766716,,
dirichlet_47,0.018954343538994615,0.21654385651509303,0.11798406923523519,0.1440154527277217,0.5025022779829555,MaxMin,c=0.75,OK,0.0,0.19499374570967037,0.0964736377671666,0.11644236958899754,0.5920902469341655,0.10036260344989384,0.09976836815966898,0.3817046789389594,-0.023863162977563173,True,True,-0.023863162977563173,,
dirichlet_47,0.018954343538994615,0.21654385651509303,0.11798406923523519,0.1440154527277217,0.5025022779829555,MaxMin,c=0.9,OK,0.01085989454270386,0.20846538739261683,0.1099115028383507,0.1335752917335679,0.5371879234927608,0.03883347862559038,0.038617854905913886,0.36202746801434416,-0.009006871239100676,True,True,-0.009006871239100676,,
dirichlet_47,0.018954343538994615,0.21654385651509303,0.11798406923523519,0.1440154527277217,0.5025022779829555,MaxMin,c=0.95,OK,0.014928293421794867,0.21252575453282777,0.11396890317474521,0.13882268279200952,0.5197543660786227,0.0193151542796141,0.019207906472842776,0.35569519107376096,-0.004479874420655681,True,True,-0.004479874420655681,,
dirichlet_47,0.018954343538994615,0.21654385651509303,0.11798406923523519,0.1440154527277217,0.5025022779829555,MaxMin,c=1.0,OK,0.018954343538994615,0.21654385651509303,0.11798406923523519,0.1440154527277217,0.5025022779829555,0.0,0.0,0.3494288280458394,0.0,False,True,0.0,,
dirichlet_47,0.018954343538994615,0.21654385651509303,0.11798406923523519,0.1440154527277217,0.5025022779829555,Fair,"alpha=0.0,eps=0.01",OK,0.06193031920665294,0.2045150697710903,0.10646324302732177,0.13424898622786283,0.49284238176707224,0.04809421061237313,0.046958986293505846,0.3404013970602918,-0.01000000000000001,True,True,,,0.05131114208474287
dirichlet_47,0.018954343538994615,0.21654385651509303,0.11798406923523519,0.1440154527277217,0.5025022779829555,Fair,"alpha=0.0,eps=0.02",OK,0.10490629487431126,0.1924862830270876,0.09494241681940835,0.12448251972800395,0.4831824855511889,0.09618842122474623,0.09391797258701166,0.3313739660747442,-0.02000000000000002,True,True,,,0.10262228416948574
dirichlet_47,0.018954343538994615,0.21654385651509303,0.11798406923523519,0.1440154527277217,0.5025022779829555,Fair,"alpha=0.0,eps=0.05",OK,0.23383422187728625,0.15639992279507942,0.060379938195668066,0.09518312022842734,0.45420279690353904,0.2404710530618656,0.2347949314675292,0.30429167311810135,-0.05000000000000001,True,True,,,0.2565557104237144
dirichlet_47,0.018954343538994615,0.21654385651509303,0.11798406923523519,0.1440154527277217,0.5025022779829555,Fair,"alpha=0.0,eps=0.1",OK,0.4487141002155779,0.09625598907506577,0.002775807156100943,0.04635078772913297,0.40590331582412253,0.4809421061237312,0.4695898629350584,0.2591545181903632,-0.10000000000000002,True,True,,,0.5131114208474288
dirichlet_47,0.018954343538994615,0.21654385651509303,0.11798406923523519,0.1440154527277217,0.5025022779829555,Fair,"alpha=0.5,eps=0.01",OK,0.0194507266097384,0.2170004137745554,0.11809523800647746,0.14384004692674607,0.5016135746824828,0.001134795105327562,0.0011521685730466337,0.3490851822998216,-0.000891312935785548,True,True,,,1.0003561959118048
dirichlet_47,0.018954343538994615,0.21654385651509303,0.11798406923523519,0.1440154527277217,0.5025022779829555,Fair,"alpha=0.5,eps=0.02",OK,0.019947110026754516,0.21745697147272625,0.11820640653108172,0.14366464113133962,0.500724870838098,0.0022695909395623937,0.0023043378751901825,0.34874153635969546,-0.0017826264107819766,True,True,,,1.4147172994624313
dirichlet_47,0.018954343538994615,0.21654385651509303,0.11798406923523519,0.1440154527277217,0.5025022779829555,Fair,"alpha=0.5,eps=0.05",OK,0.021436259792581625,0.21882664364430027,0.11853991265320926,0.14313842306606636,0.49805876084384254,0.005673976812202621,0.0057608441755180205,0.34771059904652807,-0.004456565340760565,True,True,,,2.236864455771893
dirichlet_47,0.018954343538994615,0.21654385651509303,0.11798406923523519,0.1440154527277217,0.5025022779829555,Fair,"alpha=0.5,eps=0.1",OK,0.023918175964261303,0.22110943083363202,0.11909575635039098,0.1422613935357321,0.49361524331598366,0.011347953924263103,0.011521688654405038,0.3459923699190692,-0.008913131062446351,True,True,,,3.1634040505429235
dirichlet_47,0.018954343538994615,0.21654385651509303,0.11798406923523519,0.1440154527277217,0.5025022779829555,Fair,"alpha=1.0,eps=0.01",OK,0.019202627095027885,0.21677270528036244,0.11804287169523763,0.14393106268034347,0.5020507332490287,0.0005731391957437142,0.0005818124398189167,0.3492544772987471,-0.0004526564132017919,True,True,,,-23.02405821544571
dirichlet_47,0.018954343538994615,0.21654385651509303,0.11798406923523519,0.1440154527277217,0.5025022779829555,Fair,"alpha=1.0,eps=0.02",OK,0.019450910541017632,0.2170015541328402,0.11810167407014951,0.1438466726753177,0.5015991885806751,0.0011462783120104608,0.0011636247964923322,0.34908012659629767,-0.0009053127590602088,True,True,,,-19.558322312645984
dirichlet_47,0.018954343538994615,0.21654385651509303,0.11798406923523519,0.1440154527277217,0.5025022779829555,Fair,"alpha=1.0,eps=0.05",OK,0.02019576111051379,0.2176881005797894,0.11827808138451358,0.14359350258003462,0.5002445543451487,0.0028656959298288625,0.0029090621439965964,0.3485570743674297,-0.002263282029840974,True,True,,,-14.97686865327521
dirichlet_47,0.018954343538994615,0.21654385651509303,0.11798406923523519,0.1440154527277217,0.5025022779829555,Fair,"alpha=1.0,eps=0.1",OK,0.02143717845085448,0.21883234465284732,0.11857209393203946,0.1431715523313608,0.49798683063289806,0.005731391877228716,0.005818124318080522,0.3476853206779362,-0.004526564139737795,True,True,,,-11.511132750475483
dirichlet_47,0.018954343538994615,0.21654385651509303,0.11798406923523519,0.1440154527277217,0.5025022779829555,Fair,"alpha=2.0,eps=0.01",OK,0.01907849367966458,0.21665840921960236,0.11801427490163988,0.1439741079414163,0.502274714257677,0.0002879975733213988,0.00029232900987658357,0.3493410242028146,-0.00022807029310760755,True,True,,,-499.91007439854934
dirichlet_47,0.018954343538994615,0.21654385651509303,0.11798406923523519,0.1440154527277217,0.5025022779829555,Fair,"alpha=2.0,eps=0.02",OK,0.019202643815581046,0.21677296191020784,0.11804448058325036,0.143932763158029,0.5020471505329318,0.0005759951398177746,0.0005846580130606956,0.3492532203592148,-0.0004561405855958028,True,True,,,-249.95503719927467
dirichlet_47,0.018954343538994615,0.21654385651509303,0.11798406923523519,0.1440154527277217,0.5025022779829555,Fair,"alpha=2.0,eps=0.05",OK,0.019575094331178083,0.21711661999574172,0.11813509748632921,0.14380872869336647,0.5013644594933846,0.0014399877863993677,0.0014616449706947826,0.34898980886609343,-0.001140351334159454,True,True,,,-99.98201487970987
dirichlet_47,0.018954343538994615,0.21654385651509303,0.11798406923523519,0.1440154527277217,0.5025022779829555,Fair,"alpha=2.0,eps=0.1",OK,0.020195845009904973,0.21768938391125145,0.11828612558498576,0.1436020048705232,0.5002266406233347,0.00287997595114457,0.0029232903121299836,0.348550789603219,-0.002280703035968413,True,True,,,-49.99100743985493
dirichlet_48,0.22785181878188707,0.48678184254622847,0.09940534936128674,0.08408678409004172,0.10187420522055587,Avg,rho=0.0,OK,4.163336342344336e-16,0.9999999999999992,7.63278329429795e-17,0.0,1.4918621893400539e-16,0.585354331061129,0.5693786740147806,0.5093689903968625,-0.2011422125287055,True,True,,,
dirichlet_48,0.22785181878188707,0.48678184254622847,0.09940534936128674,0.08408678409004172,0.10187420522055587,Avg,rho=0.1,OK,0.0,1.0,4.163336342344337e-17,3.469446951953614e-17,1.3877787807814457e-17,0.5853543310611299,0.5693786740147815,0.5093689903968628,-0.2011422125287059,True,True,,,
dirichlet_48,0.22785181878188707,0.48678184254622847,0.09940534936128674,0.08408678409004172,0.10187420522055587,Avg,rho=0.2,OK,0.04722644941185665,0.9527735505881434,0.0,0.0,4.163336342344337e-17,0.5264068392920498,0.5128497813659111,0.4979661171583502,-0.15706934621070676,True,True,,,
dirichlet_48,0.22785181878188707,0.48678184254622847,0.09940534936128674,0.08408678409004172,0.10187420522055587,Avg,rho=0.5,OK,0.2412722568067753,0.7587277431932248,0.0,0.0,5.082197683525802e-18,0.3185357836492637,0.3146918512705375,0.4511135637323546,-0.10488202970429825,True,True,,,
dirichlet_48,0.22785181878188707,0.48678184254622847,0.09940534936128674,0.08408678409004172,0.10187420522055587,Cert,,FLOOR_COLLAPSED,0.22785181878188707,0.48678184254622847,0.09940534936128674,0.08408678409004172,0.10187420522055587,0.0,0.0,0.34293005521655606,0.0,False,True,0.0,-0.0,
dirichlet_48,0.22785181878188707,0.48678184254622847,0.09940534936128674,0.08408678409004172,0.10187420522055587,MaxMin,c=0.0,INFEASIBLE_BALL_MISSES_SIMPLEX,,,,,,,,,,False,False,,,
dirichlet_48,0.22785181878188707,0.48678184254622847,0.09940534936128674,0.08408678409004172,0.10187420522055587,MaxMin,c=0.1,INFEASIBLE_BALL_MISSES_SIMPLEX,,,,,,,,,,False,False,,,
dirichlet_48,0.22785181878188707,0.48678184254622847,0.09940534936128674,0.08408678409004172,0.10187420522055587,MaxMin,c=0.25,OK,0.22817256208472428,0.72848041416024,0.010047479986263931,0.006936201249831993,0.026363342518939827,0.2793872474439193,0.27534859289396196,0.43725484156249184,-0.0783985634785708,True,True,-0.0783985634785708,,
dirichlet_48,0.22785181878188707,0.48678184254622847,0.09940534936128674,0.08408678409004172,0.10187420522055587,MaxMin,c=0.5,OK,0.17853053920503023,0.6787502657185215,0.04684651926116635,0.03849995271377134,0.05737272310151058,0.21472176378180338,0.20992804848391658,0.41048364344864396,-0.04623711708703439,True,True,-0.04623711708703439,,
dirichlet_48,0.22785181878188707,0.48678184254622847,0.09940534936128674,0.08408678409004172,0.10187420522055587,MaxMin,c=0.75,OK,0.2028430771922801,0.5760414332202131,0.07573805640817617,0.06354722142916258,0.08183021175016797,0.09988236955265181,0.09758168048062324,0.3740321339493334,-0.020827651344017744,True,True,-0.020827651344017744,,
dirichlet_48,0.22785181878188707,0.48678184254622847,0.09940534936128674,0.08408678409004172,0.10187420522055587,MaxMin,c=0.9,OK,0.2181046144666063,0.5215709367627573,0.09018097718818048,0.07608145071152006,0.0940620208709357,0.03892934236757732,0.0380326444521446,0.35505214920325695,-0.008117616487426213,True,True,-0.008117616487426213,,
dirichlet_48,0.22785181878188707,0.48678184254622847,0.09940534936128674,0.08408678409004172,0.10187420522055587,MaxMin,c=0.95,OK,0.2230095512461458,0.5040645521390139,0.09482281713290173,0.08010985237939415,0.09799322710254442,0.019339523891866543,0.018894057575082796,0.34895213296093913,-0.004032712305315964,True,True,-0.004032712305315964,,
dirichlet_48,0.22785181878188707,0.48678184254622847,0.09940534936128674,0.08408678409004172,0.10187420522055587,MaxMin,c=1.0,OK,0.22785181878188707,0.48678184254622847,0.09940534936128674,0.08408678409004172,0.10187420522055587,0.0,0.0,0.34293005521655606,0.0,False,True,0.0,,
dirichlet_48,0.22785181878188707,0.48678184254622847,0.09940534936128674,0.08408678409004172,0.10187420522055587,Fair,"alpha=0.0,eps=0.01",OK,0.27082779444954547,0.4747530558022258,0.08788452315337333,0.07432031759018286,0.09221430900467259,0.04809421061237316,0.046958986293505874,0.34462139226434063,-0.009999999999999986,True,True,,,0.05131114208474287
dirichlet_48,0.22785181878188707,0.48678184254622847,0.09940534936128674,0.08408678409004172,0.10187420522055587,Fair,"alpha=0.0,eps=0.02",OK,0.3138037701172038,0.46272426905822306,0.07636369694545991,0.06455385109032398,0.08255441278878929,0.09618842122474629,0.09391797258701172,0.34631272931212514,-0.019999999999999993,True,True,,,0.10262228416948574
dirichlet_48,0.22785181878188707,0.48678184254622847,0.09940534936128674,0.08408678409004172,0.10187420522055587,Fair,"alpha=0.0,eps=0.05",OK,0.44273169712017874,0.4266379088262149,0.041801218321719624,0.03525445159074736,0.05357472414113936,0.24047105306186561,0.2347949314675292,0.35138674045547863,-0.05,True,True,,,0.2565557104237144
dirichlet_48,0.22785181878188707,0.48678184254622847,0.09940534936128674,0.08408678409004172,0.10187420522055587,Fair,"alpha=0.0,eps=0.1",OK,0.6278948090934192,0.36741058108483854,0.0,0.0,0.0046946098217423024,0.4479729642092232,0.43735280379365943,0.35589513508351095,-0.10000000000000002,True,True,,,0.5123641372869627
dirichlet_48,0.22785181878188707,0.48678184254622847,0.09940534936128674,0.08408678409004172,0.10187420522055587,Fair,"alpha=0.5,eps=0.01",OK,0.22834820185263086,0.48723839980569084,0.09951651813252901,0.0839113782890661,0.1009855019200831,0.001134795105327583,0.001152168573046654,0.3431937701816404,-0.0008913129357855749,True,True,,,1.0003561959118048
dirichlet_48,0.22785181878188707,0.48678184254622847,0.09940534936128674,0.08408678409004172,0.10187420522055587,Fair,"alpha=0.5,eps=0.02",OK,0.22884458529425028,0.4876949574223412,0.09962768688391728,0.08373597215030716,0.1000967982491841,0.0022695908569517467,0.002304337809384636,0.34345748534884457,-0.0017826262552892683,True,True,,,1.4147172994624313
dirichlet_48,0.22785181878188707,0.48678184254622847,0.09940534936128674,0.08408678409004172,0.10187420522055587,Fair,"alpha=0.5,eps=0.05",OK,0.2303337350354741,0.4890646296754358,0.09996119277926084,0.08320975442838639,0.0974306880814429,0.005673976812202647,0.00576084417551805,0.3442486305065452,-0.004456565340760535,True,True,,,2.236864455771893
dirichlet_48,0.22785181878188707,0.48678184254622847,0.09940534936128674,0.08408678409004172,0.10187420522055587,Fair,"alpha=0.5,eps=0.1",OK,0.23281565135462243,0.49134741701938833,0.10051703646319202,0.08233272416997181,0.0929871709928254,0.011347953818231228,0.011521688574394433,0.3455672059040463,-0.008913130660283859,True,True,,,3.163404050542923
dirichlet_48,0.22785181878188707,0.48678184254622847,0.09940534936128674,0.08408678409004172,0.10187420522055587,Fair,"alpha=1.0,eps=0.01",OK,0.2281001023681548,0.4870106914088363,0.09946415170732792,0.08400239414240902,0.10142266037327181,0.0005731393106366445,0.0005818125495329736,0.3430622184264971,-0.00045265652076118587,True,True,,,-23.02405821544571
dirichlet_48,0.22785181878188707,0.48678184254622847,0.09940534936128674,0.08408678409004172,0.10187420522055587,Fair,"alpha=1.0,eps=0.02",OK,0.22834838578373823,0.48723954014844845,0.09952295424760774,0.08391800396246729,0.10097111585773831,0.001146278290987932,0.0011636247792040984,0.3431943815678989,-0.0009053127235544883,True,True,,,-19.558322312645984
dirichlet_48,0.22785181878188707,0.48678184254622847,0.09940534936128674,0.08408678409004172,0.10187420522055587,Fair,"alpha=1.0,eps=0.05",OK,0.22909323633204398,0.4879260865515863,0.09969936146352334,0.08366483401639818,0.09961648163644829,0.002865695838846113,0.0029090620484973143,0.34359087109698994,-0.002263281972863087,True,True,,,-14.97686865327521
dirichlet_48,0.22785181878188707,0.48678184254622847,0.09940534936128674,0.08408678409004172,0.10187420522055587,Fair,"alpha=1.0,eps=0.1",OK,0.23033465380409773,0.489070330583172,0.09999337353837356,0.08324288398204188,0.09735875809231472,0.005731391614242708,0.005818124031166113,0.3442516869745896,-0.004526563904116822,True,True,,,-11.511132750475483
dirichlet_48,0.22785181878188707,0.48678184254622847,0.09940534936128674,0.08408678409004172,0.10187420522055587,Fair,"alpha=2.0,eps=0.01",OK,0.22797596895971198,0.486896395322207,0.09943555494598155,0.08404543930549117,0.10164664146660829,0.00028799763159677614,0.0002923290669105154,0.3429962051434168,-0.0002280703212432273,True,True,,,-499.91007439854934
dirichlet_48,0.22785181878188707,0.48678184254622847,0.09940534936128674,0.08408678409004172,0.10187420522055587,Fair,"alpha=2.0,eps=0.02",OK,0.22810011906399286,0.4870109479513149,0.09946576069387124,0.08400409451912473,0.10141907777169627,0.0005759951438008364,0.0005846580168137808,0.34306235500486115,-0.00045614058444759097,True,True,,,-249.95503719927467
dirichlet_48,0.22785181878188707,0.48678184254622847,0.09940534936128674,0.08408678409004172,0.10187420522055587,Fair,"alpha=2.0,eps=0.05",OK,0.22847256944278443,0.4873546061025816,0.09955637754490171,0.08388006028730689,0.10073638662242551,0.0014399878053668745,0.0014616449798436906,0.3432608046927204,-0.0011403514309565196,True,True,,,-99.98201487970987
dirichlet_48,0.22785181878188707,0.48678184254622847,0.09940534936128674,0.08408678409004172,0.10187420522055587,Fair,"alpha=2.0,eps=0.1",OK,0.22909332021145754,0.4879273695746538,0.09970740602478069,0.0836733362089484,0.09959856798015956,0.002879975729185704,0.0029232900953320303,0.3435915541624647,-0.0022807029196038257,True,True,,,-49.99100743985493
dirichlet_49,0.5176423031611196,0.049203818418021364,0.25612625044691884,0.12893197266004738,0.04809565531389295,Avg,rho=0.0,OK,0.9999999999999997,4.163336342344337e-17,9.71445146547012e-17,6.591949208711867e-17,1.1102230246251565e-16,0.5653558748688337,0.5513940636589663,0.5374529173203869,-0.23472618150312244,True,True,,,
dirichlet_49,0.5176423031611196,0.049203818418021364,0.25612625044691884,0.12893197266004738,0.04809565531389295,Avg,rho=0.1,OK,0.9999999999999998,0.0,1.52655665885959e-16,0.0,0.0,0.5653558748688337,0.5513940636589664,0.537452917320387,-0.2347261815031224,True,True,,,
dirichlet_49,0.5176423031611196,0.049203818418021364,0.25612625044691884,0.12893197266004738,0.04809565531389295,Avg,rho=0.2,OK,0.9589491877604477,5.898059818321143e-17,0.04105081223955214,0.0,9.020562075079394e-17,0.5122176020949037,0.49997359826480087,0.5272776450688388,-0.19592727540394914,True,True,,,
dirichlet_49,0.5176423031611196,0.049203818418021364,0.25612625044691884,0.12893197266004738,0.04809565531389295,Avg,rho=0.5,OK,0.7622566787202559,0.0,0.23774332127974415,1.1824579943670033e-17,4.20128341838133e-18,0.2855377141393921,0.2816626914304744,0.47852343729226915,-0.12868697415919017,True,True,,,
dirichlet_49,0.5176423031611196,0.049203818418021364,0.25612625044691884,0.12893197266004738,0.04809565531389295,Cert,,FLOOR_COLLAPSED,0.5176423031611195,0.04920381841802135,0.2561262504469188,0.12893197266004736,0.048095655313892934,1.2869730969111293e-16,1.3329622243648075e-16,0.37894124807912294,-1.1555159396285756e-16,False,True,0.0,-0.0,
dirichlet_49,0.5176423031611196,0.049203818418021364,0.25612625044691884,0.12893197266004738,0.04809565531389295,MaxMin,c=0.0,INFEASIBLE_BALL_MISSES_SIMPLEX,,,,,,,,,,False,False,,,
dirichlet_49,0.5176423031611196,0.049203818418021364,0.25612625044691884,0.12893197266004738,0.04809565531389295,MaxMin,c=0.1,INFEASIBLE_BALL_MISSES_SIMPLEX,,,,,,,,,,False,False,,,
dirichlet_49,0.5176423031611196,0.049203818418021364,0.25612625044691884,0.12893197266004738,0.04809565531389295,MaxMin,c=0.25,INFEASIBLE_BALL_MISSES_SIMPLEX,,,,,,,,,,False,False,,,
dirichlet_49,0.5176423031611196,0.049203818418021364,0.25612625044691884,0.12893197266004738,0.04809565531389295,MaxMin,c=0.5,OK,0.7337084423764504,0.0,0.22612880134147223,0.04016275628207711,2.5673907444456735e-16,0.24535404021861523,0.24123470468901048,0.46566538479887537,-0.08920752563887085,True,True,-0.08920752563887085,,
dirichlet_49,0.5176423031611196,0.049203818418021364,0.25612625044691884,0.12893197266004738,0.04809565531389295,MaxMin,c=0.75,OK,0.6219637614420647,0.020004700655368322,0.2281601747048542,0.10522449396552591,0.02464686923218686,0.11674564935426049,0.11398996423995253,0.4191415840318005,-0.024274366471091713,True,True,-0.024274366471091713,,
dirichlet_49,0.5176423031611196,0.049203818418021364,0.25612625044691884,0.12893197266004738,0.04809565531389295,MaxMin,c=0.9,OK,0.5579627180393022,0.03791831146990652,0.24531731626390507,0.11976899322676057,0.03903266100012549,0.045122385123391465,0.04405730830301859,0.394478743917123,-0.009382082489526112,True,True,-0.009382082489526112,,
dirichlet_49,0.5176423031611196,0.049203818418021364,0.25612625044691884,0.12893197266004738,0.04809565531389295,MaxMin,c=0.95,OK,0.5376343591062258,0.04360812980823743,0.25076686072965904,0.12438869605915981,0.0436019542967178,0.02237301502201539,0.02184491838801343,0.386645198719974,-0.004651914385774507,True,True,-0.004651914385774507,,
dirichlet_49,0.5176423031611196,0.049203818418021364,0.25612625044691884,0.12893197266004738,0.04809565531389295,MaxMin,c=1.0,OK,0.5176423031611195,0.04920381841802135,0.2561262504469188,0.12893197266004736,0.048095655313892934,1.2869730969111293e-16,1.3329622243648075e-16,0.37894124807912294,-1.1555159396285756e-16,False,True,-1.1555159396285756e-16,,
dirichlet_49,0.5176423031611196,0.049203818418021364,0.25612625044691884,0.12893197266004738,0.04809565531389295,Fair,"alpha=0.0,eps=0.01",OK,0.5606182788287779,0.03717503167401864,0.24460542423900541,0.1191655061601885,0.03843575909800965,0.04809421061237311,0.046958986293505825,0.39550206584569675,-0.010000000000000005,True,True,,,0.05131114208474287
dirichlet_49,0.5176423031611196,0.049203818418021364,0.25612625044691884,0.12893197266004738,0.04809565531389295,Fair,"alpha=0.0,eps=0.02",OK,0.6035942544964362,0.02514624493001591,0.233084598031092,0.10939903966032963,0.028775862882126347,0.09618842122474622,0.09391797258701165,0.4120628836122705,-0.02000000000000001,True,True,,,0.10262228416948574
dirichlet_49,0.5176423031611196,0.049203818418021364,0.25612625044691884,0.12893197266004738,0.04809565531389295,Fair,"alpha=0.0,eps=0.05",OK,0.7213628605431545,0.0,0.19856390523518677,0.0800732342216589,0.0,0.227896628353951,0.2227793366528396,0.45685980498241563,-0.049999999999999996,True,True,,,0.2565230162251718
dirichlet_49,0.5176423031611196,0.049203818418021364,0.25612625044691884,0.12893197266004738,0.04809565531389295,Fair,"alpha=0.0,eps=0.1",OK,0.8269999394081502,0.0,0.14368651697888507,0.0293135436129649,0.0,0.3507176641965836,0.34302435990052016,0.49035140839666413,-0.1,True,True,,,0.5094029310138211
dirichlet_49,0.5176423031611196,0.049203818418021364,0.25612625044691884,0.12893197266004738,0.04809565531389295,Fair,"alpha=0.5,eps=0.01",OK,0.5181386862318633,0.04966037567748372,0.2562374192181611,0.12875656685907175,0.047206952013420164,0.0011347951053275649,0.0011521685730466356,0.3792070578153628,-0.000891312935785583,True,True,,,1.0003561959118048
dirichlet_49,0.5176423031611196,0.049203818418021364,0.25612625044691884,0.12893197266004738,0.04809565531389295,Fair,"alpha=0.5,eps=0.02",OK,0.5186350696734827,0.05011693329413404,0.25634858796954935,0.1285811607203128,0.04631824834252116,0.0022695908569517038,0.00230433780938459,0.3794728677094674,-0.001782626255289291,True,True,,,1.4147172994624313
dirichlet_49,0.5176423031611196,0.049203818418021364,0.25612625044691884,0.12893197266004738,0.04809565531389295,Fair,"alpha=0.5,eps=0.05",OK,0.5201242199539768,0.051486604963242685,0.2566820934397817,0.12805494299739792,0.04365213864560081,0.005673976402927861,0.00576084375248309,0.38027029720280114,-0.004456564871441515,True,True,,,2.236864455771893
dirichlet_49,0.5176423031611196,0.049203818418021364,0.25612625044691884,0.12893197266004738,0.04809565531389295,Fair,"alpha=0.5,eps=0.1",OK,0.5226061357794844,0.05376939286704009,0.25723793731372685,0.12717791346453683,0.039208620575211704,0.011347954093597285,0.011521688819781805,0.38159934613228347,-0.008913131133006715,True,True,,,3.163404050542923
dirichlet_49,0.5176423031611196,0.049203818418021364,0.25612625044691884,0.12893197266004738,0.04809565531389295,Fair,"alpha=1.0,eps=0.01",OK,0.5178905863892869,0.04943266720740216,0.2561850531175665,0.1288475826577765,0.04764411062796807,0.0005731390404917436,0.0005818122865421717,0.37907524309792306,-0.00045265636419569114,True,True,,,-23.024058215445713
dirichlet_49,0.5176423031611196,0.049203818418021364,0.25612625044691884,0.12893197266004738,0.04809565531389295,Fair,"alpha=1.0,eps=0.02",OK,0.5181388701763723,0.0496615161489962,0.2562438552269917,0.1287631925061096,0.04719256594153033,0.001146278348705077,0.0011636248363337642,0.3792092382479968,-0.0009053127339565623,True,True,,,-19.558322312645984
dirichlet_49,0.5176423031611196,0.049203818418021364,0.25612625044691884,0.12893197266004738,0.04809565531389295,Fair,"alpha=1.0,eps=0.05",OK,0.5188837207158732,0.05034806242932827,0.2564202625216505,0.12851002258650515,0.045837931746642954,0.0028656958270947886,0.002909062036089829,0.3796112235519384,-0.0022632819560242604,True,True,,,-14.97686865327521
dirichlet_49,0.5176423031611196,0.049203818418021364,0.25612625044691884,0.12893197266004738,0.04809565531389295,Fair,"alpha=1.0,eps=0.1",OK,0.520125138218295,0.051492306300006584,0.25671427497074256,0.1280880724278346,0.04358020808312138,0.0057313917021576755,0.005818124131320735,0.38028119907284647,-0.004526564012870586,True,True,,,-11.511132750475483
dirichlet_49,0.5176423031611196,0.049203818418021364,0.25612625044691884,0.12893197266004738,0.04809565531389295,Fair,"alpha=2.0,eps=0.01",OK,0.5177664532998655,0.04931837112513997,0.25615645611056964,0.12889062787404654,0.04786809159037834,0.0002879975718034792,0.0002923290082862722,0.3790085125115991,-0.00022807029133348444,True,True,,,-499.9100743985493
dirichlet_49,0.5176423031611196,0.049203818418021364,0.25612625044691884,0.12893197266004738,0.04809565531389295,Fair,"alpha=2.0,eps=0.02",OK,0.5178906033595987,0.04943292384273988,0.2561866619288383,0.1288492829627987,0.047640527906024244,0.0005759951169691321,0.0005846579978052569,0.3790757769315343,-0.0004561405501795717,True,True,,,-249.95503719927467
dirichlet_49,0.5176423031611196,0.049203818418021364,0.25612625044691884,0.12893197266004738,0.04809565531389295,Fair,"alpha=2.0,eps=0.05",OK,0.5182630538522596,0.04977658193170695,0.25627727877936857,0.12872524872417485,0.04695783671248993,0.0014399878387417436,0.001461645021490149,0.3792775702421492,-0.0011403514409226102,True,True,,,-99.98201487970985
dirichlet_49,0.5176423031611196,0.049203818418021364,0.25612625044691884,0.12893197266004738,0.04809565531389295,Fair,"alpha=2.0,eps=0.1",OK,0.5188838046154656,0.05034934543559803,0.2564283071078669,0.1285185247849198,0.045820018056149776,0.0028799757481341322,0.002923290114090335,0.37961389243800586,-0.0022807029365357213,True,True,,,-49.99100743985493
dirichlet_50,0.08001190607093547,0.09146176790124796,0.7193300267616313,0.04051847530433317,0.06867782396185222,Avg,rho=0.0,OK,0.0,8.326672684688675e-17,0.9999999999999999,6.93889390390723e-18,1.387778780781446e-17,0.31607148609685676,0.3096683469698685,0.7294546976815796,-0.08335955782139513,True,True,,,
dirichlet_50,0.08001190607093547,0.09146176790124796,0.7193300267616313,0.04051847530433317,0.06867782396185222,Avg,rho=0.1,OK,0.0,8.326672684688675e-17,0.9999999999999999,6.93889390390723e-18,1.387778780781446e-17,0.31607148609685676,0.3096683469698685,0.7294546976815796,-0.08335955782139513,True,True,,,
dirichlet_50,0.08001190607093547,0.09146176790124796,0.7193300267616313,0.04051847530433317,0.06867782396185222,Avg,rho=0.2,OK,0.0,8.326672684688675e-17,0.9999999999999999,6.93889390390723e-18,1.387778780781446e-17,0.31607148609685676,0.3096683469698685,0.7294546976815796,-0.08335955782139513,True,True,,,
dirichlet_50,0.08001190607093547,0.09146176790124796,0.7193300267616313,0.04051847530433317,0.06867782396185222,Avg,rho=0.5,OK,0.0,8.326672684688675e-17,0.9999999999999999,6.93889390390723e-18,1.387778780781446e-17,0.31607148609685676,0.3096683469698685,0.7294546976815796,-0.08335955782139513,True,True,,,
dirichlet_50,0.08001190607093547,0.09146176790124796,0.7193300267616313,0.04051847530433317,0.06867782396185222,Cert,,FLOOR_COLLAPSED,0.08001190607093546,0.09146176790124795,0.7193300267616312,0.04051847530433316,0.06867782396185221,1.138063217752167e-16,1.1561971130269536e-16,0.5548038804782102,-1.1268005636161507e-16,False,True,0.0,-0.0,
dirichlet_50,0.08001190607093547,0.09146176790124796,0.7193300267616313,0.04051847530433317,0.06867782396185222,MaxMin,c=0.0,INFEASIBLE_BALL_MISSES_SIMPLEX,,,,,,,,,,False,False,,,
dirichlet_50,0.08001190607093547,0.09146176790124796,0.7193300267616313,0.04051847530433317,0.06867782396185222,MaxMin,c=0.1,INFEASIBLE_BALL_MISSES_SIMPLEX,,,,,,,,,,False,False,,,
dirichlet_50,0.08001190607093547,0.09146176790124796,0.7193300267616313,0.04051847530433317,0.06867782396185222,MaxMin,c=0.25,INFEASIBLE_BALL_MISSES_SIMPLEX,,,,,,,,,,False,False,,,
dirichlet_50,0.08001190607093547,0.09146176790124796,0.7193300267616313,0.04051847530433317,0.06867782396185222,MaxMin,c=0.5,OK,0.0007764681874111443,0.013041455565703877,0.9861758242824518,9.020562075079394e-17,6.251964433087729e-06,0.2999870185516457,0.2940591113704507,0.7212362510998445,-0.07098666886966226,True,True,-0.07098666886966226,,
dirichlet_50,0.08001190607093547,0.09146176790124796,0.7193300267616313,0.04051847530433317,0.06867782396185222,MaxMin,c=0.75,OK,0.04496334968300851,0.056830763937839035,0.8488404516360302,0.009995416542884045,0.039370018200238124,0.1448836170388289,0.1421842394701641,0.6361220904099757,-0.030967988819937103,True,True,-0.030967988819937103,,
dirichlet_50,0.08001190607093547,0.09146176790124796,0.7193300267616313,0.04051847530433317,0.06867782396185222,MaxMin,c=0.9,OK,0.06602928255930172,0.0776457269524958,0.7709982179363836,0.02834129932136291,0.056985473230456066,0.05780132703997935,0.05672441020949352,0.587245784833152,-0.01235468085444017,True,True,-0.01235468085444017,,
dirichlet_50,0.08001190607093547,0.09146176790124796,0.7193300267616313,0.04051847530433317,0.06867782396185222,MaxMin,c=0.95,OK,0.0730254002967544,0.0845584961522471,0.7451463634228832,0.03443407274229305,0.06283566738582229,0.02888079656754865,0.028342708300476173,0.5710136820159999,-0.006173093987397287,True,True,-0.006173093987397287,,
dirichlet_50,0.08001190607093547,0.09146176790124796,0.7193300267616313,0.04051847530433317,0.06867782396185222,MaxMin,c=1.0,OK,0.08001190607093546,0.09146176790124795,0.7193300267616312,0.04051847530433316,0.06867782396185221,1.138063217752167e-16,1.1561971130269536e-16,0.5548038804782102,-1.1268005636161507e-16,False,True,-1.1268005636161507e-16,,
dirichlet_50,0.08001190607093547,0.09146176790124796,0.7193300267616313,0.04051847530433317,0.06867782396185222,Fair,"alpha=0.0,eps=0.01",OK,0.12298788173859379,0.07943298115724523,0.7078092005537179,0.030752008804474294,0.05901792774596892,0.04809421061237311,0.04695898629350582,0.5489093827590872,-0.010000000000000007,True,True,,,0.05131114208474287
dirichlet_50,0.08001190607093547,0.09146176790124796,0.7193300267616313,0.04051847530433317,0.06867782396185222,Fair,"alpha=0.0,eps=0.02",OK,0.1659638574062521,0.0674041944132425,0.6962883743458043,0.020985542304615416,0.04935803153008561,0.09618842122474627,0.09391797258701169,0.543014885039964,-0.020000000000000167,True,True,,,0.10262228416948574
dirichlet_50,0.08001190607093547,0.09146176790124796,0.7193300267616313,0.04051847530433317,0.06867782396185222,Fair,"alpha=0.0,eps=0.05",OK,0.2862517560382743,0.03172966495081494,0.6620294598320678,0.0,0.019989119178842874,0.23108113644846873,0.22546912728891472,0.5249851723100412,-0.050000000000000086,True,True,,,0.25625768141853156
dirichlet_50,0.08001190607093547,0.09146176790124796,0.7193300267616313,0.04051847530433317,0.06867782396185222,Fair,"alpha=0.0,eps=0.1",OK,0.39205192004229283,0.0,0.6079480799577073,0.0,0.0,0.3528435258380432,0.3434339332028064,0.49315620191969856,-0.09999999999999996,True,True,,,0.5087066515718395
dirichlet_50,0.08001190607093547,0.09146176790124796,0.7193300267616313,0.04051847530433317,0.06867782396185222,Fair,"alpha=0.5,eps=0.01",OK,0.08050828914167925,0.09191832516071032,0.7194411955328734,0.04034306950335753,0.06778912066137943,0.0011347951053275749,0.001152168573046642,0.5549329838211988,-0.0008913129357855901,True,True,,,1.0003561959118048
dirichlet_50,0.08001190607093547,0.09146176790124796,0.7193300267616313,0.04051847530433317,0.06867782396185222,Fair,"alpha=0.5,eps=0.02",OK,0.08100467258329865,0.09237488277736064,0.7195523642842618,0.040167663364598594,0.06690041699048044,0.002269590856951722,0.002304337809384611,0.5550620871971729,-0.0017826262552892835,True,True,,,1.4147172994624313
dirichlet_50,0.08001190607093547,0.09146176790124796,0.7193300267616313,0.04051847530433317,0.06867782396185222,Fair,"alpha=0.5,eps=0.05",OK,0.08249382226870204,0.09374455498750825,0.7198858702557211,0.039641445767475345,0.06423430672059335,0.005673976838667981,0.005760844199173755,0.5554493970557948,-0.004456565436616442,True,True,,,2.236864455771893
dirichlet_50,0.08001190607093547,0.09146176790124796,0.7193300267616313,0.04051847530433317,0.06867782396185222,Fair,"alpha=0.5,eps=0.1",OK,0.08497573734417495,0.09602734197570358,0.7204417141913126,0.038764415426016566,0.05979079106279216,0.011347952074517186,0.011521686824305093,0.5560949138694138,-0.008913129339915803,True,True,,,3.1634040505429235
dirichlet_50,0.08001190607093547,0.09146176790124796,0.7193300267616313,0.04051847530433317,0.06867782396185222,Fair,"alpha=1.0,eps=0.01",OK,0.08026018953656462,0.09169061674976703,0.7193888291497835,0.04043408523853361,0.06822627932535115,0.0005731391084058649,0.0005818123513004684,0.5548705321530908,-0.00045265631710878277,True,True,,,-23.02405821544571
dirichlet_50,0.08001190607093547,0.09146176790124796,0.7193300267616313,0.04051847530433317,0.06867782396185222,Fair,"alpha=1.0,eps=0.02",OK,0.08050847309172861,0.09191946551788763,0.7194476316079923,0.04034969523893255,0.06777473454345903,0.0011462783354818265,0.0011636248208396697,0.5549371838726861,-0.0009053127757064583,True,True,,,-19.558322312645984
dirichlet_50,0.08001190607093547,0.09146176790124796,0.7193300267616313,0.04051847530433317,0.06867782396185222,Fair,"alpha=1.0,eps=0.05",OK,0.0812533235930281,0.09260601179326738,0.7196240387393301,0.04009652544154003,0.06642010043283457,0.0028656956942082683,0.0029090618920808832,0.5551371388589005,-0.0022632819078163874,True,True,,,-14.97686865327521
dirichlet_50,0.08001190607093547,0.09146176790124796,0.7193300267616313,0.04051847530433317,0.06867782396185222,Fair,"alpha=1.0,eps=0.1",OK,0.08249474098279533,0.09375025603900221,0.7199180514584355,0.03967457490797226,0.0641623766117947,0.0057313918772287096,0.0058181243180805125,0.5554703977494314,-0.004526564139737825,True,True,,,-11.511132750475483
dirichlet_50,0.08001190607093547,0.09146176790124796,0.7193300267616313,0.04051847530433317,0.06867782396185222,Fair,"alpha=2.0,eps=0.01",OK,0.0801360562114837,0.09157632060329975,0.7193602324291205,0.04047713051882552,0.06845026023727058,0.0002879975717399783,0.0002923290082714366,0.5548377293515988,-0.00022807029238085513,True,True,,,-499.91007439854934
dirichlet_50,0.08001190607093547,0.09146176790124796,0.7193300267616313,0.04051847530433317,0.06867782396185222,Fair,"alpha=2.0,eps=0.02",OK,0.08026020641884807,0.0916908732628394,0.7193904380344747,0.04043578572627721,0.06822269655756066,0.0005759951144117972,0.0005846579861120084,0.554871578185289,-0.00045614054028752236,True,True,,,-249.95503719927464
dirichlet_50,0.08001190607093547,0.09146176790124796,0.7193300267616313,0.04051847530433317,0.06867782396185222,Fair,"alpha=2.0,eps=0.05",OK,0.08063265650641654,0.09203453126630583,0.7194810552035573,0.0403117517264899,0.0675400052972304,0.0014399876794511394,0.0014616448496493223,0.5549731248857696,-0.0011403514873040389,True,True,,,-99.98201487970987
dirichlet_50,0.08001190607093547,0.09146176790124796,0.7193300267616313,0.04051847530433317,0.06867782396185222,Fair,"alpha=2.0,eps=0.1",OK,0.08125340820982556,0.0926072949073122,0.7196320833349682,0.040105027208896915,0.06640218633899708,0.0028799763495835967,0.0029232907257046694,0.5551423691864511,-0.0022807033090482096,True,True,,,-49.99100743985493
dirichlet_51,0.10094539985351338,0.2664998756585719,0.062473832878192984,0.1645981428523424,0.4054827487573795,Avg,rho=0.0,OK,8.068235998053637e-17,6.38378239159465e-16,2.448347510315004e-16,1.3013838302304735e-16,0.9999999999999989,0.6823917115027349,0.678649393331556,0.41695266968589456,-0.27567196631254803,True,True,,,
dirichlet_51,0.10094539985351338,0.2664998756585719,0.062473832878192984,0.1645981428523424,0.4054827487573795,Avg,rho=0.1,OK,1.9860273225978183e-16,0.09286093474945867,0.0,0.0,0.9071390652505411,0.5683265292541285,0.5641074833074977,0.40443141573117014,-0.18340923578567536,True,True,,,
dirichlet_51,0.10094539985351338,0.2664998756585719,0.062473832878192984,0.1645981428523424,0.4054827487573795,Avg,rho=0.2,OK,8.145815190342614e-17,0.26250221193718415,0.0,0.0,0.7374977880628157,0.38914710562554344,0.3829629195046174,0.3815571950634343,-0.1496612043303573,True,True,,,
dirichlet_51,0.10094539985351338,0.2664998756585719,0.062473832878192984,0.1645981428523424,0.4054827487573795,Avg,rho=0.5,OK,0.0,0.31324638293090495,0.0,0.1058514791412351,0.5809021379278599,0.22472499211785674,0.22172949614213674,0.3511173486439972,-0.10099627134080268,True,True,,,
dirichlet_51,0.10094539985351338,0.2664998756585719,0.062473832878192984,0.1645981428523424,0.4054827487573795,Cert,,FLOOR_COLLAPSED,0.10094539985351335,0.26649987565857186,0.06247383287819297,0.16459814285234237,0.4054827487573794,1.3092278833360675e-16,1.342709050308969e-16,0.29447033844108067,-1.1311123917446969e-16,False,True,0.0,-0.0,
dirichlet_51,0.10094539985351338,0.2664998756585719,0.062473832878192984,0.1645981428523424,0.4054827487573795,MaxMin,c=0.0,INFEASIBLE_BALL_MISSES_SIMPLEX,,,,,,,,,,False,False,,,
dirichlet_51,0.10094539985351338,0.2664998756585719,0.062473832878192984,0.1645981428523424,0.4054827487573795,MaxMin,c=0.1,INFEASIBLE_BALL_MISSES_SIMPLEX,,,,,,,,,,False,False,,,
dirichlet_51,0.10094539985351338,0.2664998756585719,0.062473832878192984,0.1645981428523424,0.4054827487573795,MaxMin,c=0.25,INFEASIBLE_BALL_MISSES_SIMPLEX,,,,,,,,,,False,False,,,
dirichlet_51,0.10094539985351338,0.2664998756585719,0.062473832878192984,0.1645981428523424,0.4054827487573795,MaxMin,c=0.5,OK,0.0554908678699812,0.27283083987782536,0.017718725833254678,0.11127414823236745,0.5426854181865715,0.16055290745769304,0.15869237509877976,0.33345002668621926,-0.047409983989947425,True,True,-0.047409983989947425,,
dirichlet_51,0.10094539985351338,0.2664998756585719,0.062473832878192984,0.1645981428523424,0.4054827487573795,MaxMin,c=0.75,OK,0.08288494261115008,0.24847507295278035,0.04446220042317589,0.14130389745964111,0.4828738865532527,0.08664584588908915,0.08616474297875626,0.3132732416939508,-0.020096267574950536,True,True,-0.020096267574950536,,
dirichlet_51,0.10094539985351338,0.2664998756585719,0.062473832878192984,0.1645981428523424,0.4054827487573795,MaxMin,c=0.9,OK,0.09414788773868835,0.2597157830347955,0.05569469721303595,0.1558307615431261,0.4346108704703543,0.03261136632514565,0.03243029101694168,0.30154728898225874,-0.007563741076447798,True,True,-0.007563741076447798,,
dirichlet_51,0.10094539985351338,0.2664998756585719,0.062473832878192984,0.1645981428523424,0.4054827487573795,MaxMin,c=0.95,OK,0.0975939392563839,0.2631550314373636,0.05913143264696454,0.16027545353579598,0.41984414312349216,0.01607878109094018,0.01598950331543829,0.29795957398578315,-0.0037292438404516325,True,True,-0.0037292438404516325,,
dirichlet_51,0.10094539985351338,0.2664998756585719,0.062473832878192984,0.1645981428523424,0.4054827487573795,MaxMin,c=1.0,OK,0.10094539985351335,0.26649987565857186,0.06247383287819297,0.16459814285234237,0.4054827487573794,1.3092278833360675e-16,1.342709050308969e-16,0.29447033844108067,-1.1311123917446969e-16,False,True,-1.1311123917446969e-16,,
dirichlet_51,0.10094539985351338,0.2664998756585719,0.062473832878192984,0.1645981428523424,0.4054827487573795,Fair,"alpha=0.0,eps=0.01",OK,0.14392137552117168,0.25447108891456915,0.05095300667027955,0.1548316763524835,0.3958228525414961,0.048094210612373144,0.04695898629350586,0.28964996219576544,-0.010000000000000123,True,True,,,0.05131114208474287
dirichlet_51,0.10094539985351338,0.2664998756585719,0.062473832878192984,0.1645981428523424,0.4054827487573795,Fair,"alpha=0.0,eps=0.02",OK,0.18689735118883,0.2424423021705664,0.039432180462366136,0.1450652098526246,0.38616295632561276,0.09618842122474627,0.09391797258701169,0.2848295859504502,-0.020000000000000136,True,True,,,0.10262228416948574
dirichlet_51,0.10094539985351338,0.2664998756585719,0.062473832878192984,0.1645981428523424,0.4054827487573795,Fair,"alpha=0.0,eps=0.05",OK,0.31582527819180495,0.20635594193855822,0.0048697018386258594,0.115765810353048,0.35718326767796293,0.2404710530618656,0.23479493146752917,0.2703684572145047,-0.05000000000000007,True,True,,,0.2565557104237144
dirichlet_51,0.10094539985351338,0.2664998756585719,0.062473832878192984,0.1645981428523424,0.4054827487573795,Fair,"alpha=0.0,eps=0.1",OK,0.4770294830551942,0.147048327105015,0.0,0.06684464132600795,0.30907754851378283,0.4224459723783043,0.41325796260859954,0.24425914152449435,-0.10000000000000005,True,True,,,0.5122169201096368
dirichlet_51,0.10094539985351338,0.2664998756585719,0.062473832878192984,0.1645981428523424,0.4054827487573795,Fair,"alpha=0.5,eps=0.01",OK,0.10144178292425717,0.2669564329180343,0.06258500164943526,0.16442273705136676,0.4045940454569067,0.001134795105327607,0.0011521685730466779,0.29426755748439826,-0.0008913129357856034,True,True,,,1.0003561959118048
dirichlet_51,0.10094539985351338,0.2664998756585719,0.062473832878192984,0.1645981428523424,0.4054827487573795,Fair,"alpha=0.5,eps=0.02",OK,0.10193816631795637,0.2674129907591105,0.06269617015565573,0.16424733112074305,0.40370534164653427,0.0022695909793208806,0.0023043379201399157,0.2940647764724283,-0.0017826263833303018,True,True,,,1.4147172994624313
dirichlet_51,0.10094539985351338,0.2664998756585719,0.062473832878192984,0.1645981428523424,0.4054827487573795,Fair,"alpha=0.5,eps=0.05",OK,0.10342731610710036,0.2687826627877791,0.06302967629616706,0.16372111319068702,0.4010392316182664,0.005673976812202691,0.005760844175518089,0.29345643357657397,-0.0044565653407606775,True,True,,,2.236864455771893
dirichlet_51,0.10094539985351338,0.2664998756585719,0.062473832878192984,0.1645981428523424,0.4054827487573795,Fair,"alpha=0.5,eps=0.1",OK,0.10590923227878006,0.2710654499771109,0.06358551999334877,0.1628440836603528,0.3965957140904076,0.011347953924263101,0.011521688654405034,0.29244252860604497,-0.008913131062446351,True,True,,,3.1634040505429235
dirichlet_51,0.10094539985351338,0.2664998756585719,0.062473832878192984,0.1645981428523424,0.4054827487573795,Fair,"alpha=1.0,eps=0.01",OK,0.10119368308168063,0.26672872444795265,0.06253263554884066,0.16451375285007147,0.40503120407145454,0.0005731390404917709,0.0005818122865421971,0.294367041791433,-0.00045265636419576953,True,True,,,-23.024058215445713
dirichlet_51,0.10094539985351338,0.2664998756585719,0.062473832878192984,0.1645981428523424,0.4054827487573795,Fair,"alpha=1.0,eps=0.02",OK,0.10144196731670338,0.26695757318373675,0.06259143798242942,0.1644293627736042,0.4045796587435262,0.0011462789881542192,0.0011636254834331934,0.2942637449527464,-0.000905313368484377,True,True,,,-19.558322312645984
dirichlet_51,0.10094539985351338,0.2664998756585719,0.062473832878192984,0.1645981428523424,0.4054827487573795,Fair,"alpha=1.0,eps=0.05",OK,0.10218681731816312,0.2676441195844776,0.06276784498510322,0.1641761927073502,0.40322502540490585,0.0028656955985734106,0.002909061809243195,0.2939538552547365,-0.002263281746151791,True,True,,,-14.97686865327521
dirichlet_51,0.10094539985351338,0.2664998756585719,0.062473832878192984,0.1645981428523424,0.4054827487573795,Fair,"alpha=1.0,eps=0.1",OK,0.10342823476537322,0.26878836379632615,0.06306185757499724,0.16375424245598147,0.4009673014073219,0.005731391877228773,0.005818124318080577,0.293437371898881,-0.004526564139737908,True,True,,,-11.511132750475483
dirichlet_51,0.10094539985351338,0.2664998756585719,0.062473832878192984,0.1645981428523424,0.4054827487573795,Fair,"alpha=2.0,eps=0.01",OK,0.10106954999418331,0.2666144283630812,0.06250403854459766,0.16455679806603696,0.40525518503210084,0.000287997573321455,0.00029232900987663724,0.29441821483302133,-0.00022807029310772066,True,True,,,-499.91007439854934
dirichlet_51,0.10094539985351338,0.2664998756585719,0.062473832878192984,0.1645981428523424,0.4054827487573795,Fair,"alpha=2.0,eps=0.02",OK,0.10119370013561912,0.2667289810636583,0.06253424421077747,0.1645154532814254,0.4050276213085199,0.0005759951438008078,0.00058465801681375,0.29436609122496754,-0.00045614058444760626,True,True,,,-249.95503719927467
dirichlet_51,0.10094539985351338,0.2664998756585719,0.062473832878192984,0.1645981428523424,0.4054827487573795,Fair,"alpha=2.0,eps=0.05",OK,0.10156615055779362,0.26707263920872154,0.06262486114144905,0.16439141889751552,0.40434493019452045,0.0014399878239181286,0.0014616450059130796,0.2942097204247274,-0.001140351403306914,True,True,,,-99.98201487970985
dirichlet_51,0.10094539985351338,0.2664998756585719,0.062473832878192984,0.1645981428523424,0.4054827487573795,Fair,"alpha=2.0,eps=0.1",OK,0.10218690128464049,0.26764540267563064,0.06277588951059694,0.16418469499324762,0.40320711153588445,0.0028799757039817317,0.0029232900684471926,0.2939491023667839,-0.002280702899691698,True,True,,,-49.991007439854926
dirichlet_52,0.4197187989821001,0.11565935475810692,0.3452402786471423,0.004241106318229782,0.11514046129442086,Avg,rho=0.0,OK,0.9999999999999997,0.0,3.05311331771918e-16,0.0,3.4694469519536136e-17,0.6946722402745689,0.6747885691939868,0.4472576086737089,-0.31990890385686643,True,True,,,
dirichlet_52,0.4197187989821001,0.11565935475810692,0.3452402786471423,0.004241106318229782,0.11514046129442086,Avg,rho=0.1,OK,0.7300988813242079,0.0,0.26990111867579186,1.1893697832165979e-16,3.0899761915836864e-17,0.3586979003184135,0.3492584869532696,0.4276918963492752,-0.11419834235626711,True,True,,,
dirichlet_52,0.4197187989821001,0.11565935475810692,0.3452402786471423,0.004241106318229782,0.11514046129442086,Avg,rho=0.2,OK,0.6342243474391216,0.0,0.36577565256087824,6.852157730108386e-17,0.0,0.2703455770926921,0.2643016414452621,0.4207417452775115,-0.11453975630400919,True,True,,,
dirichlet_52,0.4197187989821001,0.11565935475810692,0.3452402786471423,0.004241106318229782,0.11514046129442086,Avg,rho=0.5,OK,0.5766996271080695,0.0,0.42330037289193057,9.3756382865684e-17,2.9747797107571028e-18,0.23955950798408432,0.2350745422625686,0.41657165463445345,-0.11474460467265442,True,True,,,
dirichlet_52,0.4197187989821001,0.11565935475810692,0.3452402786471423,0.004241106318229782,0.11514046129442086,Cert,,FLOOR_COLLAPSED,0.4197187989821001,0.11565935475810692,0.3452402786471423,0.004241106318229782,0.11514046129442086,0.0,0.0,0.34985483046228644,0.0,False,True,0.0,-0.0,
dirichlet_52,0.4197187989821001,0.11565935475810692,0.3452402786471423,0.004241106318229782,0.11514046129442086,MaxMin,c=0.0,INFEASIBLE_BALL_MISSES_SIMPLEX,,,,,,,,,,False,False,,,
dirichlet_52,0.4197187989821001,0.11565935475810692,0.3452402786471423,0.004241106318229782,0.11514046129442086,MaxMin,c=0.1,INFEASIBLE_BALL_MISSES_SIMPLEX,,,,,,,,,,False,False,,,
dirichlet_52,0.4197187989821001,0.11565935475810692,0.3452402786471423,0.004241106318229782,0.11514046129442086,MaxMin,c=0.25,INFEASIBLE_BALL_MISSES_SIMPLEX,,,,,,,,,,False,False,,,
dirichlet_52,0.4197187989821001,0.11565935475810692,0.3452402786471423,0.004241106318229782,0.11514046129442086,MaxMin,c=0.5,INFEASIBLE_BALL_MISSES_SIMPLEX,,,,,,,,,,False,False,,,
dirichlet_52,0.4197187989821001,0.11565935475810692,0.3452402786471423,0.004241106318229782,0.11514046129442086,MaxMin,c=0.75,OK,0.5203708447912765,0.05101037923235492,0.37067516026374187,0.0,0.057943615712626795,0.13508043415780976,0.13214435489202717,0.3869124145778202,-0.05704819640065035,True,True,-0.05704819640065035,,
dirichlet_52,0.4197187989821001,0.11565935475810692,0.3452402786471423,0.004241106318229782,0.11514046129442086,MaxMin,c=0.9,OK,0.47871593038401244,0.09537032774688384,0.3281969656723635,0.0,0.0977167761967403,0.06711447260508403,0.06532841915656314,0.36435338951869833,-0.01742735071652558,True,True,-0.01742735071652558,,
dirichlet_52,0.4197187989821001,0.11565935475810692,0.3452402786471423,0.004241106318229782,0.11514046129442086,MaxMin,c=0.95,OK,0.44599971623860424,0.10775640449467178,0.3376462841004361,0.0,0.1085975951662879,0.029523009126072267,0.028783639483857416,0.356583137517148,-0.006663373665522373,True,True,-0.006663373665522373,,
dirichlet_52,0.4197187989821001,0.11565935475810692,0.3452402786471423,0.004241106318229782,0.11514046129442086,MaxMin,c=1.0,OK,0.4197187989821001,0.11565935475810692,0.3452402786471423,0.004241106318229782,0.11514046129442086,0.0,0.0,0.34985483046228644,0.0,False,True,0.0,,
dirichlet_52,0.4197187989821001,0.11565935475810692,0.3452402786471423,0.004241106318229782,0.11514046129442086,Fair,"alpha=0.0,eps=0.01",OK,0.4569526422544677,0.10390426929167598,0.3339212000765353,0.0,0.10522188837732102,0.04205981134475351,0.04096508461033189,0.35905401775163476,-0.010000000000000005,True,True,,,0.05111307305858665
dirichlet_52,0.4197187989821001,0.11565935475810692,0.3452402786471423,0.004241106318229782,0.11514046129442086,Fair,"alpha=0.0,eps=0.02",OK,0.48977899114072276,0.09235926899244859,0.32275697714450063,0.0,0.09510476272232801,0.07985135921525158,0.07769031361954176,0.3664593427320043,-0.020000000000000007,True,True,,,0.10207411407389226
dirichlet_52,0.4197187989821001,0.11565935475810692,0.3452402786471423,0.004241106318229782,0.11514046129442086,Fair,"alpha=0.0,eps=0.05",OK,0.588258037799488,0.057724268094766426,0.28926430834839656,0.0,0.06475338575734896,0.19352545802219528,0.18816448490435062,0.38867531767311325,-0.05000000000000004,True,True,,,0.2549572371198091
dirichlet_52,0.4197187989821001,0.11565935475810692,0.3452402786471423,0.004241106318229782,0.11514046129442086,Fair,"alpha=0.0,eps=0.1",OK,0.7523890462559982,0.0,0.23344319583810216,0.0,0.01416775790589958,0.3830909047489099,0.37239660855592444,0.4257017334375276,-0.10000000000000002,True,True,,,0.5097624409358235
dirichlet_52,0.4197187989821001,0.11565935475810692,0.3452402786471423,0.004241106318229782,0.11514046129442086,Fair,"alpha=0.5,eps=0.01",OK,0.4202151822239437,0.11611591216433224,0.345351447359398,0.004065700403114089,0.11425175784921204,0.0011347953644294364,0.00115216883705889,0.3500813206759289,-0.0008913130847045275,True,True,,,1.0003561959118048
dirichlet_52,0.4197187989821001,0.11565935475810692,0.3452402786471423,0.004241106318229782,0.11514046129442086,Fair,"alpha=0.5,eps=0.02",OK,0.42071156548064254,0.11657246960618856,0.3454626160743785,0.0038902944848353913,0.11336305435395497,0.0022695907896427476,0.0023043377355663626,0.35030781089692736,-0.001782626219284035,True,True,,,1.4147172994624313
dirichlet_52,0.4197187989821001,0.11565935475810692,0.3452402786471423,0.004241106318229782,0.11514046129442086,Fair,"alpha=0.5,eps=0.05",OK,0.4222007152241428,0.1179421418739557,0.3457961221747557,0.003364076701979817,0.11069694402516599,0.00567397690742006,0.005760844272086915,0.35098728154008846,-0.0044565654682557215,True,True,,,2.236864455771893
dirichlet_52,0.4197187989821001,0.11565935475810692,0.3452402786471423,0.004241106318229782,0.11514046129442086,Fair,"alpha=0.5,eps=0.1",OK,0.42468263198248574,0.12022492899899172,0.34635196636115895,0.0024870475993528578,0.10625342505801086,0.011347955359216753,0.01152169009428685,0.35211973290625065,-0.008913132600910617,True,True,,,3.163404050542923
dirichlet_52,0.4197187989821001,0.11565935475810692,0.3452402786471423,0.004241106318229782,0.11514046129442086,Fair,"alpha=1.0,eps=0.01",OK,0.4199670821423704,0.11588820359505408,0.34529908125390163,0.00415671631024481,0.11468891669842911,0.0005731389535048291,0.0005818121979740348,0.34996863560200203,-0.00045265627495835124,True,True,,,-23.024058215445713
dirichlet_52,0.4197187989821001,0.11565935475810692,0.3452402786471423,0.004241106318229782,0.11514046129442086,Fair,"alpha=1.0,eps=0.02",OK,0.4202153658512853,0.11611705179151205,0.34535788350057695,0.004072326533195458,0.11423737232343031,0.0011462776438859112,0.0011636241129423168,0.3500824407805926,-0.0009053123180566425,True,True,,,-19.558322312645984
dirichlet_52,0.4197187989821001,0.11565935475810692,0.3452402786471423,0.004241106318229782,0.11514046129442086,Fair,"alpha=1.0,eps=0.05",OK,0.4209602165127246,0.11680359880878541,0.34553429075497816,0.0038191562097327166,0.11288273771377909,0.002865695851456593,0.0029090620627354453,0.3504238564915012,-0.0022632819710927954,True,True,,,-14.97686865327521
dirichlet_52,0.4197187989821001,0.11565935475810692,0.3452402786471423,0.004241106318229782,0.11514046129442086,Fair,"alpha=1.0,eps=0.1",OK,0.42220163389396,0.11794784289586119,0.3458283033439466,0.003397205921868875,0.11062501394436336,0.005731391877228721,0.005818124318080528,0.3509928826128132,-0.00452656413973781,True,True,,,-11.511132750475483
dirichlet_52,0.4197187989821001,0.11565935475810692,0.3452402786471423,0.004241106318229782,0.11514046129442086,Fair,"alpha=2.0,eps=0.01",OK,0.41984294907096237,0.11577390746284053,0.345270484348026,0.004199761521591498,0.11491289759657962,0.0002879975344970927,0.0002923289719329342,0.34991186561867077,-0.0002280702664673987,True,True,,,-499.91007439854934
dirichlet_52,0.4197187989821001,0.11565935475810692,0.3452402786471423,0.004241106318229782,0.11514046129442086,Fair,"alpha=2.0,eps=0.02",OK,0.419967099224561,0.11588846012772933,0.3453006898736132,0.004158416848166233,0.11468533392593029,0.0005759950234925672,0.0005846578895932073,0.3499689007382791,-0.000456140499539265,True,True,,,-249.95503719927467
dirichlet_52,0.4197187989821001,0.11565935475810692,0.3452402786471423,0.004241106318229782,0.11514046129442086,Fair,"alpha=2.0,eps=0.05",OK,0.42033954973331017,0.11623211776668066,0.34539130705171467,0.004034382575522766,0.11400264287277173,0.0014399875015252282,0.001461644675006413,0.35014000627466124,-0.0011403512533899038,True,True,,,-99.98201487970985
dirichlet_52,0.4197187989821001,0.11565935475810692,0.3452402786471423,0.004241106318229782,0.11514046129442086,Fair,"alpha=2.0,eps=0.1",OK,0.4209603003800812,0.11680488178419497,0.3455423353303826,0.003827658433342105,0.11286482407199913,0.002879975703051435,0.002923290069590814,0.3504251821012259,-0.002280702902001151,True,True,,,-49.99100743985493
dirichlet_53,0.046305319780660235,0.5006592653010226,0.08091385096812512,0.04929324295269622,0.32282832099749575,Avg,rho=0.0,OK,0.0,0.9999999999999998,0.0,0.0,1.3877787807814454e-16,0.6038876980756034,0.597606153254641,0.5109478920324303,-0.3228592608356605,True,True,,,
dirichlet_53,0.046305319780660235,0.5006592653010226,0.08091385096812512,0.04929324295269622,0.32282832099749575,Avg,rho=0.1,OK,1.900569745333778e-17,0.9999999999999999,1.0378824133072912e-16,4.443662721879629e-17,2.775557561562892e-17,0.6038876980756035,0.5976061532546411,0.5109478920324304,-0.3228592608356606,True,True,,,
dirichlet_53,0.046305319780660235,0.5006592653010226,0.08091385096812512,0.04929324295269622,0.32282832099749575,Avg,rho=0.2,OK,8.10690512845196e-17,0.819942767053319,5.345147786034618e-18,3.79849269459435e-17,0.18005723294668086,0.3653034297590113,0.35941006772491807,0.4782410907679833,-0.1439619451065519,True,True,,,
dirichlet_53,0.046305319780660235,0.5006592653010226,0.08091385096812512,0.04929324295269622,0.32282832099749575,Avg,rho=0.5,OK,0.0,0.6828244383161823,0.0,1.8681048292403992e-17,0.3171755616838177,0.21056391349605982,0.2049409121556674,0.45333399953745956,-0.07487080034421487,True,True,,,
dirichlet_53,0.046305319780660235,0.5006592653010226,0.08091385096812512,0.04929324295269622,0.32282832099749575,Cert,,FLOOR_COLLAPSED,0.04630531978066024,0.5006592653010227,0.08091385096812513,0.049293242952696235,0.3228283209974958,1.2586013583571652e-16,1.2788277902057548e-16,0.3790288984726704,1.573274781352307e-17,False,True,1.573274781352307e-17,-0.0,
dirichlet_53,0.046305319780660235,0.5006592653010226,0.08091385096812512,0.04929324295269622,0.32282832099749575,MaxMin,c=0.0,INFEASIBLE_BALL_MISSES_SIMPLEX,,,,,,,,,,False,False,,,
dirichlet_53,0.046305319780660235,0.5006592653010226,0.08091385096812512,0.04929324295269622,0.32282832099749575,MaxMin,c=0.1,INFEASIBLE_BALL_MISSES_SIMPLEX,,,,,,,,,,False,False,,,
dirichlet_53,0.046305319780660235,0.5006592653010226,0.08091385096812512,0.04929324295269622,0.32282832099749575,MaxMin,c=0.25,INFEASIBLE_BALL_MISSES_SIMPLEX,,,,,,,,,,False,False,,,
dirichlet_53,0.046305319780660235,0.5006592653010226,0.08091385096812512,0.04929324295269622,0.32282832099749575,MaxMin,c=0.5,INFEASIBLE_BALL_MISSES_SIMPLEX,,,,,,,,,,False,False,,,
dirichlet_53,0.046305319780660235,0.5006592653010226,0.08091385096812512,0.04929324295269622,0.32282832099749575,MaxMin,c=0.75,OK,0.016174334158648274,0.608200839657654,0.052399067002406666,0.02454680519212731,0.2986789539891636,0.12034009108775517,0.11756817915041799,0.4182849069936422,-0.02509353223305225,True,True,-0.02509353223305225,,
dirichlet_53,0.046305319780660235,0.5006592653010226,0.08091385096812512,0.04929324295269622,0.32282832099749575,MaxMin,c=0.9,OK,0.034852864132826136,0.5415346328070172,0.07007569576232954,0.039887394619352555,0.3136494126784746,0.04573994269978376,0.04468636951368576,0.3939496747837179,-0.009537775118002804,True,True,-0.009537775118002804,,
dirichlet_53,0.046305319780660235,0.5006592653010226,0.08091385096812512,0.04929324295269622,0.32282832099749575,MaxMin,c=0.95,OK,0.04064744517768259,0.520852987137726,0.07555946017477604,0.04464645696712931,0.3182936505426861,0.022596975539626057,0.022076477128167068,0.3864002329657187,-0.00471196198164425,True,True,-0.00471196198164425,,
dirichlet_53,0.046305319780660235,0.5006592653010226,0.08091385096812512,0.04929324295269622,0.32282832099749575,MaxMin,c=1.0,OK,0.04630531978066024,0.5006592653010227,0.08091385096812513,0.049293242952696235,0.3228283209974958,1.2586013583571652e-16,1.2788277902057548e-16,0.3790288984726704,1.573274781352307e-17,False,True,1.573274781352307e-17,,
dirichlet_53,0.046305319780660235,0.5006592653010226,0.08091385096812512,0.04929324295269622,0.32282832099749575,Fair,"alpha=0.0,eps=0.01",OK,0.08928129544831857,0.4886304785570199,0.06939302476021171,0.03952677645283736,0.3131684247816125,0.048094210612373095,0.04695898629350582,0.37140487731521526,-0.009999999999999986,True,True,,,0.05131114208474287
dirichlet_53,0.046305319780660235,0.5006592653010226,0.08091385096812512,0.04929324295269622,0.32282832099749575,Fair,"alpha=0.0,eps=0.02",OK,0.13225727111597688,0.4766016918130171,0.057872198552298276,0.029760309952978473,0.30350852856572913,0.09618842122474623,0.09391797258701166,0.3637808561577601,-0.02000000000000002,True,True,,,0.10262228416948574
dirichlet_53,0.046305319780660235,0.5006592653010226,0.08091385096812512,0.04929324295269622,0.32282832099749575,Fair,"alpha=0.0,eps=0.05",OK,0.2611851981189519,0.44051533158100903,0.023309719928557997,0.00046091045340185277,0.2745288399180793,0.2404710530618656,0.23479493146752917,0.340908792685395,-0.049999999999999996,True,True,,,0.2565557104237144
dirichlet_53,0.046305319780660235,0.5006592653010226,0.08091385096812512,0.04929324295269622,0.32282832099749575,Fair,"alpha=0.0,eps=0.1",OK,0.39263221602640047,0.3832860484846885,0.0,0.0,0.2240817354889111,0.3904440476149068,0.3807493402617559,0.3038885608306906,-0.09999999999999995,True,True,,,0.5108237519377229
dirichlet_53,0.046305319780660235,0.5006592653010226,0.08091385096812512,0.04929324295269622,0.32282832099749575,Fair,"alpha=0.5,eps=0.01",OK,0.046801702851404024,0.501115822560485,0.0810250197393674,0.0491178371517206,0.321939617697023,0.0011347951053276074,0.0011521685730466814,0.3790115578195287,-0.0008913129357855464,True,True,,,1.0003561959118048
dirichlet_53,0.046305319780660235,0.5006592653010226,0.08091385096812512,0.04929324295269622,0.32282832099749575,Fair,"alpha=0.5,eps=0.02",OK,0.04729808629302341,0.5015723801771352,0.08113618849075563,0.04894243101296165,0.32105091402612396,0.002269590856951727,0.0023043378093846145,0.3789942172307134,-0.0017826262552892976,True,True,,,1.4147172994624313
dirichlet_53,0.046305319780660235,0.5006592653010226,0.08091385096812512,0.04929324295269622,0.32282832099749575,Fair,"alpha=0.5,eps=0.05",OK,0.04878723603424725,0.5029420524302299,0.0814696943860992,0.048416213291040885,0.3183848038583828,0.005673976812202636,0.005760844175518039,0.37894219540074897,-0.0044565653407605075,True,True,,,2.236864455771893
dirichlet_53,0.046305319780660235,0.5006592653010226,0.08091385096812512,0.04929324295269622,0.32282832099749575,Fair,"alpha=0.5,eps=0.1",OK,0.051269152401474435,0.5052248396313793,0.08202553778087619,0.04753918427266477,0.3139412859136053,0.011347954232301503,0.011521688939021306,0.3788554921577742,-0.008913131451493283,True,True,,,3.1634040505429235
dirichlet_53,0.046305319780660235,0.5006592653010226,0.08091385096812512,0.04929324295269622,0.32282832099749575,Fair,"alpha=1.0,eps=0.01",OK,0.04655360300882753,0.5008881140904035,0.08097265363877282,0.04920885295042534,0.3223767763115709,0.0005731390404917646,0.0005818122865421961,0.3790187761464836,-0.0004526563641956548,True,True,,,-23.024058215445713
dirichlet_53,0.046305319780660235,0.5006592653010226,0.08091385096812512,0.04929324295269622,0.32282832099749575,Fair,"alpha=1.0,eps=0.02",OK,0.046801887204272405,0.5011169630487597,0.08103145569641122,0.04912446287379541,0.32192523117676114,0.001146278869184986,0.001163625356219586,0.3790086537690361,-0.0009053131755125811,True,True,,,-19.558322312645984
dirichlet_53,0.046305319780660235,0.5006592653010226,0.08091385096812512,0.04929324295269622,0.32282832099749575,Fair,"alpha=1.0,eps=0.05",OK,0.04754673730131247,0.5018035093083546,0.08120786305853171,0.04887129289072407,0.32057059744107724,0.0028656958021060492,0.002909062010841371,0.37897828680643864,-0.002263281944782532,True,True,,,-14.97686865327521
dirichlet_53,0.046305319780660235,0.5006592653010226,0.08091385096812512,0.04929324295269622,0.32282832099749575,Fair,"alpha=1.0,eps=0.1",OK,0.0487881546925201,0.5029477534387768,0.08150187566492939,0.04844934255633532,0.31831287364743827,0.005731391877228715,0.005818124318080521,0.37892767515000164,-0.004526564139737795,True,True,,,-11.511132750475483
dirichlet_53,0.046305319780660235,0.5006592653010226,0.08091385096812512,0.04929324295269622,0.32282832099749575,Fair,"alpha=2.0,eps=0.01",OK,0.04642946991117496,0.5007738180262561,0.08094405659538995,0.0492518981732806,0.32260075729389853,0.0002879975549610187,0.00029232899036520424,0.37902346974827716,-0.0002280702711290644,True,True,,,-499.91007439854934
dirichlet_53,0.046305319780660235,0.5006592653010226,0.08091385096812512,0.04929324295269622,0.32282832099749575,Fair,"alpha=2.0,eps=0.02",OK,0.046553619979348586,0.5008883707256921,0.08097426244967133,0.049210553255763435,0.3223731935895246,0.000575995117036328,0.0005846579978529022,0.37901804101956105,-0.00045614055026521177,True,True,,,-249.95503719927467
dirichlet_53,0.046305319780660235,0.5006592653010226,0.08091385096812512,0.04929324295269622,0.32282832099749575,Fair,"alpha=2.0,eps=0.05",OK,0.046926070476195555,0.5012320287515201,0.08106487932008388,0.04908651906063507,0.3216905023915653,0.0014399878148370385,0.0014616449960257395,0.3790017547601796,-0.0011403514434085702,True,True,,,-99.98201487970987
dirichlet_53,0.046305319780660235,0.5006592653010226,0.08091385096812512,0.04929324295269622,0.32282832099749575,Fair,"alpha=2.0,eps=0.1",OK,0.04754682131294009,0.5018047917041009,0.08121590734930753,0.048879795423390014,0.32055268421026145,0.002879975086544884,0.002923289427640847,0.3789746109293017,-0.0022807024518492545,True,True,,,-49.991007439854926
dirichlet_54,0.04800565314749985,0.04463260941610649,0.3058828529863052,0.34628989991184317,0.2551889845382452,Avg,rho=0.0,OK,9.012805413215993e-17,3.034348927069652e-16,3.1918911957973255e-16,0.9999999999999983,1.008087459816911e-15,0.7683223575397088,0.7531669863298536,0.3671209548935759,-0.2999051505052968,True,True,,,
dirichlet_54,0.04800565314749985,0.04463260941610649,0.3058828529863052,0.34628989991184317,0.2551889845382452,Avg,rho=0.1,OK,9.338595271785641e-17,3.2862617148363356e-16,0.3268674087942123,0.6246592476435753,0.048473343562211946,0.3534937257160106,0.3440982555019773,0.3466146966644526,-0.1923323337847786,True,True,,,
dirichlet_54,0.04800565314749985,0.04463260941610649,0.3058828529863052,0.34628989991184317,0.2551889845382452,Avg,rho=0.2,OK,2.669209084692626e-17,0.0,0.3335297183061674,0.5001850098243616,0.1662852718694709,0.19143807536825452,0.18693402576429874,0.3354867927706195,-0.08117564719390828,True,True,,,
dirichlet_54,0.04800565314749985,0.04463260941610649,0.3058828529863052,0.34628989991184317,0.2551889845382452,Avg,rho=0.5,OK,1.3913258036030053e-18,1.307354008721768e-17,0.33752711547983705,0.4255004233223053,0.23697246119785773,0.10910600646957333,0.10759054151807403,0.3288100469056822,-0.048064314251395034,True,True,,,
dirichlet_54,0.04800565314749985,0.04463260941610649,0.3058828529863052,0.34628989991184317,0.2551889845382452,Cert,,FLOOR_COLLAPSED,0.04800565314749986,0.0446326094161065,0.30588285298630524,0.3462898999118432,0.25518898453824523,9.739201700399851e-17,1.007044001610593e-16,0.30150241908434916,1.2129759324582532e-17,False,True,1.2129759324582532e-17,-0.0,
dirichlet_54,0.04800565314749985,0.04463260941610649,0.3058828529863052,0.34628989991184317,0.2551889845382452,MaxMin,c=0.0,INFEASIBLE_BALL_MISSES_SIMPLEX,,,,,,,,,,False,False,,,
dirichlet_54,0.04800565314749985,0.04463260941610649,0.3058828529863052,0.34628989991184317,0.2551889845382452,MaxMin,c=0.1,INFEASIBLE_BALL_MISSES_SIMPLEX,,,,,,,,,,False,False,,,
dirichlet_54,0.04800565314749985,0.04463260941610649,0.3058828529863052,0.34628989991184317,0.2551889845382452,MaxMin,c=0.25,INFEASIBLE_BALL_MISSES_SIMPLEX,,,,,,,,,,False,False,,,
dirichlet_54,0.04800565314749985,0.04463260941610649,0.3058828529863052,0.34628989991184317,0.2551889845382452,MaxMin,c=0.5,INFEASIBLE_BALL_MISSES_SIMPLEX,,,,,,,,,,False,False,,,
dirichlet_54,0.04800565314749985,0.04463260941610649,0.3058828529863052,0.34628989991184317,0.2551889845382452,MaxMin,c=0.75,OK,0.013891347936651536,0.010443288133696002,0.3282798904491588,0.416476928320474,0.23090854516001974,0.09137878030547847,0.08982034395177259,0.32268183984450977,-0.034174978486590644,True,True,-0.034174978486590644,,
dirichlet_54,0.04800565314749985,0.04463260941610649,0.3058828529863052,0.34628989991184317,0.2551889845382452,MaxMin,c=0.9,OK,0.03635333269130995,0.0328811996724063,0.3010389774724388,0.3887393159555229,0.24098717420832208,0.04796852793309832,0.047218573741884505,0.309913928641492,-0.012098357483092952,True,True,-0.012098357483092952,,
dirichlet_54,0.04800565314749985,0.04463260941610649,0.3058828529863052,0.34628989991184317,0.2551889845382452,MaxMin,c=0.95,OK,0.04269574060916716,0.03926141241465525,0.3004278945417017,0.3691999222897719,0.248415030144704,0.025642875882171692,0.025280959263444917,0.3055275712505189,-0.00563538796880742,True,True,-0.00563538796880742,,
dirichlet_54,0.04800565314749985,0.04463260941610649,0.3058828529863052,0.34628989991184317,0.2551889845382452,MaxMin,c=1.0,OK,0.04800565314749986,0.0446326094161065,0.30588285298630524,0.3462898999118432,0.25518898453824523,9.739201700399851e-17,1.007044001610593e-16,0.30150241908434916,1.2129759324582532e-17,False,True,1.2129759324582532e-17,,
dirichlet_54,0.04800565314749985,0.04463260941610649,0.3058828529863052,0.34628989991184317,0.2551889845382452,Fair,"alpha=0.0,eps=0.01",OK,0.09098162881515819,0.03260382267210377,0.2943620267783918,0.3365234334119844,0.2455290883223619,0.0480942106123731,0.04695898629350582,0.29396564397387137,-0.00999999999999999,True,True,,,0.05131114208474287
dirichlet_54,0.04800565314749985,0.04463260941610649,0.3058828529863052,0.34628989991184317,0.2551889845382452,Fair,"alpha=0.0,eps=0.02",OK,0.13395760448281652,0.020575035928101042,0.2828412005704784,0.32675696691212547,0.2358691921064786,0.09618842122474622,0.09391797258701164,0.28642886886339364,-0.019999999999999993,True,True,,,0.10262228416948574
dirichlet_54,0.04800565314749985,0.04463260941610649,0.3058828529863052,0.34628989991184317,0.2551889845382452,Fair,"alpha=0.0,eps=0.05",OK,0.24734640700734054,0.0,0.24832321294168014,0.2974306587704784,0.2068997212805008,0.22307172955274474,0.2181862282134237,0.2637684831481292,-0.05000000000000001,True,True,,,0.256530013065706
dirichlet_54,0.04800565314749985,0.04463260941610649,0.3058828529863052,0.34628989991184317,0.2551889845382452,Fair,"alpha=0.0,eps=0.1",OK,0.4019745586466047,0.0,0.19089159221770605,0.24849399013885476,0.15863985899683444,0.3992428077596571,0.39171221736335726,0.22589050241502545,-0.1,True,True,,,0.5129860840152818
dirichlet_54,0.04800565314749985,0.04463260941610649,0.3058828529863052,0.34628989991184317,0.2551889845382452,Fair,"alpha=0.5,eps=0.01",OK,0.048502036218243644,0.04508916667556886,0.30599402175754753,0.3461144941108676,0.25430028123777243,0.0011347951053275647,0.0011521685730466378,0.30129871608598613,-0.0008913129357855447,True,True,,,1.0003561959118048
dirichlet_54,0.04800565314749985,0.04463260941610649,0.3058828529863052,0.34628989991184317,0.2551889845382452,Fair,"alpha=0.5,eps=0.02",OK,0.04899841965986303,0.045545724292219175,0.30610519050893575,0.34593908797210865,0.25341157756687344,0.0022695908569516864,0.002304337809384575,0.30109501290882257,-0.0017826262552892388,True,True,,,1.4147172994624313
dirichlet_54,0.04800565314749985,0.04463260941610649,0.3058828529863052,0.34628989991184317,0.2551889845382452,Fair,"alpha=0.5,eps=0.05",OK,0.05048756940108686,0.046915396545313744,0.30643869640427934,0.34541287025018785,0.2507454673991322,0.005673976812202589,0.005760844175517992,0.3004839036641182,-0.0044565653407605075,True,True,,,2.236864455771893
dirichlet_54,0.04800565314749985,0.04463260941610649,0.3058828529863052,0.34628989991184317,0.2551889845382452,Fair,"alpha=0.5,eps=0.1",OK,0.05296948557276654,0.04919818373464549,0.306994540101461,0.3445358407198536,0.2463019498712733,0.011347953924263104,0.011521688654405038,0.2994653882719489,-0.00891313106244635,True,True,,,3.1634040505429235
dirichlet_54,0.04800565314749985,0.04463260941610649,0.3058828529863052,0.34628989991184317,0.2551889845382452,Fair,"alpha=1.0,eps=0.01",OK,0.04825393659410043,0.044861458177698654,0.3059416554398516,0.34620550991714805,0.2547374398712013,0.0005731390857563524,0.0005818123270288958,0.30140087364949164,-0.00045265634430482864,True,True,,,-23.02405821544571
dirichlet_54,0.04800565314749985,0.04463260941610649,0.3058828529863052,0.34628989991184317,0.2551889845382452,Fair,"alpha=1.0,eps=0.02",OK,0.0485022198205944,0.045090306921207655,0.30600045807608084,0.3461211198462305,0.25428589533588664,0.0011462779951259463,0.001163624483302923,0.3012993282631547,-0.0009053125619990225,True,True,,,-19.558322312645984
dirichlet_54,0.04800565314749985,0.04463260941610649,0.3058828529863052,0.34628989991184317,0.2551889845382452,Fair,"alpha=1.0,eps=0.05",OK,0.049247070703474685,0.0457768534119886,0.30617686525234955,0.34586794981376,0.2529312608184272,0.0028656959649063303,0.0029090621797794175,0.30099469179564425,-0.0022632821093408434,True,True,,,-14.97686865327521
dirichlet_54,0.04800565314749985,0.04463260941610649,0.3058828529863052,0.34628989991184317,0.2551889845382452,Fair,"alpha=1.0,eps=0.1",OK,0.050488488276273134,0.046921097489619604,0.3064708770227381,0.3454459998002342,0.25067353741113496,0.005731391660217159,0.005818124074623178,0.30048696447358886,-0.004526563902681865,True,True,,,-11.511132750475483
dirichlet_54,0.04800565314749985,0.04463260941610649,0.3058828529863052,0.34628989991184317,0.2551889845382452,Fair,"alpha=2.0,eps=0.01",OK,0.0481298033062042,0.04474716207540261,0.3059130586812576,0.34624855514075953,0.2549614207963761,0.0002879975770298949,0.00029232901351755163,0.30145173071205467,-0.0002280703089480654,True,True,,,-499.91007439854934
dirichlet_54,0.04800565314749985,0.04463260941610649,0.3058828529863052,0.34628989991184317,0.2551889845382452,Fair,"alpha=2.0,eps=0.02",OK,0.04825395334597915,0.04486171484082503,0.30594326446822473,0.34620721021459466,0.2547338571303765,0.0005759951169691927,0.0005846579978053196,0.3014010423316427,-0.0004561405501795402,True,True,,,-249.95503719927467
dirichlet_54,0.04800565314749985,0.04463260941610649,0.3058828529863052,0.34628989991184317,0.2551889845382452,Fair,"alpha=2.0,eps=0.05",OK,0.04862640380997747,0.04520537303862856,0.3060338812662942,0.34608317594956967,0.25405116593553,0.001439987869001058,0.0014616450521198999,0.3012489771646101,-0.0011403514433315318,True,True,,,-99.98201487970985
dirichlet_54,0.04800565314749985,0.04463260941610649,0.3058828529863052,0.34628989991184317,0.2551889845382452,Fair,"alpha=2.0,eps=0.1",OK,0.0492471546942526,0.04577813622261935,0.3061849097761412,0.3458764519154191,0.2529133473915678,0.0028799756471887313,0.0029232900192278596,0.30099553529299433,-0.002280702832246119,True,True,,,-49.991007439854926
dirichlet_55,0.07107121919315311,0.3110287292980961,0.28301481836151343,0.09505843778577602,0.23982679536146123,Avg,rho=0.0,OK,0.0,1.0,0.0,8.57931261602234e-17,9.676390708165149e-17,0.7914435645262511,0.7755997047526761,0.3338046708924037,-0.25355148702119235,True,True,,,
dirichlet_55,0.07107121919315311,0.3110287292980961,0.28301481836151343,0.09505843778577602,0.23982679536146123,Avg,rho=0.1,OK,0.0,0.5583367982896562,0.38042322267720036,8.118650722588271e-17,0.06123997903314346,0.3415115722458323,0.3411386154437695,0.31787050590315713,-0.18225605415553275,True,True,,,
dirichlet_55,0.07107121919315311,0.3110287292980961,0.28301481836151343,0.09505843778577602,0.23982679536146123,Avg,rho=0.2,OK,8.376734504890273e-17,0.4621980372586755,0.3588680666202311,0.0,0.17893389612109342,0.21540901770921797,0.21340073942916532,0.3084257492223546,-0.09537263902931811,True,True,,,
dirichlet_55,0.07107121919315311,0.3110287292980961,0.28301481836151343,0.09505843778577602,0.23982679536146123,Avg,rho=0.5,OK,1.674013508610588e-17,0.4045147398159248,0.3459349581064827,1.065946714205745e-17,0.24955030207759255,0.16395227818727665,0.16033050632558404,0.3027588908753518,-0.09287098383169677,True,True,,,
dirichlet_55,0.07107121919315311,0.3110287292980961,0.28301481836151343,0.09505843778577602,0.23982679536146123,Cert,,FLOOR_COLLAPSED,0.07107121919315312,0.31102872929809616,0.2830148183615135,0.09505843778577604,0.23982679536146126,8.554842949272357e-17,8.925628771066655e-17,0.26916424379724574,1.7613967754846928e-17,False,True,1.7613967754846928e-17,-0.0,
dirichlet_55,0.07107121919315311,0.3110287292980961,0.28301481836151343,0.09505843778577602,0.23982679536146123,MaxMin,c=0.0,INFEASIBLE_BALL_MISSES_SIMPLEX,,,,,,,,,,False,False,,,
dirichlet_55,0.07107121919315311,0.3110287292980961,0.28301481836151343,0.09505843778577602,0.23982679536146123,MaxMin,c=0.1,INFEASIBLE_BALL_MISSES_SIMPLEX,,,,,,,,,,False,False,,,
dirichlet_55,0.07107121919315311,0.3110287292980961,0.28301481836151343,0.09505843778577602,0.23982679536146123,MaxMin,c=0.25,OK,8.326672684688674e-17,0.4032929928338921,0.3476170631207426,0.00017202226746571014,0.24891792177789962,0.16377833489435795,0.16018963683027362,0.302728770367814,-0.09272479249138457,True,True,-0.09272479249138457,,
dirichlet_55,0.07107121919315311,0.3110287292980961,0.28301481836151343,0.09505843778577602,0.23982679536146123,MaxMin,c=0.5,OK,0.016649104628669576,0.38425857311216405,0.3275114152235469,0.04661841138405503,0.22496249565156456,0.11345354676990024,0.11119081432922147,0.29168936288285086,-0.047998534194612086,True,True,-0.047998534194612086,,
dirichlet_55,0.07107121919315311,0.3110287292980961,0.28301481836151343,0.09505843778577602,0.23982679536146123,MaxMin,c=0.75,OK,0.04570072142902835,0.3592591950107706,0.3021083950661485,0.0737613097793034,0.2191703787147492,0.06492041174425307,0.06402174850120908,0.2806089401354951,-0.02160029694338607,True,True,-0.02160029694338607,,
dirichlet_55,0.07107121919315311,0.3110287292980961,0.28301481836151343,0.09505843778577602,0.23982679536146123,MaxMin,c=0.9,OK,0.06153244095536348,0.3383374292324414,0.2808488132372357,0.08715098880984568,0.23213032776511364,0.03103559767977425,0.030409231198570696,0.2737028257881507,-0.008019068234718284,True,True,-0.008019068234718284,,
dirichlet_55,0.07107121919315311,0.3110287292980961,0.28301481836151343,0.09505843778577602,0.23982679536146123,MaxMin,c=0.95,OK,0.0665137172661397,0.32729507181051387,0.27870177714532485,0.09131538273954114,0.2361740510384805,0.018202199022282293,0.0177829298302816,0.2714153718223602,-0.003795555277958185,True,True,-0.003795555277958185,,
dirichlet_55,0.07107121919315311,0.3110287292980961,0.28301481836151343,0.09505843778577602,0.23982679536146123,MaxMin,c=1.0,OK,0.07107121919315312,0.31102872929809616,0.2830148183615135,0.09505843778577604,0.23982679536146126,8.554842949272357e-17,8.925628771066655e-17,0.26916424379724574,1.7613967754846928e-17,False,True,1.7613967754846928e-17,,
dirichlet_55,0.07107121919315311,0.3110287292980961,0.28301481836151343,0.09505843778577602,0.23982679536146123,Fair,"alpha=0.0,eps=0.01",OK,0.11404719486081144,0.2989999425540934,0.2714939921536,0.08529197128591715,0.23016689914557792,0.04809421061237313,0.046958986293505846,0.26281098922340146,-0.010000000000000026,True,True,,,0.05131114208474287
dirichlet_55,0.07107121919315311,0.3110287292980961,0.28301481836151343,0.09505843778577602,0.23982679536146123,Fair,"alpha=0.0,eps=0.02",OK,0.15702317052846979,0.2869711558100907,0.25997316594568665,0.07552550478605828,0.2205070029296947,0.09618842122474623,0.09391797258701166,0.2564577346495573,-0.01999999999999999,True,True,,,0.10262228416948574
dirichlet_55,0.07107121919315311,0.3110287292980961,0.28301481836151343,0.09505843778577602,0.23982679536146123,Fair,"alpha=0.0,eps=0.05",OK,0.2859510975314448,0.2508847955780825,0.22541068732194633,0.04622610528648166,0.19152731428204475,0.24047105306186564,0.23479493146752922,0.23739797092802462,-0.049999999999999996,True,True,,,0.2565557104237144
dirichlet_55,0.07107121919315311,0.3110287292980961,0.28301481836151343,0.09505843778577602,0.23982679536146123,Fair,"alpha=0.0,eps=0.1",OK,0.49812250054573176,0.1908699625310279,0.16790171753253938,0.0,0.14310581939070108,0.4779675782993363,0.466635824476761,0.2056864377939878,-0.09999999999999996,True,True,,,0.5130179947414347
dirichlet_55,0.07107121919315311,0.3110287292980961,0.28301481836151343,0.09505843778577602,0.23982679536146123,Fair,"alpha=0.5,eps=0.01",OK,0.0715676022638969,0.31148528655755847,0.2831259871327557,0.0948830319848004,0.23893809206098846,0.0011347951053275844,0.001152168573046656,0.26916374878072047,-0.0008913129357855749,True,True,,,1.0003561959118048
dirichlet_55,0.07107121919315311,0.3110287292980961,0.28301481836151343,0.09505843778577602,0.23982679536146123,Fair,"alpha=0.5,eps=0.02",OK,0.0720639857350348,0.3119418442181754,0.28323715582311637,0.09470762572374233,0.23804938849993112,0.0022695908144566026,0.002304337769846759,0.2691632537977788,-0.0017826261517292605,True,True,,,1.4147172994624313
dirichlet_55,0.07107121919315311,0.3110287292980961,0.28301481836151343,0.09505843778577602,0.23982679536146123,Fair,"alpha=0.5,eps=0.05",OK,0.07355313544674012,0.31331151642730337,0.28357066177948753,0.09418140812412068,0.23538327822234825,0.005673976812202615,0.005760844175518017,0.26916176872098346,-0.004456565340760537,True,True,,,2.236864455771893
dirichlet_55,0.07107121919315311,0.3110287292980961,0.28301481836151343,0.09505843778577602,0.23982679536146123,Fair,"alpha=0.5,eps=0.1",OK,0.07603505176588844,0.31559430377125597,0.2841265054634187,0.09330437786570611,0.2309397611337308,0.011347953818231185,0.01152168857439439,0.26915929374594383,-0.008913130660283817,True,True,,,3.163404050542923
dirichlet_55,0.07107121919315311,0.3110287292980961,0.28301481836151343,0.09505843778577602,0.23982679536146123,Fair,"alpha=1.0,eps=0.01",OK,0.07131950264981002,0.3112575781125078,0.2830736207578227,0.09497404779441426,0.23937525068544524,0.0005731391119085198,0.000581812352133436,0.2691637908720159,-0.00045265635288450407,True,True,,,-23.02405821544571
dirichlet_55,0.07107121919315311,0.3110287292980961,0.28301481836151343,0.09505843778577602,0.23982679536146123,Fair,"alpha=1.0,eps=0.02",OK,0.07156778613055123,0.31148642695888484,0.28313242325464383,0.09488965768092412,0.2389237059749959,0.0011462783024365343,0.001163624790194228,0.26916333796764735,-0.0009053127460339041,True,True,,,-19.558322312645984
dirichlet_55,0.07107121919315311,0.3110287292980961,0.28301481836151343,0.09505843778577602,0.23982679536146123,Fair,"alpha=1.0,eps=0.05",OK,0.07231263671934147,0.31217297334306615,0.283308830460031,0.09463648772153543,0.23756907175602587,0.0028656958593166228,0.00290906206877953,0.26916197915581935,-0.002263281993611907,True,True,,,-14.97686865327521
dirichlet_55,0.07107121919315311,0.3110287292980961,0.28301481836151343,0.09505843778577602,0.23982679536146123,Fair,"alpha=1.0,eps=0.1",OK,0.07355405410501299,0.31331721743585045,0.2836028430583178,0.09421453738941513,0.23531134801140374,0.005731391877228754,0.0058181243180805645,0.26915971460087973,-0.0045265641397377945,True,True,,,-11.511132750475483
dirichlet_55,0.07107121919315311,0.3110287292980961,0.28301481836151343,0.09505843778577602,0.23982679536146123,Fair,"alpha=2.0,eps=0.01",OK,0.0711953693338231,0.3111432820026055,0.28304502402791815,0.09501709299947063,0.23959923163618269,0.00028799757332143374,0.00029232900987662087,0.2691639639439355,-0.00022807029310760614,True,True,,,-499.91007439854934
dirichlet_55,0.07107121919315311,0.3110287292980961,0.28301481836151343,0.09505843778577602,0.23982679536146123,Fair,"alpha=2.0,eps=0.02",OK,0.07131951947666999,0.31125783470240304,0.2830752296949551,0.09497574821333515,0.23937166791263684,0.000575995144379932,0.0005846580174699206,0.26916368408993735,-0.0004561405844863257,True,True,,,-249.95503719927467
dirichlet_55,0.07107121919315311,0.3110287292980961,0.28301481836151343,0.09505843778577602,0.23982679536146123,Fair,"alpha=2.0,eps=0.05",OK,0.07169196989321493,0.3116014928124605,0.2831658466953328,0.09485171385411471,0.23868897674487696,0.0014399878543924643,0.0014616450371119603,0.26916284453056905,-0.0011403514558063384,True,True,,,-99.98201487970987
dirichlet_55,0.07107121919315311,0.3110287292980961,0.28301481836151343,0.09505843778577602,0.23982679536146123,Fair,"alpha=2.0,eps=0.1",OK,0.07231272064356073,0.3121742562691787,0.2833168750451612,0.094644989976133,0.2375511580659664,0.0028799757507527363,0.0029232901146157746,0.2691614452460598,-0.0022807029710229724,True,True,,,-49.99100743985493
dirichlet_56,0.35609128941725726,0.0718600273865948,0.03449816514334763,0.2612003945955987,0.2763501234572015,Avg,rho=0.0,OK,0.9999999999999986,1.6089560239684888e-16,1.3162214373974026e-16,8.002496235115509e-16,4.623038063478192e-16,0.7520421872277476,0.7471389223798861,0.3690491446499163,-0.28643502053440756,True,True,,,
dirichlet_56,0.35609128941725726,0.0718600273865948,0.03449816514334763,0.2612003945955987,0.2763501234572015,Avg,rho=0.1,OK,0.6637194245523511,0.0,3.551524444542556e-17,0.13443523795,0.20184533749764894,0.3501562858656364,0.3445688268460871,0.34233630444028107,-0.12759714063393793,True,True,,,
dirichlet_56,0.35609128941725726,0.0718600273865948,0.03449816514334763,0.2612003945955987,0.2763501234572015,Avg,rho=0.2,OK,0.5299305426045945,3.313084669890471e-17,0.0,0.21465111774015347,0.2554183396552521,0.19793697893998335,0.19261596954242433,0.33145273587678786,-0.06303444390354013,True,True,,,
dirichlet_56,0.35609128941725726,0.0718600273865948,0.03449816514334763,0.2612003945955987,0.2763501234572015,Avg,rho=0.5,OK,0.44965720020264716,0.0,0.0,0.2627807101279966,0.2875620896693562,0.12343732085104496,0.1193541526159617,0.32492259312055016,-0.06730890407146907,True,True,,,
dirichlet_56,0.35609128941725726,0.0718600273865948,0.03449816514334763,0.2612003945955987,0.2763501234572015,Cert,,FLOOR_COLLAPSED,0.3560912894172573,0.07186002738659482,0.03449816514334764,0.26120039459559874,0.27635012345720156,9.739201700399851e-17,1.0085154789426779e-16,0.2963148586348133,1.190185002012476e-17,False,True,1.190185002012476e-17,-0.0,
dirichlet_56,0.35609128941725726,0.0718600273865948,0.03449816514334763,0.2612003945955987,0.2763501234572015,MaxMin,c=0.0,INFEASIBLE_BALL_MISSES_SIMPLEX,,,,,,,,,,False,False,,,
dirichlet_56,0.35609128941725726,0.0718600273865948,0.03449816514334763,0.2612003945955987,0.2763501234572015,MaxMin,c=0.1,INFEASIBLE_BALL_MISSES_SIMPLEX,,,,,,,,,,False,False,,,
dirichlet_56,0.35609128941725726,0.0718600273865948,0.03449816514334763,0.2612003945955987,0.2763501234572015,MaxMin,c=0.25,INFEASIBLE_BALL_MISSES_SIMPLEX,,,,,,,,,,False,False,,,
dirichlet_56,0.35609128941725726,0.0718600273865948,0.03449816514334763,0.2612003945955987,0.2763501234572015,MaxMin,c=0.5,INFEASIBLE_BALL_MISSES_SIMPLEX,,,,,,,,,,False,False,,,
dirichlet_56,0.35609128941725726,0.0718600273865948,0.03449816514334763,0.2612003945955987,0.2763501234572015,MaxMin,c=0.75,OK,0.43447099869716055,0.0379801450130889,0.001594756075560776,0.2519185091335244,0.27403559108066544,0.09200744558230041,0.08912725980407933,0.3163160790957211,-0.030545185011282946,True,True,-0.030545185011282946,,
dirichlet_56,0.35609128941725726,0.0718600273865948,0.03449816514334763,0.2612003945955987,0.2763501234572015,MaxMin,c=0.9,OK,0.3986107979026886,0.059959003801085466,0.023099706816427062,0.2515376621325884,0.2667928293472104,0.04758338035294095,0.04646021376255982,0.30449845457965774,-0.009893785498727005,True,True,-0.009893785498727005,,
dirichlet_56,0.35609128941725726,0.0718600273865948,0.03449816514334763,0.2612003945955987,0.2763501234572015,MaxMin,c=0.95,OK,0.37610921767990757,0.06625709722881909,0.029131839679560054,0.2566512384045763,0.27185060700713687,0.0224019686099133,0.021873188550262383,0.30016764627017695,-0.004657934567315838,True,True,-0.004657934567315838,,
dirichlet_56,0.35609128941725726,0.0718600273865948,0.03449816514334763,0.2612003945955987,0.2763501234572015,MaxMin,c=1.0,OK,0.3560912894172573,0.07186002738659482,0.03449816514334764,0.26120039459559874,0.27635012345720156,9.739201700399851e-17,1.0085154789426779e-16,0.2963148586348133,1.190185002012476e-17,False,True,1.190185002012476e-17,,
dirichlet_56,0.35609128941725726,0.0718600273865948,0.03449816514334763,0.2612003945955987,0.2763501234572015,Fair,"alpha=0.0,eps=0.01",OK,0.39906726508491563,0.059831240642592085,0.022977338935434213,0.2514339280957399,0.26669022724131825,0.04809421061237313,0.046958986293505846,0.30458630938124154,-0.009999999999999992,True,True,,,0.05131114208474287
dirichlet_56,0.35609128941725726,0.0718600273865948,0.03449816514334763,0.2612003945955987,0.2763501234572015,Fair,"alpha=0.0,eps=0.02",OK,0.442043240752574,0.047802453898589364,0.011456512727520787,0.24166746159588098,0.25703033102543493,0.0961884212247463,0.09391797258701172,0.31285776012766975,-0.01999999999999999,True,True,,,0.10262228416948574
dirichlet_56,0.35609128941725726,0.0718600273865948,0.03449816514334763,0.2612003945955987,0.2763501234572015,Fair,"alpha=0.0,eps=0.05",OK,0.547452788974167,0.012082532745603268,0.0,0.2123291377386971,0.22813554054153262,0.21469918846839128,0.20997225681245124,0.33051071904781326,-0.04999999999999999,True,True,,,0.2561637785519801
dirichlet_56,0.35609128941725726,0.0718600273865948,0.03449816514334763,0.2612003945955987,0.2763501234572015,Fair,"alpha=0.0,eps=0.1",OK,0.6566035251089744,0.0,0.0,0.16331819843698694,0.18007827645403876,0.33986877406570803,0.3344682759922018,0.34152178357888774,-0.09999999999999998,True,True,,,0.5116665679250689
dirichlet_56,0.35609128941725726,0.0718600273865948,0.03449816514334763,0.2612003945955987,0.2763501234572015,Fair,"alpha=0.5,eps=0.01",OK,0.3565876725992341,0.0723165847976278,0.03460933384790971,0.2610249886593037,0.2754614200959248,0.0011347952769661391,0.001152168749659074,0.29624200447265175,-0.0008913130023236116,True,True,,,1.000356195911805
dirichlet_56,0.35609128941725726,0.0718600273865948,0.03449816514334763,0.2612003945955987,0.2763501234572015,Fair,"alpha=0.5,eps=0.02",OK,0.3570840559296205,0.0727731422627075,0.034720502665978155,0.26084958265586417,0.27457271648582976,0.0022695908569517124,0.002304337809384601,0.2961691502860094,-0.0017826262552892386,True,True,,,1.4147172994624313
dirichlet_56,0.35609128941725726,0.0718600273865948,0.03449816514334763,0.2612003945955987,0.2763501234572015,Fair,"alpha=0.5,eps=0.05",OK,0.35857320567084433,0.07414281451580206,0.035054008561321716,0.26032336493394337,0.27190660631808855,0.005673976812202606,0.0057608441755180075,0.2959505878598864,-0.0044565653407605075,True,True,,,2.236864455771893
dirichlet_56,0.35609128941725726,0.0718600273865948,0.03449816514334763,0.2612003945955987,0.2763501234572015,Fair,"alpha=0.5,eps=0.1",OK,0.361055121842524,0.07642560170513381,0.03560985225850342,0.2594463354036091,0.2674630887902296,0.011347953924263115,0.011521688654405048,0.2955863170019037,-0.00891313106244635,True,True,,,3.1634040505429235
dirichlet_56,0.35609128941725726,0.0718600273865948,0.03449816514334763,0.2612003945955987,0.2763501234572015,Fair,"alpha=1.0,eps=0.01",OK,0.3563395728671008,0.0720888762657113,0.03455696763626716,0.2611160047074337,0.27589857852348704,0.0005731393325364468,0.0005818125725846918,0.29627755862197586,-0.0004526566043445432,True,True,,,-23.02405821544571
dirichlet_56,0.35609128941725726,0.0718600273865948,0.03449816514334763,0.2612003945955987,0.2763501234572015,Fair,"alpha=1.0,eps=0.02",OK,0.35658785643891994,0.07231772497465985,0.034615769992349645,0.2610316145606593,0.2754470340334112,0.001146278324486826,0.0011636248086170687,0.29624025868454673,-0.0009053127796381801,True,True,,,-19.558322312645984
dirichlet_56,0.35609128941725726,0.0718600273865948,0.03449816514334763,0.2612003945955987,0.2763501234572015,Fair,"alpha=1.0,eps=0.05",OK,0.3573327060657273,0.07300427171933435,0.034792177392184494,0.2607784457214489,0.27409239910130495,0.0028656960254318737,0.002909062195723207,0.2961283585813081,-0.0022632826840002338,True,True,,,-14.97686865327521
dirichlet_56,0.35609128941725726,0.0718600273865948,0.03449816514334763,0.2612003945955987,0.2763501234572015,Fair,"alpha=1.0,eps=0.1",OK,0.3585741243291171,0.07414851552434908,0.03508618984015191,0.2603564941992378,0.271834676107144,0.005731391877228706,0.0058181243180805125,0.295941858729437,-0.004526564139737795,True,True,,,-11.511132750475483
dirichlet_56,0.35609128941725726,0.0718600273865948,0.03449816514334763,0.2612003945955987,0.2763501234572015,Fair,"alpha=2.0,eps=0.01",OK,0.35621543955921786,0.07197458008770564,0.03452837080913272,0.2611590498123174,0.2761225597316263,0.0002879975722612712,0.00029232900867327626,0.2962959918183574,-0.00022807029325699662,True,True,,,-499.91007439854934
dirichlet_56,0.35609128941725726,0.0718600273865948,0.03449816514334763,0.2612003945955987,0.2763501234572015,Fair,"alpha=2.0,eps=0.02",OK,0.35633958966107293,0.07208913260766785,0.03455857646493452,0.2611177052026903,0.2758949960636345,0.0005759949837041848,0.0005846578482636134,0.2962771250338223,-0.0004561405210961314,True,True,,,-249.95503719927464
dirichlet_56,0.35609128941725726,0.0718600273865948,0.03449816514334763,0.2612003945955987,0.2763501234572015,Fair,"alpha=2.0,eps=0.05",OK,0.3567120397480855,0.07243279107246171,0.03464919340825387,0.26099367132309365,0.27521230444810535,0.0014399879717301703,0.001461645129407948,0.2962205244982787,-0.0011403518146727027,True,True,,,-99.98201487970987
dirichlet_56,0.35609128941725726,0.0718600273865948,0.03449816514334763,0.2612003945955987,0.2763501234572015,Fair,"alpha=2.0,eps=0.1",OK,0.35733279044401633,0.0730055542311427,0.03480022241962425,0.2607869472485094,0.27407448565670717,0.002879975912577948,0.0029232902723444498,0.2961261903252258,-0.002280703452947762,True,True,,,-49.99100743985493
dirichlet_57,0.024806193314854647,0.03150768119330488,0.09915410382775852,0.2380459334508534,0.6064860882132285,Avg,rho=0.0,OK,0.0,0.0,9.662994007920299e-17,0.0,1.0,0.472185008983824,0.4629954784937304,0.6199757357952366,-0.219712317234807,True,True,,,
dirichlet_57,0.024806193314854647,0.03150768119330488,0.09915410382775852,0.2380459334508534,0.6064860882132285,Avg,rho=0.1,OK,1.588211771818998e-16,2.854076543085149e-17,0.0,0.0,0.9999999999999998,0.47218500898382376,0.46299547849373024,0.6199757357952365,-0.21971231723480703,True,True,,,
dirichlet_57,0.024806193314854647,0.03150768119330488,0.09915410382775852,0.2380459334508534,0.6064860882132285,Avg,rho=0.2,OK,0.0,0.0,3.4191986356277187e-16,0.0,0.9999999999999996,0.47218500898382354,0.46299547849372996,0.6199757357952363,-0.21971231723480703,True,True,,,
dirichlet_57,0.024806193314854647,0.03150768119330488,0.09915410382775852,0.2380459334508534,0.6064860882132285,Avg,rho=0.5,OK,1.4918116705022968e-16,0.0,0.0,0.1337373164771483,0.8662626835228516,0.2996727958164799,0.2963151317243688,0.573620740973335,-0.10314770527572346,True,True,,,
dirichlet_57,0.024806193314854647,0.03150768119330488,0.09915410382775852,0.2380459334508534,0.6064860882132285,Cert,,FLOOR_COLLAPSED,0.02480619331485465,0.03150768119330489,0.09915410382775854,0.23804593345085343,0.6064860882132286,1.1553831367574147e-16,1.1725345469586e-16,0.4543162846961119,5.932015059581317e-18,False,True,5.932015059581317e-18,-0.0,
dirichlet_57,0.024806193314854647,0.03150768119330488,0.09915410382775852,0.2380459334508534,0.6064860882132285,MaxMin,c=0.0,INFEASIBLE_BALL_MISSES_SIMPLEX,,,,,,,,,,False,False,,,
dirichlet_57,0.024806193314854647,0.03150768119330488,0.09915410382775852,0.2380459334508534,0.6064860882132285,MaxMin,c=0.1,INFEASIBLE_BALL_MISSES_SIMPLEX,,,,,,,,,,False,False,,,
dirichlet_57,0.024806193314854647,0.03150768119330488,0.09915410382775852,0.2380459334508534,0.6064860882132285,MaxMin,c=0.25,INFEASIBLE_BALL_MISSES_SIMPLEX,,,,,,,,,,False,False,,,
dirichlet_57,0.024806193314854647,0.03150768119330488,0.09915410382775852,0.2380459334508534,0.6064860882132285,MaxMin,c=0.5,INFEASIBLE_BALL_MISSES_SIMPLEX,,,,,,,,,,False,False,,,
dirichlet_57,0.024806193314854647,0.03150768119330488,0.09915410382775852,0.2380459334508534,0.6064860882132285,MaxMin,c=0.75,OK,0.0,0.0,0.06673742065791122,0.19693703846118002,0.7363255408809087,0.14562673952609773,0.14469261216559,0.5175835971464238,-0.03571541574469334,True,True,-0.03571541574469334,,
dirichlet_57,0.024806193314854647,0.03150768119330488,0.09915410382775852,0.2380459334508534,0.6064860882132285,MaxMin,c=0.9,OK,0.013195079145119103,0.019919489416355397,0.08757437923872853,0.22307000348834596,0.6562410487114511,0.05570483601000363,0.05539553371802376,0.4788017132501563,-0.012919941841282633,True,True,-0.012919941841282633,,
dirichlet_57,0.024806193314854647,0.03150768119330488,0.09915410382775852,0.2380459334508534,0.6064860882132285,MaxMin,c=0.95,OK,0.01903924888101634,0.025752121727658013,0.09340274979851729,0.2306077707839194,0.631198108808889,0.027667172096464226,0.027513549532338887,0.46647757291063546,-0.006417005775492938,True,True,-0.006417005775492938,,
dirichlet_57,0.024806193314854647,0.03150768119330488,0.09915410382775852,0.2380459334508534,0.6064860882132285,MaxMin,c=1.0,OK,0.02480619331485465,0.03150768119330489,0.09915410382775854,0.23804593345085343,0.6064860882132286,1.1553831367574147e-16,1.1725345469586e-16,0.4543162846961119,5.932015059581317e-18,False,True,5.932015059581317e-18,,
dirichlet_57,0.024806193314854647,0.03150768119330488,0.09915410382775852,0.2380459334508534,0.6064860882132285,Fair,"alpha=0.0,eps=0.01",OK,0.06778216898251296,0.019478894449302155,0.0876332776198451,0.22827946695099452,0.5968261919973452,0.0480942106123731,0.04695898629350582,0.44558911880587193,-0.010000000000000004,True,True,,,0.05131114208474287
dirichlet_57,0.024806193314854647,0.03150768119330488,0.09915410382775852,0.2380459334508534,0.6064860882132285,Fair,"alpha=0.0,eps=0.02",OK,0.11075814465017131,0.007450107705299428,0.0761124514119317,0.21851300045113567,0.587166295781462,0.09618842122474622,0.09391797258701165,0.43686195291563207,-0.02,True,True,,,0.10262228416948574
dirichlet_57,0.024806193314854647,0.03150768119330488,0.09915410382775852,0.2380459334508534,0.6064860882132285,Fair,"alpha=0.0,eps=0.05",OK,0.210998495796274,0.0,0.04163210989920547,0.1891639235252877,0.5582054707792328,0.20902046832116405,0.2047975254625794,0.4108583697237536,-0.05000000000000001,True,True,,,0.2565082692111668
dirichlet_57,0.024806193314854647,0.03150768119330488,0.09915410382775852,0.2380459334508534,0.6064860882132285,Fair,"alpha=0.0,eps=0.1",OK,0.34979542935477786,0.0,0.0,0.14020107248881733,0.5100034981564049,0.36786516663395985,0.36171121059525785,0.36869807715963787,-0.09999999999999998,True,True,,,0.5126967459962278
dirichlet_57,0.024806193314854647,0.03150768119330488,0.09915410382775852,0.2380459334508534,0.6064860882132285,Fair,"alpha=0.5,eps=0.01",OK,0.025302576385598432,0.03196423845276724,0.0992652725990008,0.23787052764987776,0.6055973849127557,0.0011347951053275592,0.0011521685730466306,0.4537708223941263,-0.000891312935785548,True,True,,,1.0003561959118048
dirichlet_57,0.024806193314854647,0.03150768119330488,0.09915410382775852,0.2380459334508534,0.6064860882132285,Fair,"alpha=0.5,eps=0.02",OK,0.025798959897620186,0.032420795992425686,0.0993764411180604,0.23769512185021768,0.604708681141676,0.002269590860052442,0.0023043377947395893,0.45322535980430606,-0.001782626338079875,True,True,,,1.4147172994624313
dirichlet_57,0.024806193314854647,0.03150768119330488,0.09915410382775852,0.2380459334508534,0.6064860882132285,Fair,"alpha=0.5,eps=0.05",OK,0.027288109568441656,0.033790468322512125,0.0997099472457326,0.23716890378919805,0.6020425710741155,0.00567397681220258,0.0057608441755179806,0.4515889726395454,-0.004456565340760509,True,True,,,2.236864455771893
dirichlet_57,0.024806193314854647,0.03150768119330488,0.09915410382775852,0.2380459334508534,0.6064860882132285,Fair,"alpha=0.5,eps=0.1",OK,0.029770025831545418,0.03607325732615635,0.10026579038622956,0.2362918720858665,0.5975990543702022,0.011347954330280784,0.011521689135120167,0.44886166035225933,-0.008913130344673566,True,True,,,3.1634040505429235
dirichlet_57,0.024806193314854647,0.03150768119330488,0.09915410382775852,0.2380459334508534,0.6064860882132285,Fair,"alpha=1.0,eps=0.01",OK,0.02505447671378526,0.03173652999538852,0.09921290621713069,0.23796154337390432,0.6060345436997912,0.0005731389657825984,0.000581812208088901,0.4540403793444515,-0.00045265619540536437,True,True,,,-23.02405821544571
dirichlet_57,0.024806193314854647,0.03150768119330488,0.09915410382775852,0.2380459334508534,0.6064860882132285,Fair,"alpha=1.0,eps=0.02",OK,0.02530276057764974,0.031965378652555346,0.09927170875555971,0.23787715333786302,0.6055829986763721,0.0011462784861663178,0.0011636249755551148,0.45376447371607725,-0.0009053128957610908,True,True,,,-19.558322312645984
dirichlet_57,0.024806193314854647,0.03150768119330488,0.09915410382775852,0.2380459334508534,0.6064860882132285,Fair,"alpha=1.0,eps=0.05",OK,0.026047610832484983,0.03265192519640106,0.09944811595443653,0.2376239833577157,0.6042283646589617,0.0028656958057206162,0.002909062016411884,0.4529367574459412,-0.002263281944226417,True,True,,,-14.976868653275211
dirichlet_57,0.024806193314854647,0.03150768119330488,0.09915410382775852,0.2380459334508534,0.6064860882132285,Fair,"alpha=1.0,eps=0.1",OK,0.027289028343224733,0.0337961691465783,0.09974212805274081,0.23720203324799335,0.6019706412094628,0.0057313915043163,0.00581812392487663,0.451557230250366,-0.004526563785061642,True,True,,,-11.511132750475483
dirichlet_57,0.024806193314854647,0.03150768119330488,0.09915410382775852,0.2380459334508534,0.6064860882132285,Fair,"alpha=2.0,eps=0.01",OK,0.024930343455524615,0.0316222338978142,0.09918430949416322,0.23800458866454802,0.60625852448795,0.0002879975733213045,0.00029232900987649006,0.45417754742446226,-0.00022807029310749507,True,True,,,-499.91007439854934
dirichlet_57,0.024806193314854647,0.03150768119330488,0.09915410382775852,0.2380459334508534,0.6064860882132285,Fair,"alpha=2.0,eps=0.02",OK,0.025054493555147144,0.03173678660820734,0.09921451523501057,0.2379632438167706,0.6060309607848644,0.0005759951303849282,0.0005846580073094665,0.454038810156458,-0.00045614056731349296,True,True,,,-249.95503719927467
dirichlet_57,0.024806193314854647,0.03150768119330488,0.09915410382775852,0.2380459334508534,0.6064860882132285,Fair,"alpha=2.0,eps=0.05",OK,0.02542694399265284,0.03208044471914128,0.09930513216106193,0.23783920953722318,0.6053482695899208,0.001439987852027979,0.001461645034075713,0.45362259834392493,-0.0011403514616461516,True,True,,,-99.98201487970987
dirichlet_57,0.024806193314854647,0.03150768119330488,0.09915410382775852,0.2380459334508534,0.6064860882132285,Fair,"alpha=2.0,eps=0.1",OK,0.026047694727148907,0.03265320825630087,0.09945616046696205,0.23763248532529194,0.6042104512242962,0.002879975569340636,0.002923289943256405,0.4529289120698024,-0.0022807026812377757,True,True,,,-49.99100743985493
dirichlet_58,0.5565926555729748,0.08276567964249922,0.16014859027608522,0.11498084216976644,0.08551223233867422,Avg,rho=0.0,OK,1.0,5.551115123125783e-17,0.0,0.0,0.0,0.4996406085693405,0.48822334076361096,0.5734101554470165,-0.14251098893609104,True,True,,,
dirichlet_58,0.5565926555729748,0.08276567964249922,0.16014859027608522,0.11498084216976644,0.08551223233867422,Avg,rho=0.1,OK,0.9999999999999993,3.3306690738754696e-16,2.636779683484747e-16,7.632783294297951e-17,9.71445146547012e-17,0.4996406085693398,0.4882233407636102,0.5734101554470161,-0.14251098893609077,True,True,,,
dirichlet_58,0.5565926555729748,0.08276567964249922,0.16014859027608522,0.11498084216976644,0.08551223233867422,Avg,rho=0.2,OK,0.9999999999999999,4.85722573273506e-17,6.938893903907228e-17,2.7755575615628914e-17,0.0,0.4996406085693404,0.48822334076361085,0.5734101554470163,-0.14251098893609096,True,True,,,
dirichlet_58,0.5565926555729748,0.08276567964249922,0.16014859027608522,0.11498084216976644,0.08551223233867422,Avg,rho=0.5,OK,0.8957534579369923,1.8102894027837314e-17,0.10001014433544493,0.004236397727562744,0.0,0.3808851718318791,0.37372709741794974,0.5339371900935377,-0.11230671303744234,True,True,,,
dirichlet_58,0.5565926555729748,0.08276567964249922,0.16014859027608522,0.11498084216976644,0.08551223233867422,Cert,,FLOOR_COLLAPSED,0.5565926555729749,0.08276567964249923,0.16014859027608525,0.11498084216976645,0.08551223233867424,1.1693631858900543e-16,1.1990637355884142e-16,0.3851823413604142,1.5585035866745473e-17,False,True,1.5585035866745473e-17,-0.0,
dirichlet_58,0.5565926555729748,0.08276567964249922,0.16014859027608522,0.11498084216976644,0.08551223233867422,MaxMin,c=0.0,INFEASIBLE_BALL_MISSES_SIMPLEX,,,,,,,,,,False,False,,,
dirichlet_58,0.5565926555729748,0.08276567964249922,0.16014859027608522,0.11498084216976644,0.08551223233867422,MaxMin,c=0.1,INFEASIBLE_BALL_MISSES_SIMPLEX,,,,,,,,,,False,False,,,
dirichlet_58,0.5565926555729748,0.08276567964249922,0.16014859027608522,0.11498084216976644,0.08551223233867422,MaxMin,c=0.25,OK,0.8547112872935607,6.938893903907228e-17,0.08231156301539073,0.04583293437909175,0.01714421531195663,0.3335252584474142,0.32576171275931237,0.5141081209545778,-0.07079081640549569,True,True,-0.07079081640549569,,
dirichlet_58,0.5565926555729748,0.08276567964249922,0.16014859027608522,0.11498084216976644,0.08551223233867422,MaxMin,c=0.5,OK,0.7433341259467295,0.030497562665742946,0.11008769014379835,0.07254307813519263,0.04353754310853648,0.2089814941183152,0.2040486576854973,0.4658276436255249,-0.04345252608523977,True,True,-0.04345252608523977,,
dirichlet_58,0.5565926555729748,0.08276567964249922,0.16014859027608522,0.11498084216976644,0.08551223233867422,MaxMin,c=0.75,OK,0.6483500636349931,0.05708318432707429,0.13555063443801343,0.0941285953497837,0.06488752225013547,0.10268528032281968,0.1002614786650339,0.4248082685495607,-0.021350860948823252,True,True,-0.021350860948823252,,
dirichlet_58,0.5565926555729748,0.08276567964249922,0.16014859027608522,0.11498084216976644,0.08551223233867422,MaxMin,c=0.9,OK,0.5930936389112637,0.07254921479902417,0.1503635538941227,0.10668584419829324,0.07730774819729633,0.04084807739575022,0.0398838920967675,0.40094548614233383,-0.008493346054679113,True,True,-0.008493346054679113,,
dirichlet_58,0.5565926555729748,0.08276567964249922,0.16014859027608522,0.11498084216976644,0.08551223233867422,MaxMin,c=0.95,OK,0.5748169839121634,0.07766477022184952,0.1552630858450653,0.11083928890792713,0.08141587111299467,0.02039475943936689,0.01991335790271165,0.3930526149774684,-0.004240585130660311,True,True,-0.004240585130660311,,
dirichlet_58,0.5565926555729748,0.08276567964249922,0.16014859027608522,0.11498084216976644,0.08551223233867422,MaxMin,c=1.0,OK,0.5565926555729749,0.08276567964249923,0.16014859027608525,0.11498084216976645,0.08551223233867424,1.1693631858900543e-16,1.1990637355884142e-16,0.3851823413604142,1.5585035866745473e-17,False,True,1.5585035866745473e-17,,
dirichlet_58,0.5565926555729748,0.08276567964249922,0.16014859027608522,0.11498084216976644,0.08551223233867422,Fair,"alpha=0.0,eps=0.01",OK,0.5995686312406332,0.07073689289849651,0.14862776406817182,0.10521437566990757,0.07585233612279094,0.04809421061237319,0.04695898629350591,0.4037417461938434,-0.009999999999999986,True,True,,,0.05131114208474287
dirichlet_58,0.5565926555729748,0.08276567964249922,0.16014859027608522,0.11498084216976644,0.08551223233867422,Fair,"alpha=0.0,eps=0.02",OK,0.6425446069082915,0.058708106154493775,0.1371069378602584,0.09544790917004872,0.06619243990690764,0.0961884212247463,0.09391797258701172,0.4223011510272727,-0.01999999999999998,True,True,,,0.10262228416948574
dirichlet_58,0.5565926555729748,0.08276567964249922,0.16014859027608522,0.11498084216976644,0.08551223233867422,Fair,"alpha=0.0,eps=0.05",OK,0.7714725339112666,0.02262174592248559,0.1025444592365181,0.06614850967047207,0.03721275125925771,0.24047105306186572,0.23479493146752936,0.47797936552756054,-0.05,True,True,,,0.2565557104237144
dirichlet_58,0.5565926555729748,0.08276567964249922,0.16014859027608522,0.11498084216976644,0.08551223233867422,Fair,"alpha=0.0,eps=0.1",OK,0.9375333562288822,0.0,0.045633427947794576,0.016833215823323245,0.0,0.42664387489211386,0.41723132108407984,0.5488399522564036,-0.1,True,True,,,0.5122295403030105
dirichlet_58,0.5565926555729748,0.08276567964249922,0.16014859027608522,0.11498084216976644,0.08551223233867422,Fair,"alpha=0.5,eps=0.01",OK,0.5570890386437186,0.0832222369019616,0.1602597590473275,0.11480543636879083,0.08462352903820146,0.0011347951053276013,0.001152168573046674,0.3854394192751773,-0.0008913129357855598,True,True,,,1.0003561959118048
dirichlet_58,0.5565926555729748,0.08276567964249922,0.16014859027608522,0.11498084216976644,0.08551223233867422,Fair,"alpha=0.5,eps=0.02",OK,0.557585422085338,0.0836787945186119,0.16037092779871576,0.11463003023003188,0.08373482536730245,0.0022695908569517424,0.0023043378093846314,0.385696497364651,-0.0017826262552892685,True,True,,,1.4147172994624313
dirichlet_58,0.5565926555729748,0.08276567964249922,0.16014859027608522,0.11498084216976644,0.08551223233867422,Fair,"alpha=0.5,eps=0.05",OK,0.5590745718265618,0.08504846677170647,0.16070443369405932,0.11410381250811112,0.08106871519956124,0.00567397681220263,0.005760844175518031,0.3864677313236128,-0.004456565340760535,True,True,,,2.236864455771893
dirichlet_58,0.5565926555729748,0.08276567964249922,0.16014859027608522,0.11498084216976644,0.08551223233867422,Fair,"alpha=0.5,eps=0.1",OK,0.5615564880971304,0.08733125435492418,0.16126027717224678,0.11322678219294156,0.07662519818275702,0.011347953825621386,0.011521688580020529,0.3877531212926486,-0.00891313059102307,True,True,,,3.1634040505429235
dirichlet_58,0.5565926555729748,0.08276567964249922,0.16014859027608522,0.11498084216976644,0.08551223233867422,Fair,"alpha=1.0,eps=0.01",OK,0.5568409390369145,0.08299452849474319,0.16020739267836803,0.11489645212322482,0.0850606876667494,0.0005731391356839022,0.0005818123783498544,0.38531138879473315,-0.0004526563514384948,True,True,,,-23.02405821544571
dirichlet_58,0.5565926555729748,0.08276567964249922,0.16014859027608522,0.11498084216976644,0.08551223233867422,Fair,"alpha=1.0,eps=0.02",OK,0.5570892224981943,0.08322337701802321,0.16026619500477413,0.114812062021678,0.08460914345733049,0.0011462777747949689,0.0011636242564666732,0.3854404362068615,-0.0009053122457212796,True,True,,,-19.558322312645984
dirichlet_58,0.5565926555729748,0.08276567964249922,0.16014859027608522,0.11498084216976644,0.08551223233867422,Fair,"alpha=1.0,eps=0.05",OK,0.5578340729374556,0.0839099237152129,0.16044260247791584,0.11455889212132438,0.08325450874809139,0.002865695796914714,0.0029090620077138222,0.38582757857280847,-0.002263281978510005,True,True,,,-14.97686865327521
dirichlet_58,0.5565926555729748,0.08276567964249922,0.16014859027608522,0.11498084216976644,0.08551223233867422,Fair,"alpha=1.0,eps=0.1",OK,0.5590754902364332,0.08505416740404295,0.16073661694902974,0.11413693936386357,0.08099678604663056,0.0057313913433861795,0.005818123912276191,0.3864728158703594,-0.004526563208356645,True,True,,,-11.511132750475483
dirichlet_58,0.5565926555729748,0.08276567964249922,0.16014859027608522,0.11498084216976644,0.08551223233867422,Fair,"alpha=2.0,eps=0.01",OK,0.5567168057136448,0.08288023234700855,0.16017879594248993,0.11493949738346107,0.08528466861339568,0.00028799757332141965,0.0002923290098766055,0.3852469855605834,-0.00022807029310760484,True,True,,,-499.91007439854934
dirichlet_58,0.5565926555729748,0.08276567964249922,0.16014859027608522,0.11498084216976644,0.08551223233867422,Fair,"alpha=2.0,eps=0.02",OK,0.5568409557923607,0.0829947850623097,0.16020900172067098,0.11489815250410071,0.0850571049205578,0.0005759951236771066,0.0005846580025574398,0.3853116297394422,-0.00045614055874656194,True,True,,,-249.95503719927467
dirichlet_58,0.5565926555729748,0.08276567964249922,0.16014859027608522,0.11498084216976644,0.08551223233867422,Fair,"alpha=2.0,eps=0.05",OK,0.5572134056730033,0.08333844329635622,0.1602996185499474,0.11477411825654663,0.08437441422414653,0.0014399872455737423,0.0014616444228872179,0.3855055620729409,-0.0011403509562714221,True,True,,,-99.98201487970987
dirichlet_58,0.5565926555729748,0.08276567964249922,0.16014859027608522,0.11498084216976644,0.08551223233867422,Fair,"alpha=2.0,eps=0.1",OK,0.5578341570200692,0.08391120674104788,0.1604506468239472,0.11456739425816517,0.08323659515677054,0.002879975710665493,0.0029232900755739206,0.38582878336972254,-0.0022807028625717223,True,True,,,-49.99100743985493
dirichlet_59,0.03997960281615355,0.18664202156865076,0.2200759303432514,0.08243996892434241,0.47086247634760175,Avg,rho=0.0,OK,0.0,0.0,5.551115123125783e-17,4.317817554615645e-17,1.0,0.6096309501544821,0.6100562005586762,0.47752577837664584,-0.23166389544640154,True,True,,,
dirichlet_59,0.03997960281615355,0.18664202156865076,0.2200759303432514,0.08243996892434241,0.47086247634760175,Avg,rho=0.1,OK,1.5515838457795457e-17,1.9309766613281883e-16,0.0,0.0,0.9999999999999999,0.6096309501544819,0.6100562005586759,0.47752577837664584,-0.2316638954464016,True,True,,,
dirichlet_59,0.03997960281615355,0.18664202156865076,0.2200759303432514,0.08243996892434241,0.47086247634760175,Avg,rho=0.2,OK,0.0,0.0,0.0743024312981402,0.0,0.9256975687018597,0.5209173020677832,0.5206761498006219,0.4595135306822444,-0.19548400776187946,True,True,,,
dirichlet_59,0.03997960281615355,0.18664202156865076,0.2200759303432514,0.08243996892434241,0.47086247634760175,Avg,rho=0.5,OK,2.3968201311027982e-17,0.12589764009611304,0.19091038262301643,2.2013592536763102e-17,0.6831919772808704,0.24087142449542945,0.23838842264322743,0.39697554912583444,-0.07334746195012955,True,True,,,
dirichlet_59,0.03997960281615355,0.18664202156865076,0.2200759303432514,0.08243996892434241,0.47086247634760175,Cert,,FLOOR_COLLAPSED,0.03997960281615356,0.18664202156865078,0.22007593034325146,0.08243996892434242,0.47086247634760187,1.2813490069415586e-16,1.301941059727256e-16,0.3272201245933796,1.2845261079877559e-17,False,True,1.2845261079877559e-17,-0.0,
dirichlet_59,0.03997960281615355,0.18664202156865076,0.2200759303432514,0.08243996892434241,0.47086247634760175,MaxMin,c=0.0,INFEASIBLE_BALL_MISSES_SIMPLEX,,,,,,,,,,False,False,,,
dirichlet_59,0.03997960281615355,0.18664202156865076,0.2200759303432514,0.08243996892434241,0.47086247634760175,MaxMin,c=0.1,INFEASIBLE_BALL_MISSES_SIMPLEX,,,,,,,,,,False,False,,,
dirichlet_59,0.03997960281615355,0.18664202156865076,0.2200759303432514,0.08243996892434241,0.47086247634760175,MaxMin,c=0.25,INFEASIBLE_BALL_MISSES_SIMPLEX,,,,,,,,,,False,False,,,
dirichlet_59,0.03997960281615355,0.18664202156865076,0.2200759303432514,0.08243996892434241,0.47086247634760175,MaxMin,c=0.5,OK,2.359223927328458e-16,0.1460002574275979,0.1794705978812718,0.029994809270945246,0.6445343354201849,0.19445134111900525,0.193361509667133,0.38342533714445265,-0.04526640838952581,True,True,-0.04526640838952581,,
dirichlet_59,0.03997960281615355,0.18664202156865076,0.2200759303432514,0.08243996892434241,0.47086247634760175,MaxMin,c=0.75,OK,0.021510161307942074,0.16820904200428047,0.20165641927378497,0.058618218622846795,0.5500061587911458,0.08860796607210483,0.08811596844753855,0.3528629303940405,-0.020551353353241195,True,True,-0.020551353353241195,,
dirichlet_59,0.03997960281615355,0.18664202156865076,0.2200759303432514,0.08243996892434241,0.47086247634760175,MaxMin,c=0.9,OK,0.032759153610405996,0.17943582680656567,0.2128750009587516,0.07312708645480664,0.5018029321694701,0.03464042580625723,0.03444808410193718,0.33724493106596265,-0.008034352469752393,True,True,-0.008034352469752393,,
dirichlet_59,0.03997960281615355,0.18664202156865076,0.2200759303432514,0.08243996892434241,0.47086247634760175,MaxMin,c=0.95,OK,0.036390012318238796,0.18305951755719427,0.21649604397355227,0.07781014140693016,0.4862442847440846,0.017221219867996494,0.017125598676778844,0.3322038796246841,-0.0039942162129425396,True,True,-0.0039942162129425396,,
dirichlet_59,0.03997960281615355,0.18664202156865076,0.2200759303432514,0.08243996892434241,0.47086247634760175,MaxMin,c=1.0,OK,0.03997960281615356,0.18664202156865078,0.22007593034325146,0.08243996892434242,0.47086247634760187,1.2813490069415586e-16,1.301941059727256e-16,0.3272201245933796,1.2845261079877559e-17,False,True,1.2845261079877559e-17,,
dirichlet_59,0.03997960281615355,0.18664202156865076,0.2200759303432514,0.08243996892434241,0.47086247634760175,Fair,"alpha=0.0,eps=0.01",OK,0.0829555784838119,0.17461323482464805,0.208555104135338,0.07267350242448355,0.4612025801317185,0.048094210612373116,0.04695898629350583,0.31927152367397077,-0.009999999999999988,True,True,,,0.05131114208474287
dirichlet_59,0.03997960281615355,0.18664202156865076,0.2200759303432514,0.08243996892434241,0.47086247634760175,Fair,"alpha=0.0,eps=0.02",OK,0.12593155415147023,0.16258444808064534,0.19703427792742462,0.06290703592462467,0.45154268391583524,0.09618842122474622,0.09391797258701165,0.3113229227545621,-0.01999999999999999,True,True,,,0.10262228416948574
dirichlet_59,0.03997960281615355,0.18664202156865076,0.2200759303432514,0.08243996892434241,0.47086247634760175,Fair,"alpha=0.0,eps=0.05",OK,0.25485948115444523,0.12649808784863717,0.1624717993036843,0.03360763642504805,0.42256299526818536,0.24047105306186561,0.2347949314675292,0.2874771199963358,-0.04999999999999999,True,True,,,0.2565557104237144
dirichlet_59,0.03997960281615355,0.18664202156865076,0.2200759303432514,0.08243996892434241,0.47086247634760175,Fair,"alpha=0.0,eps=0.1",OK,0.45391736460685583,0.06710831650522624,0.10542356803548415,0.0,0.3735507508524338,0.46372821982313195,0.45249360812873207,0.24834699021873122,-0.1,True,True,,,0.5125656572002051
dirichlet_59,0.03997960281615355,0.18664202156865076,0.2200759303432514,0.08243996892434241,0.47086247634760175,Fair,"alpha=0.5,eps=0.01",OK,0.04047598588689734,0.18709857882811315,0.2201870991144937,0.0822645631233668,0.469973773047129,0.0011347951053275716,0.0011521685730466438,0.3269296593942686,-0.0008913129357855463,True,True,,,1.0003561959118048
dirichlet_59,0.03997960281615355,0.18664202156865076,0.2200759303432514,0.08243996892434241,0.47086247634760175,Fair,"alpha=0.5,eps=0.02",OK,0.04097236932851673,0.18755513644476346,0.22029826786588194,0.08208915698460785,0.46908506937623,0.0022695908569516986,0.0023043378093845876,0.3266391940734982,-0.001782626255289241,True,True,,,1.4147172994624313
dirichlet_59,0.03997960281615355,0.18664202156865076,0.2200759303432514,0.08243996892434241,0.47086247634760175,Fair,"alpha=0.5,eps=0.05",OK,0.04246151906974057,0.18892480869785802,0.2206317737612255,0.08156293926268708,0.4664189592084888,0.005673976812202594,0.005760844175517995,0.3257677983477632,-0.004456565340760508,True,True,,,2.236864455771893
dirichlet_59,0.03997960281615355,0.18664202156865076,0.2200759303432514,0.08243996892434241,0.47086247634760175,Fair,"alpha=0.5,eps=0.1",OK,0.044943435388888876,0.19120759604181062,0.2211876174451567,0.0806859090042725,0.46197544211987135,0.011347953818231159,0.011521688574394366,0.32431547216833984,-0.00891313066028379,True,True,,,3.163404050542923
dirichlet_59,0.03997960281615355,0.18664202156865076,0.2200759303432514,0.08243996892434241,0.47086247634760175,Fair,"alpha=1.0,eps=0.01",OK,0.04022788628827281,0.18687087039086922,0.2201347327894514,0.08235557891159632,0.47041093161981035,0.0005731391707822621,0.0005818124132758746,0.32707272060691783,-0.0004526564054767947,True,True,,,-23.02405821544571
dirichlet_59,0.03997960281615355,0.18664202156865076,0.2200759303432514,0.08243996892434241,0.47086247634760175,Fair,"alpha=1.0,eps=0.02",OK,0.040476169753551686,0.18709971922943952,0.22019353523638185,0.08227118881949051,0.46995938696113654,0.0011462783024364695,0.0011636247901941673,0.32692531664733143,-0.0009053127460337926,True,True,,,-19.558322312645984
dirichlet_59,0.03997960281615355,0.18664202156865076,0.2200759303432514,0.08243996892434241,0.47086247634760175,Fair,"alpha=1.0,eps=0.05",OK,0.04122102030444685,0.18778626532235906,0.22036994261640186,0.08201801883358546,0.46860475292320686,0.0028656956057919393,0.0029090618175945356,0.32648310470576775,-0.0022632818155344085,True,True,,,-14.97686865327521
dirichlet_59,0.03997960281615355,0.18664202156865076,0.2200759303432514,0.08243996892434241,0.47086247634760175,Fair,"alpha=1.0,eps=0.1",OK,0.04246243811427434,0.18893050932791025,0.22066395424554244,0.08159606889681865,0.4663470294154542,0.0057313914283563,0.005818123834369859,0.3257460847187155,-0.004526563704508044,True,True,,,-11.511132750475483
dirichlet_59,0.03997960281615355,0.18664202156865076,0.2200759303432514,0.08243996892434241,0.47086247634760175,Fair,"alpha=2.0,eps=0.01",OK,0.0401037530155373,0.18675657433772103,0.2201061359755058,0.08239862401182335,0.4706349126594126,0.0002879976095422322,0.00029232905052537764,0.32714588165857955,-0.00022807026208015416,True,True,,,-499.91007439854934
dirichlet_59,0.03997960281615355,0.18664202156865076,0.2200759303432514,0.08243996892434241,0.47086247634760175,Fair,"alpha=2.0,eps=0.02",OK,0.04022790309825931,0.18687112697373714,0.22013634167583593,0.08235727935342542,0.4704073488987422,0.0005759951438007834,0.0005846580168137282,0.32707163869919853,-0.0004561405844475496,True,True,,,-249.95503719927467
dirichlet_59,0.03997960281615355,0.18664202156865076,0.2200759303432514,0.08243996892434241,0.47086247634760175,Fair,"alpha=2.0,eps=0.05",OK,0.04060035359723617,0.18721478500644564,0.2202269586276551,0.08223324510443952,0.4697246576642236,0.0014399878904139568,0.0014616450678870674,0.32684890981991765,-0.0011403515167001397,True,True,,,-99.98201487970985
dirichlet_59,0.03997960281615355,0.18664202156865076,0.2200759303432514,0.08243996892434241,0.47086247634760175,Fair,"alpha=2.0,eps=0.1",OK,0.04122110373372081,0.18778754914049434,0.2203779869672083,0.08202652127008221,0.46858683888849423,0.002879975860724714,0.002923290219851717,0.32647769511200947,-0.0022807031263672203,True,True,,,-49.991007439854926
dirichlet_60,0.37772833736057115,0.0550031029456836,0.01991622048808111,0.038302120577779875,0.5090502186278844,Avg,rho=0.0,OK,2.220446049250312e-16,5.55111512312578e-17,0.0,6.245004513516503e-17,0.9999999999999996,0.6233774412724983,0.6227896103243842,0.5141740436019715,-0.3796897890101993,True,True,,,
dirichlet_60,0.37772833736057115,0.0550031029456836,0.01991622048808111,0.038302120577779875,0.5090502186278844,Avg,rho=0.1,OK,0.11486415074192177,2.42861286636753e-16,3.469446951953614e-17,2.706168622523819e-16,0.8851358492580778,0.46414117656822096,0.4639354914482704,0.4995312381114569,-0.2656302524696076,True,True,,,
dirichlet_60,0.37772833736057115,0.0550031029456836,0.01991622048808111,0.038302120577779875,0.5090502186278844,Avg,rho=0.2,OK,0.27533742126612165,0.0,3.6602665343110615e-16,0.0,0.724662578733878,0.2487200014917887,0.24861304728634984,0.4790742123855445,-0.10628108438784606,True,True,,,
dirichlet_60,0.37772833736057115,0.0550031029456836,0.01991622048808111,0.038302120577779875,0.5090502186278844,Avg,rho=0.5,OK,0.37162138358064084,0.0,4.144023991146939e-17,6.408651278926036e-17,0.6283786164193591,0.13843991843716447,0.13729054321616332,0.4667999969499973,-0.05637949030675541,True,True,,,
dirichlet_60,0.37772833736057115,0.0550031029456836,0.01991622048808111,0.038302120577779875,0.5090502186278844,Cert,,FLOOR_COLLAPSED,0.37772833736057115,0.0550031029456836,0.01991622048808111,0.038302120577779875,0.5090502186278844,0.0,0.0,0.41621498593194234,0.0,False,True,0.0,-0.0,
dirichlet_60,0.37772833736057115,0.0550031029456836,0.01991622048808111,0.038302120577779875,0.5090502186278844,MaxMin,c=0.0,INFEASIBLE_BALL_MISSES_SIMPLEX,,,,,,,,,,False,False,,,
dirichlet_60,0.37772833736057115,0.0550031029456836,0.01991622048808111,0.038302120577779875,0.5090502186278844,MaxMin,c=0.1,INFEASIBLE_BALL_MISSES_SIMPLEX,,,,,,,,,,False,False,,,
dirichlet_60,0.37772833736057115,0.0550031029456836,0.01991622048808111,0.038302120577779875,0.5090502186278844,MaxMin,c=0.25,INFEASIBLE_BALL_MISSES_SIMPLEX,,,,,,,,,,False,False,,,
dirichlet_60,0.37772833736057115,0.0550031029456836,0.01991622048808111,0.038302120577779875,0.5090502186278844,MaxMin,c=0.5,INFEASIBLE_BALL_MISSES_SIMPLEX,,,,,,,,,,False,False,,,
dirichlet_60,0.37772833736057115,0.0550031029456836,0.01991622048808111,0.038302120577779875,0.5090502186278844,MaxMin,c=0.75,OK,0.37165286117677765,0.004369993371509069,6.453171330633722e-16,7.632783294297951e-17,0.6239771454517127,0.13293806822902315,0.1317772855012737,0.46492155740122193,-0.05203574898956498,True,True,-0.05203574898956498,,
dirichlet_60,0.37772833736057115,0.0550031029456836,0.01991622048808111,0.038302120577779875,0.5090502186278844,MaxMin,c=0.9,OK,0.36593453394503234,0.04323258258381095,0.008154300536844367,0.02309055936489827,0.5595880235694142,0.05658129578203644,0.05626712692844836,0.43498170406578796,-0.013123224178903378,True,True,-0.013123224178903378,,
dirichlet_60,0.37772833736057115,0.0550031029456836,0.01991622048808111,0.038302120577779875,0.5090502186278844,MaxMin,c=0.95,OK,0.3719542947415515,0.04924045930792917,0.014157787462951377,0.03085480272362016,0.5337926557639477,0.027701225955178342,0.02754741430627501,0.42540284726098304,-0.006424904082096173,True,True,-0.006424904082096173,,
dirichlet_60,0.37772833736057115,0.0550031029456836,0.01991622048808111,0.038302120577779875,0.5090502186278844,MaxMin,c=1.0,OK,0.37772833736057115,0.0550031029456836,0.01991622048808111,0.038302120577779875,0.5090502186278844,0.0,0.0,0.41621498593194234,0.0,False,True,0.0,,
dirichlet_60,0.37772833736057115,0.0550031029456836,0.01991622048808111,0.038302120577779875,0.5090502186278844,Fair,"alpha=0.0,eps=0.01",OK,0.42070431302822947,0.04297431620168087,0.008395394280167686,0.028535654077921,0.49939032241200104,0.048094210612373116,0.04695898629350583,0.4255966583196843,-0.01000000000000001,True,True,,,0.05131114208474287
dirichlet_60,0.37772833736057115,0.0550031029456836,0.01991622048808111,0.038302120577779875,0.5090502186278844,Fair,"alpha=0.0,eps=0.02",OK,0.46049907167763815,0.030995095894428438,0.0,0.01876392246901717,0.4897419099589163,0.09262066005747786,0.09047902009756802,0.43390152574501323,-0.020000000000000007,True,True,,,0.102569269446322
dirichlet_60,0.37772833736057115,0.0550031029456836,0.01991622048808111,0.038302120577779875,0.5090502186278844,Fair,"alpha=0.0,eps=0.05",OK,0.5396058522930597,0.0,0.0,0.0,0.46039414770694037,0.18292291461465426,0.17905814571156345,0.44538544867801294,-0.05000000000000003,True,True,,,0.25553654666237174
dirichlet_60,0.37772833736057115,0.0550031029456836,0.01991622048808111,0.038302120577779875,0.5090502186278844,Fair,"alpha=0.0,eps=0.1",OK,0.5899585690521022,0.0,0.0,0.0,0.41004143094789786,0.2444042980281642,0.24053299840586442,0.438966517857045,-0.10000000000000002,True,True,,,0.5092967286506778
dirichlet_60,0.37772833736057115,0.0550031029456836,0.01991622048808111,0.038302120577779875,0.5090502186278844,Fair,"alpha=0.5,eps=0.01",OK,0.37822472043131483,0.05545966020514594,0.020027389259323375,0.03812671477680424,0.5081615153274115,0.0011347951053275929,0.0011521685730466608,0.41598116591116463,-0.0008913129357856599,True,True,,,1.0003561959118048
dirichlet_60,0.37772833736057115,0.0550031029456836,0.01991622048808111,0.038302120577779875,0.5090502186278844,Fair,"alpha=0.5,eps=0.02",OK,0.3787211040861292,0.05591621739134617,0.02013855805402596,0.03795130862992827,0.5072728118385704,0.002269590639947621,0.0023043375909962576,0.4157473459888888,-0.001782626074797267,True,True,,,1.4147172994624313
dirichlet_60,0.37772833736057115,0.0550031029456836,0.01991622048808111,0.038302120577779875,0.5090502186278844,Fair,"alpha=0.5,eps=0.05",OK,0.38021025361588273,0.05728589006470618,0.020472064048548316,0.037425090977562546,0.5046067012933003,0.00567397696640322,0.0057608443315997244,0.4150458857616419,-0.004456565532498173,True,True,,,2.236864455771893
dirichlet_60,0.37772833736057115,0.0550031029456836,0.01991622048808111,0.038302120577779875,0.5090502186278844,Fair,"alpha=0.5,eps=0.1",OK,0.3826921698926186,0.05956867719590738,0.021027907563481676,0.036548061391850316,0.5001631839561421,0.01134795394239086,0.011521688671336267,0.4138767855983108,-0.008913131066720578,True,True,,,3.163404050542923
dirichlet_60,0.37772833736057115,0.0550031029456836,0.01991622048808111,0.038302120577779875,0.5090502186278844,Fair,"alpha=1.0,eps=0.01",OK,0.3779766208449864,0.05523195177707749,0.01997502288656837,0.038217730566266525,0.5085986739251013,0.0005731391549931497,0.0005818123963347962,0.4160948521057423,-0.0004526563804214048,True,True,,,-23.02405821544571
dirichlet_60,0.37772833736057115,0.0550031029456836,0.01991622048808111,0.038302120577779875,0.5090502186278844,Fair,"alpha=1.0,eps=0.02",OK,0.37822490438121315,0.05546080054165071,0.020033825325766075,0.038133340553617695,0.5081471291977525,0.0011462783294480816,0.0011636248129859854,0.4159747182830379,-0.0009053127853967298,True,True,,,-19.558322312645984
dirichlet_60,0.37772833736057115,0.0550031029456836,0.01991622048808111,0.038302120577779875,0.5090502186278844,Fair,"alpha=1.0,eps=0.05",OK,0.3789697549046507,0.05614734696921703,0.02021023251901998,0.03788017050309436,0.506792495104018,0.002865695788848445,0.002909061996732399,0.41561431683214445,-0.0022632819128487595,True,True,,,-14.97686865327521
dirichlet_60,0.37772833736057115,0.0550031029456836,0.01991622048808111,0.038302120577779875,0.5090502186278844,Fair,"alpha=1.0,eps=0.1",OK,0.38021117281834677,0.057291590277240734,0.020504244714163167,0.03745822041603994,0.5045347717742095,0.005731391317899333,0.005818123733999276,0.41501364792070194,-0.0045265636337579905,True,True,,,-11.511132750475483
dirichlet_60,0.37772833736057115,0.0550031029456836,0.01991622048808111,0.038302120577779875,0.5090502186278844,Fair,"alpha=2.0,eps=0.01",OK,0.3778524874967944,0.05511765565522466,0.01994642615227463,0.03826077579115739,0.5088226549045488,0.00028799757168423393,0.00029232900820804777,0.4161541113590735,-0.00022807029118796735,True,True,,,-499.9100743985493
dirichlet_60,0.37772833736057115,0.0550031029456836,0.01991622048808111,0.038302120577779875,0.5090502186278844,Fair,"alpha=2.0,eps=0.02",OK,0.3779766376399329,0.05523220835229598,0.01997663182632298,0.03821943100744934,0.5085950911739989,0.0005759951477052535,0.0005846580208456315,0.41609323678477256,-0.00045614058943186243,True,True,,,-249.95503719927467
dirichlet_60,0.37772833736057115,0.0550031029456836,0.01991622048808111,0.038302120577779875,0.5090502186278844,Fair,"alpha=2.0,eps=0.05",OK,0.37834908806237694,0.055575866465543695,0.020067248815523957,0.03809539665205238,0.5079124000045031,0.0014399878611802493,0.0014616450435986836,0.41591061307061644,-0.0011403514622593028,True,True,,,-99.98201487970987
dirichlet_60,0.37772833736057115,0.0550031029456836,0.01991622048808111,0.038302120577779875,0.5090502186278844,Fair,"alpha=2.0,eps=0.1",OK,0.3789698387087207,0.0561486313546582,0.020218276959445315,0.03788867142634033,0.5067745815508355,0.0028799762763577308,0.0029232906935082966,0.41560624028818055,-0.0022807028167504645,True,True,,,-49.99100743985493
dirichlet_61,0.15207453155357126,0.17901214086248043,0.05888249441480218,0.22308235426659764,0.38694847890254835,Avg,rho=0.0,OK,1.2878145919970224e-16,0.0,6.390508167652867e-17,8.153200337090989e-16,0.9999999999999989,0.6958714408401462,0.6894698194557174,0.40133834192460865,-0.19704591557902257,True,True,,,
dirichlet_61,0.15207453155357126,0.17901214086248043,0.05888249441480218,0.22308235426659764,0.38694847890254835,Avg,rho=0.1,OK,5.585701844806364e-17,0.0,8.284629785472784e-17,0.022455348069018014,0.9775446519309818,0.6690995389951714,0.6637674515998715,0.3979556396027389,-0.1920943562606403,True,True,,,
dirichlet_61,0.15207453155357126,0.17901214086248043,0.05888249441480218,0.22308235426659764,0.38694847890254835,Avg,rho=0.2,OK,0.0,0.048274526694530036,0.0,0.1969936241282959,0.754731849177174,0.42382940476666636,0.4263816297015625,0.3618856074582122,-0.16189102496025964,True,True,,,
dirichlet_61,0.15207453155357126,0.17901214086248043,0.05888249441480218,0.22308235426659764,0.38694847890254835,Avg,rho=0.5,OK,0.08744132809800853,0.14123030531251218,0.0,0.22515842432900984,0.5461699422604694,0.18554743516336752,0.18745901769560444,0.3189080613121428,-0.06923644795516408,True,True,,,
dirichlet_61,0.15207453155357126,0.17901214086248043,0.05888249441480218,0.22308235426659764,0.38694847890254835,Cert,,FLOOR_COLLAPSED,0.15207453155357128,0.17901214086248046,0.058882494414802186,0.22308235426659767,0.3869484789025484,7.376145397762941e-17,7.651730306371187e-17,0.27804531578951924,1.0600833861099497e-17,False,True,1.0600833861099497e-17,-0.0,
dirichlet_61,0.15207453155357126,0.17901214086248043,0.05888249441480218,0.22308235426659764,0.38694847890254835,MaxMin,c=0.0,INFEASIBLE_BALL_MISSES_SIMPLEX,,,,,,,,,,False,False,,,
dirichlet_61,0.15207453155357126,0.17901214086248043,0.05888249441480218,0.22308235426659764,0.38694847890254835,MaxMin,c=0.1,INFEASIBLE_BALL_MISSES_SIMPLEX,,,,,,,,,,False,False,,,
dirichlet_61,0.15207453155357126,0.17901214086248043,0.05888249441480218,0.22308235426659764,0.38694847890254835,MaxMin,c=0.25,INFEASIBLE_BALL_MISSES_SIMPLEX,,,,,,,,,,False,False,,,
dirichlet_61,0.15207453155357126,0.17901214086248043,0.05888249441480218,0.22308235426659764,0.38694847890254835,MaxMin,c=0.5,OK,0.11212455910555769,0.13905181809472908,0.018842361155419287,0.20855023938427383,0.5214310222600201,0.15196307708314014,0.15270378548052557,0.3102129058097199,-0.044113742275933406,True,True,-0.044113742275933406,,
dirichlet_61,0.15207453155357126,0.17901214086248043,0.05888249441480218,0.22308235426659764,0.38694847890254835,MaxMin,c=0.75,OK,0.13605725032047183,0.16302648057517688,0.042908514430368805,0.20242338231695303,0.4555843723570295,0.07684361822412736,0.07641694239231121,0.2931441526183189,-0.01782278073938111,True,True,-0.01782278073938111,,
dirichlet_61,0.15207453155357126,0.17901214086248043,0.05888249441480218,0.22308235426659764,0.38694847890254835,MaxMin,c=0.9,OK,0.14600605532103403,0.17295564487523077,0.05283042375038508,0.2152552780955184,0.4129525979578316,0.029113784295154103,0.02895212938589126,0.28376582048073873,-0.006752526832777826,True,True,-0.006752526832777826,,
dirichlet_61,0.15207453155357126,0.17901214086248043,0.05888249441480218,0.22308235426659764,0.38694847890254835,MaxMin,c=0.95,OK,0.14907850772196862,0.1760220317117655,0.055894570058451026,0.21921810468536204,0.3997867858224529,0.014373557419363706,0.01429374793472732,0.28086954508975037,-0.0033337415422454403,True,True,-0.0033337415422454403,,
dirichlet_61,0.15207453155357126,0.17901214086248043,0.05888249441480218,0.22308235426659764,0.38694847890254835,MaxMin,c=1.0,OK,0.15207453155357128,0.17901214086248046,0.058882494414802186,0.22308235426659767,0.3869484789025484,7.376145397762941e-17,7.651730306371187e-17,0.27804531578951924,1.0600833861099497e-17,False,True,1.0600833861099497e-17,,
dirichlet_61,0.15207453155357126,0.17901214086248043,0.05888249441480218,0.22308235426659764,0.38694847890254835,Fair,"alpha=0.0,eps=0.01",OK,0.19505050722122963,0.16698335411847773,0.04736166820688877,0.21331588776673882,0.37728858268666515,0.04809421061237312,0.046958986293505846,0.27584843368553524,-0.009999999999999981,True,True,,,0.05131114208474287
dirichlet_61,0.15207453155357126,0.17901214086248043,0.05888249441480218,0.22308235426659764,0.38694847890254835,Fair,"alpha=0.0,eps=0.02",OK,0.23802648288888792,0.15495456737447502,0.03584084199897534,0.20354942126687992,0.3676286864707818,0.09618842122474622,0.09391797258701166,0.27365155158155124,-0.019999999999999997,True,True,,,0.10262228416948574
dirichlet_61,0.15207453155357126,0.17901214086248043,0.05888249441480218,0.22308235426659764,0.38694847890254835,Fair,"alpha=0.0,eps=0.05",OK,0.36695440989186295,0.11886820714246682,0.0012783633752350562,0.1742500217673033,0.3386489978231319,0.24047105306186564,0.2347949314675292,0.2670609052695993,-0.05000000000000001,True,True,,,0.2565557104237144
dirichlet_61,0.15207453155357126,0.17901214086248043,0.05888249441480218,0.22308235426659764,0.38694847890254835,Fair,"alpha=0.0,eps=0.1",OK,0.5245031753465067,0.059617547588996775,0.0,0.12532280276411137,0.29055647430038517,0.4186569720309047,0.40961500923592553,0.25097092968899964,-0.09999999999999999,True,True,,,0.5121560025088617
dirichlet_61,0.15207453155357126,0.17901214086248043,0.05888249441480218,0.22308235426659764,0.38694847890254835,Fair,"alpha=0.5,eps=0.01",OK,0.15257091462431507,0.17946869812194283,0.05899366318604446,0.22290694846562206,0.38605977560207566,0.0011347951053275354,0.0011521685730466074,0.2778307483217285,-0.000891312935785489,True,True,,,1.0003561959118048
dirichlet_61,0.15207453155357126,0.17901214086248043,0.05888249441480218,0.22308235426659764,0.38694847890254835,Fair,"alpha=0.5,eps=0.02",OK,0.15306729806593447,0.17992525573859314,0.05910483193743271,0.22273154232686312,0.38517107193117667,0.0022695908569516634,0.002304337809384552,0.2776161807543826,-0.001782626255289183,True,True,,,1.4147172994624313
dirichlet_61,0.15207453155357126,0.17901214086248043,0.05888249441480218,0.22308235426659764,0.38694847890254835,Fair,"alpha=0.5,eps=0.05",OK,0.1545564478071583,0.1812949279916877,0.05943833783277627,0.22220532460494236,0.38250496176343546,0.0056739768122025525,0.005760844175517954,0.2769724783161221,-0.00445656534076045,True,True,,,2.236864455771893
dirichlet_61,0.15207453155357126,0.17901214086248043,0.05888249441480218,0.22308235426659764,0.38694847890254835,Fair,"alpha=0.5,eps=0.1",OK,0.15703836397883797,0.18357771518101945,0.05999418152995798,0.2213282950746081,0.3780614442355766,0.01134795392426303,0.011521688654404965,0.2758996407402287,-0.008913131062446237,True,True,,,3.1634040505429235
dirichlet_61,0.15207453155357126,0.17901214086248043,0.05888249441480218,0.22308235426659764,0.38694847890254835,Fair,"alpha=1.0,eps=0.01",OK,0.15232281478173854,0.17924098965186122,0.058941297085449866,0.22299796426432675,0.3864969342166235,0.000573139040491715,0.0005818122865421438,0.2779363686599356,-0.00045265636419565645,True,True,,,-23.024058215445713
dirichlet_61,0.15207453155357126,0.17901214086248043,0.05888249441480218,0.22308235426659764,0.38694847890254835,Fair,"alpha=1.0,eps=0.02",OK,0.15257109856688836,0.1794698384678589,0.05900009925483028,0.22291357423266453,0.38604538947775796,0.0011462783275036647,0.0011636248114707298,0.2778274215626947,-0.0009053127805621155,True,True,,,-19.558322312645984
dirichlet_61,0.15207453155357126,0.17901214086248043,0.05888249441480218,0.22308235426659764,0.38694847890254835,Fair,"alpha=1.0,eps=0.05",OK,0.15331594926033423,0.18015638481260055,0.059176506511151646,0.22266040425566522,0.38469075516024837,0.0028656959994252476,0.002909062207466062,0.27750058018584567,-0.002263282126970067,True,True,,,-14.97686865327521
dirichlet_61,0.15207453155357126,0.17901214086248043,0.05888249441480218,0.22308235426659764,0.38694847890254835,Fair,"alpha=1.0,eps=0.1",OK,0.15455736646543114,0.18130062900023475,0.05947051911160647,0.22223845387023677,0.3824330315524909,0.005731391877228688,0.005818124318080495,0.2769558445436749,-0.004526564139737738,True,True,,,-11.511132750475483
dirichlet_61,0.15207453155357126,0.17901214086248043,0.05888249441480218,0.22308235426659764,0.38694847890254835,Fair,"alpha=2.0,eps=0.01",OK,0.15219868169424125,0.17912669356698982,0.05891270008120685,0.2230410094802923,0.38672091517726986,0.00028799757332137953,0.0002923290098765647,0.2779904292996786,-0.00022807029310754854,True,True,,,-499.91007439854934
dirichlet_61,0.15207453155357126,0.17901214086248043,0.05888249441480218,0.22308235426659764,0.38694847890254835,Fair,"alpha=2.0,eps=0.02",OK,0.15232283175205058,0.17924124628719898,0.05894290589672169,0.2229996645693491,0.3864933514946797,0.000575995116969161,0.0005846579978052883,0.27793554279667004,-0.0004561405501794861,True,True,,,-249.95503719927467
dirichlet_61,0.15207453155357126,0.17901214086248043,0.05888249441480218,0.22308235426659764,0.38694847890254835,Fair,"alpha=2.0,eps=0.05",OK,0.15269528198627605,0.17958490458145202,0.05903352282902163,0.22287563017933995,0.3858106604239104,0.0014399877422941994,0.0014616449324518495,0.2777708833593551,-0.0011403513264858307,True,True,,,-99.98201487970987
dirichlet_61,0.15207453155357126,0.17901214086248043,0.05888249441480218,0.22308235426659764,0.38694847890254835,Fair,"alpha=2.0,eps=0.1",OK,0.153316033047861,0.18015766788257517,0.05918455106117252,0.22266890647689064,0.3846728415315008,0.0028799758420912603,0.002923290205121309,0.27749645087083147,-0.002280703045011396,True,True,,,-49.991007439854926
dirichlet_62,0.021334524347257945,0.12408209868808634,0.539515651041088,0.12210691302387683,0.19296081289969094,Avg,rho=0.0,OK,0.0,0.0,0.9999999999999998,0.0,2.2204460492503126e-16,0.5291893217962799,0.5236896494732594,0.5500242654779599,-0.19887491607713575,True,True,,,
dirichlet_62,0.021334524347257945,0.12408209868808634,0.539515651041088,0.12210691302387683,0.19296081289969094,Avg,rho=0.1,OK,0.0,0.0,0.9999999999999998,1.1275702593849244e-16,0.0,0.52918932179628,0.5236896494732595,0.5500242654779599,-0.19887491607713598,True,True,,,
dirichlet_62,0.021334524347257945,0.12408209868808634,0.539515651041088,0.12210691302387683,0.19296081289969094,Avg,rho=0.2,OK,0.0,0.0,0.9999999999999998,0.0,2.4980018054066017e-16,0.5291893217962799,0.5236896494732594,0.5500242654779599,-0.19887491607713573,True,True,,,
dirichlet_62,0.021334524347257945,0.12408209868808634,0.539515651041088,0.12210691302387683,0.19296081289969094,Avg,rho=0.5,OK,0.0,0.010322957013308777,0.8398369741227016,0.007616083702577312,0.14222398516141233,0.34535717312489617,0.33948970963358743,0.4934300425683015,-0.11421537189181809,True,True,,,
dirichlet_62,0.021334524347257945,0.12408209868808634,0.539515651041088,0.12210691302387683,0.19296081289969094,Cert,,FLOOR_COLLAPSED,0.021334524347257945,0.12408209868808634,0.539515651041088,0.12210691302387683,0.19296081289969094,0.0,0.0,0.3742993799213455,0.0,False,True,0.0,-0.0,
dirichlet_62,0.021334524347257945,0.12408209868808634,0.539515651041088,0.12210691302387683,0.19296081289969094,MaxMin,c=0.0,INFEASIBLE_BALL_MISSES_SIMPLEX,,,,,,,,,,False,False,,,
dirichlet_62,0.021334524347257945,0.12408209868808634,0.539515651041088,0.12210691302387683,0.19296081289969094,MaxMin,c=0.1,INFEASIBLE_BALL_MISSES_SIMPLEX,,,,,,,,,,False,False,,,
dirichlet_62,0.021334524347257945,0.12408209868808634,0.539515651041088,0.12210691302387683,0.19296081289969094,MaxMin,c=0.25,INFEASIBLE_BALL_MISSES_SIMPLEX,,,,,,,,,,False,False,,,
dirichlet_62,0.021334524347257945,0.12408209868808634,0.539515651041088,0.12210691302387683,0.19296081289969094,MaxMin,c=0.5,OK,0.0,0.056787541699154606,0.7432578876811989,0.06350340323939198,0.13645116738025456,0.2304828187010213,0.2269446101446201,0.45453487836806683,-0.05953508309389785,True,True,-0.05953508309389785,,
dirichlet_62,0.021334524347257945,0.12408209868808634,0.539515651041088,0.12210691302387683,0.19296081289969094,MaxMin,c=0.75,OK,0.0,0.09934351031165459,0.6282378319142756,0.10035891358285742,0.1720597441912123,0.09924018951876307,0.09745178375379648,0.41049854601264807,-0.022071137185198073,True,True,-0.022071137185198073,,
dirichlet_62,0.021334524347257945,0.12408209868808634,0.539515651041088,0.12210691302387683,0.19296081289969094,MaxMin,c=0.9,OK,0.011895108237097203,0.11475513945173246,0.5743959119414849,0.11388632186984418,0.18506751849984132,0.03902062994086052,0.03829362287594646,0.388640743728722,-0.008340421480722896,True,True,-0.008340421480722896,,
dirichlet_62,0.021334524347257945,0.12408209868808634,0.539515651041088,0.12210691302387683,0.19296081289969094,MaxMin,c=0.95,OK,0.016623713309755084,0.11942741009250005,0.5569229054859589,0.11800436567441372,0.1890216054373721,0.01947353650591471,0.01911071820595087,0.38145654453070255,-0.004162349568055273,True,True,-0.004162349568055273,,
dirichlet_62,0.021334524347257945,0.12408209868808634,0.539515651041088,0.12210691302387683,0.19296081289969094,MaxMin,c=1.0,OK,0.021334524347257945,0.12408209868808634,0.539515651041088,0.12210691302387683,0.19296081289969094,0.0,0.0,0.3742993799213455,0.0,False,True,0.0,,
dirichlet_62,0.021334524347257945,0.12408209868808634,0.539515651041088,0.12210691302387683,0.19296081289969094,Fair,"alpha=0.0,eps=0.01",OK,0.06431050001491627,0.1120533119440836,0.5279948248331746,0.11234044652401795,0.18330091668380763,0.048094210612373116,0.04695898629350583,0.36539407873143803,-0.01000000000000001,True,True,,,0.05131114208474287
dirichlet_62,0.021334524347257945,0.12408209868808634,0.539515651041088,0.12210691302387683,0.19296081289969094,Fair,"alpha=0.0,eps=0.02",OK,0.1072864756825746,0.10002452520008089,0.5164739986252611,0.10257398002415907,0.17364102046792435,0.09618842122474626,0.09391797258701169,0.3564887775415306,-0.020000000000000056,True,True,,,0.10262228416948574
dirichlet_62,0.021334524347257945,0.12408209868808634,0.539515651041088,0.12210691302387683,0.19296081289969094,Fair,"alpha=0.0,eps=0.05",OK,0.23621440268554958,0.06393816496807271,0.4819115200015209,0.07327458052458247,0.1446613318202744,0.24047105306186561,0.2347949314675292,0.32977287397180827,-0.050000000000000024,True,True,,,0.2565557104237144
dirichlet_62,0.021334524347257945,0.12408209868808634,0.539515651041088,0.12210691302387683,0.19296081289969094,Fair,"alpha=0.0,eps=0.1",OK,0.45109428102384125,0.0037942312480590823,0.42430738896195375,0.02444224802528809,0.0963618507408579,0.48094210612373123,0.4695898629350584,0.28524636802227105,-0.10000000000000003,True,True,,,0.5131114208474288
dirichlet_62,0.021334524347257945,0.12408209868808634,0.539515651041088,0.12210691302387683,0.19296081289969094,Fair,"alpha=0.5,eps=0.01",OK,0.02183090741800173,0.1245386559475487,0.5396268198123303,0.1219315072229012,0.19207210959921817,0.0011347951053275829,0.0011521685730466545,0.37425811335538417,-0.0008913129357855749,True,True,,,1.0003561959118048
dirichlet_62,0.021334524347257945,0.12408209868808634,0.539515651041088,0.12210691302387683,0.19296081289969094,Fair,"alpha=0.5,eps=0.02",OK,0.02232729083115793,0.12499521351489164,0.5397379884489852,0.12175610127454316,0.19118340593042207,0.002269590782346757,0.0023043377246673405,0.3742168466893317,-0.0017826262438832854,True,True,,,1.4147172994624313
dirichlet_62,0.021334524347257945,0.12408209868808634,0.539515651041088,0.12210691302387683,0.19296081289969094,Fair,"alpha=0.5,eps=0.05",OK,0.023816440600844955,0.12636488581729358,0.5400714944590621,0.12122988336222149,0.18851729576057796,0.005673976812202603,0.005760844175518003,0.37409304681356276,-0.004456565340760537,True,True,,,2.236864455771893
dirichlet_62,0.021334524347257945,0.12408209868808634,0.539515651041088,0.12210691302387683,0.19296081289969094,Fair,"alpha=0.5,eps=0.1",OK,0.026298356772524633,0.12864767300662533,0.5406273381562438,0.12035285383188724,0.18407377823271906,0.0113479539242631,0.01152168865440503,0.37388671380403826,-0.008913131062446351,True,True,,,3.1634040505429235
dirichlet_62,0.021334524347257945,0.12408209868808634,0.539515651041088,0.12210691302387683,0.19296081289969094,Fair,"alpha=1.0,eps=0.01",OK,0.02158280774618701,0.12431094749016915,0.5395744534304612,0.12202252294692884,0.19250926838625385,0.0005731389657813638,0.0005818122080876364,0.37427963648793006,-0.000452656195405097,True,True,,,-23.02405821544571
dirichlet_62,0.021334524347257945,0.12408209868808634,0.539515651041088,0.12210691302387683,0.19296081289969094,Fair,"alpha=1.0,eps=0.02",OK,0.0218310912846561,0.12453979634887506,0.5396332559342184,0.1219381329190249,0.19205772351322561,0.0011462783024365477,0.0011636247901942425,0.37425989306940904,-0.0009053127460339054,True,True,,,-19.558322312645984
dirichlet_62,0.021334524347257945,0.12408209868808634,0.539515651041088,0.12210691302387683,0.19296081289969094,Fair,"alpha=1.0,eps=0.05",OK,0.022575941907744607,0.1252263425242556,0.53980966323487,0.12168496292169022,0.1907030894114396,0.0028656957138408156,0.0029090619252658645,0.37420066275269576,-0.0022632818792404884,True,True,,,-14.976868653275208
dirichlet_62,0.021334524347257945,0.12408209868808634,0.539515651041088,0.12210691302387683,0.19296081289969094,Fair,"alpha=1.0,eps=0.1",OK,0.02381735961394547,0.12637058670360207,0.5401036752161653,0.12126301245939902,0.18844536600688822,0.005731391593111534,0.005818124026787362,0.3741019454949857,-0.0045265636916013725,True,True,,,-11.511132750475483
dirichlet_62,0.021334524347257945,0.12408209868808634,0.539515651041088,0.12210691302387683,0.19296081289969094,Fair,"alpha=2.0,eps=0.01",OK,0.021458674487927917,0.1241966513925957,0.5395458567074927,0.12206556823757142,0.19273324917441237,0.0002879975733214318,0.00029232900987661604,0.3742897320628988,-0.00022807029310763517,True,True,,,-499.91007439854934
dirichlet_62,0.021334524347257945,0.12408209868808634,0.539515651041088,0.12210691302387683,0.19296081289969094,Fair,"alpha=2.0,eps=0.02",OK,0.021582824551448214,0.12431120411146415,0.5395760625128092,0.1220242233352556,0.1925056854890229,0.0005759951188015925,0.0005846579991034628,0.3742800842695523,-0.00045614055251980243,True,True,,,-249.95503719927467
dirichlet_62,0.021334524347257945,0.12408209868808634,0.539515651041088,0.12210691302387683,0.19296081289969094,Fair,"alpha=2.0,eps=0.05",OK,0.021955275106393262,0.12465486213389938,0.5396666794450953,0.12190018915047811,0.19182299416413381,0.001439987945595892,0.0014616451280013377,0.3742511406464751,-0.0011403515714394233,True,True,,,-99.98201487970987
dirichlet_62,0.021334524347257945,0.12408209868808634,0.539515651041088,0.12210691302387683,0.19296081289969094,Fair,"alpha=2.0,eps=0.1",OK,0.02257602577553855,0.12522762566045248,0.5398177077537184,0.1216934651225695,0.19068517568772114,0.0028799756919257696,0.0029232900594885008,0.37420290135624434,-0.002280702892462765,True,True,,,-49.99100743985493
dirichlet_63,0.1490674187507863,0.2135810186979908,0.03391325207912303,0.5891182333407776,0.014320077131322375,Avg,rho=0.0,OK,0.0,3.8857805861880464e-16,0.0,0.9999999999999996,0.0,0.4878698046915038,0.48711424288116384,0.5968709971813297,-0.21789257813879967,True,True,,,
dirichlet_63,0.1490674187507863,0.2135810186979908,0.03391325207912303,0.5891182333407776,0.014320077131322375,Avg,rho=0.1,OK,1.9081958235744878e-17,1.942890293094024e-16,1.951563910473908e-17,0.9999999999999998,3.122502256758253e-17,0.48786980469150404,0.4871142428811641,0.5968709971813299,-0.21789257813879984,True,True,,,
dirichlet_63,0.1490674187507863,0.2135810186979908,0.03391325207912303,0.5891182333407776,0.014320077131322375,Avg,rho=0.2,OK,5.724587470723462e-17,0.0,6.179952383167374e-17,0.9999999999999998,1.3877787807814454e-17,0.48786980469150415,0.4871142428811642,0.5968709971813299,-0.21789257813880003,True,True,,,
dirichlet_63,0.1490674187507863,0.2135810186979908,0.03391325207912303,0.5891182333407776,0.014320077131322375,Avg,rho=0.5,OK,0.002097766776204029,0.1314687720984554,0.0,0.8664334611253405,0.0,0.32649871129911967,0.3258050284154885,0.5485627635040359,-0.1498151444561164,True,True,,,
dirichlet_63,0.1490674187507863,0.2135810186979908,0.03391325207912303,0.5891182333407776,0.014320077131322375,Cert,,FLOOR_COLLAPSED,0.1490674187507863,0.2135810186979908,0.03391325207912303,0.5891182333407776,0.014320077131322375,0.0,0.0,0.43102227998035003,0.0,False,True,0.0,-0.0,
dirichlet_63,0.1490674187507863,0.2135810186979908,0.03391325207912303,0.5891182333407776,0.014320077131322375,MaxMin,c=0.0,INFEASIBLE_BALL_MISSES_SIMPLEX,,,,,,,,,,False,False,,,
dirichlet_63,0.1490674187507863,0.2135810186979908,0.03391325207912303,0.5891182333407776,0.014320077131322375,MaxMin,c=0.1,INFEASIBLE_BALL_MISSES_SIMPLEX,,,,,,,,,,False,False,,,
dirichlet_63,0.1490674187507863,0.2135810186979908,0.03391325207912303,0.5891182333407776,0.014320077131322375,MaxMin,c=0.25,INFEASIBLE_BALL_MISSES_SIMPLEX,,,,,,,,,,False,False,,,
dirichlet_63,0.1490674187507863,0.2135810186979908,0.03391325207912303,0.5891182333407776,0.014320077131322375,MaxMin,c=0.5,INFEASIBLE_BALL_MISSES_SIMPLEX,,,,,,,,,,False,False,,,
dirichlet_63,0.1490674187507863,0.2135810186979908,0.03391325207912303,0.5891182333407776,0.014320077131322375,MaxMin,c=0.75,OK,0.1167259506822847,0.1809317554731393,0.0008337667749381617,0.7015085270696378,0.0,0.1266603332833442,0.12596802183909417,0.48192454416793173,-0.03457299026401435,True,True,-0.03457299026401435,,
dirichlet_63,0.1490674187507863,0.2135810186979908,0.03391325207912303,0.5891182333407776,0.014320077131322375,MaxMin,c=0.9,OK,0.13933960259115313,0.20374092875110533,0.023919710278865712,0.6310896376335385,0.0019101207453371522,0.046978020934479045,0.04631498584554416,0.45080689153354353,-0.010324090604697331,True,True,-0.010324090604697331,,
dirichlet_63,0.1490674187507863,0.2135810186979908,0.03391325207912303,0.5891182333407776,0.014320077131322375,MaxMin,c=0.95,OK,0.14422058621236197,0.20867824634364665,0.028934023156953176,0.6100302617622938,0.008136882524744293,0.023406548470856176,0.02307619477271554,0.44087985720657596,-0.005143923101686168,True,True,-0.005143923101686168,,
dirichlet_63,0.1490674187507863,0.2135810186979908,0.03391325207912303,0.5891182333407776,0.014320077131322375,MaxMin,c=1.0,OK,0.1490674187507863,0.2135810186979908,0.03391325207912303,0.5891182333407776,0.014320077131322375,0.0,0.0,0.43102227998035003,0.0,False,True,0.0,,
dirichlet_63,0.1490674187507863,0.2135810186979908,0.03391325207912303,0.5891182333407776,0.014320077131322375,Fair,"alpha=0.0,eps=0.01",OK,0.19204339441844456,0.201552231953988,0.02239242587120961,0.5793517668409186,0.004660180915439074,0.04809421061237311,0.04695898629350582,0.42867109948407733,-0.010000000000000146,True,True,,,0.05131114208474287
dirichlet_63,0.1490674187507863,0.2135810186979908,0.03391325207912303,0.5891182333407776,0.014320077131322375,Fair,"alpha=0.0,eps=0.02",OK,0.22962598426755382,0.1898410056280352,0.011137117590672716,0.5693958925137382,0.0,0.09036624556581893,0.08813125676908638,0.4255969778596146,-0.020000000000000066,True,True,,,0.10225128427191482
dirichlet_63,0.1490674187507863,0.2135810186979908,0.03391325207912303,0.5891182333407776,0.014320077131322375,Fair,"alpha=0.0,eps=0.05",OK,0.30509782866981966,0.15593736669614625,0.0,0.5389648046340341,0.0,0.17759172030892348,0.1729975000591736,0.411927270767987,-0.05000000000000007,True,True,,,0.2536689474956522
dirichlet_63,0.1490674187507863,0.2135810186979908,0.03391325207912303,0.5891182333407776,0.014320077131322375,Fair,"alpha=0.0,eps=0.1",OK,0.41206096600834186,0.09972140037018089,0.0,0.4882176336214774,0.0,0.3060485629507354,0.2981281643038785,0.387087094548476,-0.10000000000000002,True,True,,,0.5057218668077071
dirichlet_63,0.1490674187507863,0.2135810186979908,0.03391325207912303,0.5891182333407776,0.014320077131322375,Fair,"alpha=0.5,eps=0.01",OK,0.1495638018215301,0.2140375759574531,0.03402442085036531,0.5889428275398019,0.013431373830849561,0.0011347951053276106,0.0011521685730466833,0.4310763339441842,-0.0008913129357856201,True,True,,,1.0003561959118048
dirichlet_63,0.1490674187507863,0.2135810186979908,0.03391325207912303,0.5891182333407776,0.014320077131322375,Fair,"alpha=0.5,eps=0.02",OK,0.15006018572039775,0.21449413361911532,0.0341355891688831,0.5887674216756065,0.012542669815997467,0.002269591259589575,0.0023043381950330075,0.43113038804667525,-0.0017826265825095639,True,True,,,1.4147172994624313
dirichlet_63,0.1490674187507863,0.2135810186979908,0.03391325207912303,0.5891182333407776,0.014320077131322375,Fair,"alpha=0.5,eps=0.05",OK,0.1515493345420929,0.2158638058635571,0.03446909455619077,0.5882412054419751,0.009876559596184048,0.00567397657010354,0.0057608438467905655,0.4312925506031425,-0.004456565648451179,True,True,,,2.236864455771893
dirichlet_63,0.1490674187507863,0.2135810186979908,0.03391325207912303,0.5891182333407776,0.014320077131322375,Fair,"alpha=0.5,eps=0.1",OK,0.1540312501177771,0.21814659280953122,0.035024939463067346,0.5873641746487827,0.005433042960841792,0.011347952938295236,0.011521687649393346,0.4315628196076733,-0.008913130546950703,True,True,,,3.1634040505429235
dirichlet_63,0.1490674187507863,0.2135810186979908,0.03391325207912303,0.5891182333407776,0.014320077131322375,Fair,"alpha=1.0,eps=0.01",OK,0.14931570221641496,0.21380986754651035,0.03397205446727495,0.5890338432749774,0.013868532494822238,0.0005731391084051754,0.0005818123512997919,0.43105129214124793,-0.000452656317107883,True,True,,,-23.02405821544571
dirichlet_63,0.1490674187507863,0.2135810186979908,0.03391325207912303,0.5891182333407776,0.014320077131322375,Fair,"alpha=1.0,eps=0.02",OK,0.1495639857622525,0.21403871629960639,0.034030856923236055,0.5889494533054822,0.013416987709422819,0.0011462783235415296,0.0011636248076120521,0.43108030434825256,-0.0009053127777675054,True,True,,,-19.558322312645984
dirichlet_63,0.1490674187507863,0.2135810186979908,0.03391325207912303,0.5891182333407776,0.014320077131322375,Fair,"alpha=1.0,eps=0.05",OK,0.1503088362181464,0.21472526282850526,0.0342072642076902,0.5886962832258567,0.012062353519801394,0.0028656958833290958,0.0029090620957251054,0.431167340901733,-0.0022632820021741195,True,True,,,-14.97686865327521
dirichlet_63,0.1490674187507863,0.2135810186979908,0.03391325207912303,0.5891182333407776,0.014320077131322375,Fair,"alpha=1.0,eps=0.1",OK,0.15155025387128773,0.21586950652468026,0.03450127637722836,0.5882743325828995,0.009804630643904216,0.005731391176106177,0.005818123616481565,0.4313124014761692,-0.004526563298409688,True,True,,,-11.511132750475483
dirichlet_63,0.1490674187507863,0.2135810186979908,0.03391325207912303,0.5891182333407776,0.014320077131322375,Fair,"alpha=2.0,eps=0.01",OK,0.14919156889145624,0.21369557140250003,0.03394345774552771,0.5890768885544722,0.014092513406043812,0.00028799757332137466,0.00029232900987655815,0.43103728991664436,-0.00022807029310762864,True,True,,,-499.91007439854934
dirichlet_63,0.1490674187507863,0.2135810186979908,0.03391325207912303,0.5891182333407776,0.014320077131322375,Fair,"alpha=2.0,eps=0.02",OK,0.1493157191339131,0.2138101240594775,0.03397366338834809,0.5890355437703807,0.013864949647880737,0.0005759951948076451,0.000584658067500695,0.43105229985775284,-0.0004561406186553949,True,True,,,-249.95503719927467
dirichlet_63,0.1490674187507863,0.2135810186979908,0.03391325207912303,0.5891182333407776,0.014320077131322375,Fair,"alpha=2.0,eps=0.05",OK,0.14968816945034807,0.21415378221644013,0.034064280408499875,0.5889115094107527,0.013182258513959341,0.0014399878557162056,0.0014616450382992153,0.43109732966135605,-0.0011403514564898001,True,True,,,-99.98201487970985
dirichlet_63,0.1490674187507863,0.2135810186979908,0.03391325207912303,0.5891182333407776,0.014320077131322375,Fair,"alpha=2.0,eps=0.1",OK,0.15030891980580616,0.21472654666294075,0.03421530889812085,0.588704785021676,0.012044439611456348,0.002879976240247626,0.002923290632031147,0.4311723792237135,-0.0022807032186283206,True,True,,,-49.99100743985493
dirichlet_64,0.27289635015312375,0.3762975744933238,0.12865170368103365,0.01937795506920209,0.20277641660331686,Avg,rho=0.0,OK,0.0,1.0,9.020562075079397e-17,2.7755575615628914e-17,3.469446951953614e-17,0.7221649220524254,0.7027449468377884,0.4028853015783463,-0.24004726961896455,True,True,,,
dirichlet_64,0.27289635015312375,0.3762975744933238,0.12865170368103365,0.01937795506920209,0.20277641660331686,Avg,rho=0.1,OK,0.19119237999645555,0.8088076200035444,1.0663467179573838e-16,0.0,0.0,0.5017823425946685,0.491893911603757,0.3845189313941465,-0.202045253634862,True,True,,,
dirichlet_64,0.27289635015312375,0.3762975744933238,0.12865170368103365,0.01937795506920209,0.20277641660331686,Avg,rho=0.2,OK,0.3149705953365725,0.6752537579503194,0.0,0.0,0.00977564671310807,0.381210053534583,0.3767823562425471,0.3707292025130007,-0.1922628958763713,True,True,,,
dirichlet_64,0.27289635015312375,0.3762975744933238,0.12865170368103365,0.01937795506920209,0.20277641660331686,Avg,rho=0.5,OK,0.3130666890512691,0.5190863289344919,0.020045490853370717,0.0,0.14780149116086821,0.19286093839055768,0.18931168943186957,0.33931205815523013,-0.09950066442769433,True,True,,,
dirichlet_64,0.27289635015312375,0.3762975744933238,0.12865170368103365,0.01937795506920209,0.20277641660331686,Cert,,FLOOR_COLLAPSED,0.27289635015312375,0.3762975744933238,0.12865170368103365,0.01937795506920209,0.20277641660331686,0.0,0.0,0.29962106346273837,0.0,False,True,0.0,-0.0,
dirichlet_64,0.27289635015312375,0.3762975744933238,0.12865170368103365,0.01937795506920209,0.20277641660331686,MaxMin,c=0.0,INFEASIBLE_BALL_MISSES_SIMPLEX,,,,,,,,,,False,False,,,
dirichlet_64,0.27289635015312375,0.3762975744933238,0.12865170368103365,0.01937795506920209,0.20277641660331686,MaxMin,c=0.1,INFEASIBLE_BALL_MISSES_SIMPLEX,,,,,,,,,,False,False,,,
dirichlet_64,0.27289635015312375,0.3762975744933238,0.12865170368103365,0.01937795506920209,0.20277641660331686,MaxMin,c=0.25,INFEASIBLE_BALL_MISSES_SIMPLEX,,,,,,,,,,False,False,,,
dirichlet_64,0.27289635015312375,0.3762975744933238,0.12865170368103365,0.01937795506920209,0.20277641660331686,MaxMin,c=0.5,INFEASIBLE_BALL_MISSES_SIMPLEX,,,,,,,,,,False,False,,,
dirichlet_64,0.27289635015312375,0.3762975744933238,0.12865170368103365,0.01937795506920209,0.20277641660331686,MaxMin,c=0.75,OK,0.2674741354483485,0.4663232434908806,0.09376023989621868,9.714451465470117e-17,0.17244238116455196,0.10318475945833112,0.10137534732325529,0.3213156686217112,-0.030951889240367986,True,True,-0.030951889240367986,,
dirichlet_64,0.27289635015312375,0.3762975744933238,0.12865170368103365,0.01937795506920209,0.20277641660331686,MaxMin,c=0.9,OK,0.2624847929396872,0.41345783430968824,0.11879861396096249,0.010826991758374073,0.19443176703128817,0.041582700252427454,0.04062488492941624,0.30766249256466865,-0.00867089944581085,True,True,-0.00867089944581085,,
dirichlet_64,0.27289635015312375,0.3762975744933238,0.12865170368103365,0.01937795506920209,0.20277641660331686,MaxMin,c=0.95,OK,0.2678574426723488,0.394282118720249,0.12388307911494724,0.015239523890131744,0.19873783560232336,0.020124883826442532,0.019661327540155857,0.3035128940916421,-0.004196476971394602,True,True,-0.004196476971394602,,
dirichlet_64,0.27289635015312375,0.3762975744933238,0.12865170368103365,0.01937795506920209,0.20277641660331686,MaxMin,c=1.0,OK,0.27289635015312375,0.3762975744933238,0.12865170368103365,0.01937795506920209,0.20277641660331686,0.0,0.0,0.29962106346273837,0.0,False,True,0.0,,
dirichlet_64,0.27289635015312375,0.3762975744933238,0.12865170368103365,0.01937795506920209,0.20277641660331686,Fair,"alpha=0.0,eps=0.01",OK,0.315872325820782,0.36426878774932103,0.1171308774731202,0.009611488569343215,0.1931165203874335,0.04809421061237309,0.046958986293505804,0.303623686859853,-0.010000000000000066,True,True,,,0.05131114208474287
dirichlet_64,0.27289635015312375,0.3762975744933238,0.12865170368103365,0.01937795506920209,0.20277641660331686,Fair,"alpha=0.0,eps=0.02",OK,0.35868724342776803,0.3522476779089378,0.10561570997889935,0.0,0.18344936868439476,0.09601131091881916,0.09374208374943144,0.307586218675815,-0.020000000000000087,True,True,,,0.10261672863522846
dirichlet_64,0.27289635015312375,0.3762975744933238,0.12865170368103365,0.01937795506920209,0.20277641660331686,Fair,"alpha=0.0,eps=0.05",OK,0.4571662900865333,0.31761267701125573,0.07212304118279535,0.0,0.15309799171941574,0.2084184940953954,0.20295730000980758,0.312014562873653,-0.05000000000000002,True,True,,,0.25549985168114525
dirichlet_64,0.27289635015312375,0.3762975744933238,0.12865170368103365,0.01937795506920209,0.20277641660331686,Fair,"alpha=0.0,eps=0.1",OK,0.6212980345178086,0.2598876755151187,0.016301926522621964,0.0,0.10251236344445068,0.3974743465612821,0.38668114296957723,0.3193951365367161,-0.10000000000000007,True,True,,,0.5103050567576732
dirichlet_64,0.27289635015312375,0.3762975744933238,0.12865170368103365,0.01937795506920209,0.20277641660331686,Fair,"alpha=0.5,eps=0.01",OK,0.2733927332238675,0.37675413175278605,0.12876287245227588,0.019202549268226458,0.20188771330284402,0.0011347951053275551,0.001152168573046621,0.2997824754442348,-0.0008913129357856323,True,True,,,1.0003561959118048
dirichlet_64,0.27289635015312375,0.3762975744933238,0.12865170368103365,0.01937795506920209,0.20277641660331686,Fair,"alpha=0.5,eps=0.02",OK,0.27388911665268356,0.3772106893497543,0.12887404116742543,0.01902714317840647,0.20099900965173034,0.002269590816823392,0.00230433776635378,0.2999438875765125,-0.001782626233219661,True,True,,,1.4147172994624313
dirichlet_64,0.27289635015312375,0.3762975744933238,0.12865170368103365,0.01937795506920209,0.20277641660331686,Fair,"alpha=0.5,eps=0.05",OK,0.2753782664052311,0.3785803616189094,0.12920754725689795,0.01850092553003063,0.19833289918893082,0.005673977022210693,0.005760844385897624,0.30042812371977,-0.004456565608952132,True,True,,,2.236864455771893
dirichlet_64,0.27289635015312375,0.3762975744933238,0.12865170368103365,0.01937795506920209,0.20277641660331686,Fair,"alpha=0.5,eps=0.1",OK,0.27786018270054624,0.38086314874435445,0.1297633907820523,0.017623895890772633,0.1938893818822745,0.011347953989400082,0.01152168871894214,0.30123518399974164,-0.008913131115417184,True,True,,,3.163404050542923
dirichlet_64,0.27289635015312375,0.3762975744933238,0.12865170368103365,0.01937795506920209,0.20277641660331686,Fair,"alpha=1.0,eps=0.01",OK,0.27314463368030933,0.37652642329555475,0.12871050611339163,0.01929356502697264,0.20232487188377155,0.0005731391830805275,0.000581812426391825,0.29970120131508565,-0.0004526563986032059,True,True,,,-23.02405821544571
dirichlet_64,0.27289635015312375,0.3762975744933238,0.12865170368103365,0.01937795506920209,0.20277641660331686,Fair,"alpha=1.0,eps=0.02",OK,0.27339291691912154,0.37675527215351345,0.12876930875185338,0.01920917499474322,0.20187332718076853,0.0011462782701299557,0.0011636247603990643,0.2997813391391546,-0.0009053127810788466,True,True,,,-19.558322312645984
dirichlet_64,0.27289635015312375,0.3762975744933238,0.12865170368103365,0.01937795506920209,0.20277641660331686,Fair,"alpha=1.0,eps=0.05",OK,0.2741377676485662,0.37744181853445197,0.12894571577980857,0.01895600492191794,0.20051869311525525,0.0028656957642450662,0.002909061976195741,0.30002175270877823,-0.0022632818809327757,True,True,,,-14.976868653275211
dirichlet_64,0.27289635015312375,0.3762975744933238,0.12865170368103365,0.01937795506920209,0.20277641660331686,Fair,"alpha=1.0,eps=0.1",OK,0.27537918539380285,0.3785860623721041,0.12923972788518584,0.018534054819426344,0.19826096952948075,0.0057313916265195166,0.005818124048929789,0.3004224419321553,-0.004526563856713526,True,True,,,-11.511132750475483
dirichlet_64,0.27289635015312375,0.3762975744933238,0.12865170368103365,0.01937795506920209,0.20277641660331686,Fair,"alpha=2.0,eps=0.01",OK,0.2730205002937937,0.3764121271978332,0.1286819093474383,0.019336610282896682,0.20254885287803825,0.0002879975733214618,0.0002923290098766462,0.2996609825293126,-0.0002280702931076628,True,True,,,-499.91007439854934
dirichlet_64,0.27289635015312375,0.3762975744933238,0.12865170368103365,0.01937795506920209,0.20277641660331686,Fair,"alpha=2.0,eps=0.02",OK,0.2731446504333032,0.3765266799064774,0.12871211501278249,0.01929526549723204,0.20232128915020497,0.0005759951496027236,0.0005846580226966071,0.29970090159651763,-0.0004561405887207711,True,True,,,-249.95503719927467
dirichlet_64,0.27289635015312375,0.3762975744933238,0.12865170368103365,0.01937795506920209,0.20277641660331686,Fair,"alpha=2.0,eps=0.05",OK,0.27351710081752345,0.3768703380409693,0.12880273201902986,0.019171231140521255,0.20163859798195624,0.0014399878560412444,0.0014616450388417177,0.2998206587959264,-0.0011403514604438096,True,True,,,-99.98201487970987
dirichlet_64,0.27289635015312375,0.3762975744933238,0.12865170368103365,0.01937795506920209,0.20277641660331686,Fair,"alpha=2.0,eps=0.1",OK,0.27413785132935736,0.37744310132780756,0.12895376050727883,0.018964507510644275,0.20050077932491184,0.002879975543635255,0.0029232898994100785,0.3000202540076094,-0.002280702942771602,True,True,,,-49.99100743985493
dirichlet_65,0.15465467863543014,0.10921148561580822,0.06482515020679291,0.27652661212881585,0.3947820734131528,Avg,rho=0.0,OK,0.0,0.0,0.0,4.996003610813202e-16,0.9999999999999996,0.6948404307401055,0.6853282123862595,0.4116281703546989,-0.24978617887090096,True,True,,,
dirichlet_65,0.15465467863543014,0.10921148561580822,0.06482515020679291,0.27652661212881585,0.3947820734131528,Avg,rho=0.1,OK,0.0,1.0606217636291415e-16,2.0153161521085064e-17,0.1570265523535193,0.8429734476464806,0.5051764944423203,0.5031078623294614,0.3946393353246918,-0.16434538645476207,True,True,,,
dirichlet_65,0.15465467863543014,0.10921148561580822,0.06482515020679291,0.27652661212881585,0.3947820734131528,Avg,rho=0.2,OK,0.0,0.0,0.0,0.29993215553955277,0.7000678444604473,0.36577963281170583,0.3703504270848467,0.3791782576852529,-0.16297684482462318,True,True,,,
dirichlet_65,0.15465467863543014,0.10921148561580822,0.06482515020679291,0.27652661212881585,0.3947820734131528,Avg,rho=0.5,OK,0.09581788077707111,0.004807386967593493,0.0,0.3348480019177149,0.5645267303376206,0.22534177987541235,0.22993171831285106,0.35117040802136706,-0.10955301689323739,True,True,,,
dirichlet_65,0.15465467863543014,0.10921148561580822,0.06482515020679291,0.27652661212881585,0.3947820734131528,Cert,,FLOOR_COLLAPSED,0.15465467863543014,0.10921148561580822,0.06482515020679291,0.27652661212881585,0.3947820734131528,0.0,0.0,0.292931099401945,0.0,False,True,0.0,-0.0,
dirichlet_65,0.15465467863543014,0.10921148561580822,0.06482515020679291,0.27652661212881585,0.3947820734131528,MaxMin,c=0.0,INFEASIBLE_BALL_MISSES_SIMPLEX,,,,,,,,,,False,False,,,
dirichlet_65,0.15465467863543014,0.10921148561580822,0.06482515020679291,0.27652661212881585,0.3947820734131528,MaxMin,c=0.1,INFEASIBLE_BALL_MISSES_SIMPLEX,,,,,,,,,,False,False,,,
dirichlet_65,0.15465467863543014,0.10921148561580822,0.06482515020679291,0.27652661212881585,0.3947820734131528,MaxMin,c=0.25,INFEASIBLE_BALL_MISSES_SIMPLEX,,,,,,,,,,False,False,,,
dirichlet_65,0.15465467863543014,0.10921148561580822,0.06482515020679291,0.27652661212881585,0.3947820734131528,MaxMin,c=0.5,OK,0.10749603411691284,0.06195575936298111,0.01737158663008688,0.2945615858968448,0.5186150339931743,0.14956184178279283,0.15197800068695583,0.33100727951884,-0.051750835370333384,True,True,-0.051750835370333384,,
dirichlet_65,0.15465467863543014,0.10921148561580822,0.06482515020679291,0.27652661212881585,0.3947820734131528,MaxMin,c=0.75,OK,0.1334442100141399,0.0880260992064833,0.04363472794252602,0.2561320007221514,0.4787629621146993,0.09389605110820942,0.09367183490447475,0.31307152471559374,-0.023537466008272424,True,True,-0.023537466008272424,,
dirichlet_65,0.15465467863543014,0.10921148561580822,0.06482515020679291,0.27652661212881585,0.3947820734131528,MaxMin,c=0.9,OK,0.14696758562234033,0.10153956828378123,0.05715883854362334,0.26661185589643166,0.4277221516538236,0.03687917020090495,0.03667439782050684,0.30049726987312275,-0.008553597286686275,True,True,-0.008553597286686275,,
dirichlet_65,0.15465467863543014,0.10921148561580822,0.06482515020679291,0.27652661212881585,0.3947820734131528,MaxMin,c=0.95,OK,0.15089139532897075,0.10545563169612825,0.06107204059110395,0.27167275689987397,0.41090817548392317,0.01805451883264849,0.01795427073112767,0.2966351840252904,-0.0041874880171677035,True,True,-0.0041874880171677035,,
dirichlet_65,0.15465467863543014,0.10921148561580822,0.06482515020679291,0.27652661212881585,0.3947820734131528,MaxMin,c=1.0,OK,0.15465467863543014,0.10921148561580822,0.06482515020679291,0.27652661212881585,0.3947820734131528,0.0,0.0,0.292931099401945,0.0,False,True,0.0,,
dirichlet_65,0.15465467863543014,0.10921148561580822,0.06482515020679291,0.27652661212881585,0.3947820734131528,Fair,"alpha=0.0,eps=0.01",OK,0.19763065430308846,0.0971826988718055,0.053304323998879494,0.266760145628957,0.3851221771972695,0.04809421061237311,0.04695898629350582,0.2908666075914778,-0.010000000000000009,True,True,,,0.05131114208474287
dirichlet_65,0.15465467863543014,0.10921148561580822,0.06482515020679291,0.27652661212881585,0.3947820734131528,Fair,"alpha=0.0,eps=0.02",OK,0.24060662997074683,0.08515391212780278,0.04178349779096608,0.25699367912909815,0.3754622809813863,0.09618842122474623,0.09391797258701166,0.2888021157810107,-0.019999999999999987,True,True,,,0.10262228416948574
dirichlet_65,0.15465467863543014,0.10921148561580822,0.06482515020679291,0.27652661212881585,0.3947820734131528,Fair,"alpha=0.0,eps=0.05",OK,0.3695345569737218,0.04906755189579459,0.007221019167225791,0.2276942796295215,0.3464825923337363,0.2404710530618656,0.2347949314675292,0.2826086403496091,-0.05000000000000001,True,True,,,0.2565557104237144
dirichlet_65,0.15465467863543014,0.10921148561580822,0.06482515020679291,0.27652661212881585,0.3947820734131528,Fair,"alpha=0.0,eps=0.1",OK,0.5228658126416842,0.0,0.0,0.17875929160301635,0.2983748957552996,0.4129911388427892,0.4042626225261002,0.2674412421585268,-0.09999999999999996,True,True,,,0.5122402769667458
dirichlet_65,0.15465467863543014,0.10921148561580822,0.06482515020679291,0.27652661212881585,0.3947820734131528,Fair,"alpha=0.5,eps=0.01",OK,0.15515106170617396,0.1096680428752706,0.0649363189780352,0.27635120632784027,0.39389337011268005,0.001134795105327574,0.0011521685730466456,0.2926669354143115,-0.0008913129357855447,True,True,,,1.0003561959118048
dirichlet_65,0.15465467863543014,0.10921148561580822,0.06482515020679291,0.27652661212881585,0.3947820734131528,Fair,"alpha=0.5,eps=0.02",OK,0.15564744514285986,0.11012460039782165,0.06504748736753015,0.276175800836176,0.3930046662556124,0.0022695908272571392,0.0023043377475760116,0.29240277135642906,-0.001782626408627557,True,True,,,1.4147172994624313
dirichlet_65,0.15465467863543014,0.10921148561580822,0.06482515020679291,0.27652661212881585,0.3947820734131528,Fair,"alpha=0.5,eps=0.05",OK,0.15713659488901718,0.11149427274501549,0.065380993624767,0.27564958246716054,0.3903385562740399,0.005673976812202556,0.005760844175517958,0.2916102792290912,-0.004456565340760452,True,True,,,2.236864455771893
dirichlet_65,0.15465467863543014,0.10921148561580822,0.06482515020679291,0.27652661212881585,0.3947820734131528,Fair,"alpha=0.5,eps=0.1",OK,0.15961851106069683,0.11377705993434722,0.0659368373219487,0.2747725529368263,0.3858950387461809,0.011347953924263103,0.011521688654405036,0.29028945895358776,-0.00891313106244635,True,True,,,3.1634040505429235
dirichlet_65,0.15465467863543014,0.10921148561580822,0.06482515020679291,0.27652661212881585,0.3947820734131528,Fair,"alpha=1.0,eps=0.01",OK,0.15490296213904778,0.10944033438626476,0.06488395267775834,0.2764422219549976,0.3943305288419314,0.0005731390666638611,0.0005818123148859412,0.29279742680079573,-0.00045265625757597987,True,True,,,-23.02405821544571
dirichlet_65,0.15465467863543014,0.10921148561580822,0.06482515020679291,0.27652661212881585,0.3947820734131528,Fair,"alpha=1.0,eps=0.02",OK,0.15515124565414926,0.10966918321409377,0.06494275510063309,0.27635783202939707,0.3938789840017268,0.0011462783316458247,0.0011636248192211705,0.29266375416961166,-0.0009053127705336616,True,True,,,-19.558322312645984
dirichlet_65,0.15465467863543014,0.10921148561580822,0.06482515020679291,0.27652661212881585,0.3947820734131528,Fair,"alpha=1.0,eps=0.05",OK,0.15589609608883248,0.11035572982835085,0.06511916231451195,0.27610466211974094,0.3925243496485637,0.0028656960129056505,0.0029090622219603212,0.29226273629794614,-0.0022632821492046306,True,True,,,-14.97686865327521
dirichlet_65,0.15465467863543014,0.10921148561580822,0.06482515020679291,0.27652661212881585,0.3947820734131528,Fair,"alpha=1.0,eps=0.1",OK,0.15713751354729,0.11149997375356249,0.06541317490359719,0.27568271173245495,0.3902666260630953,0.005731391877228705,0.005818124318080512,0.2915943731573782,-0.004526564139737795,True,True,,,-11.511132750475483
dirichlet_65,0.15465467863543014,0.10921148561580822,0.06482515020679291,0.27652661212881585,0.3947820734131528,Fair,"alpha=2.0,eps=0.01",OK,0.15477882872507528,0.1093260384223805,0.06485535583579524,0.2764852673257169,0.3945545096910322,0.0002879975879145474,0.0002923290246824776,0.2928638705667062,-0.00022807029067943395,True,True,,,-499.91007439854934
dirichlet_65,0.15465467863543014,0.10921148561580822,0.06482515020679291,0.27652661212881585,0.3947820734131528,Fair,"alpha=2.0,eps=0.02",OK,0.15490297885481608,0.10944059103561872,0.06488556165137867,0.2764439224631502,0.3943269459950364,0.0005759951236770678,0.0005846580025573995,0.2927966417218015,-0.0004561405587465165,True,True,,,-249.95503719927467
dirichlet_65,0.15465467863543014,0.10921148561580822,0.06482515020679291,0.27652661212881585,0.3947820734131528,Fair,"alpha=2.0,eps=0.05",OK,0.15527542933752334,0.10978424912489894,0.06497617854333644,0.276319888209342,0.39364425478489934,0.0014399878609271085,0.0014616450432725504,0.2925949552394958,-0.0011403514668320222,True,True,,,-99.98201487970985
dirichlet_65,0.15465467863543014,0.10921148561580822,0.06482515020679291,0.27652661212881585,0.3947820734131528,Fair,"alpha=2.0,eps=0.1",OK,0.15589618003194153,0.11035701264336976,0.06512720686824204,0.2761131642801689,0.39250643617627784,0.0028799757069361176,0.0029232900716762225,0.29225881108108864,-0.0022807029145858735,True,True,,,-49.991007439854926
dirichlet_66,0.35630174649892504,0.13126811615384695,0.03163221616373337,0.16300281035140382,0.31779511083209083,Avg,rho=0.0,OK,0.9999999999999991,0.0,0.0,0.0,7.771561172376089e-16,0.748427020910909,0.7401652055515723,0.3717314664526465,-0.32298590210791933,True,True,,,
dirichlet_66,0.35630174649892504,0.13126811615384695,0.03163221616373337,0.16300281035140382,0.31779511083209083,Avg,rho=0.1,OK,0.6261052901400306,0.0,4.8138576458356397e-17,4.7704895589362195e-18,0.3738947098599695,0.3474808610166198,0.33784981869153213,0.35612486039325364,-0.1584878216630026,True,True,,,
dirichlet_66,0.35630174649892504,0.13126811615384695,0.03163221616373337,0.16300281035140382,0.31779511083209083,Avg,rho=0.2,OK,0.5735614192483514,2.47198095326695e-17,0.0,2.5587171270657905e-17,0.4264385807516487,0.32219093804732374,0.3125594140868459,0.3539316453725085,-0.15654003687864498,True,True,,,
dirichlet_66,0.35630174649892504,0.13126811615384695,0.03163221616373337,0.16300281035140382,0.31779511083209083,Avg,rho=0.5,OK,0.481146409405259,0.031168952085994243,7.02518538540876e-18,0.09215456720521292,0.3955300713035339,0.19408458784536914,0.1880720709017112,0.33183029512796824,-0.09420393613180707,True,True,,,
dirichlet_66,0.35630174649892504,0.13126811615384695,0.03163221616373337,0.16300281035140382,0.31779511083209083,Cert,,FLOOR_COLLAPSED,0.35630174649892504,0.13126811615384695,0.03163221616373337,0.16300281035140382,0.31779511083209083,0.0,0.0,0.2913074644144962,0.0,False,True,0.0,-0.0,
dirichlet_66,0.35630174649892504,0.13126811615384695,0.03163221616373337,0.16300281035140382,0.31779511083209083,MaxMin,c=0.0,INFEASIBLE_BALL_MISSES_SIMPLEX,,,,,,,,,,False,False,,,
dirichlet_66,0.35630174649892504,0.13126811615384695,0.03163221616373337,0.16300281035140382,0.31779511083209083,MaxMin,c=0.1,INFEASIBLE_BALL_MISSES_SIMPLEX,,,,,,,,,,False,False,,,
dirichlet_66,0.35630174649892504,0.13126811615384695,0.03163221616373337,0.16300281035140382,0.31779511083209083,MaxMin,c=0.25,INFEASIBLE_BALL_MISSES_SIMPLEX,,,,,,,,,,False,False,,,
dirichlet_66,0.35630174649892504,0.13126811615384695,0.03163221616373337,0.16300281035140382,0.31779511083209083,MaxMin,c=0.5,INFEASIBLE_BALL_MISSES_SIMPLEX,,,,,,,,,,False,False,,,
dirichlet_66,0.35630174649892504,0.13126811615384695,0.03163221616373337,0.16300281035140382,0.31779511083209083,MaxMin,c=0.75,OK,0.4186281245924174,0.10497391898442177,0.006161592410579564,0.13833367876201247,0.3319026852505689,0.07766791225956762,0.0753140700054181,0.30863746406893017,-0.02381927096847147,True,True,-0.02381927096847147,,
dirichlet_66,0.35630174649892504,0.13126811615384695,0.03163221616373337,0.16300281035140382,0.31779511083209083,MaxMin,c=0.9,OK,0.3937953618697265,0.12077381796630318,0.02158107899040282,0.15448223268472625,0.3093675084888412,0.041958927197077195,0.04096852120140317,0.298533163745815,-0.008724319759660072,True,True,-0.008724319759660072,,
dirichlet_66,0.35630174649892504,0.13126811615384695,0.03163221616373337,0.16300281035140382,0.31779511083209083,MaxMin,c=0.95,OK,0.3741939913246055,0.12626015544938365,0.02683573534151376,0.15893672442822174,0.31377339345627536,0.02002312635387127,0.019550496910800224,0.29475562432636737,-0.004163313234362709,True,True,-0.004163313234362709,,
dirichlet_66,0.35630174649892504,0.13126811615384695,0.03163221616373337,0.16300281035140382,0.31779511083209083,MaxMin,c=1.0,OK,0.35630174649892504,0.13126811615384695,0.03163221616373337,0.16300281035140382,0.31779511083209083,0.0,0.0,0.2913074644144962,0.0,False,True,0.0,,
dirichlet_66,0.35630174649892504,0.13126811615384695,0.03163221616373337,0.16300281035140382,0.31779511083209083,Fair,"alpha=0.0,eps=0.01",OK,0.39927772216658336,0.11923932940984422,0.02011138995581995,0.15323634385154494,0.3081352146162075,0.048094210612373116,0.04695898629350583,0.2995897139541445,-0.01000000000000001,True,True,,,0.05131114208474287
dirichlet_66,0.35630174649892504,0.13126811615384695,0.03163221616373337,0.16300281035140382,0.31779511083209083,Fair,"alpha=0.0,eps=0.02",OK,0.4422536978342417,0.1072105426658415,0.008590563747906527,0.14346987735168606,0.2984753184003242,0.09618842122474623,0.09391797258701166,0.3078719634937929,-0.02000000000000002,True,True,,,0.10262228416948574
dirichlet_66,0.35630174649892504,0.13126811615384695,0.03163221616373337,0.16300281035140382,0.31779511083209083,Fair,"alpha=0.0,eps=0.05",OK,0.5447461434350908,0.07153607279194635,0.0,0.11412672551096467,0.26959105826199836,0.21164193155838085,0.20703183462736116,0.3245934590094323,-0.049999999999999975,True,True,,,0.2561151652737938
dirichlet_66,0.35630174649892504,0.13126811615384695,0.03163221616373337,0.16300281035140382,0.31779511083209083,Fair,"alpha=0.0,eps=0.1",OK,0.7009937283109151,0.01230568688987789,0.0,0.06519735297420513,0.22150323182500192,0.39090056594583,0.3829565815570614,0.34798338842097415,-0.10000000000000003,True,True,,,0.5116937732903046
dirichlet_66,0.35630174649892504,0.13126811615384695,0.03163221616373337,0.16300281035140382,0.31779511083209083,Fair,"alpha=0.5,eps=0.01",OK,0.35679812956966883,0.13172467341330932,0.03174338493497564,0.16282740455042818,0.31690640753161803,0.0011347951053276063,0.001152168573046677,0.29124632157018326,-0.0008913129357856035,True,True,,,1.0003561959118048
dirichlet_66,0.35630174649892504,0.13126811615384695,0.03163221616373337,0.16300281035140382,0.31779511083209083,Fair,"alpha=0.5,eps=0.02",OK,0.35729451301128823,0.13218123102995963,0.03185455368636389,0.16265199841166925,0.31601770386071903,0.002269590856951734,0.002304337809384622,0.29118517873421873,-0.0017826262552892976,True,True,,,1.4147172994624313
dirichlet_66,0.35630174649892504,0.13126811615384695,0.03163221616373337,0.16300281035140382,0.31779511083209083,Fair,"alpha=0.5,eps=0.05",OK,0.35878366275251206,0.1335509032830542,0.03218805958170745,0.16212578068974848,0.3133515936929778,0.005673976812202624,0.005760844175518024,0.2910017503005825,-0.004456565340760565,True,True,,,2.236864455771893
dirichlet_66,0.35630174649892504,0.13126811615384695,0.03163221616373337,0.16300281035140382,0.31779511083209083,Fair,"alpha=0.5,eps=0.1",OK,0.36126557892419175,0.13583369047238594,0.03274390327888916,0.16124875115941423,0.30890807616511895,0.011347953924263113,0.011521688654405048,0.29069603607980077,-0.008913131062446351,True,True,,,3.1634040505429235
dirichlet_66,0.35630174649892504,0.13126811615384695,0.03163221616373337,0.16300281035140382,0.31779511083209083,Fair,"alpha=1.0,eps=0.01",OK,0.35655003000673857,0.13149696495964988,0.031691018552412006,0.16291842032833653,0.31734356615286297,0.000573139137048086,0.0005818123784212325,0.29127547137187715,-0.0004526563575208054,True,True,,,-23.02405821544571
dirichlet_66,0.35630174649892504,0.13126811615384695,0.03163221616373337,0.16300281035140382,0.31779511083209083,Fair,"alpha=1.0,eps=0.02",OK,0.3567983135205877,0.131725813741912,0.03174982101273538,0.16283403031646443,0.31689202140830053,0.0011462783244868295,0.0011636248086170726,0.29124347831269587,-0.0009053127796381816,True,True,,,-19.558322312645984
dirichlet_66,0.35630174649892504,0.13126811615384695,0.03163221616373337,0.16300281035140382,0.31779511083209083,Fair,"alpha=1.0,eps=0.05",OK,0.3575431640320149,0.1324123601599713,0.03192622823710202,0.1625808602794871,0.31553738729142466,0.0028656957943176144,0.0029090620030017274,0.2911474991640534,-0.0022632819295430573,True,True,,,-14.97686865327521
dirichlet_66,0.35630174649892504,0.13126811615384695,0.03163221616373337,0.16300281035140382,0.31779511083209083,Fair,"alpha=1.0,eps=0.1",OK,0.35878458164917304,0.1335566041341801,0.03222024035089852,0.16215891008887384,0.3132796637768745,0.005731391613359499,0.005818124036084977,0.2909875339284014,-0.0045265638388158,True,True,,,-11.511132750475483
dirichlet_66,0.35630174649892504,0.13126811615384695,0.03163221616373337,0.16300281035140382,0.31779511083209083,Fair,"alpha=2.0,eps=0.01",OK,0.3564258966398386,0.13138266885665215,0.031662421830068115,0.16296146556580238,0.3175675471076388,0.0002879975719871053,0.0002923290085011413,0.2912911111785247,-0.00022807029225284603,True,True,,,-499.91007439854934
dirichlet_66,0.35630174649892504,0.13126811615384695,0.03163221616373337,0.16300281035140382,0.31779511083209083,Fair,"alpha=2.0,eps=0.02",OK,0.3565500467998905,0.13149722157888397,0.03169262747477293,0.16292012079399026,0.3173399833524624,0.0005759951799803853,0.0005846580523094217,0.2912747579439335,-0.0004561406143055291,True,True,,,-249.95503719927467
dirichlet_66,0.35630174649892504,0.13126811615384695,0.03163221616373337,0.16300281035140382,0.31779511083209083,Fair,"alpha=2.0,eps=0.05",OK,0.3569224971240409,0.13184087996355076,0.031783244524511506,0.1627960865260631,0.3166572918618338,0.0014399882065794145,0.0014616453889191958,0.29122569815929167,-0.0011403518023044932,True,True,,,-99.98201487970987
dirichlet_66,0.35630174649892504,0.13126811615384695,0.03163221616373337,0.16300281035140382,0.31779511083209083,Fair,"alpha=2.0,eps=0.1",OK,0.35754324798824344,0.13241364313897291,0.03193427289131609,0.162589362525996,0.3155194734554716,0.002879975844084541,0.0029232902101036158,0.29114393204382244,-0.002280703052478845,True,True,,,-49.991007439854926
dirichlet_67,0.046728612605807185,0.06597053899527362,0.014578853860807242,0.6150684455648643,0.25765354897324766,Avg,rho=0.0,OK,7.447602459741819e-17,0.0,0.0,1.0,0.0,0.4704315796475029,0.458189103741707,0.6311347415150634,-0.2378040447806261,True,True,,,
dirichlet_67,0.046728612605807185,0.06597053899527362,0.014578853860807242,0.6150684455648643,0.25765354897324766,Avg,rho=0.1,OK,1.365393784286e-16,0.0,2.881395476841614e-17,0.9999999999999998,5.551115123125783e-17,0.47043157964750265,0.4581891037417068,0.6311347415150633,-0.23780404478062606,True,True,,,
dirichlet_67,0.046728612605807185,0.06597053899527362,0.014578853860807242,0.6150684455648643,0.25765354897324766,Avg,rho=0.2,OK,2.482534153247274e-17,5.045988349406305e-18,1.9241572654449584e-16,0.9999999999999998,0.0,0.4704315796475027,0.4581891037417068,0.6311347415150633,-0.2378040447806261,True,True,,,
dirichlet_67,0.046728612605807185,0.06597053899527362,0.014578853860807242,0.6150684455648643,0.25765354897324766,Avg,rho=0.5,OK,2.3790750272806433e-16,0.0,8.00765251480447e-17,0.8589369264123863,0.14106307358761339,0.2825126424300542,0.2764821461592553,0.5832185004421587,-0.10430916713782544,True,True,,,
dirichlet_67,0.046728612605807185,0.06597053899527362,0.014578853860807242,0.6150684455648643,0.25765354897324766,Cert,,FLOOR_COLLAPSED,0.046728612605807185,0.06597053899527362,0.014578853860807242,0.6150684455648643,0.25765354897324766,0.0,0.0,0.47220673781775563,0.0,False,True,0.0,-0.0,
dirichlet_67,0.046728612605807185,0.06597053899527362,0.014578853860807242,0.6150684455648643,0.25765354897324766,MaxMin,c=0.0,INFEASIBLE_BALL_MISSES_SIMPLEX,,,,,,,,,,False,False,,,
dirichlet_67,0.046728612605807185,0.06597053899527362,0.014578853860807242,0.6150684455648643,0.25765354897324766,MaxMin,c=0.1,INFEASIBLE_BALL_MISSES_SIMPLEX,,,,,,,,,,False,False,,,
dirichlet_67,0.046728612605807185,0.06597053899527362,0.014578853860807242,0.6150684455648643,0.25765354897324766,MaxMin,c=0.25,INFEASIBLE_BALL_MISSES_SIMPLEX,,,,,,,,,,False,False,,,
dirichlet_67,0.046728612605807185,0.06597053899527362,0.014578853860807242,0.6150684455648643,0.25765354897324766,MaxMin,c=0.5,INFEASIBLE_BALL_MISSES_SIMPLEX,,,,,,,,,,False,False,,,
dirichlet_67,0.046728612605807185,0.06597053899527362,0.014578853860807242,0.6150684455648643,0.25765354897324766,MaxMin,c=0.75,OK,0.0072743654118139905,0.026189830565313495,0.0,0.756799365743893,0.2097364382789797,0.16042253144994914,0.1578912764483715,0.5414032173396417,-0.04089593033949458,True,True,-0.04089593033949458,,
dirichlet_67,0.046728612605807185,0.06597053899527362,0.014578853860807242,0.6150684455648643,0.25765354897324766,MaxMin,c=0.9,OK,0.034647713466609026,0.05375020791395089,0.0021679521176946413,0.6671924057292674,0.24224172077247805,0.0583416383857716,0.05751822027180573,0.49842417168941144,-0.012821407729398755,True,True,-0.012821407729398755,,
dirichlet_67,0.046728612605807185,0.06597053899527362,0.014578853860807242,0.6150684455648643,0.25765354897324766,MaxMin,c=0.95,OK,0.0407337999106936,0.0599065370480083,0.008420286483481185,0.6409335218735743,0.2500058546842426,0.02895042748217152,0.028541828974219967,0.4852164156237033,-0.006362269640680192,True,True,-0.006362269640680192,,
dirichlet_67,0.046728612605807185,0.06597053899527362,0.014578853860807242,0.6150684455648643,0.25765354897324766,MaxMin,c=1.0,OK,0.046728612605807185,0.06597053899527362,0.014578853860807242,0.6150684455648643,0.25765354897324766,0.0,0.0,0.47220673781775563,0.0,False,True,0.0,,
dirichlet_67,0.046728612605807185,0.06597053899527362,0.014578853860807242,0.6150684455648643,0.25765354897324766,Fair,"alpha=0.0,eps=0.01",OK,0.0897045882734655,0.053941752251270896,0.0030580276528938202,0.6053019790650054,0.24799365275736435,0.04809421061237312,0.04695898629350584,0.46460443629859505,-0.010000000000000033,True,True,,,0.05131114208474287
dirichlet_67,0.046728612605807185,0.06597053899527362,0.014578853860807242,0.6150684455648643,0.25765354897324766,Fair,"alpha=0.0,eps=0.02",OK,0.12406671490917112,0.042047177603069724,0.0,0.5955212561173187,0.23836485137044056,0.0867190794381094,0.08479646394526767,0.456738321565814,-0.020000000000000004,True,True,,,0.1024787350751663
dirichlet_67,0.046728612605807185,0.06597053899527362,0.014578853860807242,0.6150684455648643,0.25765354897324766,Fair,"alpha=0.0,eps=0.05",OK,0.21781526583466573,0.006508946061828648,0.0,0.5661636325952629,0.20951215550824273,0.1942373327233292,0.19031463311602898,0.4328539910839006,-0.05,True,True,,,0.25582589988507276
dirichlet_67,0.046728612605807185,0.06597053899527362,0.014578853860807242,0.6150684455648643,0.25765354897324766,Fair,"alpha=0.0,eps=0.1",OK,0.3213984447761572,0.0,0.0,0.5171430508728584,0.16145850435098444,0.3144058543271328,0.31019276935751094,0.3939941723156319,-0.10000000000000002,True,True,,,0.5113197263520466
dirichlet_67,0.046728612605807185,0.06597053899527362,0.014578853860807242,0.6150684455648643,0.25765354897324766,Fair,"alpha=0.5,eps=0.01",OK,0.047224995676550995,0.06642709625473599,0.014690022632049526,0.6148930397638886,0.25676484567277486,0.001134795105327617,0.0011521685730466887,0.47191015165060873,-0.0008913129357856033,True,True,,,1.0003561959118048
dirichlet_67,0.046728612605807185,0.06597053899527362,0.014578853860807242,0.6150684455648643,0.25765354897324766,Fair,"alpha=0.5,eps=0.02",OK,0.047721379208262124,0.06688365366430384,0.014801191403113832,0.6147176337270752,0.25587614199724495,0.002269590802841568,0.002304337751043002,0.471613565267191,-0.0017826262550858752,True,True,,,1.4147172994624313
dirichlet_67,0.046728612605807185,0.06597053899527362,0.014578853860807242,0.6150684455648643,0.25765354897324766,Fair,"alpha=0.5,eps=0.05",OK,0.04921052885142456,0.06825332612228593,0.015134697279612879,0.6141914159003393,0.25321003184633734,0.005673976798802076,0.0057608441621496585,0.47072380649509044,-0.0044565653287789424,True,True,,,2.236864455771893
dirichlet_67,0.046728612605807185,0.06597053899527362,0.014578853860807242,0.6150684455648643,0.25765354897324766,Fair,"alpha=0.5,eps=0.1",OK,0.05169244520183498,0.07053611338671187,0.01569054089813718,0.6133143866388727,0.24876651387444323,0.011347954317732542,0.011521689039142252,0.4692408752051122,-0.008913131478610037,True,True,,,3.1634040505429235
dirichlet_67,0.046728612605807185,0.06597053899527362,0.014578853860807242,0.6150684455648643,0.25765354897324766,Fair,"alpha=1.0,eps=0.01",OK,0.046976896056997085,0.06619938782173204,0.014637656302006129,0.6149840555459927,0.25720200427327206,0.0005731391418829472,0.0005818123843267317,0.4720585970735795,-0.0004526563781261493,True,True,,,-23.02405821544571
dirichlet_67,0.046728612605807185,0.06597053899527362,0.014578853860807242,0.6150684455648643,0.25765354897324766,Fair,"alpha=1.0,eps=0.02",OK,0.047225179618273945,0.06642823659786079,0.014696458701875538,0.6148996655295472,0.2567504595524426,0.001146278323191444,0.0011636248071974324,0.4719104563263843,-0.0009053127766714096,True,True,,,-19.558322312645984
dirichlet_67,0.046728612605807185,0.06597053899527362,0.014578853860807242,0.6150684455648643,0.25765354897324766,Fair,"alpha=1.0,eps=0.05",OK,0.047970030149292256,0.06711478299406096,0.014872865949376042,0.6146464954856083,0.25539582542166245,0.002865695807133855,0.002909062016479807,0.4714660340948479,-0.002263281940777958,True,True,,,-14.976868653275208
dirichlet_67,0.046728612605807185,0.06597053899527362,0.014578853860807242,0.6150684455648643,0.25765354897324766,Fair,"alpha=1.0,eps=0.1",OK,0.04921144751766705,0.0682590271330279,0.01516687855761152,0.6142245451685033,0.25313810162319017,0.0057313918772287165,0.005818124318080525,0.47072533016720475,-0.004526564139737798,True,True,,,-11.511132750475483
dirichlet_67,0.046728612605807185,0.06597053899527362,0.014578853860807242,0.6150684455648643,0.25765354897324766,Fair,"alpha=2.0,eps=0.01",OK,0.04685276274636164,0.06608509169733678,0.014609059528276024,0.6150271007793542,0.2574259852486714,0.0002879975717411505,0.0002923290082723051,0.4721327193119246,-0.00022807029237556937,True,True,,,-499.91007439854934
dirichlet_67,0.046728612605807185,0.06597053899527362,0.014578853860807242,0.6150684455648643,0.25765354897324766,Fair,"alpha=2.0,eps=0.02",OK,0.04697691288715773,0.06619964439886768,0.014639265193327016,0.6149857559947834,0.25719842152586414,0.0005759951415885049,0.0005846580145505169,0.4720587008070946,-0.0004561405829417744,True,True,,,-249.95503719927467
dirichlet_67,0.046728612605807185,0.06597053899527362,0.014578853860807242,0.6150684455648643,0.25765354897324766,Fair,"alpha=2.0,eps=0.05",OK,0.04734936333076385,0.06654330252271809,0.014729882166177299,0.6148617216185993,0.2565157303617414,0.0014399878654270586,0.0014616450481951863,0.4718366452818981,-0.001140351451351149,True,True,,,-99.98201487970985
dirichlet_67,0.046728612605807185,0.06597053899527362,0.014578853860807242,0.6150684455648643,0.25765354897324766,Fair,"alpha=2.0,eps=0.1",OK,0.04797011399093646,0.06711606603997895,0.014880910583819712,0.6146549976768922,0.25537791170837265,0.0028799757430753845,0.0029232901108829476,0.4714665527353899,-0.002280702944453032,True,True,,,-49.99100743985493
dirichlet_68,0.0699054987650865,0.49030013619400586,0.30203049464506426,0.05395646561945422,0.08380740477638912,Avg,rho=0.0,OK,0.0,0.9999999999999994,1.9428902930940235e-16,2.9864308194909203e-16,9.473681728619917e-18,0.6048455430062147,0.5892803586499876,0.512233712233208,-0.2805658229357567,True,True,,,
dirichlet_68,0.0699054987650865,0.49030013619400586,0.30203049464506426,0.05395646561945422,0.08380740477638912,Avg,rho=0.1,OK,0.0,0.9999999999999993,4.440892098500624e-16,1.6274418071304343e-16,0.0,0.6048455430062146,0.5892803586499875,0.512233712233208,-0.28056582293575644,True,True,,,
dirichlet_68,0.0699054987650865,0.49030013619400586,0.30203049464506426,0.05395646561945422,0.08380740477638912,Avg,rho=0.2,OK,0.0,0.8314923307957783,0.16850766920422178,5.153304452839424e-18,2.2692565759473833e-17,0.3860857658681188,0.3770168064958612,0.4819777860087784,-0.1208400435620804,True,True,,,
dirichlet_68,0.0699054987650865,0.49030013619400586,0.30203049464506426,0.05395646561945422,0.08380740477638912,Avg,rho=0.5,OK,6.8868670242543935e-18,0.6894241890261591,0.310575810973841,2.4750250919516316e-17,7.339722439147849e-18,0.23354907596167745,0.22991606322835223,0.45646913565166014,-0.08587974015384038,True,True,,,
dirichlet_68,0.0699054987650865,0.49030013619400586,0.30203049464506426,0.05395646561945422,0.08380740477638912,Cert,,FLOOR_COLLAPSED,0.0699054987650865,0.49030013619400586,0.30203049464506426,0.05395646561945422,0.08380740477638912,0.0,0.0,0.37171876555707517,0.0,False,True,0.0,-0.0,
dirichlet_68,0.0699054987650865,0.49030013619400586,0.30203049464506426,0.05395646561945422,0.08380740477638912,MaxMin,c=0.0,INFEASIBLE_BALL_MISSES_SIMPLEX,,,,,,,,,,False,False,,,
dirichlet_68,0.0699054987650865,0.49030013619400586,0.30203049464506426,0.05395646561945422,0.08380740477638912,MaxMin,c=0.1,INFEASIBLE_BALL_MISSES_SIMPLEX,,,,,,,,,,False,False,,,
dirichlet_68,0.0699054987650865,0.49030013619400586,0.30203049464506426,0.05395646561945422,0.08380740477638912,MaxMin,c=0.25,INFEASIBLE_BALL_MISSES_SIMPLEX,,,,,,,,,,False,False,,,
dirichlet_68,0.0699054987650865,0.49030013619400586,0.30203049464506426,0.05395646561945422,0.08380740477638912,MaxMin,c=0.5,OK,0.0,0.6756128864704758,0.30791930295689307,1.8735013540549517e-16,0.016467810572630998,0.21612078420556508,0.21233812160453536,0.4500157520857311,-0.06951004978221796,True,True,-0.06951004978221796,,
dirichlet_68,0.0699054987650865,0.49030013619400586,0.30203049464506426,0.05395646561945422,0.08380740477638912,MaxMin,c=0.75,OK,0.0376542452937027,0.6054092340774031,0.2715091722795486,0.027468661777189974,0.05795868657215562,0.1288082251649049,0.12584125834832297,0.4123120076429273,-0.02685932278130604,True,True,-0.02685932278130604,,
dirichlet_68,0.0699054987650865,0.49030013619400586,0.30203049464506426,0.05395646561945422,0.08380740477638912,MaxMin,c=0.9,OK,0.05780385422757183,0.533492546896891,0.2905779725156502,0.0440174414831391,0.07410818487674786,0.04833273707755057,0.047219441502830216,0.3869505762147335,-0.01007842926496311,True,True,-0.01007842926496311,,
dirichlet_68,0.0699054987650865,0.49030013619400586,0.30203049464506426,0.05395646561945422,0.08380740477638912,MaxMin,c=0.95,OK,0.06394247767321815,0.5115829672366405,0.29638732517325533,0.049059064247788345,0.07902816566909765,0.023815699571056406,0.02326712908768435,0.3792241593849471,-0.0049660925086320645,True,True,-0.0049660925086320645,,
dirichlet_68,0.0699054987650865,0.49030013619400586,0.30203049464506426,0.05395646561945422,0.08380740477638912,MaxMin,c=1.0,OK,0.0699054987650865,0.49030013619400586,0.30203049464506426,0.05395646561945422,0.08380740477638912,0.0,0.0,0.37171876555707517,0.0,False,True,0.0,,
dirichlet_68,0.0699054987650865,0.49030013619400586,0.30203049464506426,0.05395646561945422,0.08380740477638912,Fair,"alpha=0.0,eps=0.01",OK,0.11288147443274484,0.4782713494500032,0.29050966843715087,0.04418999911959535,0.07414750856050584,0.048094210612373095,0.04695898629350581,0.3653056965367154,-0.009999999999999993,True,True,,,0.05131114208474287
dirichlet_68,0.0699054987650865,0.49030013619400586,0.30203049464506426,0.05395646561945422,0.08380740477638912,Fair,"alpha=0.0,eps=0.02",OK,0.15585745010040314,0.4662425627060004,0.2789888422292374,0.03442353261973647,0.06448761234462252,0.09618842122474623,0.09391797258701165,0.3588926275163555,-0.020000000000000018,True,True,,,0.10262228416948574
dirichlet_68,0.0699054987650865,0.49030013619400586,0.30203049464506426,0.05395646561945422,0.08380740477638912,Fair,"alpha=0.0,eps=0.05",OK,0.2847853771033782,0.4301562024739923,0.24442636360549716,0.005124133120159851,0.03550792369697261,0.24047105306186564,0.23479493146752925,0.3396534204552761,-0.05,True,True,,,0.2565557104237144
dirichlet_68,0.0699054987650865,0.49030013619400586,0.30203049464506426,0.05395646561945422,0.08380740477638912,Fair,"alpha=0.0,eps=0.1",OK,0.4376225248535254,0.3731493770505855,0.18922809809588909,0.0,0.0,0.414245668158328,0.40337430524384077,0.3069115630659235,-0.10000000000000002,True,True,,,0.5104214314245019
dirichlet_68,0.0699054987650865,0.49030013619400586,0.30203049464506426,0.05395646561945422,0.08380740477638912,Fair,"alpha=0.5,eps=0.01",OK,0.0704018818358303,0.49075669345346823,0.30214166341630655,0.05378105981847859,0.08291870147591635,0.0011347951053275855,0.001152168573046657,0.37195532146359317,-0.0008913129357855752,True,True,,,1.0003561959118048
dirichlet_68,0.0699054987650865,0.49030013619400586,0.30203049464506426,0.05395646561945422,0.08380740477638912,Fair,"alpha=0.5,eps=0.02",OK,0.07089826538219172,0.49121325102476326,0.30225283203232683,0.05360565370218703,0.08202999785853111,0.0022695908258777812,0.002304337774141975,0.37219187748330435,-0.001782626200594762,True,True,,,1.4147172994624313
dirichlet_68,0.0699054987650865,0.49030013619400586,0.30203049464506426,0.05395646561945422,0.08380740477638912,Fair,"alpha=0.5,eps=0.05",OK,0.07238741501867352,0.49258292332321313,0.30258633806303836,0.053079435957798876,0.07936388763727613,0.005673976812202625,0.005760844175518027,0.37290154537179704,-0.004456565340760551,True,True,,,2.236864455771893
dirichlet_68,0.0699054987650865,0.49030013619400586,0.30203049464506426,0.05395646561945422,0.08380740477638912,Fair,"alpha=0.5,eps=0.1",OK,0.07486933137117102,0.49486571039680494,0.30314218138198085,0.052202406939300054,0.07492036991074312,0.011347953996212719,0.011521688699379428,0.374084325130947,-0.008913131234441493,True,True,,,3.1634040505429235
dirichlet_68,0.0699054987650865,0.49030013619400586,0.30203049464506426,0.05395646561945422,0.08380740477638912,Fair,"alpha=1.0,eps=0.01",OK,0.07015378229419302,0.4905289850513666,0.3020892968698544,0.053872075690274905,0.08335586009431101,0.0005731391384655977,0.0005818123729522408,0.3718380050816702,-0.0004526563554169785,True,True,,,-23.024058215445713
dirichlet_68,0.0699054987650865,0.49030013619400586,0.30203049464506426,0.05395646561945422,0.08380740477638912,Fair,"alpha=1.0,eps=0.02",OK,0.07040206568384266,0.4907578338048596,0.3021480995291988,0.053787685644939645,0.08290431533715927,0.0011462782958785087,0.0011636247784059034,0.37195724466533775,-0.0009053127922889299,True,True,,,-19.558322312645984
dirichlet_68,0.0699054987650865,0.49030013619400586,0.30203049464506426,0.05395646561945422,0.08380740477638912,Fair,"alpha=1.0,eps=0.05",OK,0.07114691623247668,0.4914443801423414,0.30232450674962896,0.05353451547064245,0.08154968140491052,0.002865695624011283,0.0029090618349966488,0.37231496327773533,-0.002263281765206056,True,True,,,-14.976868653275208
dirichlet_68,0.0699054987650865,0.49030013619400586,0.30203049464506426,0.05395646561945422,0.08380740477638912,Fair,"alpha=1.0,eps=0.1",OK,0.07238833378228939,0.49258862421552774,0.3026185188711411,0.05311256542871298,0.07929195770232876,0.005731391580438783,0.005818124001245896,0.3729111610555865,-0.0045265638543409035,True,True,,,-11.511132750475483
dirichlet_68,0.0699054987650865,0.49030013619400586,0.30203049464506426,0.05395646561945422,0.08380740477638912,Fair,"alpha=2.0,eps=0.01",OK,0.07002964890575648,0.4904146888985152,0.3020607003114689,0.05391512083314881,0.08357984105111055,0.00028799757332142377,0.00029232900987660753,0.37177861891538283,-0.0002280702931076353,True,True,,,-499.91007439854934
dirichlet_68,0.0699054987650865,0.49030013619400586,0.30203049464506426,0.05395646561945422,0.08380740477638912,Fair,"alpha=2.0,eps=0.02",OK,0.07015379904449956,0.49052924146678456,0.3020909061595142,0.05387377596278467,0.0833522773664171,0.0005759950906715391,0.0005846579700825309,0.3718384722615864,-0.0004561405504055996,True,True,,,-249.95503719927467
dirichlet_68,0.0699054987650865,0.49030013619400586,0.30203049464506426,0.05395646561945422,0.08380740477638912,Fair,"alpha=2.0,eps=0.05",OK,0.0705262494719285,0.4908728997155943,0.3021815229600519,0.05374974170714996,0.08266958614527531,0.0014399878669153054,0.001461645048604128,0.37201803234386815,-0.0011403514692681777,True,True,,,-99.98201487970987
dirichlet_68,0.0699054987650865,0.49030013619400586,0.30203049464506426,0.05395646561945422,0.08380740477638912,Fair,"alpha=2.0,eps=0.1",OK,0.07114700016889945,0.4914456632162996,0.3023325513160239,0.05354301775886107,0.0815317675399161,0.0028799757103832556,0.0029232900757823603,0.37231729913209743,-0.0022807029147748938,True,True,,,-49.991007439854926
dirichlet_69,0.43429340064103183,0.1446720360055814,0.13257999454440036,0.128037421524847,0.16041714728413947,Avg,rho=0.0,OK,1.0,0.0,4.163336342344337e-17,0.0,0.0,0.6329760279561891,0.6194878641923139,0.4544736278208664,-0.16471232889054116,True,True,,,
dirichlet_69,0.43429340064103183,0.1446720360055814,0.13257999454440036,0.128037421524847,0.16041714728413947,Avg,rho=0.1,OK,1.0,0.0,4.163336342344338e-17,1.387778780781446e-17,0.0,0.6329760279561891,0.6194878641923139,0.4544736278208664,-0.16471232889054116,True,True,,,
dirichlet_69,0.43429340064103183,0.1446720360055814,0.13257999454440036,0.128037421524847,0.16041714728413947,Avg,rho=0.2,OK,0.9983143148804942,7.26415455565288e-18,5.421010862427522e-20,3.06287113727155e-18,0.0016856851195058713,0.631043820226905,0.6175567824268279,0.45399698960067125,-0.16303845186065563,True,True,,,
dirichlet_69,0.43429340064103183,0.1446720360055814,0.13257999454440036,0.128037421524847,0.16041714728413947,Avg,rho=0.5,OK,0.6736973411012671,0.09410891453638104,0.06677216114007699,0.05406964069308426,0.11135194252919065,0.268477510821277,0.26284257341173944,0.36179868520544145,-0.07474323622887186,True,True,,,
dirichlet_69,0.43429340064103183,0.1446720360055814,0.13257999454440036,0.128037421524847,0.16041714728413947,Cert,,FLOOR_COLLAPSED,0.43429340064103183,0.1446720360055814,0.13257999454440036,0.128037421524847,0.16041714728413947,0.0,0.0,0.2927124695232879,0.0,False,True,0.0,-0.0,
dirichlet_69,0.43429340064103183,0.1446720360055814,0.13257999454440036,0.128037421524847,0.16041714728413947,MaxMin,c=0.0,OK_EXACT_D0,0.6635995592957692,0.10345758198131305,0.07422281372537137,0.05175311786263112,0.10696692713491529,0.2576077001758384,0.252771501195549,0.35907419671317253,-0.07715708804051576,True,True,-0.07715708804051576,,
dirichlet_69,0.43429340064103183,0.1446720360055814,0.13257999454440036,0.128037421524847,0.16041714728413947,MaxMin,c=0.1,OK,0.6556699449939686,0.09551389082441164,0.0685067692627177,0.07364695820769716,0.10666243671120498,0.24774456045276183,0.24233279352946788,0.3562629731672243,-0.055659429945315066,True,True,-0.055659429945315066,,
dirichlet_69,0.43429340064103183,0.1446720360055814,0.13257999454440036,0.128037421524847,0.16041714728413947,MaxMin,c=0.25,OK,0.6144914291505011,0.09423539965339409,0.0842732339132846,0.08708668145583763,0.11991325582698244,0.20165875935170022,0.19689877005540518,0.34421959263886076,-0.041929944744704926,True,True,-0.041929944744704926,,
dirichlet_69,0.43429340064103183,0.1446720360055814,0.13257999454440036,0.128037421524847,0.16041714728413947,MaxMin,c=0.5,OK,0.5520399356119527,0.1117152982699833,0.10101497839504393,0.1012790391634809,0.13395074855953926,0.13176958902716143,0.1286592761631782,0.32636869386350376,-0.02739822264454884,True,True,-0.02739822264454884,,
dirichlet_69,0.43429340064103183,0.1446720360055814,0.13257999454440036,0.128037421524847,0.16041714728413947,MaxMin,c=0.75,OK,0.4928108449339462,0.1282932604858146,0.11689287411592197,0.11473909262212015,0.14726392784219713,0.06548659446582808,0.06394083721873269,0.30943887453745494,-0.01361631548413052,True,True,-0.01361631548413052,,
dirichlet_69,0.43429340064103183,0.1446720360055814,0.13257999454440036,0.128037421524847,0.16041714728413947,MaxMin,c=0.9,OK,0.4576539661787342,0.13813351636276186,0.12631758836286996,0.12272863732164334,0.1551662917739907,0.026142698136342776,0.025525621230259872,0.29938976524706773,-0.005435726629769736,True,True,-0.005435726629769736,,
dirichlet_69,0.43429340064103183,0.1446720360055814,0.13257999454440036,0.128037421524847,0.16041714728413947,MaxMin,c=0.95,OK,0.44596761086418446,0.14140447586302876,0.12945041935719126,0.12538440943412824,0.15779308448146717,0.013064553311071266,0.012756175266291574,0.29604938163167643,-0.0027164503054993732,True,True,-0.0027164503054993732,,
dirichlet_69,0.43429340064103183,0.1446720360055814,0.13257999454440036,0.128037421524847,0.16041714728413947,MaxMin,c=1.0,OK,0.43429340064103183,0.1446720360055814,0.13257999454440036,0.128037421524847,0.16041714728413947,0.0,0.0,0.2927124695232879,0.0,False,True,0.0,,
dirichlet_69,0.43429340064103183,0.1446720360055814,0.13257999454440036,0.128037421524847,0.16041714728413947,Fair,"alpha=0.0,eps=0.01",OK,0.47726937630869015,0.13264324926157867,0.12105916833648694,0.11827095502498813,0.15075725106825616,0.048094210612373116,0.04695898629350583,0.304996559910046,-0.01000000000000001,True,True,,,0.05131114208474287
dirichlet_69,0.43429340064103183,0.1446720360055814,0.13257999454440036,0.128037421524847,0.16041714728413947,Fair,"alpha=0.0,eps=0.02",OK,0.5202453519763485,0.12061446251757595,0.10953834212857352,0.10850448852512926,0.14109735485237287,0.09618842122474622,0.09391797258701165,0.31728065029680413,-0.02000000000000001,True,True,,,0.10262228416948574
dirichlet_69,0.43429340064103183,0.1446720360055814,0.13257999454440036,0.128037421524847,0.16041714728413947,Fair,"alpha=0.0,eps=0.05",OK,0.6491732789793234,0.08452810228556777,0.07497586350483323,0.07920508902555265,0.11211766620472295,0.24047105306186556,0.23479493146752914,0.3541329214570786,-0.050000000000000024,True,True,,,0.2565557104237144
dirichlet_69,0.43429340064103183,0.1446720360055814,0.13257999454440036,0.128037421524847,0.16041714728413947,Fair,"alpha=0.0,eps=0.1",OK,0.8640531573176151,0.024384168565554143,0.017371732465266118,0.030372756526258274,0.06381818512530643,0.48094210612373123,0.4695898629350584,0.41555337339086934,-0.10000000000000002,True,True,,,0.5131114208474288
dirichlet_69,0.43429340064103183,0.1446720360055814,0.13257999454440036,0.128037421524847,0.16041714728413947,Fair,"alpha=0.5,eps=0.01",OK,0.4347897837117756,0.14512859326504376,0.13269116331564262,0.12786201572387138,0.1595284439836667,0.0011347951053275838,0.0011521685730466547,0.2928618710606403,-0.0008913129357855758,True,True,,,1.0003561959118048
dirichlet_69,0.43429340064103183,0.1446720360055814,0.13257999454440036,0.128037421524847,0.16041714728413947,Fair,"alpha=0.5,eps=0.02",OK,0.4352861671442038,0.14558515084073864,0.13280233201310307,0.12768660963546638,0.15863974036648798,0.0022695907813171682,0.002304337730114578,0.29301127271105587,-0.001782626199381381,True,True,,,1.4147172994624313
dirichlet_69,0.43429340064103183,0.1446720360055814,0.13257999454440036,0.128037421524847,0.16041714728413947,Fair,"alpha=0.5,eps=0.05",OK,0.43677531689461885,0.14695482313478864,0.13313583796237444,0.12716039186319167,0.1559736301450265,0.005673976812202601,0.0057608441755180005,0.2934594774918199,-0.004456565340760537,True,True,,,2.236864455771893
dirichlet_69,0.43429340064103183,0.1446720360055814,0.13257999454440036,0.128037421524847,0.16041714728413947,Fair,"alpha=0.5,eps=0.1",OK,0.43925723306629855,0.1492376103241204,0.13369168165955617,0.12628336233285742,0.1515301126171676,0.011347953924263115,0.01152168865440505,0.2942064854335591,-0.008913131062446351,True,True,,,3.1634040505429235
dirichlet_69,0.43429340064103183,0.1446720360055814,0.13257999454440036,0.128037421524847,0.16041714728413947,Fair,"alpha=1.0,eps=0.01",OK,0.4345416838691991,0.1449008847949622,0.13263879721504807,0.1279530315225761,0.15996560259821463,0.0005731390404917204,0.0005818122865421504,0.2927871117560344,-0.00045265636419565785,True,True,,,-23.024058215445713
dirichlet_69,0.43429340064103183,0.1446720360055814,0.13257999454440036,0.128037421524847,0.16041714728413947,Fair,"alpha=1.0,eps=0.02",OK,0.4347899674549709,0.1451297336911057,0.13269759937855075,0.12786864153289615,0.15951405794247658,0.0011462782008585348,0.0011636246825692486,0.29286175409340326,-0.0009053126960827896,True,True,,,-19.558322312645984
dirichlet_69,0.43429340064103183,0.1446720360055814,0.13257999454440036,0.128037421524847,0.16041714728413947,Fair,"alpha=1.0,eps=0.05",OK,0.4355348183477947,0.14581627995570146,0.13287400664074983,0.12761547151391453,0.15815942354183954,0.002865695999425154,0.0029090622074659676,0.29308568113599354,-0.0022632821269700154,True,True,,,-14.97686865327521
dirichlet_69,0.43429340064103183,0.1446720360055814,0.13257999454440036,0.128037421524847,0.16041714728413947,Fair,"alpha=1.0,eps=0.1",OK,0.43677623571781543,0.14696052397448484,0.13316801866197223,0.1271935215091007,0.15590170013662685,0.005731391606209211,0.005818124018164759,0.2934588926545523,-0.0045265639186997655,True,True,,,-11.511132750475483
dirichlet_69,0.43429340064103183,0.1446720360055814,0.13257999454440036,0.128037421524847,0.16041714728413947,Fair,"alpha=2.0,eps=0.01",OK,0.43441755078195154,0.14478658870837918,0.13261020021068043,0.1279960767393576,0.16018958355963114,0.000287997572009474,0.00029232900851824733,0.2927497712599109,-0.00022807029230331716,True,True,,,-499.91007439854934
dirichlet_69,0.43429340064103183,0.1446720360055814,0.13257999454440036,0.128037421524847,0.16041714728413947,Fair,"alpha=2.0,eps=0.02",OK,0.4345417009177826,0.14490114141327815,0.13264040587477174,0.12795473195531878,0.1599620198388488,0.0005759951392791526,0.0005846580121715875,0.29278707299509854,-0.00045614058083246297,True,True,,,-249.95503719927464
dirichlet_69,0.43429340064103183,0.1446720360055814,0.13257999454440036,0.128037421524847,0.16041714728413947,Fair,"alpha=2.0,eps=0.05",OK,0.43491415077856227,0.1452447996507201,0.13273102282200985,0.12783069761047458,0.15927932913823326,0.0014399872836248343,0.001461644461276184,0.2928989780476315,-0.0011403509874923455,True,True,,,-99.98201487970987
dirichlet_69,0.43429340064103183,0.1446720360055814,0.13257999454440036,0.128037421524847,0.16041714728413947,Fair,"alpha=2.0,eps=0.1",OK,0.4355349020468451,0.14581756304867752,0.13288205118671284,0.1276239736791119,0.1581415100386525,0.0028799757215046758,0.0029232900858623626,0.2930854868886386,-0.0022807029229423223,True,True,,,-49.99100743985493
dirichlet_70,0.14680562147281062,0.08194068175931309,0.2380933426040467,0.1690765793856042,0.3640837747782254,Avg,rho=0.0,OK,1.6576007108580695e-16,2.3908636706267896e-17,2.7755575615628904e-16,0.0,0.9999999999999994,0.7196741907367621,0.716680611182222,0.37553110849288945,-0.2512830877179946,True,True,,,
dirichlet_70,0.14680562147281062,0.08194068175931309,0.2380933426040467,0.1690765793856042,0.3640837747782254,Avg,rho=0.1,OK,0.0,0.0,0.13633513517188992,0.0,0.86366486482811,0.5628401672190538,0.5584676207038618,0.3590612583718522,-0.15716339069183577,True,True,,,
dirichlet_70,0.14680562147281062,0.08194068175931309,0.2380933426040467,0.1690765793856042,0.3640837747782254,Avg,rho=0.2,OK,0.0,0.0,0.2729140369667033,0.031002488232383784,0.6960834748009129,0.398455646266983,0.3931339067886896,0.3370222181945357,-0.15033097029197726,True,True,,,
dirichlet_70,0.14680562147281062,0.08194068175931309,0.2380933426040467,0.1690765793856042,0.3640837747782254,Avg,rho=0.5,OK,0.08993664629465596,4.989871092275083e-18,0.2694859070545443,0.12893347357258808,0.5116439730782116,0.1852547700719728,0.18371418640527745,0.30151482803988405,-0.0838844978338765,True,True,,,
dirichlet_70,0.14680562147281062,0.08194068175931309,0.2380933426040467,0.1690765793856042,0.3640837747782254,Cert,,FLOOR_COLLAPSED,0.14680562147281062,0.08194068175931309,0.2380933426040467,0.1690765793856042,0.3640837747782254,0.0,0.0,0.26469331543030344,0.0,False,True,0.0,-0.0,
dirichlet_70,0.14680562147281062,0.08194068175931309,0.2380933426040467,0.1690765793856042,0.3640837747782254,MaxMin,c=0.0,INFEASIBLE_BALL_MISSES_SIMPLEX,,,,,,,,,,False,False,,,
dirichlet_70,0.14680562147281062,0.08194068175931309,0.2380933426040467,0.1690765793856042,0.3640837747782254,MaxMin,c=0.1,INFEASIBLE_BALL_MISSES_SIMPLEX,,,,,,,,,,False,False,,,
dirichlet_70,0.14680562147281062,0.08194068175931309,0.2380933426040467,0.1690765793856042,0.3640837747782254,MaxMin,c=0.25,OK,0.0849436469164254,0.01579578907736985,0.2600672993581997,0.1329620483238896,0.5062312163241154,0.17376725811039256,0.17262637809268366,0.2987547077928209,-0.06887428905365824,True,True,-0.06887428905365824,,
dirichlet_70,0.14680562147281062,0.08194068175931309,0.2380933426040467,0.1690765793856042,0.3640837747782254,MaxMin,c=0.5,OK,0.11418133648378588,0.0494352629030534,0.23126834746318753,0.12929333729804363,0.47582171585192956,0.12741899627263892,0.1262725284039824,0.28795397616676716,-0.035046204478953284,True,True,-0.035046204478953284,,
dirichlet_70,0.14680562147281062,0.08194068175931309,0.2380933426040467,0.1690765793856042,0.3640837747782254,MaxMin,c=0.75,OK,0.1336794706524394,0.0688404442820095,0.22500267712681424,0.15214656625425813,0.4203308416844787,0.0629732916413123,0.06262363109416202,0.2754726039328049,-0.014605756408901107,True,True,-0.014605756408901107,,
dirichlet_70,0.14680562147281062,0.08194068175931309,0.2380933426040467,0.1690765793856042,0.3640837747782254,MaxMin,c=0.9,OK,0.1417968631296344,0.07694181159090116,0.23309812497900906,0.16261631958193717,0.3855468807185182,0.024029740646906106,0.023896314998611667,0.2688065434404994,-0.00557335545451362,True,True,-0.00557335545451362,,
dirichlet_70,0.14680562147281062,0.08194068175931309,0.2380933426040467,0.1690765793856042,0.3640837747782254,MaxMin,c=0.95,OK,0.1443290853244625,0.07946903473129473,0.23562350154371212,0.16588236121109468,0.37469601718943596,0.011881292182635882,0.011815321053969229,0.26672706454649436,-0.0027556961835664144,True,True,-0.0027556961835664144,,
dirichlet_70,0.14680562147281062,0.08194068175931309,0.2380933426040467,0.1690765793856042,0.3640837747782254,MaxMin,c=1.0,OK,0.14680562147281062,0.08194068175931309,0.2380933426040467,0.1690765793856042,0.3640837747782254,0.0,0.0,0.26469331543030344,0.0,False,True,0.0,,
dirichlet_70,0.14680562147281062,0.08194068175931309,0.2380933426040467,0.1690765793856042,0.3640837747782254,Fair,"alpha=0.0,eps=0.01",OK,0.18978159714046894,0.06991189501531037,0.22657251639613327,0.15931011288574531,0.3544238785623421,0.048094210612373116,0.046958986293505825,0.26222607953253385,-0.01000000000000001,True,True,,,0.05131114208474287
dirichlet_70,0.14680562147281062,0.08194068175931309,0.2380933426040467,0.1690765793856042,0.3640837747782254,Fair,"alpha=0.0,eps=0.02",OK,0.23275757280812728,0.05788310827130764,0.21505169018821987,0.14954364638588646,0.34476398234645883,0.09618842122474623,0.09391797258701165,0.2597588436347642,-0.019999999999999993,True,True,,,0.10262228416948574
dirichlet_70,0.14680562147281062,0.08194068175931309,0.2380933426040467,0.1690765793856042,0.3640837747782254,Fair,"alpha=0.0,eps=0.05",OK,0.36168549981110226,0.021796748039299457,0.18048921156447956,0.12024424688630983,0.3157842936988089,0.2404710530618656,0.2347949314675292,0.25235713594145526,-0.05000000000000002,True,True,,,0.2565557104237144
dirichlet_70,0.14680562147281062,0.08194068175931309,0.2380933426040467,0.1690765793856042,0.3640837747782254,Fair,"alpha=0.0,eps=0.1",OK,0.5381494647163421,0.0,0.12299507141999891,0.07134539068641638,0.2675100731772426,0.4381663566350425,0.42876670043289844,0.23769033349755808,-0.10000000000000005,True,True,,,0.5130478916902953
dirichlet_70,0.14680562147281062,0.08194068175931309,0.2380933426040467,0.1690765793856042,0.3640837747782254,Fair,"alpha=0.5,eps=0.01",OK,0.1473020045435544,0.08239723901877545,0.23820451137528895,0.16890117358462856,0.3631950714777526,0.0011347951053276057,0.0011521685730466762,0.2644881301617562,-0.0008913129357856035,True,True,,,1.0003561959118048
dirichlet_70,0.14680562147281062,0.08194068175931309,0.2380933426040467,0.1690765793856042,0.3640837747782254,Fair,"alpha=0.5,eps=0.02",OK,0.14779838797784287,0.08285379670538429,0.2383156799148098,0.16872576752970478,0.36230636787225823,0.0022695907969564276,0.0023043377414391146,0.26428294477851294,-0.0017826261857171468,True,True,,,1.4147172994624313
dirichlet_70,0.14680562147281062,0.08194068175931309,0.2380933426040467,0.1690765793856042,0.3640837747782254,Fair,"alpha=0.5,eps=0.05",OK,0.14928753772639763,0.08422346888852032,0.23864918602202076,0.16819954972394885,0.3596402576391124,0.005673976812202623,0.005760844175518022,0.263667388852298,-0.004456565340760565,True,True,,,2.236864455771893
dirichlet_70,0.14680562147281062,0.08194068175931309,0.2380933426040467,0.1690765793856042,0.3640837747782254,Fair,"alpha=0.5,eps=0.1",OK,0.1517694538980773,0.08650625607785209,0.2392050297192025,0.1673225201936146,0.3551967401112535,0.011347953924263108,0.011521688654405043,0.2626414622178857,-0.008913131062446351,True,True,,,3.1634040505429235
dirichlet_70,0.14680562147281062,0.08194068175931309,0.2380933426040467,0.1690765793856042,0.3640837747782254,Fair,"alpha=1.0,eps=0.01",OK,0.1470539049728451,0.08216953059141087,0.23815214499417262,0.1689921893554992,0.3636322300860722,0.0005731391555453651,0.0005818123974034388,0.26458957159958335,-0.00045265637070383136,True,True,,,-23.02405821544571
dirichlet_70,0.14680562147281062,0.08194068175931309,0.2380933426040467,0.1690765793856042,0.3640837747782254,Fair,"alpha=1.0,eps=0.02",OK,0.14730218830475267,0.08239837956463417,0.23821094745946905,0.1689077992952983,0.36318068537584575,0.0011462783209908974,0.0011636248079215535,0.26448582776206714,-0.0009053127611053238,True,True,,,-19.558322312645984
dirichlet_70,0.14680562147281062,0.08194068175931309,0.2380933426040467,0.1690765793856042,0.3640837747782254,Fair,"alpha=1.0,eps=0.05",OK,0.14804703892621301,0.08308492597185568,0.23838735471176573,0.16865462937652928,0.3618260510136363,0.0028656960129056636,0.002909062221960335,0.2641745962281874,-0.0022632821492046306,True,True,,,-14.97686865327521
dirichlet_70,0.14680562147281062,0.08194068175931309,0.2380933426040467,0.1690765793856042,0.3640837747782254,Fair,"alpha=1.0,eps=0.1",OK,0.14928845638467048,0.08422916989706736,0.23868136730085096,0.1682326789892433,0.3595683274281679,0.005731391877228705,0.005818124318080512,0.26365587711088084,-0.004526564139737795,True,True,,,-11.511132750475483
dirichlet_70,0.14680562147281062,0.08194068175931309,0.2380933426040467,0.1690765793856042,0.3640837747782254,Fair,"alpha=2.0,eps=0.01",OK,0.1469297716134806,0.08205523446382246,0.23812354827045135,0.16903523459929878,0.3638562110529468,0.0002879975733214563,0.0002923290098766404,0.2646411585700395,-0.00022807029310766287,True,True,,,-499.91007439854934
dirichlet_70,0.14680562147281062,0.08194068175931309,0.2380933426040467,0.1690765793856042,0.3640837747782254,Fair,"alpha=2.0,eps=0.02",OK,0.14705392167158127,0.08216978718396321,0.2381537540854459,0.16899388968879578,0.36362864737021383,0.0005759951170627236,0.0005846579978715926,0.26458900172677413,-0.0004561405502990063,True,True,,,-249.95503719927467
dirichlet_70,0.14680562147281062,0.08194068175931309,0.2380933426040467,0.1690765793856042,0.3640837747782254,Fair,"alpha=2.0,eps=0.05",OK,0.14742637213370802,0.08251344531566605,0.2382443707876616,0.16886985558286932,0.36294595618009495,0.0014399878053668986,0.001461644979843711,0.26443253112360393,-0.0011403514309566059,True,True,,,-99.98201487970987
dirichlet_70,0.14680562147281062,0.08194068175931309,0.2380933426040467,0.1690765793856042,0.3640837747782254,Fair,"alpha=2.0,eps=0.1",OK,0.14804712287668015,0.08308620879007585,0.23839539925382033,0.16866313152750587,0.36180813755191793,0.002879975703163671,0.0029232900679955357,0.2641717468328938,-0.0022807029044935034,True,True,,,-49.99100743985493
dirichlet_71,0.3736164241713802,0.1812351676479344,0.0934804699136347,0.004648475153707284,0.3470194631133434,Avg,rho=0.0,OK,0.9999999999999998,0.0,6.071532165918823e-18,1.9428902930940235e-16,0.0,0.744570536897764,0.7298474282123046,0.3933544829110526,-0.3443705322833418,True,True,,,
dirichlet_71,0.3736164241713802,0.1812351676479344,0.0934804699136347,0.004648475153707284,0.3470194631133434,Avg,rho=0.1,OK,0.6268254939592126,0.0,0.0,0.0,0.37317450604078745,0.32619827078367436,0.31536455753570874,0.3776889789396414,-0.16911511747838806,True,True,,,
dirichlet_71,0.3736164241713802,0.1812351676479344,0.0934804699136347,0.004648475153707284,0.3470194631133434,Avg,rho=0.2,OK,0.5739815381428739,0.0,0.0,1.3610803022839901e-16,0.4260184618571261,0.296636837341948,0.28777989662587433,0.3754706409066154,-0.1723033965606572,True,True,,,
dirichlet_71,0.3736164241713802,0.1812351676479344,0.0934804699136347,0.004648475153707284,0.3470194631133434,Avg,rho=0.5,OK,0.48793045688243236,0.10246411906841967,0.0,7.415604046621949e-17,0.409605424049148,0.17874502860713756,0.17412342157307786,0.3577182918842474,-0.09118328648894058,True,True,,,
dirichlet_71,0.3736164241713802,0.1812351676479344,0.0934804699136347,0.004648475153707284,0.3470194631133434,Cert,,FLOOR_COLLAPSED,0.3736164241713802,0.1812351676479344,0.0934804699136347,0.004648475153707284,0.3470194631133434,0.0,0.0,0.319386234290221,0.0,False,True,0.0,-0.0,
dirichlet_71,0.3736164241713802,0.1812351676479344,0.0934804699136347,0.004648475153707284,0.3470194631133434,MaxMin,c=0.0,INFEASIBLE_BALL_MISSES_SIMPLEX,,,,,,,,,,False,False,,,
dirichlet_71,0.3736164241713802,0.1812351676479344,0.0934804699136347,0.004648475153707284,0.3470194631133434,MaxMin,c=0.1,INFEASIBLE_BALL_MISSES_SIMPLEX,,,,,,,,,,False,False,,,
dirichlet_71,0.3736164241713802,0.1812351676479344,0.0934804699136347,0.004648475153707284,0.3470194631133434,MaxMin,c=0.25,INFEASIBLE_BALL_MISSES_SIMPLEX,,,,,,,,,,False,False,,,
dirichlet_71,0.3736164241713802,0.1812351676479344,0.0934804699136347,0.004648475153707284,0.3470194631133434,MaxMin,c=0.5,INFEASIBLE_BALL_MISSES_SIMPLEX,,,,,,,,,,False,False,,,
dirichlet_71,0.3736164241713802,0.1812351676479344,0.0934804699136347,0.004648475153707284,0.3470194631133434,MaxMin,c=0.75,OK,0.47392199333280227,0.11096317749747077,0.024606429665311128,0.0,0.3905083995044158,0.1471594004279467,0.1429982811395338,0.3503796919577443,-0.06696814644786578,True,True,-0.06696814644786578,,
dirichlet_71,0.3736164241713802,0.1812351676479344,0.0934804699136347,0.004648475153707284,0.3470194631133434,MaxMin,c=0.9,OK,0.4256306894912152,0.16239048045977544,0.07525637112587386,0.0,0.33672245892313557,0.059332625301393924,0.05762742106274961,0.3297744281885427,-0.016472363108114896,True,True,-0.016472363108114896,,
dirichlet_71,0.3736164241713802,0.1812351676479344,0.0934804699136347,0.004648475153707284,0.3470194631133434,MaxMin,c=0.95,OK,0.39631733763157734,0.1747200147559483,0.08723313976847648,0.0,0.3417295078439979,0.025424393229381656,0.024811581525902786,0.3241275727854755,-0.005443818413001674,True,True,-0.005443818413001674,,
dirichlet_71,0.3736164241713802,0.1812351676479344,0.0934804699136347,0.004648475153707284,0.3470194631133434,MaxMin,c=1.0,OK,0.3736164241713802,0.1812351676479344,0.0934804699136347,0.004648475153707284,0.3470194631133434,0.0,0.0,0.319386234290221,0.0,False,True,0.0,,
dirichlet_71,0.3736164241713802,0.1812351676479344,0.0934804699136347,0.004648475153707284,0.3470194631133434,Fair,"alpha=0.0,eps=0.01",OK,0.41127361826797176,0.16945990297742483,0.08214651707286826,0.0,0.33711996168173514,0.04248279724941248,0.04138527462776038,0.3266343283694543,-0.010000000000000024,True,True,,,0.0511276761153788
dirichlet_71,0.3736164241713802,0.1812351676479344,0.0934804699136347,0.004648475153707284,0.3470194631133434,Fair,"alpha=0.0,eps=0.02",OK,0.44409996715422684,0.15791490267819744,0.07098229414083358,0.0,0.3270028360267421,0.08025089522214741,0.07808716296249092,0.3321362065016429,-0.020000000000000025,True,True,,,0.10208871713068442
dirichlet_71,0.3736164241713802,0.1812351676479344,0.0934804699136347,0.004648475153707284,0.3470194631133434,Fair,"alpha=0.0,eps=0.05",OK,0.5425790138129921,0.12327990178051526,0.03748962534472955,0.0,0.2966514590617631,0.1939089692848088,0.18854534133619033,0.3486418408982088,-0.05000000000000002,True,True,,,0.2549718401766013
dirichlet_71,0.3736164241713802,0.1812351676479344,0.0934804699136347,0.004648475153707284,0.3470194631133434,Fair,"alpha=0.0,eps=0.1",OK,0.6880211313316744,0.0658471323583235,0.0,0.0,0.24613173631000204,0.36208183960069185,0.3520875725609606,0.3711710341477739,-0.10000000000000002,True,True,,,0.5094650119894477
dirichlet_71,0.3736164241713802,0.1812351676479344,0.0934804699136347,0.004648475153707284,0.3470194631133434,Fair,"alpha=0.5,eps=0.01",OK,0.37411280740568825,0.18169172506333542,0.09359163862669094,0.004473069239048499,0.3461307596652369,0.0011347953671019767,0.0011521688397767478,0.31937445680019055,-0.0008913130875686572,True,True,,,1.0003561959118048
dirichlet_71,0.3736164241713802,0.1812351676479344,0.0934804699136347,0.004648475153707284,0.3470194631133434,Fair,"alpha=0.5,eps=0.02",OK,0.3746091906724583,0.18214828249307252,0.09370280735454842,0.004297663312198219,0.3452420561677226,0.0022695907961988904,0.002304337742755775,0.3193626793100531,-0.0017826262248284385,True,True,,,1.4147172994624313
dirichlet_71,0.3736164241713802,0.1812351676479344,0.0934804699136347,0.004648475153707284,0.3470194631133434,Fair,"alpha=0.5,eps=0.05",OK,0.37609834100647865,0.18351795461224588,0.0940363125643188,0.003771446203909325,0.34257594561304733,0.005673977097884376,0.005760844419458691,0.31932734689319736,-0.004456565663382936,True,True,,,2.236864455771893
dirichlet_71,0.3736164241713802,0.1812351676479344,0.0934804699136347,0.004648475153707284,0.3470194631133434,Fair,"alpha=0.5,eps=0.1",OK,0.3785802566623641,0.1858007419038868,0.09459215703005752,0.0028944159525839262,0.33813242845110764,0.011347953925655898,0.011521688655981563,0.3192684594025458,-0.008913131058138759,True,True,,,3.163404050542923
dirichlet_71,0.3736164241713802,0.1812351676479344,0.0934804699136347,0.004648475153707284,0.3470194631133434,Fair,"alpha=1.0,eps=0.01",OK,0.37386470767699587,0.18146401643747903,0.09353927235894233,0.004564085139169411,0.34656791838741335,0.0005731391709523664,0.0005818124134007746,0.31937849134861446,-0.000452656403690498,True,True,,,-23.02405821544571
dirichlet_71,0.3736164241713802,0.1812351676479344,0.0934804699136347,0.004648475153707284,0.3470194631133434,Fair,"alpha=1.0,eps=0.02",OK,0.37411299118267133,0.18169286523939657,0.09359807474247436,0.004479695129250906,0.3461163737062068,0.001146278304617671,0.0011636247878059865,0.319370748417842,-0.0009053127625422817,True,True,,,-19.558322312645984
dirichlet_71,0.3736164241713802,0.1812351676479344,0.0934804699136347,0.004648475153707284,0.3470194631133434,Fair,"alpha=1.0,eps=0.05",OK,0.37485784165807234,0.18237941167200786,0.09377448201482774,0.004226525071287806,0.3447617395838043,0.002865695777019819,0.002909061986640017,0.31934751960141095,-0.00226328191909306,True,True,,,-14.976868653275208
dirichlet_71,0.3736164241713802,0.1812351676479344,0.0934804699136347,0.004648475153707284,0.3470194631133434,Fair,"alpha=1.0,eps=0.1",OK,0.3760992595571856,0.1835236554209595,0.09406849407104861,0.0038045748366442303,0.3425040161141622,0.005731391593456944,0.0058181240168487195,0.3193088050263169,-0.004526563785494305,True,True,,,-11.511132750475483
dirichlet_71,0.3736164241713802,0.1812351676479344,0.0934804699136347,0.004648475153707284,0.3470194631133434,Fair,"alpha=2.0,eps=0.01",OK,0.37374057431294755,0.1813497203497861,0.093510675580095,0.004607130366905503,0.34679189939026583,0.000287997570989145,0.000292329007542051,0.31938189366998015,-0.00022807029094391946,True,True,,,-499.91007439854934
dirichlet_71,0.3736164241713802,0.1812351676479344,0.0934804699136347,0.004648475153707284,0.3470194631133434,Fair,"alpha=2.0,eps=0.02",OK,0.3738647243919162,0.1814642731516537,0.0935408811681883,0.004565785621823244,0.3465643356664187,0.0005759951411746969,0.0005846580113162707,0.3193775530378517,-0.00045614058048317846,True,True,,,-249.95503719927467
dirichlet_71,0.3736164241713802,0.1812351676479344,0.0934804699136347,0.004648475153707284,0.3470194631133434,Fair,"alpha=2.0,eps=0.05",OK,0.37423717496038456,0.18180793112964075,0.09363149833073041,0.004441751145219431,0.34588164443402486,0.0014399879490773057,0.0014616451369656594,0.31936453120060904,-0.0011403515219630136,True,True,,,-99.98201487970987
dirichlet_71,0.3736164241713802,0.1812351676479344,0.0934804699136347,0.004648475153707284,0.3470194631133434,Fair,"alpha=2.0,eps=0.1",OK,0.3748579255632578,0.1823806946528577,0.09378252661765629,0.004235027217646047,0.34474382594858216,0.0028799756559670653,0.002923290024518943,0.31934282810131825,-0.002280702847193726,True,True,,,-49.991007439854926
dirichlet_72,0.1541142365090733,0.5807993533877964,0.1280636566334765,0.10937290600366258,0.027649847465991407,Avg,rho=0.0,OK,6.938893903907228e-17,1.0,0.0,0.0,0.0,0.4781292992463228,0.46497269030148514,0.5999397082085131,-0.13515416427677515,True,True,,,
dirichlet_72,0.1541142365090733,0.5807993533877964,0.1280636566334765,0.10937290600366258,0.027649847465991407,Avg,rho=0.1,OK,8.881784197001252e-16,0.9999999999999992,0.0,0.0,4.163336342344337e-17,0.47812929924632186,0.46497269030148414,0.5999397082085127,-0.13515416427677437,True,True,,,
dirichlet_72,0.1541142365090733,0.5807993533877964,0.1280636566334765,0.10937290600366258,0.027649847465991407,Avg,rho=0.2,OK,0.0,1.0,0.0,3.469446951953614e-17,5.551115123125783e-17,0.47812929924632286,0.46497269030148514,0.5999397082085131,-0.1351541642767752,True,True,,,
dirichlet_72,0.1541142365090733,0.5807993533877964,0.1280636566334765,0.10937290600366258,0.027649847465991407,Avg,rho=0.5,OK,0.06756321929774077,0.9205758371972705,0.011860943504988671,1.4080652198681862e-17,2.833536966802448e-17,0.3862242285269613,0.37670302325733745,0.5679358605267129,-0.10818799653965856,True,True,,,
dirichlet_72,0.1541142365090733,0.5807993533877964,0.1280636566334765,0.10937290600366258,0.027649847465991407,Cert,,FLOOR_COLLAPSED,0.15411423650907327,0.5807993533877963,0.12806365663347646,0.10937290600366255,0.0276498474659914,1.2118257228641695e-16,1.2531162046801696e-16,0.4160790191432267,-1.1487368563754613e-16,False,True,0.0,-0.0,
dirichlet_72,0.1541142365090733,0.5807993533877964,0.1280636566334765,0.10937290600366258,0.027649847465991407,MaxMin,c=0.0,INFEASIBLE_BALL_MISSES_SIMPLEX,,,,,,,,,,False,False,,,
dirichlet_72,0.1541142365090733,0.5807993533877964,0.1280636566334765,0.10937290600366258,0.027649847465991407,MaxMin,c=0.1,INFEASIBLE_BALL_MISSES_SIMPLEX,,,,,,,,,,False,False,,,
dirichlet_72,0.1541142365090733,0.5807993533877964,0.1280636566334765,0.10937290600366258,0.027649847465991407,MaxMin,c=0.25,INFEASIBLE_BALL_MISSES_SIMPLEX,,,,,,,,,,False,False,,,
dirichlet_72,0.1541142365090733,0.5807993533877964,0.1280636566334765,0.10937290600366258,0.027649847465991407,MaxMin,c=0.5,OK,0.07522295666614075,0.8304264854292694,0.053047753679086915,0.041302804225502886,0.0,0.2820691007599927,0.2748279496253371,0.5275710039747971,-0.06765973372742563,True,True,-0.06765973372742563,,
dirichlet_72,0.1541142365090733,0.5807993533877964,0.1280636566334765,0.10937290600366258,0.027649847465991407,MaxMin,c=0.75,OK,0.12435742316268246,0.6870054561436757,0.09990297464567321,0.08493377418543922,0.003800371862529391,0.11884568508671715,0.11610819527583895,0.46502000150290607,-0.02478191600593012,True,True,-0.02478191600593012,,
dirichlet_72,0.1541142365090733,0.5807993533877964,0.1280636566334765,0.10937290600366258,0.027649847465991407,MaxMin,c=0.9,OK,0.14237215750247093,0.6227084259429102,0.11695141323122075,0.09972919135848689,0.018238811964911374,0.046896668928807984,0.04581645172729102,0.43539119732704407,-0.009778977751726165,True,True,-0.009778977751726165,,
dirichlet_72,0.1541142365090733,0.5807993533877964,0.1280636566334765,0.10937290600366258,0.027649847465991407,MaxMin,c=0.95,OK,0.14826353593043143,0.6016812972846708,0.12252678289356854,0.10456775294490189,0.02296063094642741,0.023367102868568884,0.02282886535522731,0.4257016568389327,-0.004872550317399287,True,True,-0.004872550317399287,,
dirichlet_72,0.1541142365090733,0.5807993533877964,0.1280636566334765,0.10937290600366258,0.027649847465991407,MaxMin,c=1.0,OK,0.15411423650907327,0.5807993533877963,0.12806365663347646,0.10937290600366255,0.0276498474659914,1.2118257228641695e-16,1.2531162046801696e-16,0.4160790191432267,-1.1487368563754613e-16,False,True,-1.1487368563754613e-16,,
dirichlet_72,0.1541142365090733,0.5807993533877964,0.1280636566334765,0.10937290600366258,0.027649847465991407,Fair,"alpha=0.0,eps=0.01",OK,0.19709021217673162,0.5687705666437937,0.11654283042556307,0.0996064395038037,0.017989951250108105,0.048094210612373116,0.04695898629350583,0.41398679663002547,-0.010000000000000037,True,True,,,0.05131114208474287
dirichlet_72,0.1541142365090733,0.5807993533877964,0.1280636566334765,0.10937290600366258,0.027649847465991407,Fair,"alpha=0.0,eps=0.02",OK,0.24006618784438988,0.5567417798997909,0.10502200421764962,0.08983997300394482,0.008330055034224805,0.0961884212247462,0.09391797258701162,0.4118945741168242,-0.020000000000000077,True,True,,,0.10262228416948574
dirichlet_72,0.1541142365090733,0.5807993533877964,0.1280636566334765,0.10937290600366258,0.027649847465991407,Fair,"alpha=0.0,eps=0.05",OK,0.34671855826137565,0.5219669956053714,0.07155615761966373,0.05975828851358923,0.0,0.21674153468654458,0.21121402564009234,0.4027938105938008,-0.05000000000000009,True,True,,,0.2550234207841868
dirichlet_72,0.1541142365090733,0.5807993533877964,0.1280636566334765,0.10937290600366258,0.027649847465991407,Fair,"alpha=0.0,eps=0.1",OK,0.5094959226277498,0.4648908372448488,0.016517048254116536,0.009096191873284863,0.0,0.40372454253566237,0.39288685189089256,0.38572713915584683,-0.10000000000000012,True,True,,,0.5079951066272215
dirichlet_72,0.1541142365090733,0.5807993533877964,0.1280636566334765,0.10937290600366258,0.027649847465991407,Fair,"alpha=0.5,eps=0.01",OK,0.15461061957981706,0.5812559106472587,0.12817482540471872,0.10919750020268693,0.02676114416551862,0.0011347951053275347,0.001152168573046602,0.4164153093422309,-0.0008913129357855879,True,True,,,1.0003561959118048
dirichlet_72,0.1541142365090733,0.5807993533877964,0.1280636566334765,0.10937290600366258,0.027649847465991407,Fair,"alpha=0.5,eps=0.02",OK,0.15510700322057308,0.5817124683093993,0.12828599412104733,0.10902209381048156,0.025872440538498742,0.0022695909637374216,0.0023043379254292957,0.4167515998012934,-0.0017826262234406178,True,True,,,1.4147172994624313
dirichlet_72,0.1541142365090733,0.5807993533877964,0.1280636566334765,0.10937290600366258,0.027649847465991407,Fair,"alpha=0.5,eps=0.05",OK,0.15659615276438485,0.583082140506819,0.12861950019394366,0.10849587640344521,0.023206330131407358,0.005673976966403199,0.005760844331599701,0.41776047065586075,-0.00445656553249819,True,True,,,2.236864455771893
dirichlet_72,0.1541142365090733,0.5807993533877964,0.1280636566334765,0.10937290600366258,0.027649847465991407,Fair,"alpha=0.5,eps=0.1",OK,0.1590780707953086,0.5853649267227599,0.12917534307831238,0.10761884759810898,0.018762811805510125,0.011347954933402116,0.011521689623371103,0.41944192193305974,-0.008913132009371246,True,True,,,3.163404050542923
dirichlet_72,0.1541142365090733,0.5807993533877964,0.1280636566334765,0.10937290600366258,0.027649847465991407,Fair,"alpha=1.0,eps=0.01",OK,0.1543625199339445,0.5810282023149013,0.12812245907685466,0.1092885159010048,0.027198302773294755,0.0005731391774945768,0.0005818124236163974,0.416248207903741,-0.0004526563748709186,True,True,,,-23.024058215445713
dirichlet_72,0.1541142365090733,0.5807993533877964,0.1280636566334765,0.10937290600366258,0.027649847465991407,Fair,"alpha=1.0,eps=0.02",OK,0.15461080352809606,0.5812570509311288,0.1281812614813225,0.10920412600310807,0.026746758056344633,0.0011462782891575006,0.0011636247716325966,0.41641739653028725,-0.0009053127639605017,True,True,,,-19.558322312645984
dirichlet_72,0.1541142365090733,0.5807993533877964,0.1280636566334765,0.10937290600366258,0.027649847465991407,Fair,"alpha=1.0,eps=0.05",OK,0.15535565395179005,0.5819435974491113,0.1283576687669278,0.10895095591865668,0.02539212391351421,0.0028656957946019035,0.0029090620052341087,0.4169249627021586,-0.00226328194212694,True,True,,,-14.97686865327521
dirichlet_72,0.1541142365090733,0.5807993533877964,0.1280636566334765,0.10937290600366258,0.027649847465991407,Fair,"alpha=1.0,eps=0.1",OK,0.1565970719723645,0.5830878416178356,0.12865168014296194,0.10852900593240358,0.023134400334434438,0.005731391811128309,0.005818124214019915,0.4177709063257637,-0.004526563903426932,True,True,,,-11.511132750475483
dirichlet_72,0.1541142365090733,0.5807993533877964,0.1280636566334765,0.10937290600366258,0.027649847465991407,Fair,"alpha=2.0,eps=0.01",OK,0.15423838664998296,0.5809139060900728,0.12809386230035613,0.10933156121828576,0.027422283741302338,0.0002879975719872684,0.00029232900850298713,0.41616386594426924,-0.00022807029247938127,True,True,,,-499.9100743985493
dirichlet_72,0.1541142365090733,0.5807993533877964,0.1280636566334765,0.10937290600366258,0.027649847465991407,Fair,"alpha=2.0,eps=0.02",OK,0.15436253670755248,0.5810284588125149,0.12812406811539603,0.10929021630641388,0.027194720058122734,0.0005759951169691201,0.0005846579978052475,0.41624871275122877,-0.00045614055017954174,True,True,,,-249.95503719927467
dirichlet_72,0.1541142365090733,0.5807993533877964,0.1280636566334765,0.10937290600366258,0.027649847465991407,Fair,"alpha=2.0,eps=0.05",OK,0.1547349872309536,0.5813721167173025,0.12821468474705985,0.10916618207441733,0.026512029230266746,0.001439987465884519,0.001461644640854268,0.4165032530202757,-0.0011403510766135791,True,True,,,-99.98201487970987
dirichlet_72,0.1541142365090733,0.5807993533877964,0.1280636566334765,0.10937290600366258,0.027649847465991407,Fair,"alpha=2.0,eps=0.1",OK,0.15535573791935978,0.5819448804921904,0.12836571322505547,0.1089594581427786,0.025374210220615742,0.0028799757445803842,0.0029232901087432477,0.41692748718898637,-0.0022807029233922883,True,True,,,-49.99100743985493
dirichlet_73,0.07494862688863618,0.41208707947386075,0.05152214922397627,0.10451560631941548,0.3569265380941114,Avg,rho=0.0,OK,0.0,0.9999999999999998,0.0,2.089753908706944e-16,0.0,0.7015935406023107,0.6954326074970978,0.42398456811577345,-0.3594490676445402,True,True,,,
dirichlet_73,0.07494862688863618,0.41208707947386075,0.05152214922397627,0.10451560631941548,0.3569265380941114,Avg,rho=0.1,OK,0.0,0.675410677037992,1.164622474701002e-16,9.453790570827873e-17,0.32458932296200793,0.2992997711560788,0.29274898741464567,0.40512801743959836,-0.10361660812242929,True,True,,,
dirichlet_73,0.07494862688863618,0.41208707947386075,0.05152214922397627,0.10451560631941548,0.3569265380941114,Avg,rho=0.2,OK,4.809909921916591e-17,0.6023228949388283,1.4969091723790177e-17,0.0,0.39767710506117165,0.2388422380803336,0.23207217931791216,0.40088208767707373,-0.1010298575102807,True,True,,,
dirichlet_73,0.07494862688863618,0.41208707947386075,0.05152214922397627,0.10451560631941548,0.3569265380941114,Avg,rho=0.5,OK,7.314338983925112e-18,0.5584702256793304,4.533435642211884e-17,0.0,0.4415297743206696,0.21858882306852612,0.2119930279798451,0.39833452981955886,-0.09947780714299148,True,True,,,
dirichlet_73,0.07494862688863618,0.41208707947386075,0.05152214922397627,0.10451560631941548,0.3569265380941114,Cert,,FLOOR_COLLAPSED,0.07494862688863618,0.41208707947386075,0.05152214922397627,0.10451560631941548,0.3569265380941114,0.0,0.0,0.3315956478017595,0.0,False,True,0.0,-0.0,
dirichlet_73,0.07494862688863618,0.41208707947386075,0.05152214922397627,0.10451560631941548,0.3569265380941114,MaxMin,c=0.0,INFEASIBLE_BALL_MISSES_SIMPLEX,,,,,,,,,,False,False,,,
dirichlet_73,0.07494862688863618,0.41208707947386075,0.05152214922397627,0.10451560631941548,0.3569265380941114,MaxMin,c=0.1,INFEASIBLE_BALL_MISSES_SIMPLEX,,,,,,,,,,False,False,,,
dirichlet_73,0.07494862688863618,0.41208707947386075,0.05152214922397627,0.10451560631941548,0.3569265380941114,MaxMin,c=0.25,INFEASIBLE_BALL_MISSES_SIMPLEX,,,,,,,,,,False,False,,,
dirichlet_73,0.07494862688863618,0.41208707947386075,0.05152214922397627,0.10451560631941548,0.3569265380941114,MaxMin,c=0.5,OK,0.011101426311535456,0.529139780283471,0.0,0.04161238159595986,0.41814641180903367,0.16774093199721682,0.16265094250445936,0.38410856983729785,-0.059471429716313334,True,True,-0.059471429716313334,,
dirichlet_73,0.07494862688863618,0.41208707947386075,0.05152214922397627,0.10451560631941548,0.3569265380941114,MaxMin,c=0.75,OK,0.044930285381405644,0.48894013717306484,0.022776193921365567,0.0767549098789854,0.3665984736451786,0.09218473764665878,0.08948565673831602,0.3584227598696256,-0.026855884377450387,True,True,-0.026855884377450387,,
dirichlet_73,0.07494862688863618,0.41208707947386075,0.05152214922397627,0.10451560631941548,0.3569265380941114,MaxMin,c=0.9,OK,0.06299911802973737,0.45473649730557103,0.04021360233863987,0.09470153050537827,0.34734925182067333,0.04772512265523909,0.04662582286243378,0.34264922039447254,-0.009951728412789311,True,True,-0.009951728412789311,,
dirichlet_73,0.07494862688863618,0.41208707947386075,0.05152214922397627,0.10451560631941548,0.3569265380941114,MaxMin,c=0.95,OK,0.0691700564970117,0.43271158095023826,0.04605353666629443,0.0997696934463586,0.3522951324400971,0.02307902224005115,0.022547420371787488,0.3369409593170824,-0.004812479226609136,True,True,-0.004812479226609136,,
dirichlet_73,0.07494862688863618,0.41208707947386075,0.05152214922397627,0.10451560631941548,0.3569265380941114,MaxMin,c=1.0,OK,0.07494862688863618,0.41208707947386075,0.05152214922397627,0.10451560631941548,0.3569265380941114,0.0,0.0,0.3315956478017595,0.0,False,True,0.0,,
dirichlet_73,0.07494862688863618,0.41208707947386075,0.05152214922397627,0.10451560631941548,0.3569265380941114,Fair,"alpha=0.0,eps=0.01",OK,0.1179246025562945,0.40005829272985804,0.04000132301606285,0.0947491398195566,0.3472666418782281,0.04809421061237311,0.046958986293505825,0.3254413474450986,-0.01000000000000001,True,True,,,0.05131114208474287
dirichlet_73,0.07494862688863618,0.41208707947386075,0.05152214922397627,0.10451560631941548,0.3569265380941114,Fair,"alpha=0.0,eps=0.02",OK,0.1609005782239528,0.38802950598585517,0.02848049680814942,0.08498267331969771,0.3376067456623447,0.09618842122474626,0.09391797258701169,0.31928704708843775,-0.020000000000000132,True,True,,,0.10262228416948574
dirichlet_73,0.07494862688863618,0.41208707947386075,0.05152214922397627,0.10451560631941548,0.3569265380941114,Fair,"alpha=0.0,eps=0.05",OK,0.2836379675656589,0.3520396003156319,0.0,0.05567302810106249,0.30864940401764684,0.2335117805331862,0.2280863802872369,0.30068177475645586,-0.05,True,True,,,0.25645254561651504
dirichlet_73,0.07494862688863618,0.41208707947386075,0.05152214922397627,0.10451560631941548,0.3569265380941114,Fair,"alpha=0.0,eps=0.1",OK,0.4398855524414832,0.2928092144135634,0.0,0.006743655564302951,0.26056157758065035,0.41098206841075857,0.4022385820194041,0.2685618353945536,-0.1000000000000001,True,True,,,0.5120311536330259
dirichlet_73,0.07494862688863618,0.41208707947386075,0.05152214922397627,0.10451560631941548,0.3569265380941114,Fair,"alpha=0.5,eps=0.01",OK,0.07544500995937997,0.4125436367333231,0.05163331799521854,0.10434020051843985,0.3560378347936386,0.0011347951053276041,0.0011521685730466746,0.33150394532707844,-0.0008913129357856028,True,True,,,1.0003561959118048
dirichlet_73,0.07494862688863618,0.41208707947386075,0.05152214922397627,0.10451560631941548,0.3569265380941114,Fair,"alpha=0.5,eps=0.02",OK,0.07594139314714093,0.41300019469054355,0.05174448661900033,0.10416479455886828,0.355149130984447,0.0022695909510334813,0.0023043378956967165,0.3314122429419355,-0.0017826263839920758,True,True,,,1.4147172994624313
dirichlet_73,0.07494862688863618,0.41208707947386075,0.05152214922397627,0.10451560631941548,0.3569265380941114,Fair,"alpha=0.5,eps=0.05",OK,0.0774305431422232,0.414369866603068,0.05207799264195035,0.10363857665776013,0.3524830209549984,0.005673976812202635,0.005760844175518035,0.3311371355238943,-0.004456565340760565,True,True,,,2.236864455771893
dirichlet_73,0.07494862688863618,0.41208707947386075,0.05152214922397627,0.10451560631941548,0.3569265380941114,Fair,"alpha=0.5,eps=0.1",OK,0.07991245931390287,0.41665265379239974,0.05263383633913206,0.10276154712742588,0.3480395034271395,0.011347953924263101,0.011521688654405034,0.33067862316022517,-0.008913131062446351,True,True,,,3.1634040505429235
dirichlet_73,0.07494862688863618,0.41208707947386075,0.05152214922397627,0.10451560631941548,0.3569265380941114,Fair,"alpha=1.0,eps=0.01",OK,0.07519691011680343,0.41231592826324154,0.051580951894623965,0.10443121631714458,0.35647499340818656,0.0005731390404917036,0.0005818122865421323,0.33154811649521626,-0.0004526563641956566,True,True,,,-23.024058215445713
dirichlet_73,0.07494862688863618,0.41208707947386075,0.05152214922397627,0.10451560631941548,0.3569265380941114,Fair,"alpha=1.0,eps=0.02",OK,0.07544519390455139,0.41254477709166604,0.05163975406193942,0.10434682626702563,0.3560234486748176,0.0011462783317663372,0.0011636248164380622,0.33150058520239345,-0.0009053127759645966,True,True,,,-19.558322312645984
dirichlet_73,0.07494862688863618,0.41208707947386075,0.05152214922397627,0.10451560631941548,0.3569265380941114,Fair,"alpha=1.0,eps=0.05",OK,0.07619004441122086,0.41323132336711343,0.0518161614479773,0.10409365618486223,0.35466881458882626,0.0028656957415006358,0.002909061955122185,0.3313579912629225,-0.002263281897804489,True,True,,,-14.97686865327521
dirichlet_73,0.07494862688863618,0.41208707947386075,0.05152214922397627,0.10451560631941548,0.3569265380941114,Fair,"alpha=1.0,eps=0.1",OK,0.07743146237175048,0.4143755666982043,0.05211017322901825,0.10367170578254305,0.352411091918484,0.005731390784427649,0.0058181232060429255,0.3311203347679538,-0.004526562977111174,True,True,,,-11.511132750475483
dirichlet_73,0.07494862688863618,0.41208707947386075,0.05152214922397627,0.10451560631941548,0.3569265380941114,Fair,"alpha=2.0,eps=0.01",OK,0.07507277702210885,0.4122016321691343,0.05155235490396594,0.10447426153158458,0.3566989743732064,0.00028799756473321013,0.0002923290015555604,0.33157145994834786,-0.00022807028887902254,True,True,,,-499.91007439854934
dirichlet_73,0.07494862688863618,0.41208707947386075,0.05152214922397627,0.10451560631941548,0.3569265380941114,Fair,"alpha=2.0,eps=0.02",OK,0.07519692724899452,0.4123161848178345,0.05158256050822424,0.1044329167709349,0.3564714106540119,0.0005759951380136398,0.0005846580089434794,0.3315472720835961,-0.00045614057449575756,True,True,,,-249.95503719927464
dirichlet_73,0.07494862688863618,0.41208707947386075,0.05152214922397627,0.10451560631941548,0.3569265380941114,Fair,"alpha=2.0,eps=0.05",OK,0.07556937760650954,0.4126598429658205,0.0516731775285356,0.104308882414431,0.3557887194847035,0.0014399878405900784,0.0014616450215323823,0.33147470854196204,-0.0011403514473190821,True,True,,,-99.98201487970987
dirichlet_73,0.07494862688863618,0.41208707947386075,0.05152214922397627,0.10451560631941548,0.3569265380941114,Fair,"alpha=2.0,eps=0.1",OK,0.07619012832275147,0.4132326063738906,0.05182420589821542,0.10410215851595377,0.3546509008891886,0.002879975642027353,0.0029232900045740606,0.33135376925759363,-0.002280702880723562,True,True,,,-49.99100743985493
dirichlet_74,0.3762728949367195,0.21058522842835192,0.09436359564002218,0.18018908849043488,0.13858919250447133,Avg,rho=0.0,OK,0.9999999999999991,1.942890293094024e-16,1.4224732503009818e-16,3.4867941867133823e-16,2.3592239273284576e-16,0.7028237333037417,0.6871980689342982,0.3994699549543655,-0.18283292960088401,True,True,,,
dirichlet_74,0.3762728949367195,0.21058522842835192,0.09436359564002218,0.18018908849043488,0.13858919250447133,Avg,rho=0.1,OK,0.9971736845605677,0.0028263154394323337,0.0,0.0,0.0,0.6994720269989532,0.683999377768592,0.3990328421684605,-0.18282818900773876,True,True,,,
dirichlet_74,0.3762728949367195,0.21058522842835192,0.09436359564002218,0.18018908849043488,0.13858919250447133,Avg,rho=0.2,OK,0.7610720645071316,0.1809309922133667,0.0,0.05799694327950175,0.0,0.43816908544530814,0.4324106081931719,0.35988488691651466,-0.14296546074400576,True,True,,,
dirichlet_74,0.3762728949367195,0.21058522842835192,0.09436359564002218,0.18018908849043488,0.13858919250447133,Avg,rho=0.5,OK,0.5550419396329508,0.22335191743915062,2.6834003769016235e-18,0.15609670852220764,0.065509434405691,0.216672429460522,0.21270845739555566,0.3175247167143061,-0.08457875204336632,True,True,,,
dirichlet_74,0.3762728949367195,0.21058522842835192,0.09436359564002218,0.18018908849043488,0.13858919250447133,Cert,,FLOOR_COLLAPSED,0.3762728949367196,0.21058522842835198,0.09436359564002221,0.1801890884904349,0.13858919250447135,1.3311106448512297e-16,1.3920344629443554e-16,0.27118109585576167,3.047558240603184e-17,False,True,3.047558240603184e-17,-0.0,
dirichlet_74,0.3762728949367195,0.21058522842835192,0.09436359564002218,0.18018908849043488,0.13858919250447133,MaxMin,c=0.0,INFEASIBLE_BALL_MISSES_SIMPLEX,,,,,,,,,,False,False,,,
dirichlet_74,0.3762728949367195,0.21058522842835192,0.09436359564002218,0.18018908849043488,0.13858919250447133,MaxMin,c=0.1,OK,0.5435127434930613,0.2231544174642136,0.016101796617326983,0.14711657990248067,0.07011446252291727,0.20008658154604758,0.19692692576121137,0.3138712622420187,-0.06926615988542,True,True,-0.06926615988542,,
dirichlet_74,0.3762728949367195,0.21058522842835192,0.09436359564002218,0.18018908849043488,0.13858919250447133,MaxMin,c=0.25,OK,0.5314004637021396,0.21102063436958726,0.03484684695715691,0.1345620671791846,0.08816998779193166,0.17952971013390906,0.1767615959350436,0.30874501742519656,-0.05198265372498188,True,True,-0.05198265372498188,,
dirichlet_74,0.3762728949367195,0.21058522842835192,0.09436359564002218,0.18018908849043488,0.13858919250447133,MaxMin,c=0.5,OK,0.4980492671298943,0.17761023273459378,0.061308568035601904,0.1521611648191265,0.11087076728078352,0.13624736921375344,0.13306859898190565,0.29764846262141753,-0.028695381828932835,True,True,-0.028695381828932835,,
dirichlet_74,0.3762728949367195,0.21058522842835192,0.09436359564002218,0.18018908849043488,0.13858919250447133,MaxMin,c=0.75,OK,0.4315214454357469,0.19512140191729477,0.0795527870743095,0.16763362909174173,0.12617073648090715,0.06182839091953849,0.060368982560931685,0.2831458693861315,-0.012855682655415866,True,True,-0.012855682655415866,,
dirichlet_74,0.3762728949367195,0.21058522842835192,0.09436359564002218,0.18018908849043488,0.13858919250447133,MaxMin,c=0.9,OK,0.397791846677588,0.2045621683948322,0.08859488185676317,0.17529881856580284,0.13375228450501384,0.024081756867748424,0.023513326786679913,0.275841297469467,-0.005007204934049431,True,True,-0.005007204934049431,,
dirichlet_74,0.3762728949367195,0.21058522842835192,0.09436359564002218,0.18018908849043488,0.13858919250447133,MaxMin,c=0.95,OK,0.3869615345671442,0.20759352516390134,0.09149822824188766,0.17776005135380588,0.13618666067326074,0.011961605933527703,0.011679262055219939,0.2734958561774467,-0.0024871197138333183,True,True,-0.0024871197138333183,,
dirichlet_74,0.3762728949367195,0.21058522842835192,0.09436359564002218,0.18018908849043488,0.13858919250447133,MaxMin,c=1.0,OK,0.3762728949367196,0.21058522842835198,0.09436359564002221,0.1801890884904349,0.13858919250447135,1.3311106448512297e-16,1.3920344629443554e-16,0.27118109585576167,3.047558240603184e-17,False,True,3.047558240603184e-17,,
dirichlet_74,0.3762728949367195,0.21058522842835192,0.09436359564002218,0.18018908849043488,0.13858919250447133,Fair,"alpha=0.0,eps=0.01",OK,0.41924887060437793,0.19855644168434924,0.08284276943210878,0.17042262199057603,0.12892929628858804,0.04809421061237319,0.0469589862935059,0.28048808783049717,-0.009999999999999981,True,True,,,0.05131114208474287
dirichlet_74,0.3762728949367195,0.21058522842835192,0.09436359564002218,0.18018908849043488,0.13858919250447133,Fair,"alpha=0.0,eps=0.02",OK,0.46222484627203625,0.18652765494034648,0.07132194322419536,0.16065615549071716,0.11926940007270476,0.0961884212247463,0.09391797258701173,0.2897950798052327,-0.01999999999999998,True,True,,,0.10262228416948574
dirichlet_74,0.3762728949367195,0.21058522842835192,0.09436359564002218,0.18018908849043488,0.13858919250447133,Fair,"alpha=0.0,eps=0.05",OK,0.5911527732750113,0.1504412947083383,0.036759464600455066,0.13135675599114055,0.09028971142505482,0.2404710530618657,0.23479493146752928,0.31771605572943934,-0.05,True,True,,,0.2565557104237144
dirichlet_74,0.3762728949367195,0.21058522842835192,0.09436359564002218,0.18018908849043488,0.13858919250447133,Fair,"alpha=0.0,eps=0.1",OK,0.7848159336847611,0.09062793796600993,0.0,0.08248930852394898,0.04206681982528008,0.45723458930814126,0.4467410556863888,0.358565024905473,-0.1,True,True,,,0.5127578459668177
dirichlet_74,0.3762728949367195,0.21058522842835192,0.09436359564002218,0.18018908849043488,0.13858919250447133,Fair,"alpha=0.5,eps=0.01",OK,0.37676927800746335,0.21104178568781432,0.09447476441126447,0.18001368268945928,0.13770048920399858,0.0011347951053275961,0.001152168573046669,0.2713350053520611,-0.0008913129357855458,True,True,,,1.0003561959118048
dirichlet_74,0.3762728949367195,0.21058522842835192,0.09436359564002218,0.18018908849043488,0.13858919250447133,Fair,"alpha=0.5,eps=0.02",OK,0.3772656615675427,0.21149834335769235,0.09458593309239435,0.17983827648091524,0.13681178550145534,0.002269590958869298,0.002304337913077326,0.27148891499000094,-0.0017826262897468017,True,True,,,1.4147172994624313
dirichlet_74,0.3762728949367195,0.21058522842835192,0.09436359564002218,0.18018908849043488,0.13858919250447133,Fair,"alpha=0.5,eps=0.05",OK,0.3787548111903066,0.2128680155575592,0.09491943905799628,0.17931205882877957,0.13414567536535837,0.005673976812202613,0.005760844175518015,0.2719506436154199,-0.004456565340760507,True,True,,,2.236864455771893
dirichlet_74,0.3762728949367195,0.21058522842835192,0.09436359564002218,0.18018908849043488,0.13858919250447133,Fair,"alpha=0.5,eps=0.1",OK,0.3812367273619862,0.2151508027468909,0.09547528275517797,0.1784350292984453,0.12970215783749944,0.011347953924263113,0.011521688654405048,0.2727201913601696,-0.008913131062446351,True,True,,,3.1634040505429235
dirichlet_74,0.3762728949367195,0.21058522842835192,0.09436359564002218,0.18018908849043488,0.13858919250447133,Fair,"alpha=1.0,eps=0.01",OK,0.37652117832581933,0.2108140773670371,0.09442239805236168,0.1801046984683039,0.13813764778647805,0.0005731391715107845,0.0005818124139588855,0.2712582074986794,-0.00045265639613005504,True,True,,,-23.02405821544571
dirichlet_74,0.3762728949367195,0.21058522842835192,0.09436359564002218,0.18018908849043488,0.13858919250447133,Fair,"alpha=1.0,eps=0.02",OK,0.37676946181847454,0.2110429261263197,0.09448120051867377,0.18002030844988334,0.13768610308664875,0.0011462783069286775,0.0011636247921143878,0.271335319149557,-0.0009053127741414997,True,True,,,-19.558322312645984
dirichlet_74,0.3762728949367195,0.21058522842835192,0.09436359564002218,0.18018908849043488,0.13858919250447133,Fair,"alpha=1.0,eps=0.05",OK,0.37751431248687645,0.2117294724337097,0.09465760774225877,0.17976713841679146,0.13633146892036369,0.002865695838846129,0.002909062048497326,0.2715666541569794,-0.0022632819728631366,True,True,,,-14.97686865327521
dirichlet_74,0.3762728949367195,0.21058522842835192,0.09436359564002218,0.18018908849043488,0.13858919250447133,Fair,"alpha=1.0,eps=0.1",OK,0.37875573018740377,0.21287371651139933,0.09495162018999147,0.1793451890562037,0.13407374405500172,0.005731392711599003,0.00581812511854942,0.2719522125274966,-0.004526565186015209,True,True,,,-11.511132750475483
dirichlet_74,0.3762728949367195,0.21058522842835192,0.09436359564002218,0.18018908849043488,0.13858919250447133,Fair,"alpha=2.0,eps=0.01",OK,0.3763970450773896,0.21069978113286134,0.09439380130642687,0.1801477437041295,0.13836162877919278,0.00028799757332147576,0.0002923290098766636,0.2712196870255577,-0.00022807029310760473,True,True,,,-499.91007439854934
dirichlet_74,0.3762728949367195,0.21058522842835192,0.09436359564002218,0.18018908849043488,0.13858919250447133,Fair,"alpha=2.0,eps=0.02",OK,0.37652119515610555,0.21081433384816245,0.09442400708460791,0.18010639882476925,0.1381340650863549,0.0005759951236771636,0.0005846580025574956,0.271258278174139,-0.0004561405587465697,True,True,,,-249.95503719927467
dirichlet_74,0.3762728949367195,0.21058522842835192,0.09436359564002218,0.18018908849043488,0.13858919250447133,Fair,"alpha=2.0,eps=0.05",OK,0.37689364564171557,0.21115799194688709,0.09451462396838738,0.17998236456050115,0.13745137388250867,0.0014399878616081913,0.001461645044203463,0.2713740517049367,-0.0011403514610493959,True,True,,,-99.98201487970987
dirichlet_74,0.3762728949367195,0.21058522842835192,0.09436359564002218,0.18018908849043488,0.13858919250447133,Fair,"alpha=2.0,eps=0.1",OK,0.37751439610596454,0.21173075547744444,0.09466565239757047,0.17977564070625457,0.13631355531276607,0.0028799755826631247,0.002923289946307778,0.27156700749702173,-0.002280702867079792,True,True,,,-49.99100743985493
