evaluator,evaluator_role,p_name,p,method,params,status,lambda,dist_l2,dist_R,proxy_delta_p,proxy_min_delta,U_p(p),U_p(lambda),Delta U_p,U_p(p)_0_4,U_p(lambda)_0_4,Delta U_p_percent,note
armorm,primary post-hoc evaluator,balanced,"[0.2, 0.2, 0.2, 0.2, 0.2]",Avg,rho=0.0,OK,"[1.0, 0.0, 0.0, 0.0, 0.0]",0.8944271909999142,0.8750365403992634,0.005267308930060976,-0.2071034550543905,0.5641748046875,0.5684912109375,0.00431640624999996,2.3208740234375003,2.3424560546875,0.9299096388710605,
armorm,primary post-hoc evaluator,balanced,"[0.2, 0.2, 0.2, 0.2, 0.2]",Avg,rho=0.1,OK,"[0.225551, 0.223826, 0.20806, 0.189974, 0.152589]",0.06028135833696468,0.06127367913823707,0.0007508927476634226,-0.04758910807787511,0.5641748046875,0.56466796875,0.0004931640624999956,2.3208740234375003,2.3233398437500004,0.1062453320429648,
armorm,primary post-hoc evaluator,balanced,"[0.2, 0.2, 0.2, 0.2, 0.2]",Avg,rho=0.2,OK,"[0.212776, 0.211913, 0.20403, 0.194987, 0.176294]",0.03014074812226531,0.030636909769494864,0.00037544723441798106,-0.023794649145011823,0.5641748046875,0.56966552734375,0.005490722656249947,2.3208740234375003,2.34832763671875,1.1828997612109748,
armorm,primary post-hoc evaluator,balanced,"[0.2, 0.2, 0.2, 0.2, 0.2]",Avg,rho=0.5,OK,"[0.20511, 0.204765, 0.201612, 0.197995, 0.190518]",0.012056057386280848,0.012254525841706774,0.00015017597644101247,-0.009517660545028075,0.5641748046875,0.56636962890625,0.0021948242187499467,2.3208740234375003,2.33184814453125,0.472844324290196,
armorm,primary post-hoc evaluator,balanced,"[0.2, 0.2, 0.2, 0.2, 0.2]",MaxMin,c=0.0,OK_EXACT_D0,"[0.205267, 0.204942, 0.201922, 0.197537, 0.190332]",0.012465936964217817,0.012689719502770268,0.00015539958439585202,-0.00972485604169014,0.5641748046875,0.56666748046875,0.002492675781250009,2.3208740234375003,2.33333740234375,0.5370122971082257,
armorm,primary post-hoc evaluator,balanced,"[0.2, 0.2, 0.2, 0.2, 0.2]",MaxMin,c=0.1,OK,"[0.204987, 0.204661, 0.201636, 0.197246, 0.19147]",0.011384416110295616,0.01160293908493326,0.0001416921273393655,-0.00860673854863451,0.5641748046875,0.5668994140625,0.0027246093749999645,2.3208740234375003,2.3344970703125,0.5869791611878361,
armorm,primary post-hoc evaluator,balanced,"[0.2, 0.2, 0.2, 0.2, 0.2]",MaxMin,c=0.25,OK,"[0.204566, 0.204239, 0.201208, 0.19681, 0.193178]",0.009848295486034298,0.010053139029093827,0.00012113094202258545,-0.006929562309036583,0.5641748046875,0.5649609375,0.0007861328124999512,2.3208740234375003,2.3248046875,0.16936137088034822,
armorm,primary post-hoc evaluator,balanced,"[0.2, 0.2, 0.2, 0.2, 0.2]",MaxMin,c=0.5,OK,"[0.203864, 0.203536, 0.200493, 0.196082, 0.196024]",0.007670170329285968,0.007825014436419074,8.686229995122974e-05,-0.0041342685756023505,0.5641748046875,0.565263671875,0.0010888671875000089,2.3208740234375003,2.326318359375,0.2345812776790052,
armorm,primary post-hoc evaluator,balanced,"[0.2, 0.2, 0.2, 0.2, 0.2]",MaxMin,c=0.75,OK,"[0.202413, 0.202083, 0.199017, 0.198226, 0.198261]",0.004159513879736523,0.004185994310113574,4.229816597732788e-05,-0.0018071608931484386,0.5641748046875,0.56564453125,0.0014697265624999956,2.3208740234375003,2.3282226562500004,0.31663212816763997,
armorm,primary post-hoc evaluator,balanced,"[0.2, 0.2, 0.2, 0.2, 0.2]",MaxMin,c=0.9,OK,"[0.201166, 0.200833, 0.199259, 0.199365, 0.199376]",0.001842317708848357,0.0018348646768139819,1.6430136739807442e-05,-0.0006469194567941142,0.5641748046875,0.5645556640625,0.0003808593749999867,2.3208740234375003,2.3227783203125,0.08205085048861567,
armorm,primary post-hoc evaluator,balanced,"[0.2, 0.2, 0.2, 0.2, 0.2]",MaxMin,c=0.95,OK,"[0.200652, 0.200318, 0.19964, 0.199692, 0.199697]",0.0009175896363360688,0.0009124378710351011,8.000722798384531e-06,-0.0003138983246930921,0.5641748046875,0.5641259765625001,-4.882812499995559e-05,2.3208740234375003,2.3206298828125003,-0.01051933980623376,
armorm,primary post-hoc evaluator,balanced,"[0.2, 0.2, 0.2, 0.2, 0.2]",MaxMin,c=1.0,OK,"[0.2, 0.2, 0.2, 0.2, 0.2]",0.0,0.0,0.0,0.0,0.5641748046875,0.5641748046875,0.0,2.3208740234375003,2.3208740234375003,0.0,same merge point as baseline
armorm,primary post-hoc evaluator,balanced,"[0.2, 0.2, 0.2, 0.2, 0.2]",Fair,"alpha=0.0,eps=0.01",OK,"[0.242976, 0.187971, 0.188479, 0.190234, 0.19034]",0.048094210612373116,0.04695898629350583,0.0002622284169485681,-0.01000000000000001,0.5641748046875,0.5664013671875,0.0022265624999999734,2.3208740234375003,2.3320068359375,0.47968189516424414,
armorm,primary post-hoc evaluator,balanced,"[0.2, 0.2, 0.2, 0.2, 0.2]",Fair,"alpha=0.0,eps=0.02",OK,"[0.285952, 0.175942, 0.176958, 0.180467, 0.18068]",0.09618842122474623,0.09391797258701165,0.0005244568338971422,-0.020000000000000018,0.5641748046875,0.5751879882812501,0.011013183593750031,2.3208740234375003,2.3759399414062505,2.372637093296036,
armorm,primary post-hoc evaluator,balanced,"[0.2, 0.2, 0.2, 0.2, 0.2]",Fair,"alpha=0.0,eps=0.05",OK,"[0.41488, 0.139856, 0.142396, 0.151168, 0.151701]",0.24047105306186561,0.2347949314675292,0.0013111420847428629,-0.05000000000000002,0.5641748046875,0.57202392578125,0.007849121093750022,2.3208740234375003,2.3601196289062503,1.6909838738520768,
armorm,primary post-hoc evaluator,balanced,"[0.2, 0.2, 0.2, 0.2, 0.2]",Fair,"alpha=0.0,eps=0.1",OK,"[0.62976, 0.079712, 0.084792, 0.102335, 0.103401]",0.4809421061237312,0.46958986293505833,0.0026222841694856897,-0.10000000000000005,0.5641748046875,0.56989990234375,0.005725097656249956,2.3208740234375003,2.34949951171875,1.2333925922808893,
armorm,primary post-hoc evaluator,balanced,"[0.2, 0.2, 0.2, 0.2, 0.2]",Fair,"alpha=0.5,eps=0.01",OK,"[0.200496, 0.200457, 0.200111, 0.199825, 0.199111]",0.0011347951053275838,0.0011521685730466547,1.4108634385489824e-05,-0.0008913129357855758,0.5641748046875,0.563828125,-0.00034667968750001776,2.3208740234375003,2.319140625,-0.07468731262426352,
armorm,primary post-hoc evaluator,balanced,"[0.2, 0.2, 0.2, 0.2, 0.2]",Fair,"alpha=0.5,eps=0.02",OK,"[0.200993, 0.200913, 0.200222, 0.199649, 0.198223]",0.0022695908569517332,0.0023043378093846206,2.8217276864856207e-05,-0.0017826262552892976,0.5641748046875,0.565029296875,0.0008544921875,2.3208740234375003,2.3251464843750003,0.1840884466090908,
armorm,primary post-hoc evaluator,balanced,"[0.2, 0.2, 0.2, 0.2, 0.2]",Fair,"alpha=0.5,eps=0.05",OK,"[0.202482, 0.202283, 0.200556, 0.199123, 0.195556]",0.005673976812202601,0.0057608441755180005,7.054318771016254e-05,-0.004456565340760537,0.5641748046875,0.5646533203125,0.0004785156250000089,2.3208740234375003,2.3232666015625,0.1030895301010832,
armorm,primary post-hoc evaluator,balanced,"[0.2, 0.2, 0.2, 0.2, 0.2]",Fair,"alpha=0.5,eps=0.1",OK,"[0.204964, 0.204566, 0.201112, 0.198246, 0.191113]",0.011347953924263103,0.011521688654405038,0.00014108637925758696,-0.008913131062446351,0.5641748046875,0.5668994140625,0.0027246093749999645,2.3208740234375003,2.3344970703125,0.5869791611878361,
armorm,primary post-hoc evaluator,balanced,"[0.2, 0.2, 0.2, 0.2, 0.2]",Fair,"alpha=1.0,eps=0.01",OK,"[0.200248, 0.200229, 0.200059, 0.199916, 0.199548]",0.0005731390404917204,0.0005818122865421504,7.125185672306974e-06,-0.00045265636419565785,0.5641748046875,0.5648242187500001,0.0006494140625000755,2.3208740234375003,2.3241210937500005,0.13990721942292048,
armorm,primary post-hoc evaluator,balanced,"[0.2, 0.2, 0.2, 0.2, 0.2]",Fair,"alpha=1.0,eps=0.02",OK,"[0.200497, 0.200458, 0.200118, 0.199831, 0.199097]",0.0011462783224342244,0.0011636248063363165,1.425037396967203e-05,-0.0009053127790744035,0.5641748046875,0.5637841796875,-0.0003906249999999778,2.3208740234375003,2.3189208984375003,-0.08415471844987008,
armorm,primary post-hoc evaluator,balanced,"[0.2, 0.2, 0.2, 0.2, 0.2]",Fair,"alpha=1.0,eps=0.05",OK,"[0.201241, 0.201144, 0.200294, 0.199578, 0.197742]",0.0028656958035399595,0.0029090620144738267,3.562593491825623e-05,-0.0022632819396876318,0.5641748046875,0.565029296875,0.0008544921875,2.3208740234375003,2.3251464843750003,0.1840884466090908,
armorm,primary post-hoc evaluator,balanced,"[0.2, 0.2, 0.2, 0.2, 0.2]",Fair,"alpha=1.0,eps=0.1",OK,"[0.202483, 0.202288, 0.200588, 0.199156, 0.195485]",0.005731391877228732,0.005818124318080539,7.125187358588287e-05,-0.004526564139737823,0.5641748046875,0.5646337890625,0.0004589843749999156,2.3208740234375003,2.3231689453124997,0.09888179417857437,
armorm,primary post-hoc evaluator,balanced,"[0.2, 0.2, 0.2, 0.2, 0.2]",Fair,"alpha=2.0,eps=0.01",OK,"[0.200124, 0.200115, 0.20003, 0.199959, 0.199772]",0.00028799757303616703,0.00029232900971226075,3.5800426897776196e-06,-0.00022807029259921268,0.5641748046875,0.5648242187500001,0.0006494140625000755,2.3208740234375003,2.3241210937500005,0.13990721942292048,
armorm,primary post-hoc evaluator,balanced,"[0.2, 0.2, 0.2, 0.2, 0.2]",Fair,"alpha=2.0,eps=0.02",OK,"[0.200248, 0.200229, 0.20006, 0.199917, 0.199545]",0.0005759951438008033,0.0005846580168137458,7.1600853444600715e-06,-0.0004561405844476063,0.5641748046875,0.5648242187500001,0.0006494140625000755,2.3208740234375003,2.3241210937500005,0.13990721942292048,
armorm,primary post-hoc evaluator,balanced,"[0.2, 0.2, 0.2, 0.2, 0.2]",Fair,"alpha=2.0,eps=0.05",OK,"[0.200621, 0.200573, 0.200151, 0.199793, 0.198862]",0.0014399878551747938,0.0014616450376451946,1.7900213307939286e-05,-0.0011403514587175908,0.5641748046875,0.563828125,-0.00034667968750001776,2.3208740234375003,2.319140625,-0.07468731262426352,
armorm,primary post-hoc evaluator,balanced,"[0.2, 0.2, 0.2, 0.2, 0.2]",Fair,"alpha=2.0,eps=0.1",OK,"[0.201242, 0.201146, 0.200302, 0.199587, 0.197724]",0.0028799757306579962,0.002923290095828004,3.580042686942701e-05,-0.002280702939562238,0.5641748046875,0.565029296875,0.0008544921875,2.3208740234375003,2.3251464843750003,0.1840884466090908,
armorm,primary post-hoc evaluator,dominant_helpfulness,"[0.5, 0.125, 0.125, 0.125, 0.125]",Avg,rho=0.0,OK,"[1.0, 0.0, 0.0, 0.0, 0.0]",0.5590169943749475,0.5468978377495407,0.18275041504236192,-0.1294396594089945,0.5602508544921875,0.5608840942382812,0.00063323974609375,2.3012542724609375,2.3044204711914062,0.13758578390743625,
armorm,primary post-hoc evaluator,dominant_helpfulness,"[0.5, 0.125, 0.125, 0.125, 0.125]",Avg,rho=0.1,OK,"[1.0, 0.0, 0.0, 0.0, 0.0]",0.5590169943749469,0.5468978377495401,0.18275041504236164,-0.12943965940899432,0.5602508544921875,0.5608840942382812,0.00063323974609375,2.3012542724609375,2.3044204711914062,0.13758578390743625,
armorm,primary post-hoc evaluator,dominant_helpfulness,"[0.5, 0.125, 0.125, 0.125, 0.125]",Avg,rho=0.2,OK,"[1.0, 0.0, 0.0, 0.0, 0.0]",0.5590169943749475,0.5468978377495407,0.1827504150423619,-0.1294396594089945,0.5602508544921875,0.5608840942382812,0.00063323974609375,2.3012542724609375,2.3044204711914062,0.13758578390743625,
armorm,primary post-hoc evaluator,dominant_helpfulness,"[0.5, 0.125, 0.125, 0.125, 0.125]",Avg,rho=0.5,OK,"[0.805111, 0.054765, 0.051612, 0.047995, 0.040518]",0.3412891319397343,0.3343286950092715,0.1117756723650227,-0.08718170005441661,0.5602508544921875,0.5605651855468751,0.0003143310546875888,2.3012542724609375,2.3028259277343754,0.06829559393961417,
armorm,primary post-hoc evaluator,dominant_helpfulness,"[0.5, 0.125, 0.125, 0.125, 0.125]",MaxMin,c=0.0,OK_EXACT_D0,"[0.792401, 0.067238, 0.060881, 0.043787, 0.035693]",0.32789799124819113,0.3219951811489695,0.10751709266459886,-0.09220892767529637,0.5602508544921875,0.5576705932617188,-0.002580261230468728,2.3012542724609375,2.2883529663085938,-0.5606206279216258,
armorm,primary post-hoc evaluator,dominant_helpfulness,"[0.5, 0.125, 0.125, 0.125, 0.125]",MaxMin,c=0.1,OK,"[0.781233, 0.056051, 0.049513, 0.056192, 0.05701]",0.31448610243784536,0.3075293916597016,0.10271559955000191,-0.07041555225314942,0.5602508544921875,0.5614013671875,0.0011505126953125222,2.3012542724609375,2.3070068359375,0.24997513509929384,
armorm,primary post-hoc evaluator,dominant_helpfulness,"[0.5, 0.125, 0.125, 0.125, 0.125]",MaxMin,c=0.25,OK,"[0.728471, 0.061052, 0.063752, 0.073079, 0.073646]",0.25568116461742313,0.24964602083911286,0.0832290328897618,-0.05316256600573972,0.5602508544921875,0.560174560546875,-7.62939453125e-05,2.3012542724609375,2.300872802734375,-0.016576600470775454,
armorm,primary post-hoc evaluator,dominant_helpfulness,"[0.5, 0.125, 0.125, 0.125, 0.125]",MaxMin,c=0.5,OK,"[0.64968, 0.083105, 0.084874, 0.090985, 0.091356]",0.16750613471847564,0.16355229006086205,0.05452640055274079,-0.03482875227301945,0.5602508544921875,0.5608596801757812,0.0006088256835937722,2.3012542724609375,2.3042984008789062,0.1322812717567881,
armorm,primary post-hoc evaluator,dominant_helpfulness,"[0.5, 0.125, 0.125, 0.125, 0.125]",MaxMin,c=0.75,OK,"[0.574441, 0.104164, 0.105044, 0.108083, 0.108267]",0.08330696522133503,0.0813405727668977,0.027117985631547995,-0.01732162024505784,0.5602508544921875,0.5561721801757812,-0.004078674316406294,2.3012542724609375,2.280860900878906,-0.886185061167675,
armorm,primary post-hoc evaluator,dominant_helpfulness,"[0.5, 0.125, 0.125, 0.125, 0.125]",MaxMin,c=0.9,OK,"[0.529724, 0.11668, 0.117032, 0.118245, 0.118319]",0.033264446128751894,0.032479266213785274,0.010828203497321455,-0.0069165177482286505,0.5602508544921875,0.5569335937500001,-0.003317260742187411,2.3012542724609375,2.2846679687500004,-0.7207505884692974,
armorm,primary post-hoc evaluator,dominant_helpfulness,"[0.5, 0.125, 0.125, 0.125, 0.125]",MaxMin,c=0.95,OK,"[0.514855, 0.120842, 0.121018, 0.121624, 0.121661]",0.016624584854061434,0.016232175190255712,0.005411615367395858,-0.003456670697446897,0.5602508544921875,0.5547760009765625,-0.005474853515624933,2.3012542724609375,2.2738800048828125,-1.1895368497828465,
armorm,primary post-hoc evaluator,dominant_helpfulness,"[0.5, 0.125, 0.125, 0.125, 0.125]",MaxMin,c=1.0,OK,"[0.5, 0.125, 0.125, 0.125, 0.125]",0.0,0.0,0.0,0.0,0.5602508544921875,0.5602508544921875,0.0,2.3012542724609375,2.3012542724609375,0.0,same merge point as baseline
armorm,primary post-hoc evaluator,dominant_helpfulness,"[0.5, 0.125, 0.125, 0.125, 0.125]",Fair,"alpha=0.0,eps=0.01",OK,"[0.542976, 0.112971, 0.113479, 0.115234, 0.11534]",0.048094210612373116,0.046958986293505825,0.015655571042371422,-0.010000000000000009,0.5602508544921875,0.5566833496093749,-0.0035675048828125444,2.3012542724609375,2.2834167480468746,-0.7751218380134794,
armorm,primary post-hoc evaluator,dominant_helpfulness,"[0.5, 0.125, 0.125, 0.125, 0.125]",Fair,"alpha=0.0,eps=0.02",OK,"[0.585952, 0.100942, 0.101958, 0.105467, 0.10568]",0.09618842122474631,0.09391797258701175,0.03131114208474293,-0.019999999999999993,0.5602508544921875,0.5559219360351563,-0.004328918457031206,2.3012542724609375,2.2796096801757812,-0.9405563107117992,
armorm,primary post-hoc evaluator,dominant_helpfulness,"[0.5, 0.125, 0.125, 0.125, 0.125]",Fair,"alpha=0.0,eps=0.05",OK,"[0.71488, 0.064856, 0.067396, 0.076168, 0.076701]",0.24047105306186564,0.23479493146752925,0.0782778552118572,-0.05000000000000002,0.5602508544921875,0.5601043701171875,-0.0001464843749999778,2.3012542724609375,2.3005218505859375,-0.03182707290388887,
armorm,primary post-hoc evaluator,dominant_helpfulness,"[0.5, 0.125, 0.125, 0.125, 0.125]",Fair,"alpha=0.0,eps=0.1",OK,"[0.92976, 0.004712, 0.009792, 0.027335, 0.028401]",0.48094210612373123,0.4695898629350584,0.15655571042371436,-0.10000000000000002,0.5602508544921875,0.5645782470703125,0.004327392578124978,2.3012542724609375,2.3228912353515625,0.9402247787023837,
armorm,primary post-hoc evaluator,dominant_helpfulness,"[0.5, 0.125, 0.125, 0.125, 0.125]",Fair,"alpha=0.5,eps=0.01",OK,"[0.500496, 0.125457, 0.125111, 0.124825, 0.124111]",0.0011347951053275575,0.001152168573046627,0.00020525586931321145,-0.0008913129357855754,0.5602508544921875,0.5599853515625,-0.0002655029296875222,2.3012542724609375,2.2999267578125,-0.05768656963829858,
armorm,primary post-hoc evaluator,dominant_helpfulness,"[0.5, 0.125, 0.125, 0.125, 0.125]",Fair,"alpha=0.5,eps=0.02",OK,"[0.500993, 0.125913, 0.125222, 0.124649, 0.123223]",0.0022695907900238677,0.0023043377393209075,0.0004105118777101269,-0.0017826262116739367,0.5602508544921875,0.5588714599609375,-0.0013793945312500222,2.3012542724609375,2.2943572998046875,-0.2997049365116202,
armorm,primary post-hoc evaluator,dominant_helpfulness,"[0.5, 0.125, 0.125, 0.125, 0.125]",Fair,"alpha=0.5,eps=0.05",OK,"[0.502482, 0.127283, 0.125556, 0.124123, 0.120556]",0.005673976812202587,0.005760844175517986,0.0010262796999407245,-0.004456565340760551,0.5602508544921875,0.5584213256835938,-0.0018295288085936612,2.3012542724609375,2.292106628417969,-0.39750687928917605,
armorm,primary post-hoc evaluator,dominant_helpfulness,"[0.5, 0.125, 0.125, 0.125, 0.125]",Fair,"alpha=0.5,eps=0.1",OK,"[0.504964, 0.129566, 0.126112, 0.123246, 0.116113]",0.01134795392426309,0.011521688654405024,0.0020525593786091287,-0.008913131062446351,0.5602508544921875,0.5567245483398438,-0.003526306152343728,2.3012542724609375,2.2836227416992188,-0.7661704737592414,
armorm,primary post-hoc evaluator,dominant_helpfulness,"[0.5, 0.125, 0.125, 0.125, 0.125]",Fair,"alpha=1.0,eps=0.01",OK,"[0.500248, 0.125229, 0.125059, 0.124916, 0.124548]",0.0005731390632907806,0.0005818123019413797,0.00010278890130790894,-0.0004526563087064838,0.5602508544921875,0.5613250732421875,0.0010742187500000222,2.3012542724609375,2.3066253662109375,0.2333985346285184,
armorm,primary post-hoc evaluator,dominant_helpfulness,"[0.5, 0.125, 0.125, 0.125, 0.125]",Fair,"alpha=1.0,eps=0.02",OK,"[0.500497, 0.125458, 0.125118, 0.124831, 0.124097]",0.0011462783024365753,0.00116362479019427,0.00020557777083076277,-0.0009053127460339175,0.5602508544921875,0.5601654052734375,-8.54492187499778e-05,2.3012542724609375,2.3008270263671875,-0.018565792527268508,
armorm,primary post-hoc evaluator,dominant_helpfulness,"[0.5, 0.125, 0.125, 0.125, 0.125]",Fair,"alpha=1.0,eps=0.05",OK,"[0.501241, 0.126144, 0.125294, 0.124578, 0.122742]",0.0028656957978457948,0.0029090620071146895,0.0005139444935148175,-0.0022632819323109656,0.5602508544921875,0.559368896484375,-0.0008819580078124334,2.3012542724609375,2.296844482421875,-0.19162550144216425,
armorm,primary post-hoc evaluator,dominant_helpfulness,"[0.5, 0.125, 0.125, 0.125, 0.125]",Fair,"alpha=1.0,eps=0.1",OK,"[0.502483, 0.127288, 0.125588, 0.124156, 0.120485]",0.005731391877228735,0.005818124318080541,0.0010278889416029835,-0.004526564139737824,0.5602508544921875,0.5579605102539062,-0.002290344238281228,2.3012542724609375,2.2898025512695312,-0.4976295461326791,
armorm,primary post-hoc evaluator,dominant_helpfulness,"[0.5, 0.125, 0.125, 0.125, 0.125]",Fair,"alpha=2.0,eps=0.01",OK,"[0.500124, 0.125115, 0.12503, 0.124959, 0.124772]",0.00028799755990410557,0.0002923289964726026,5.142884564621853e-05,-0.0002280702844532841,0.5602508544921875,0.560614013671875,0.0003631591796875444,2.3012542724609375,2.303070068359375,0.07890461824089116,
armorm,primary post-hoc evaluator,dominant_helpfulness,"[0.5, 0.125, 0.125, 0.125, 0.125]",Fair,"alpha=2.0,eps=0.02",OK,"[0.500248, 0.125229, 0.12506, 0.124917, 0.124545]",0.0005759951419797224,0.0005846580149151019,0.00010285768827602078,-0.00045614058324638804,0.5602508544921875,0.5613250732421875,0.0010742187500000222,2.3012542724609375,2.3066253662109375,0.2333985346285184,
armorm,primary post-hoc evaluator,dominant_helpfulness,"[0.5, 0.125, 0.125, 0.125, 0.125]",Fair,"alpha=2.0,eps=0.05",OK,"[0.500621, 0.125573, 0.125151, 0.124793, 0.123862]",0.001439987844052267,0.001461645023800421,0.00025714409952342016,-0.0011403514663746164,0.5602508544921875,0.5601654052734375,-8.54492187499778e-05,2.3012542724609375,2.3008270263671875,-0.018565792527268508,
armorm,primary post-hoc evaluator,dominant_helpfulness,"[0.5, 0.125, 0.125, 0.125, 0.125]",Fair,"alpha=2.0,eps=0.1",OK,"[0.501242, 0.126146, 0.125302, 0.124587, 0.122724]",0.0028799758038289412,0.002923290168657951,0.000514288427492968,-0.0022807030494204393,0.5602508544921875,0.559368896484375,-0.0008819580078124334,2.3012542724609375,2.296844482421875,-0.19162550144216425,
armorm,primary post-hoc evaluator,dominant_correctness,"[0.125, 0.5, 0.125, 0.125, 0.125]",Avg,rho=0.0,OK,"[0.0, 1.0, 0.0, 0.0, 0.0]",0.5590169943749475,0.5471301451830566,0.18269958487578003,-0.12979152432624388,0.5642425537109375,0.55601806640625,-0.0082244873046875,2.3212127685546875,2.28009033203125,-1.7715927243086187,
armorm,primary post-hoc evaluator,dominant_correctness,"[0.125, 0.5, 0.125, 0.125, 0.125]",Avg,rho=0.1,OK,"[0.0, 1.0, 0.0, 0.0, 0.0]",0.5590169943749472,0.5471301451830564,0.18269958487577995,-0.12979152432624388,0.5642425537109375,0.55601806640625,-0.0082244873046875,2.3212127685546875,2.28009033203125,-1.7715927243086187,
armorm,primary post-hoc evaluator,dominant_correctness,"[0.125, 0.5, 0.125, 0.125, 0.125]",Avg,rho=0.2,OK,"[0.0, 1.0, 0.0, 0.0, 0.0]",0.5590169943749475,0.5471301451830566,0.18269958487578,-0.12979152432624397,0.5642425537109375,0.55601806640625,-0.0082244873046875,2.3212127685546875,2.28009033203125,-1.7715927243086187,
armorm,primary post-hoc evaluator,dominant_correctness,"[0.125, 0.5, 0.125, 0.125, 0.125]",Avg,rho=0.5,OK,"[0.055111, 0.804765, 0.051612, 0.047995, 0.040518]",0.34090877825109905,0.33410056848466096,0.11162318389270698,-0.08739294229741315,0.5642425537109375,0.5608764648437501,-0.0033660888671873668,2.3212127685546875,2.3043823242187504,-0.7250711595222096,
armorm,primary post-hoc evaluator,dominant_correctness,"[0.125, 0.5, 0.125, 0.125, 0.125]",MaxMin,c=0.0,OK_EXACT_D0,"[0.067564, 0.792319, 0.059975, 0.044538, 0.035604]",0.3277858435005851,0.32196332584520115,0.10744355919939003,-0.09245626368911385,0.5642425537109375,0.5629241943359374,-0.0013183593750000222,2.3212127685546875,2.314620971679687,-0.2839807261229591,
armorm,primary post-hoc evaluator,dominant_correctness,"[0.125, 0.5, 0.125, 0.125, 0.125]",MaxMin,c=0.1,OK,"[0.056487, 0.781223, 0.0487, 0.055976, 0.057614]",0.314495611966649,0.30767628593727786,0.10268142239492398,-0.07002022768514357,0.5642425537109375,0.5595886230468751,-0.004653930664062389,2.3212127685546875,2.2979431152343754,-1.002478257725637,
armorm,primary post-hoc evaluator,dominant_correctness,"[0.125, 0.5, 0.125, 0.125, 0.125]",MaxMin,c=0.25,OK,"[0.061121, 0.727991, 0.064548, 0.072537, 0.073803]",0.2551244986346243,0.24924796458117418,0.08304424069143869,-0.053199019313195886,0.5642425537109375,0.557354736328125,-0.006887817382812411,2.3212127685546875,2.286773681640625,-1.4836678214339711,
armorm,primary post-hoc evaluator,dominant_correctness,"[0.125, 0.5, 0.125, 0.125, 0.125]",MaxMin,c=0.5,OK,"[0.083116, 0.649489, 0.085363, 0.090601, 0.091431]",0.1672793092957416,0.16342620007739928,0.05445021273220789,-0.03488138243700016,0.5642425537109375,0.5652557373046875,0.0010131835937500222,2.3212127685546875,2.3262786865234375,0.218244446927815,
armorm,primary post-hoc evaluator,dominant_correctness,"[0.125, 0.5, 0.125, 0.125, 0.125]",MaxMin,c=0.75,OK,"[0.104165, 0.574363, 0.105282, 0.107888, 0.108301]",0.08321345192803235,0.08129671446621553,0.027086375348741705,-0.01735181866080628,0.5642425537109375,0.561773681640625,-0.0024688720703124334,2.3212127685546875,2.308868408203125,-0.5318064986885612,
armorm,primary post-hoc evaluator,dominant_correctness,"[0.125, 0.5, 0.125, 0.125, 0.125]",MaxMin,c=0.9,OK,"[0.11668, 0.529696, 0.117126, 0.118167, 0.118332]",0.03322959639162876,0.0324641863435037,0.010816392057972551,-0.006929095205159835,0.5642425537109375,0.5652450561523437,0.0010025024414062056,2.3212127685546875,2.3262252807617183,0.2159436771559665,
armorm,primary post-hoc evaluator,dominant_correctness,"[0.125, 0.5, 0.125, 0.125, 0.125]",MaxMin,c=0.95,OK,"[0.120842, 0.514841, 0.121065, 0.121585, 0.121667]",0.01660749302309206,0.016224956266273557,0.005405818160435451,-0.003463024314825137,0.5642425537109375,0.5605712890625,-0.003671264648437478,2.3212127685546875,2.3028564453125,-0.7908074387173537,
armorm,primary post-hoc evaluator,dominant_correctness,"[0.125, 0.5, 0.125, 0.125, 0.125]",MaxMin,c=1.0,OK,"[0.125, 0.5, 0.125, 0.125, 0.125]",0.0,0.0,0.0,0.0,0.5642425537109375,0.5642425537109375,0.0,2.3212127685546875,2.3212127685546875,0.0,same merge point as baseline
armorm,primary post-hoc evaluator,dominant_correctness,"[0.125, 0.5, 0.125, 0.125, 0.125]",Fair,"alpha=0.0,eps=0.01",OK,"[0.167976, 0.487971, 0.113479, 0.115234, 0.11534]",0.0480942106123731,0.04695898629350582,-0.00358610723940713,-0.010000000000000005,0.5642425537109375,0.5682785034179687,0.00403594970703125,2.3212127685546875,2.3413925170898438,0.8693622923555281,
armorm,primary post-hoc evaluator,dominant_correctness,"[0.125, 0.5, 0.125, 0.125, 0.125]",Fair,"alpha=0.0,eps=0.02",OK,"[0.210952, 0.475942, 0.101958, 0.105467, 0.10568]",0.09618842122474623,0.09391797258701166,-0.0071722144788142475,-0.019999999999999997,0.5642425537109375,0.5686355590820312,0.004393005371093772,2.3212127685546875,2.3431777954101562,0.9462737390138244,
armorm,primary post-hoc evaluator,dominant_correctness,"[0.125, 0.5, 0.125, 0.125, 0.125]",Fair,"alpha=0.0,eps=0.05",OK,"[0.33988, 0.439856, 0.067396, 0.076168, 0.076701]",0.24047105306186561,0.2347949314675292,-0.017930536197035697,-0.05000000000000002,0.5642425537109375,0.5613189697265625,-0.002923583984374978,2.3212127685546875,2.3065948486328125,-0.6297535546892975,
armorm,primary post-hoc evaluator,dominant_correctness,"[0.125, 0.5, 0.125, 0.125, 0.125]",Fair,"alpha=0.0,eps=0.1",OK,"[0.55476, 0.379712, 0.009792, 0.027335, 0.028401]",0.48094210612373123,0.4695898629350584,-0.035861072394071394,-0.10000000000000003,0.5642425537109375,0.5668380737304687,0.002595520019531228,2.3212127685546875,2.3341903686523433,0.559087054554519,
armorm,primary post-hoc evaluator,dominant_correctness,"[0.125, 0.5, 0.125, 0.125, 0.125]",Fair,"alpha=0.5,eps=0.01",OK,"[0.125496, 0.500457, 0.125111, 0.124825, 0.124111]",0.0011347951053275816,0.001152168573046652,0.00019128149581870154,-0.000891312935785575,0.5642425537109375,0.5653350830078124,0.0010925292968749778,2.3212127685546875,2.326675415039062,0.23533587951852836,
armorm,primary post-hoc evaluator,dominant_correctness,"[0.125, 0.5, 0.125, 0.125, 0.125]",Fair,"alpha=0.5,eps=0.02",OK,"[0.125993, 0.500913, 0.125222, 0.124649, 0.123223]",0.002269590788656993,0.0023043377379887613,0.00038256311461136184,-0.0017826262135682924,0.5642425537109375,0.5644500732421875,0.00020751953125008882,2.3212127685546875,2.3222503662109375,0.044700669852685,
armorm,primary post-hoc evaluator,dominant_correctness,"[0.125, 0.5, 0.125, 0.125, 0.125]",Fair,"alpha=0.5,eps=0.05",OK,"[0.127482, 0.502283, 0.125556, 0.124123, 0.120556]",0.005673976812202624,0.005760844175518024,0.0009564078088521846,-0.004456565340760551,0.5642425537109375,0.562994384765625,-0.0012481689453124334,2.3212127685546875,2.314971923828125,-0.26886138190806125,
armorm,primary post-hoc evaluator,dominant_correctness,"[0.125, 0.5, 0.125, 0.125, 0.125]",Fair,"alpha=0.5,eps=0.1",OK,"[0.129964, 0.504566, 0.126112, 0.123246, 0.116113]",0.011347953924263103,0.011521688654405038,0.0019128156460150082,-0.008913131062446351,0.5642425537109375,0.562652587890625,-0.0015899658203124556,2.3212127685546875,2.313262939453125,-0.3424860146066012,
armorm,primary post-hoc evaluator,dominant_correctness,"[0.125, 0.5, 0.125, 0.125, 0.125]",Fair,"alpha=1.0,eps=0.01",OK,"[0.125248, 0.500229, 0.125059, 0.124916, 0.124548]",0.0005731391697030443,0.0005818124088484408,9.596925269326356e-05,-0.0004526563740091385,0.5642425537109375,0.5657257080078125,0.0014831542968750666,2.3212127685546875,2.3286285400390625,0.31947831688830747,
armorm,primary post-hoc evaluator,dominant_correctness,"[0.125, 0.5, 0.125, 0.125, 0.125]",Fair,"alpha=1.0,eps=0.02",OK,"[0.125497, 0.500458, 0.125118, 0.124831, 0.124097]",0.0011462784837295628,0.0011636249901839568,0.00019193874110451833,-0.0009053130849218261,0.5642425537109375,0.5653350830078124,0.0010925292968749778,2.3212127685546875,2.326675415039062,0.23533587951852836,
armorm,primary post-hoc evaluator,dominant_correctness,"[0.125, 0.5, 0.125, 0.125, 0.125]",Fair,"alpha=1.0,eps=0.05",OK,"[0.126241, 0.501144, 0.125294, 0.124578, 0.122742]",0.0028656958388460847,0.0029090620484972765,0.0004798467860031863,-0.0022632819728631783,0.5642425537109375,0.5635040283203124,-0.0007385253906250222,2.3212127685546875,2.317520141601562,-0.15908179565222164,
armorm,primary post-hoc evaluator,dominant_correctness,"[0.125, 0.5, 0.125, 0.125, 0.125]",Fair,"alpha=1.0,eps=0.1",OK,"[0.127483, 0.502288, 0.125588, 0.124156, 0.120485]",0.005731391619926628,0.005818124024047175,0.0009596935863806982,-0.004526563990984196,0.5642425537109375,0.562994384765625,-0.0012481689453124334,2.3212127685546875,2.314971923828125,-0.26886138190806125,
armorm,primary post-hoc evaluator,dominant_correctness,"[0.125, 0.5, 0.125, 0.125, 0.125]",Fair,"alpha=2.0,eps=0.01",OK,"[0.125124, 0.500115, 0.12503, 0.124959, 0.124772]",0.0002879975759208466,0.0002923290124162291,4.806112512292373e-05,-0.00022807029561319376,0.5642425537109375,0.5653961181640624,0.0011535644531249778,2.3212127685546875,2.326980590820312,0.24848313535755337,
armorm,primary post-hoc evaluator,dominant_correctness,"[0.125, 0.5, 0.125, 0.125, 0.125]",Fair,"alpha=2.0,eps=0.02",OK,"[0.125248, 0.500229, 0.12506, 0.124917, 0.124545]",0.0005759951438007903,0.0005846580168137326,9.612224679853674e-05,-0.0004561405844475917,0.5642425537109375,0.5657257080078125,0.0014831542968750666,2.3212127685546875,2.3286285400390625,0.31947831688830747,
armorm,primary post-hoc evaluator,dominant_correctness,"[0.125, 0.5, 0.125, 0.125, 0.125]",Fair,"alpha=2.0,eps=0.05",OK,"[0.125621, 0.500573, 0.125151, 0.124793, 0.123862]",0.0014399878536155745,0.0014616450327237262,0.00024030551303609338,-0.0011403514365406374,0.5642425537109375,0.5647735595703125,0.0005310058593750444,2.3212127685546875,2.3238677978515625,0.1143811257995175,
armorm,primary post-hoc evaluator,dominant_correctness,"[0.125, 0.5, 0.125, 0.125, 0.125]",Fair,"alpha=2.0,eps=0.1",OK,"[0.126242, 0.501146, 0.125302, 0.124587, 0.122724]",0.0028799757720228882,0.0029232901350743673,0.0004806112490832256,-0.002280702963785941,0.5642425537109375,0.5635040283203124,-0.0007385253906250222,2.3212127685546875,2.317520141601562,-0.15908179565222164,
armorm,primary post-hoc evaluator,dominant_coherence,"[0.125, 0.125, 0.5, 0.125, 0.125]",Avg,rho=0.0,OK,"[0.0, 0.0, 1.0, 0.0, 0.0]",0.5590169943749465,0.54928215471362,0.1822276869320186,-0.13166531526036493,0.5985054016113281,0.5930572509765625,-0.005448150634765669,2.4925270080566406,2.4652862548828125,-1.0928970111769036,
armorm,primary post-hoc evaluator,dominant_coherence,"[0.125, 0.125, 0.5, 0.125, 0.125]",Avg,rho=0.1,OK,"[0.0, 0.0, 1.0, 0.0, 0.0]",0.5590169943749475,0.5492821547136209,0.18222768693201896,-0.1316653152603652,0.5985054016113281,0.5930572509765625,-0.005448150634765669,2.4925270080566406,2.4652862548828125,-1.0928970111769036,
armorm,primary post-hoc evaluator,dominant_coherence,"[0.125, 0.125, 0.5, 0.125, 0.125]",Avg,rho=0.2,OK,"[0.0, 0.0, 1.0, 0.0, 0.0]",0.5590169943749475,0.5492821547136209,0.18222768693201893,-0.13166531526036523,0.5985054016113281,0.5930572509765625,-0.005448150634765669,2.4925270080566406,2.4652862548828125,-1.0928970111769036,
armorm,primary post-hoc evaluator,dominant_coherence,"[0.125, 0.125, 0.5, 0.125, 0.125]",Avg,rho=0.5,OK,"[0.055111, 0.054764, 0.801612, 0.047995, 0.040517]",0.3374233992808066,0.33197512175015176,0.11020748277672886,-0.0885172312577058,0.5985054016113281,0.5998077392578125,0.0013023376464843528,2.4925270080566406,2.4990386962890625,0.2612484523286619,
armorm,primary post-hoc evaluator,dominant_coherence,"[0.125, 0.125, 0.5, 0.125, 0.125]",MaxMin,c=0.0,OK_EXACT_D0,"[0.064226, 0.062995, 0.791564, 0.045602, 0.035612]",0.326866959185288,0.3221014745564399,0.10684200900703679,-0.0934687735243124,0.5985054016113281,0.5998367309570313,0.001331329345703125,2.4925270080566406,2.4991836547851562,0.26706417651641184,
armorm,primary post-hoc evaluator,dominant_coherence,"[0.125, 0.125, 0.5, 0.125, 0.125]",MaxMin,c=0.1,OK,"[0.053282, 0.052031, 0.780423, 0.055782, 0.058481]",0.3135618318251175,0.3079333605678238,0.10208614554195056,-0.07023926135588587,0.5985054016113281,0.59720458984375,-0.001300811767578125,2.4925270080566406,2.48602294921875,-0.2609423615819382,
armorm,primary post-hoc evaluator,dominant_coherence,"[0.125, 0.125, 0.5, 0.125, 0.125]",MaxMin,c=0.25,OK,"[0.063866, 0.064594, 0.725901, 0.07176, 0.073879]",0.2527161115275155,0.24800766887098824,0.08212225096187144,-0.054016526342689684,0.5985054016113281,0.5973434448242189,-0.0011619567871092862,2.4925270080566406,2.486717224121094,-0.2330881036300654,
armorm,primary post-hoc evaluator,dominant_coherence,"[0.125, 0.125, 0.5, 0.125, 0.125]",MaxMin,c=0.5,OK,"[0.084797, 0.085276, 0.648556, 0.089988, 0.091382]",0.1661903486738104,0.16309399790270532,0.05400496802019527,-0.03552217265760777,0.5985054016113281,0.6033187866210937,0.004813385009765581,2.4925270080566406,2.5165939331054688,0.9655632605398522,
armorm,primary post-hoc evaluator,dominant_coherence,"[0.125, 0.125, 0.5, 0.125, 0.125]",MaxMin,c=0.75,OK,"[0.104984, 0.105223, 0.573962, 0.107569, 0.108263]",0.0827417908222188,0.08120019944907689,0.026887649029836803,-0.017685552759477002,0.5985054016113281,0.6026626586914063,0.004157257080078192,2.4925270080566406,2.5133132934570317,0.8339442394486871,
armorm,primary post-hoc evaluator,dominant_coherence,"[0.125, 0.125, 0.5, 0.125, 0.125]",MaxMin,c=0.9,OK,"[0.117005, 0.1171, 0.529543, 0.118037, 0.118314]",0.033050320980998714,0.032434548839767784,0.01073998304883094,-0.007064304381361608,0.5985054016113281,0.5982658386230469,-0.0002395629882812056,2.4925270080566406,2.491329193115235,-0.048056247235600126,
armorm,primary post-hoc evaluator,dominant_coherence,"[0.125, 0.125, 0.5, 0.125, 0.125]",MaxMin,c=0.95,OK,"[0.121004, 0.121052, 0.514766, 0.12152, 0.121658]",0.016519080108975966,0.016211307324084795,0.005368015652697645,-0.0035308525462430843,0.5985054016113281,0.5997833251953125,0.001277923583984375,2.4925270080566406,2.4989166259765625,0.256351000381083,
armorm,primary post-hoc evaluator,dominant_coherence,"[0.125, 0.125, 0.5, 0.125, 0.125]",MaxMin,c=1.0,OK,"[0.125, 0.125, 0.5, 0.125, 0.125]",0.0,0.0,0.0,0.0,0.5985054016113281,0.5985054016113281,0.0,2.4925270080566406,2.4925270080566406,0.0,same merge point as baseline
armorm,primary post-hoc evaluator,dominant_coherence,"[0.125, 0.125, 0.5, 0.125, 0.125]",Fair,"alpha=0.0,eps=0.01",OK,"[0.167976, 0.112971, 0.488479, 0.115234, 0.11534]",0.048094210612373116,0.04695898629350583,-0.0035861072394071172,-0.009999999999999992,0.5985054016113281,0.5953304290771484,-0.003174972534179754,2.4925270080566406,2.476652145385742,-0.6368983212452995,
armorm,primary post-hoc evaluator,dominant_coherence,"[0.125, 0.125, 0.5, 0.125, 0.125]",Fair,"alpha=0.0,eps=0.02",OK,"[0.210952, 0.100942, 0.476958, 0.105467, 0.10568]",0.09618842122474623,0.09391797258701165,-0.007172214478814244,-0.019999999999999993,0.5985054016113281,0.6008918762207032,0.002386474609375022,2.4925270080566406,2.5044593811035156,0.47872592787583734,
armorm,primary post-hoc evaluator,dominant_coherence,"[0.125, 0.125, 0.5, 0.125, 0.125]",Fair,"alpha=0.0,eps=0.05",OK,"[0.33988, 0.064856, 0.442396, 0.076168, 0.076701]",0.24047105306186561,0.2347949314675292,-0.01793053619703571,-0.05000000000000002,0.5985054016113281,0.5996383666992188,0.001132965087890625,2.4925270080566406,2.4981918334960938,0.22727237944233328,
armorm,primary post-hoc evaluator,dominant_coherence,"[0.125, 0.125, 0.5, 0.125, 0.125]",Fair,"alpha=0.0,eps=0.1",OK,"[0.55476, 0.004712, 0.384792, 0.027335, 0.028401]",0.48094210612373123,0.4695898629350584,-0.03586107239407142,-0.10000000000000003,0.5985054016113281,0.6046722412109374,0.006166839599609286,2.4925270080566406,2.523361206054687,1.2370657528837397,
armorm,primary post-hoc evaluator,dominant_coherence,"[0.125, 0.125, 0.5, 0.125, 0.125]",Fair,"alpha=0.5,eps=0.01",OK,"[0.125496, 0.125457, 0.500111, 0.124825, 0.124111]",0.0011347951053275844,0.001152168573046656,6.730339406252125e-05,-0.0008913129357855749,0.5985054016113281,0.5963630676269531,-0.002142333984375022,2.4925270080566406,2.4818153381347656,-0.4297514084000484,
armorm,primary post-hoc evaluator,dominant_coherence,"[0.125, 0.125, 0.5, 0.125, 0.125]",Fair,"alpha=0.5,eps=0.02",OK,"[0.125993, 0.125913, 0.500222, 0.124649, 0.123223]",0.002269590856951728,0.002304337809384617,0.00013460679758051165,-0.0017826262552892835,0.5985054016113281,0.5960365295410157,-0.0024688720703124334,2.4925270080566406,2.4801826477050786,-0.4952548281988983,
armorm,primary post-hoc evaluator,dominant_coherence,"[0.125, 0.125, 0.5, 0.125, 0.125]",Fair,"alpha=0.5,eps=0.05",OK,"[0.127482, 0.127283, 0.500556, 0.124123, 0.120556]",0.005673976812202614,0.005760844175518015,0.00033651684533306296,-0.004456565340760551,0.5985054016113281,0.5985969543457031,9.1552734375e-05,2.4925270080566406,2.4929847717285156,0.01836544480342087,
armorm,primary post-hoc evaluator,dominant_coherence,"[0.125, 0.125, 0.5, 0.125, 0.125]",Fair,"alpha=0.5,eps=0.1",OK,"[0.129964, 0.129566, 0.501112, 0.123246, 0.116113]",0.011347953924263096,0.011521688654405029,0.0006730337976454156,-0.008913131062446351,0.5985054016113281,0.5995948791503907,0.0010894775390625222,2.4925270080566406,2.497974395751953,0.21854879316070835,
armorm,primary post-hoc evaluator,dominant_coherence,"[0.125, 0.125, 0.5, 0.125, 0.125]",Fair,"alpha=1.0,eps=0.01",OK,"[0.125248, 0.125229, 0.500059, 0.124916, 0.124548]",0.0005731391443528074,0.0005818123840423531,3.492892665035162e-05,-0.0004526563591171411,0.5985054016113281,0.5969459533691406,-0.0015594482421875666,2.4925270080566406,2.484729766845703,-0.31282474315160214,
armorm,primary post-hoc evaluator,dominant_coherence,"[0.125, 0.125, 0.5, 0.125, 0.125]",Fair,"alpha=1.0,eps=0.02",OK,"[0.125497, 0.125458, 0.500118, 0.124831, 0.124097]",0.001146278308336025,0.0011636247930100275,6.985791506161713e-05,-0.0009053127613945044,0.5985054016113281,0.5963630676269531,-0.002142333984375022,2.4925270080566406,2.4818153381347656,-0.4297514084000484,
armorm,primary post-hoc evaluator,dominant_coherence,"[0.125, 0.125, 0.5, 0.125, 0.125]",Fair,"alpha=1.0,eps=0.05",OK,"[0.126241, 0.126144, 0.500294, 0.124578, 0.122742]",0.0028656955427599994,0.0029090617341679306,0.00017464468030911978,-0.002263281769785088,0.5985054016113281,0.5960365295410157,-0.0024688720703124334,2.4925270080566406,2.4801826477050786,-0.4952548281988983,
armorm,primary post-hoc evaluator,dominant_coherence,"[0.125, 0.125, 0.5, 0.125, 0.125]",Fair,"alpha=1.0,eps=0.1",OK,"[0.127483, 0.127288, 0.500588, 0.124156, 0.120485]",0.005731391877228737,0.0058181243180805454,0.00034928973240334,-0.004526564139737824,0.5985054016113281,0.5986885070800781,0.00018310546875,2.4925270080566406,2.4934425354003906,0.03673088960684174,
armorm,primary post-hoc evaluator,dominant_coherence,"[0.125, 0.125, 0.5, 0.125, 0.125]",Fair,"alpha=2.0,eps=0.01",OK,"[0.125124, 0.125115, 0.50003, 0.124959, 0.124772]",0.0002879975733214288,0.0002923290098766129,1.7783183795623536e-05,-0.00022807029310763523,0.5985054016113281,0.597345733642578,-0.001159667968750111,2.4925270080566406,2.48672866821289,-0.2326289675100155,
armorm,primary post-hoc evaluator,dominant_coherence,"[0.125, 0.125, 0.5, 0.125, 0.125]",Fair,"alpha=2.0,eps=0.02",OK,"[0.125248, 0.125229, 0.50006, 0.124917, 0.124545]",0.0005759951303849956,0.0005846580073095364,3.5566394322885194e-05,-0.0004561405673135488,0.5985054016113281,0.5969459533691406,-0.0015594482421875666,2.4925270080566406,2.484729766845703,-0.31282474315160214,
armorm,primary post-hoc evaluator,dominant_coherence,"[0.125, 0.125, 0.5, 0.125, 0.125]",Fair,"alpha=2.0,eps=0.05",OK,"[0.125621, 0.125573, 0.500151, 0.124793, 0.123862]",0.0014399878053669337,0.0014616449798437441,8.891586343919704e-05,-0.001140351430956645,0.5985054016113281,0.5952400207519531,-0.003265380859375,2.4925270080566406,2.4762001037597656,-0.6550341979886777,
armorm,primary post-hoc evaluator,dominant_coherence,"[0.125, 0.125, 0.5, 0.125, 0.125]",Fair,"alpha=2.0,eps=0.1",OK,"[0.126242, 0.126146, 0.500302, 0.124587, 0.122724]",0.0028799758781496744,0.0029232902511345266,0.00017783187117199187,-0.002280703017868795,0.5985054016113281,0.5960365295410157,-0.0024688720703124334,2.4925270080566406,2.4801826477050786,-0.4952548281988983,
armorm,primary post-hoc evaluator,dominant_complexity,"[0.125, 0.125, 0.125, 0.5, 0.125]",Avg,rho=0.0,OK,"[0.0, 0.0, 0.0, 1.0, 0.0]",0.5590169943749459,0.5523917288848275,0.181542539601312,-0.13278892567224718,0.54644775390625,0.5482650756835937,0.0018173217773437278,2.23223876953125,2.2413253784179688,0.4070625871544582,
armorm,primary post-hoc evaluator,dominant_complexity,"[0.125, 0.125, 0.125, 0.5, 0.125]",Avg,rho=0.1,OK,"[0.0, 0.0, 0.0, 1.0, 0.0]",0.5590169943749472,0.5523917288848287,0.18154253960131242,-0.13278892567224726,0.54644775390625,0.5482650756835937,0.0018173217773437278,2.23223876953125,2.2413253784179688,0.4070625871544582,
armorm,primary post-hoc evaluator,dominant_complexity,"[0.125, 0.125, 0.125, 0.5, 0.125]",Avg,rho=0.2,OK,"[0.0, 0.0, 0.0, 1.0, 0.0]",0.5590169943749473,0.5523917288848287,0.18154253960131245,-0.1327889256722472,0.54644775390625,0.5482650756835937,0.0018173217773437278,2.23223876953125,2.2413253784179688,0.4070625871544582,
armorm,primary post-hoc evaluator,dominant_complexity,"[0.125, 0.125, 0.125, 0.5, 0.125]",Avg,rho=0.5,OK,"[0.05511, 0.054765, 0.051612, 0.797995, 0.040518]",0.3333790068143752,0.32886477981198764,0.10815204275057251,-0.07578648641877836,0.54644775390625,0.5518341064453125,0.0053863525390625,2.23223876953125,2.2591705322265625,1.2064911273343724,
armorm,primary post-hoc evaluator,dominant_complexity,"[0.125, 0.125, 0.125, 0.5, 0.125]",MaxMin,c=0.0,OK_EXACT_D0,"[0.051518, 0.051943, 0.049987, 0.790468, 0.056084]",0.3247845466944686,0.32114005194318446,0.10548500177153149,-0.07814213061496535,0.54644775390625,0.5498489379882813,0.003401184082031272,2.23223876953125,2.2492446899414062,0.761832499384792,
armorm,primary post-hoc evaluator,dominant_complexity,"[0.125, 0.125, 0.125, 0.5, 0.125]",MaxMin,c=0.1,OK,"[0.062986, 0.06227, 0.061292, 0.767564, 0.045888]",0.29948085923392626,0.29525406733876725,0.09708962471126285,-0.06581519322442045,0.54644775390625,0.5518096923828125,0.005361938476562522,2.23223876953125,2.2590484619140625,1.2010226123096273,
armorm,primary post-hoc evaluator,dominant_complexity,"[0.125, 0.125, 0.125, 0.5, 0.125]",MaxMin,c=0.25,OK,"[0.074019, 0.07343, 0.072626, 0.719963, 0.059962]",0.24620107579853243,0.24272626036482947,0.07981668716302659,-0.05410620036682781,0.54644775390625,0.542657470703125,-0.003790283203125022,2.23223876953125,2.213287353515625,-0.848986957591666,
armorm,primary post-hoc evaluator,dominant_complexity,"[0.125, 0.125, 0.125, 0.5, 0.125]",MaxMin,c=0.5,OK,"[0.091145, 0.090755, 0.090221, 0.646069, 0.081811]",0.16349276029302187,0.16118526766764532,0.05300322291201624,-0.0359298675614996,0.54644775390625,0.5514053344726563,0.004957580566406272,2.23223876953125,2.2570266723632812,1.1104503322122878,
armorm,primary post-hoc evaluator,dominant_complexity,"[0.125, 0.125, 0.125, 0.5, 0.125]",MaxMin,c=0.75,OK,"[0.108094, 0.107899, 0.107633, 0.572941, 0.103433]",0.0816417958496164,0.08048952561142451,0.026467705949785956,-0.017941949888804598,0.54644775390625,0.5474075317382813,0.0009597778320312722,2.23223876953125,2.2370376586914062,0.21498099691028902,
armorm,primary post-hoc evaluator,dominant_complexity,"[0.125, 0.125, 0.125, 0.5, 0.125]",MaxMin,c=0.9,OK,"[0.118241, 0.118163, 0.118056, 0.529164, 0.116377]",0.03264283839032856,0.03218212619290745,0.010582582596211473,-0.007173729638510639,0.54644775390625,0.5528991699218749,0.006451416015624933,2.23223876953125,2.2644958496093746,1.4450550952888543,
armorm,primary post-hoc evaluator,dominant_complexity,"[0.125, 0.125, 0.125, 0.5, 0.125]",MaxMin,c=0.95,OK,"[0.121621, 0.121582, 0.121528, 0.51458, 0.120689]",0.016319595089657093,0.016089264735878586,0.00529069993570755,-0.0035864639460351567,0.54644775390625,0.5504730224609375,0.004025268554687544,2.23223876953125,2.2523651123046875,0.9016214147048369,
armorm,primary post-hoc evaluator,dominant_complexity,"[0.125, 0.125, 0.125, 0.5, 0.125]",MaxMin,c=1.0,OK,"[0.125, 0.125, 0.125, 0.5, 0.125]",0.0,0.0,0.0,0.0,0.54644775390625,0.54644775390625,0.0,2.23223876953125,2.23223876953125,0.0,same merge point as baseline
armorm,primary post-hoc evaluator,dominant_complexity,"[0.125, 0.125, 0.125, 0.5, 0.125]",Fair,"alpha=0.0,eps=0.01",OK,"[0.167976, 0.112971, 0.113479, 0.490234, 0.11534]",0.04809421061237311,0.04695898629350582,-0.003586107239407131,-0.010000000000000009,0.54644775390625,0.5424484252929688,-0.003999328613281228,2.23223876953125,2.2122421264648438,-0.8958111174910454,
armorm,primary post-hoc evaluator,dominant_complexity,"[0.125, 0.125, 0.125, 0.5, 0.125]",Fair,"alpha=0.0,eps=0.02",OK,"[0.210952, 0.100942, 0.101958, 0.480467, 0.10568]",0.09618842122474623,0.09391797258701165,-0.007172214478814249,-0.019999999999999987,0.54644775390625,0.5478515625,0.00140380859375,2.23223876953125,2.2392578125,0.31443961392283926,
armorm,primary post-hoc evaluator,dominant_complexity,"[0.125, 0.125, 0.125, 0.5, 0.125]",Fair,"alpha=0.0,eps=0.05",OK,"[0.33988, 0.064856, 0.067396, 0.451168, 0.076701]",0.24047105306186561,0.2347949314675292,-0.017930536197035704,-0.05000000000000002,0.54644775390625,0.54693603515625,0.00048828125,2.23223876953125,2.23468017578125,0.10937030049490061,
armorm,primary post-hoc evaluator,dominant_complexity,"[0.125, 0.125, 0.125, 0.5, 0.125]",Fair,"alpha=0.0,eps=0.1",OK,"[0.55476, 0.004712, 0.009792, 0.402335, 0.028401]",0.48094210612373123,0.4695898629350584,-0.0358610723940714,-0.10000000000000002,0.54644775390625,0.5539093017578124,0.007461547851562389,2.23223876953125,2.269546508789062,1.67131490443768,
armorm,primary post-hoc evaluator,dominant_complexity,"[0.125, 0.125, 0.125, 0.5, 0.125]",Fair,"alpha=0.5,eps=0.01",OK,"[0.125496, 0.125457, 0.125111, 0.499825, 0.124111]",0.0011347951053275838,0.0011521685730466547,-6.787313283833368e-05,-0.0008913129357855758,0.54644775390625,0.5472625732421874,0.0008148193359374112,2.23223876953125,2.236312866210937,0.1825116889508455,
armorm,primary post-hoc evaluator,dominant_complexity,"[0.125, 0.125, 0.125, 0.5, 0.125]",Fair,"alpha=0.5,eps=0.02",OK,"[0.125993, 0.125913, 0.125222, 0.499649, 0.123223]",0.0022695908569517224,0.0023043378093846097,-0.00013574639012217636,-0.0017826262552892837,0.54644775390625,0.5463531494140625,-9.460449218745559e-05,2.23223876953125,2.2317657470703125,-0.021190495720886993,
armorm,primary post-hoc evaluator,dominant_complexity,"[0.125, 0.125, 0.125, 0.5, 0.125]",Fair,"alpha=0.5,eps=0.05",OK,"[0.127482, 0.127283, 0.125556, 0.499123, 0.120556]",0.005673976812202616,0.005760844175518017,-0.00033936590510883174,-0.004456565340760553,0.54644775390625,0.5435943603515625,-0.0028533935546875,2.23223876953125,2.2179718017578125,-0.6391326935170755,
armorm,primary post-hoc evaluator,dominant_complexity,"[0.125, 0.125, 0.125, 0.5, 0.125]",Fair,"alpha=0.5,eps=0.1",OK,"[0.129964, 0.129566, 0.126112, 0.498246, 0.116113]",0.011347953924263098,0.011521688654405032,-0.0006787317646002579,-0.00891313106244635,0.54644775390625,0.5457366943359375,-0.0007110595703124778,2.23223876953125,2.2286834716796875,-0.159270500095699,
armorm,primary post-hoc evaluator,dominant_complexity,"[0.125, 0.125, 0.125, 0.5, 0.125]",Fair,"alpha=1.0,eps=0.01",OK,"[0.125248, 0.125229, 0.125059, 0.499916, 0.124548]",0.0005731389657822091,0.0005818122080885024,-3.276839234178483e-05,-0.0004526561954052796,0.54644775390625,0.54644775390625,0.0,2.23223876953125,2.23223876953125,0.0,
armorm,primary post-hoc evaluator,dominant_complexity,"[0.125, 0.125, 0.125, 0.5, 0.125]",Fair,"alpha=1.0,eps=0.02",OK,"[0.125497, 0.125458, 0.125118, 0.499831, 0.124097]",0.001146278320415241,0.0011636248045503146,-6.553674381106907e-05,-0.0009053127753206594,0.54644775390625,0.5472625732421874,0.0008148193359374112,2.23223876953125,2.236312866210937,0.1825116889508455,
armorm,primary post-hoc evaluator,dominant_complexity,"[0.125, 0.125, 0.125, 0.5, 0.125]",Fair,"alpha=1.0,eps=0.05",OK,"[0.126241, 0.126144, 0.125294, 0.499578, 0.122742]",0.002865696019949899,0.0029090622811245043,-0.0001638422585572894,-0.0022632817529074424,0.54644775390625,0.5456329345703125,-0.0008148193359375222,2.23223876953125,2.2281646728515625,-0.1825116889508654,
armorm,primary post-hoc evaluator,dominant_complexity,"[0.125, 0.125, 0.125, 0.5, 0.125]",Fair,"alpha=1.0,eps=0.1",OK,"[0.127483, 0.127288, 0.125588, 0.499156, 0.120485]",0.005731391877228732,0.005818124318080539,-0.0003276837989159429,-0.004526564139737823,0.54644775390625,0.543572998046875,-0.002874755859375022,2.23223876953125,2.217864990234375,-0.6439176441637273,
armorm,primary post-hoc evaluator,dominant_complexity,"[0.125, 0.125, 0.125, 0.5, 0.125]",Fair,"alpha=2.0,eps=0.01",OK,"[0.125124, 0.125115, 0.12503, 0.499959, 0.124772]",0.0002879975733214068,0.0002923290098765905,-1.6084104101698237e-05,-0.0002280702931076215,0.54644775390625,0.54644775390625,0.0,2.23223876953125,2.23223876953125,0.0,
armorm,primary post-hoc evaluator,dominant_complexity,"[0.125, 0.125, 0.125, 0.5, 0.125]",Fair,"alpha=2.0,eps=0.02",OK,"[0.125248, 0.125229, 0.12506, 0.499917, 0.124545]",0.0005759951169691953,0.0005846579978053231,-3.216825359200422e-05,-0.00045614055017957454,0.54644775390625,0.54644775390625,0.0,2.23223876953125,2.23223876953125,0.0,
armorm,primary post-hoc evaluator,dominant_complexity,"[0.125, 0.125, 0.125, 0.5, 0.125]",Fair,"alpha=2.0,eps=0.05",OK,"[0.125621, 0.125573, 0.125151, 0.499793, 0.123862]",0.0014399878053667928,0.001461644979843604,-8.042047326387985e-05,-0.0011403514309565217,0.54644775390625,0.54677734375,0.0003295898437499778,2.23223876953125,2.23388671875,0.0738249528340579,
armorm,primary post-hoc evaluator,dominant_complexity,"[0.125, 0.125, 0.125, 0.5, 0.125]",Fair,"alpha=2.0,eps=0.1",OK,"[0.126242, 0.126146, 0.125302, 0.499587, 0.122724]",0.002879975614758069,0.002923289979758944,-0.00016084103032917743,-0.0022807028652311154,0.54644775390625,0.5456329345703125,-0.0008148193359375222,2.23223876953125,2.2281646728515625,-0.1825116889508654,
armorm,primary post-hoc evaluator,dominant_verbosity,"[0.125, 0.125, 0.125, 0.125, 0.5]",Avg,rho=0.0,OK,"[0.0, 0.0, 0.0, 0.0, 1.0]",0.5590169943749472,0.5574634533790548,0.18041676365872603,-0.13892280919445948,0.5817214965820312,0.5760040283203125,-0.005717468261718706,2.4086074829101562,2.3800201416015625,-1.186882524920732,
armorm,primary post-hoc evaluator,dominant_verbosity,"[0.125, 0.125, 0.125, 0.125, 0.5]",Avg,rho=0.1,OK,"[0.0, 0.0, 0.0, 0.0, 1.0]",0.559016994374947,0.5574634533790546,0.18041676365872591,-0.13892280919445937,0.5817214965820312,0.5760040283203125,-0.005717468261718706,2.4086074829101562,2.3800201416015625,-1.186882524920732,
armorm,primary post-hoc evaluator,dominant_verbosity,"[0.125, 0.125, 0.125, 0.125, 0.5]",Avg,rho=0.2,OK,"[0.0, 0.0, 0.0, 0.0, 1.0]",0.5590169943749472,0.5574634533790548,0.180416763658726,-0.13892280919445943,0.5817214965820312,0.5760040283203125,-0.005717468261718706,2.4086074829101562,2.3800201416015625,-1.186882524920732,
armorm,primary post-hoc evaluator,dominant_verbosity,"[0.125, 0.125, 0.125, 0.125, 0.5]",Avg,rho=0.5,OK,"[0.055111, 0.054765, 0.051612, 0.047995, 0.790518]",0.3248593439040122,0.32368922805597206,0.10477471531605802,-0.08127338813963661,0.5817214965820312,0.5810470581054688,-0.0006744384765624556,2.4086074829101562,2.4052352905273438,-0.14000589165064412,
armorm,primary post-hoc evaluator,dominant_verbosity,"[0.125, 0.125, 0.125, 0.125, 0.5]",MaxMin,c=0.0,OK_EXACT_D0,"[0.050628, 0.050214, 0.047202, 0.063289, 0.788667]",0.32297589245754954,0.3227176828965974,0.10431342710875062,-0.08589665469237537,0.5817214965820312,0.580352783203125,-0.0013687133789062056,2.4086074829101562,2.401763916015625,-0.28412960364395423,
armorm,primary post-hoc evaluator,dominant_verbosity,"[0.125, 0.125, 0.125, 0.125, 0.5]",MaxMin,c=0.1,OK,"[0.060717, 0.060833, 0.060867, 0.046415, 0.771168]",0.3034308479370043,0.3019296222449505,0.09769572199295863,-0.07148958417891361,0.5817214965820312,0.5863800048828125,0.004658508300781294,2.4086074829101562,2.4319000244140625,0.9670542697045622,
armorm,primary post-hoc evaluator,dominant_verbosity,"[0.125, 0.125, 0.125, 0.125, 0.5]",MaxMin,c=0.25,OK,"[0.073398, 0.0735, 0.073537, 0.058444, 0.721122]",0.24756456593460027,0.24618995839347368,0.07963082568235874,-0.05741906848559818,0.5817214965820312,0.579376220703125,-0.0023452758789062056,2.4086074829101562,2.396881103515625,-0.4868530666675113,
armorm,primary post-hoc evaluator,dominant_verbosity,"[0.125, 0.125, 0.125, 0.125, 0.5]",MaxMin,c=0.5,OK,"[0.090897, 0.090965, 0.090989, 0.081015, 0.646134]",0.16360944845070546,0.16270100349295932,0.05262609138097219,-0.03794687696931441,0.5817214965820312,0.587005615234375,0.005284118652343794,2.4086074829101562,2.435028076171875,1.0969239882040285,
armorm,primary post-hoc evaluator,dominant_verbosity,"[0.125, 0.125, 0.125, 0.125, 0.5]",MaxMin,c=0.75,OK,"[0.107996, 0.10803, 0.108042, 0.103068, 0.572864]",0.08157707455376831,0.08112411610456002,0.026239820625961408,-0.0189206383917438,0.5817214965820312,0.5834609985351562,0.001739501953125,2.4086074829101562,2.4173049926757812,0.36110116851071106,
armorm,primary post-hoc evaluator,dominant_verbosity,"[0.125, 0.125, 0.125, 0.125, 0.5]",MaxMin,c=0.9,OK,"[0.118205, 0.118218, 0.118223, 0.116235, 0.529119]",0.03260078178014536,0.03241976524285363,0.010486263093601084,-0.007561286142269316,0.5817214965820312,0.5813217163085938,-0.0003997802734374556,2.4086074829101562,2.4066085815429688,-0.08298991767526868,
armorm,primary post-hoc evaluator,dominant_verbosity,"[0.125, 0.125, 0.125, 0.125, 0.5]",MaxMin,c=0.95,OK,"[0.121603, 0.12161, 0.121612, 0.120619, 0.514556]",0.016296447530965038,0.016205961157904875,0.0052418631385349485,-0.0037797284652590136,0.5817214965820312,0.5815093994140625,-0.00021209716796866118,2.4086074829101562,2.4075469970703125,-0.04402900212542881,
armorm,primary post-hoc evaluator,dominant_verbosity,"[0.125, 0.125, 0.125, 0.125, 0.5]",MaxMin,c=1.0,OK,"[0.125, 0.125, 0.125, 0.125, 0.5]",0.0,0.0,0.0,0.0,0.5817214965820312,0.5817214965820312,0.0,2.4086074829101562,2.4086074829101562,0.0,same merge point as baseline
armorm,primary post-hoc evaluator,dominant_verbosity,"[0.125, 0.125, 0.125, 0.125, 0.5]",Fair,"alpha=0.0,eps=0.01",OK,"[0.167976, 0.112971, 0.113479, 0.115234, 0.49034]",0.048094210612373116,0.04695898629350583,-0.003586107239407149,-0.01000000000000001,0.5817214965820312,0.580218505859375,-0.00150299072265625,2.4086074829101562,2.401092529296875,-0.31200407980969336,
armorm,primary post-hoc evaluator,dominant_verbosity,"[0.125, 0.125, 0.125, 0.125, 0.5]",Fair,"alpha=0.0,eps=0.02",OK,"[0.210952, 0.100942, 0.101958, 0.105467, 0.48068]",0.09618842122474623,0.09391797258701165,-0.007172214478814258,-0.019999999999999993,0.5817214965820312,0.5797714233398437,-0.0019500732421875444,2.4086074829101562,2.3988571166992183,-0.40481341522518405,
armorm,primary post-hoc evaluator,dominant_verbosity,"[0.125, 0.125, 0.125, 0.125, 0.5]",Fair,"alpha=0.0,eps=0.05",OK,"[0.33988, 0.064856, 0.067396, 0.076168, 0.451701]",0.2404710530618656,0.2347949314675292,-0.017930536197035708,-0.05000000000000002,0.5817214965820312,0.5723068237304687,-0.0094146728515625,2.4086074829101562,2.3615341186523438,-1.9543808857114802,
armorm,primary post-hoc evaluator,dominant_verbosity,"[0.125, 0.125, 0.125, 0.125, 0.5]",Fair,"alpha=0.0,eps=0.1",OK,"[0.55476, 0.004712, 0.009792, 0.027335, 0.403401]",0.4809421061237312,0.4695898629350584,-0.035861072394071415,-0.10000000000000002,0.5817214965820312,0.5807022094726562,-0.0010192871093750444,2.4086074829101562,2.403511047363281,-0.21159261453085615,
armorm,primary post-hoc evaluator,dominant_verbosity,"[0.125, 0.125, 0.125, 0.125, 0.5]",Fair,"alpha=0.5,eps=0.01",OK,"[0.125496, 0.125457, 0.125111, 0.124825, 0.499111]",0.0011347951053276035,0.0011521685730466738,-0.0003254244544286716,-0.0008913129357856028,0.5817214965820312,0.5808914184570313,-0.0008300781249999112,2.4086074829101562,2.4044570922851562,-0.17231494357002353,
armorm,primary post-hoc evaluator,dominant_verbosity,"[0.125, 0.125, 0.125, 0.125, 0.5]",Fair,"alpha=0.5,eps=0.02",OK,"[0.125993, 0.125913, 0.125222, 0.124649, 0.498223]",0.002269590719149027,0.0023043376617212356,-0.0006508490341370702,-0.001782626216075404,0.5817214965820312,0.5804458618164062,-0.0012756347656249778,2.4086074829101562,2.4022293090820312,-0.2648075235745215,
armorm,primary post-hoc evaluator,dominant_verbosity,"[0.125, 0.125, 0.125, 0.125, 0.5]",Fair,"alpha=0.5,eps=0.05",OK,"[0.127482, 0.127283, 0.125556, 0.124123, 0.495556]",0.005673976812202623,0.005760844175518022,-0.0016271225104663636,-0.004456565340760565,0.5817214965820312,0.5790664672851562,-0.002655029296875,2.4086074829101562,2.3953323364257812,-0.5511544150952958,
armorm,primary post-hoc evaluator,dominant_verbosity,"[0.125, 0.125, 0.125, 0.125, 0.5]",Fair,"alpha=0.5,eps=0.1",OK,"[0.129964, 0.129566, 0.126112, 0.123246, 0.491113]",0.011347953870599666,0.011521688606774988,-0.0032542451654418857,-0.008913131072522652,0.5817214965820312,0.5808273315429688,-0.0008941650390623668,2.4086074829101562,2.404136657714844,-0.18561867083092604,
armorm,primary post-hoc evaluator,dominant_verbosity,"[0.125, 0.125, 0.125, 0.125, 0.5]",Fair,"alpha=1.0,eps=0.01",OK,"[0.125248, 0.125229, 0.125059, 0.124916, 0.499548]",0.0005731391738174865,0.0005818124155371025,-0.00016529290349077968,-0.00045265638784848267,0.5817214965820312,0.5809555053710938,-0.0007659912109374556,2.4086074829101562,2.4047775268554688,-0.1590112163091026,
armorm,primary post-hoc evaluator,dominant_verbosity,"[0.125, 0.125, 0.125, 0.125, 0.5]",Fair,"alpha=1.0,eps=0.02",OK,"[0.125497, 0.125458, 0.125118, 0.124831, 0.499097]",0.0011462783268985303,0.0011636248114412595,-0.0003305858055158003,-0.0009053127714287569,0.5817214965820312,0.5808914184570313,-0.0008300781249999112,2.4086074829101562,2.4044570922851562,-0.17231494357002353,
armorm,primary post-hoc evaluator,dominant_verbosity,"[0.125, 0.125, 0.125, 0.125, 0.5]",Fair,"alpha=1.0,eps=0.05",OK,"[0.126241, 0.126144, 0.125294, 0.124578, 0.497742]",0.002865695999425184,0.0029090622074660006,-0.0008264645868436985,-0.002263282126969961,0.5817214965820312,0.5818252563476562,0.00010375976562504441,2.4086074829101562,2.4091262817382812,0.02153936794625294,
armorm,primary post-hoc evaluator,dominant_verbosity,"[0.125, 0.125, 0.125, 0.125, 0.5]",Fair,"alpha=1.0,eps=0.1",OK,"[0.127483, 0.127288, 0.125588, 0.124156, 0.495485]",0.005731391877228713,0.00581812431808052,-0.0016529291314104947,-0.004526564139737796,0.5817214965820312,0.5791336059570312,-0.002587890624999978,2.4086074829101562,2.3956680297851562,-0.5372171770124263,
armorm,primary post-hoc evaluator,dominant_verbosity,"[0.125, 0.125, 0.125, 0.125, 0.5]",Fair,"alpha=2.0,eps=0.01",OK,"[0.125124, 0.125115, 0.12503, 0.124959, 0.499772]",0.0002879975733213988,0.00029232900987658357,-8.328883323382348e-05,-0.00022807029310760755,0.5817214965820312,0.5805862426757813,-0.0011352539062499112,2.4086074829101562,2.4029312133789062,-0.23566602576488513,
armorm,primary post-hoc evaluator,dominant_verbosity,"[0.125, 0.125, 0.125, 0.125, 0.5]",Fair,"alpha=2.0,eps=0.02",OK,"[0.125248, 0.125229, 0.12506, 0.124917, 0.499545]",0.0005759951154538838,0.0005846579825711462,-0.00016657765048456587,-0.0004561405427111068,0.5817214965820312,0.5808914184570313,-0.0008300781249999112,2.4086074829101562,2.4044570922851562,-0.17231494357002353,
armorm,primary post-hoc evaluator,dominant_verbosity,"[0.125, 0.125, 0.125, 0.125, 0.5]",Fair,"alpha=2.0,eps=0.05",OK,"[0.125621, 0.125573, 0.125151, 0.124793, 0.498862]",0.0014399878550510027,0.001461645037542814,-0.0004164441652661877,-0.0011403514628915393,0.5817214965820312,0.5808914184570313,-0.0008300781249999112,2.4086074829101562,2.4044570922851562,-0.17231494357002353,
armorm,primary post-hoc evaluator,dominant_verbosity,"[0.125, 0.125, 0.125, 0.125, 0.5]",Fair,"alpha=2.0,eps=0.1",OK,"[0.126242, 0.126146, 0.125302, 0.124587, 0.497724]",0.0028799745730835697,0.002923288945372535,-0.0008328877244928464,-0.0022807012865066725,0.5817214965820312,0.5818984985351563,0.00017700195312508882,2.4086074829101562,2.4094924926757812,0.036743627673019724,
armorm,primary post-hoc evaluator,only_helpfulness,"[1.0, 0.0, 0.0, 0.0, 0.0]",Avg,rho=0.0,OK,"[1.0, 0.0, 0.0, 0.0, 0.0]",0.0,0.0,0.0,0.0,0.54820556640625,0.54820556640625,0.0,2.24102783203125,2.24102783203125,0.0,same merge point as baseline
armorm,primary post-hoc evaluator,only_helpfulness,"[1.0, 0.0, 0.0, 0.0, 0.0]",Avg,rho=0.1,OK,"[1.0, 0.0, 0.0, 0.0, 0.0]",0.0,0.0,0.0,0.0,0.54820556640625,0.54820556640625,0.0,2.24102783203125,2.24102783203125,0.0,same merge point as baseline
armorm,primary post-hoc evaluator,only_helpfulness,"[1.0, 0.0, 0.0, 0.0, 0.0]",Avg,rho=0.2,OK,"[1.0, 0.0, 0.0, 0.0, 0.0]",0.0,0.0,0.0,0.0,0.54820556640625,0.54820556640625,0.0,2.24102783203125,2.24102783203125,0.0,same merge point as baseline
armorm,primary post-hoc evaluator,only_helpfulness,"[1.0, 0.0, 0.0, 0.0, 0.0]",Avg,rho=0.5,OK,"[1.0, 0.0, 0.0, 0.0, 0.0]",0.0,0.0,0.0,0.0,0.54820556640625,0.54820556640625,0.0,2.24102783203125,2.24102783203125,0.0,same merge point as baseline
armorm,primary post-hoc evaluator,only_helpfulness,"[1.0, 0.0, 0.0, 0.0, 0.0]",MaxMin,c=0.0,INFEASIBLE_BALL_MISSES_SIMPLEX,,,,,,0.54820556640625,,,2.24102783203125,,,INFEASIBLE_BALL_MISSES_SIMPLEX
armorm,primary post-hoc evaluator,only_helpfulness,"[1.0, 0.0, 0.0, 0.0, 0.0]",MaxMin,c=0.1,INFEASIBLE_BALL_MISSES_SIMPLEX,,,,,,0.54820556640625,,,2.24102783203125,,,INFEASIBLE_BALL_MISSES_SIMPLEX
armorm,primary post-hoc evaluator,only_helpfulness,"[1.0, 0.0, 0.0, 0.0, 0.0]",MaxMin,c=0.25,INFEASIBLE_BALL_MISSES_SIMPLEX,,,,,,0.54820556640625,,,2.24102783203125,,,INFEASIBLE_BALL_MISSES_SIMPLEX
armorm,primary post-hoc evaluator,only_helpfulness,"[1.0, 0.0, 0.0, 0.0, 0.0]",MaxMin,c=0.5,INFEASIBLE_BALL_MISSES_SIMPLEX,,,,,,0.54820556640625,,,2.24102783203125,,,INFEASIBLE_BALL_MISSES_SIMPLEX
armorm,primary post-hoc evaluator,only_helpfulness,"[1.0, 0.0, 0.0, 0.0, 0.0]",MaxMin,c=0.75,INFEASIBLE_BALL_MISSES_SIMPLEX,,,,,,0.54820556640625,,,2.24102783203125,,,INFEASIBLE_BALL_MISSES_SIMPLEX
armorm,primary post-hoc evaluator,only_helpfulness,"[1.0, 0.0, 0.0, 0.0, 0.0]",MaxMin,c=0.9,INFEASIBLE_BALL_MISSES_SIMPLEX,,,,,,0.54820556640625,,,2.24102783203125,,,INFEASIBLE_BALL_MISSES_SIMPLEX
armorm,primary post-hoc evaluator,only_helpfulness,"[1.0, 0.0, 0.0, 0.0, 0.0]",MaxMin,c=0.95,INFEASIBLE_BALL_MISSES_SIMPLEX,,,,,,0.54820556640625,,,2.24102783203125,,,INFEASIBLE_BALL_MISSES_SIMPLEX
armorm,primary post-hoc evaluator,only_helpfulness,"[1.0, 0.0, 0.0, 0.0, 0.0]",MaxMin,c=1.0,OK,"[1.0, 0.0, 0.0, 0.0, 0.0]",2.7698844510176693e-16,2.726143297931129e-16,-2.159574933593682e-16,-2.159574933593682e-16,0.54820556640625,0.54820556640625,0.0,2.24102783203125,2.24102783203125,0.0,same merge point as baseline
armorm,primary post-hoc evaluator,only_helpfulness,"[1.0, 0.0, 0.0, 0.0, 0.0]",Fair,"alpha=0.0,eps=0.01",OK,"[1.0, 0.0, 0.0, 0.0, 0.0]",0.0,0.0,0.0,0.0,0.54820556640625,0.54820556640625,0.0,2.24102783203125,2.24102783203125,0.0,same merge point as baseline
armorm,primary post-hoc evaluator,only_helpfulness,"[1.0, 0.0, 0.0, 0.0, 0.0]",Fair,"alpha=0.0,eps=0.02",OK,"[1.0, 0.0, 0.0, 0.0, 0.0]",0.0,0.0,0.0,0.0,0.54820556640625,0.54820556640625,0.0,2.24102783203125,2.24102783203125,0.0,same merge point as baseline
armorm,primary post-hoc evaluator,only_helpfulness,"[1.0, 0.0, 0.0, 0.0, 0.0]",Fair,"alpha=0.0,eps=0.05",OK,"[1.0, 0.0, 0.0, 0.0, 0.0]",0.0,0.0,0.0,0.0,0.54820556640625,0.54820556640625,0.0,2.24102783203125,2.24102783203125,0.0,same merge point as baseline
armorm,primary post-hoc evaluator,only_helpfulness,"[1.0, 0.0, 0.0, 0.0, 0.0]",Fair,"alpha=0.0,eps=0.1",OK,"[1.0, 0.0, 0.0, 0.0, 0.0]",0.0,0.0,0.0,0.0,0.54820556640625,0.54820556640625,0.0,2.24102783203125,2.24102783203125,0.0,same merge point as baseline
armorm,primary post-hoc evaluator,only_helpfulness,"[1.0, 0.0, 0.0, 0.0, 0.0]",Fair,"alpha=0.5,eps=0.01",OK,"[1.0, 0.0, 0.0, 0.0, 0.0]",5.316422676363438e-16,5.26745644080696e-16,-4.326332386424913e-16,-4.326332386424913e-16,0.54820556640625,0.54820556640625,0.0,2.24102783203125,2.24102783203125,0.0,same merge point as baseline
armorm,primary post-hoc evaluator,only_helpfulness,"[1.0, 0.0, 0.0, 0.0, 0.0]",Fair,"alpha=0.5,eps=0.02",OK,"[1.0, 0.0, 0.0, 0.0, 0.0]",2.954745927647082e-16,2.855248127960445e-16,-2.0902736397651623e-16,-2.0902736397651623e-16,0.54820556640625,0.54820556640625,0.0,2.24102783203125,2.24102783203125,0.0,same merge point as baseline
armorm,primary post-hoc evaluator,only_helpfulness,"[1.0, 0.0, 0.0, 0.0, 0.0]",Fair,"alpha=0.5,eps=0.05",OK,"[1.0, 0.0, 0.0, 0.0, 0.0]",2.9389135331579156e-16,2.862132326691523e-16,-2.1180655516302443e-16,-2.1180655516302443e-16,0.54820556640625,0.54820556640625,0.0,2.24102783203125,2.24102783203125,0.0,same merge point as baseline
armorm,primary post-hoc evaluator,only_helpfulness,"[1.0, 0.0, 0.0, 0.0, 0.0]",Fair,"alpha=0.5,eps=0.1",OK,"[1.0, 0.0, 0.0, 0.0, 0.0]",3.551751001306885e-17,3.6412209601654504e-17,2.8183068210851306e-18,1.2636579702727434e-18,0.54820556640625,0.54820556640625,0.0,2.24102783203125,2.24102783203125,0.0,same merge point as baseline
armorm,primary post-hoc evaluator,only_helpfulness,"[1.0, 0.0, 0.0, 0.0, 0.0]",Fair,"alpha=1.0,eps=0.01",OK,"[1.0, 0.0, 0.0, 0.0, 0.0]",2.0110969070129284e-14,1.9429542899747914e-14,-1.4650392529335855e-14,-1.4650392529335855e-14,0.54820556640625,0.54820556640625,0.0,2.24102783203125,2.24102783203125,0.0,same merge point as baseline
armorm,primary post-hoc evaluator,only_helpfulness,"[1.0, 0.0, 0.0, 0.0, 0.0]",Fair,"alpha=1.0,eps=0.02",OK,"[1.0, 0.0, 0.0, 0.0, 0.0]",6.442931045265225e-15,6.230882966890736e-15,-5.0157683676258065e-15,-5.0157683676258065e-15,0.54820556640625,0.54820556640625,0.0,2.24102783203125,2.24102783203125,0.0,same merge point as baseline
armorm,primary post-hoc evaluator,only_helpfulness,"[1.0, 0.0, 0.0, 0.0, 0.0]",Fair,"alpha=1.0,eps=0.05",OK,"[1.0, 0.0, 0.0, 0.0, 0.0]",2.158286871534095e-15,2.0982961636331037e-15,-1.4721677555624091e-15,-1.4721677555624091e-15,0.54820556640625,0.54820556640625,0.0,2.24102783203125,2.24102783203125,0.0,same merge point as baseline
armorm,primary post-hoc evaluator,only_helpfulness,"[1.0, 0.0, 0.0, 0.0, 0.0]",Fair,"alpha=1.0,eps=0.1",OK,"[1.0, 0.0, 0.0, 0.0, 0.0]",9.063729465634636e-16,9.066274018992207e-16,-6.5956554907823e-16,-6.5956554907823e-16,0.54820556640625,0.54820556640625,0.0,2.24102783203125,2.24102783203125,0.0,same merge point as baseline
armorm,primary post-hoc evaluator,only_helpfulness,"[1.0, 0.0, 0.0, 0.0, 0.0]",Fair,"alpha=2.0,eps=0.01",OK,"[1.0, 0.0, 0.0, 0.0, 0.0]",1.603208708389108e-14,1.6011738888901827e-14,-1.1995718403339274e-14,-1.1995718403339274e-14,0.54820556640625,0.54820556640625,0.0,2.24102783203125,2.24102783203125,0.0,same merge point as baseline
armorm,primary post-hoc evaluator,only_helpfulness,"[1.0, 0.0, 0.0, 0.0, 0.0]",Fair,"alpha=2.0,eps=0.02",OK,"[1.0, 0.0, 0.0, 0.0, 0.0]",1.726352452513661e-15,1.7010855961885838e-15,-1.2968554685656522e-15,-1.2968554685656522e-15,0.54820556640625,0.54820556640625,0.0,2.24102783203125,2.24102783203125,0.0,same merge point as baseline
armorm,primary post-hoc evaluator,only_helpfulness,"[1.0, 0.0, 0.0, 0.0, 0.0]",Fair,"alpha=2.0,eps=0.05",OK,"[1.0, 0.0, 0.0, 0.0, 0.0]",8.250207095032073e-15,8.123439274438398e-15,-6.256843776936408e-15,-6.256843776936408e-15,0.54820556640625,0.54820556640625,0.0,2.24102783203125,2.24102783203125,0.0,same merge point as baseline
armorm,primary post-hoc evaluator,only_helpfulness,"[1.0, 0.0, 0.0, 0.0, 0.0]",Fair,"alpha=2.0,eps=0.1",OK,"[1.0, 0.0, 0.0, 0.0, 0.0]",3.6437324764391246e-15,3.5511926516669084e-15,-2.880835124161496e-15,-2.880835124161496e-15,0.54820556640625,0.54820556640625,0.0,2.24102783203125,2.24102783203125,0.0,same merge point as baseline
armorm,primary post-hoc evaluator,only_correctness,"[0.0, 1.0, 0.0, 0.0, 0.0]",Avg,rho=0.0,OK,"[0.0, 1.0, 0.0, 0.0, 0.0]",0.0,0.0,0.0,0.0,0.5466064453125,0.5466064453125,0.0,2.2330322265625,2.2330322265625,0.0,same merge point as baseline
armorm,primary post-hoc evaluator,only_correctness,"[0.0, 1.0, 0.0, 0.0, 0.0]",Avg,rho=0.1,OK,"[0.0, 1.0, 0.0, 0.0, 0.0]",0.0,0.0,0.0,0.0,0.5466064453125,0.5466064453125,0.0,2.2330322265625,2.2330322265625,0.0,same merge point as baseline
armorm,primary post-hoc evaluator,only_correctness,"[0.0, 1.0, 0.0, 0.0, 0.0]",Avg,rho=0.2,OK,"[0.0, 1.0, 0.0, 0.0, 0.0]",0.0,0.0,0.0,0.0,0.5466064453125,0.5466064453125,0.0,2.2330322265625,2.2330322265625,0.0,same merge point as baseline
armorm,primary post-hoc evaluator,only_correctness,"[0.0, 1.0, 0.0, 0.0, 0.0]",Avg,rho=0.5,OK,"[0.0, 1.0, 0.0, 0.0, 0.0]",0.0,0.0,0.0,0.0,0.5466064453125,0.5466064453125,0.0,2.2330322265625,2.2330322265625,0.0,same merge point as baseline
armorm,primary post-hoc evaluator,only_correctness,"[0.0, 1.0, 0.0, 0.0, 0.0]",MaxMin,c=0.0,INFEASIBLE_BALL_MISSES_SIMPLEX,,,,,,0.5466064453125,,,2.2330322265625,,,INFEASIBLE_BALL_MISSES_SIMPLEX
armorm,primary post-hoc evaluator,only_correctness,"[0.0, 1.0, 0.0, 0.0, 0.0]",MaxMin,c=0.1,INFEASIBLE_BALL_MISSES_SIMPLEX,,,,,,0.5466064453125,,,2.2330322265625,,,INFEASIBLE_BALL_MISSES_SIMPLEX
armorm,primary post-hoc evaluator,only_correctness,"[0.0, 1.0, 0.0, 0.0, 0.0]",MaxMin,c=0.25,INFEASIBLE_BALL_MISSES_SIMPLEX,,,,,,0.5466064453125,,,2.2330322265625,,,INFEASIBLE_BALL_MISSES_SIMPLEX
armorm,primary post-hoc evaluator,only_correctness,"[0.0, 1.0, 0.0, 0.0, 0.0]",MaxMin,c=0.5,INFEASIBLE_BALL_MISSES_SIMPLEX,,,,,,0.5466064453125,,,2.2330322265625,,,INFEASIBLE_BALL_MISSES_SIMPLEX
armorm,primary post-hoc evaluator,only_correctness,"[0.0, 1.0, 0.0, 0.0, 0.0]",MaxMin,c=0.75,INFEASIBLE_BALL_MISSES_SIMPLEX,,,,,,0.5466064453125,,,2.2330322265625,,,INFEASIBLE_BALL_MISSES_SIMPLEX
armorm,primary post-hoc evaluator,only_correctness,"[0.0, 1.0, 0.0, 0.0, 0.0]",MaxMin,c=0.9,INFEASIBLE_BALL_MISSES_SIMPLEX,,,,,,0.5466064453125,,,2.2330322265625,,,INFEASIBLE_BALL_MISSES_SIMPLEX
armorm,primary post-hoc evaluator,only_correctness,"[0.0, 1.0, 0.0, 0.0, 0.0]",MaxMin,c=0.95,INFEASIBLE_BALL_MISSES_SIMPLEX,,,,,,0.5466064453125,,,2.2330322265625,,,INFEASIBLE_BALL_MISSES_SIMPLEX
armorm,primary post-hoc evaluator,only_correctness,"[0.0, 1.0, 0.0, 0.0, 0.0]",MaxMin,c=1.0,OK,"[0.0, 1.0, 0.0, 0.0, 0.0]",2.4888650368420193e-16,2.472867446534761e-16,-2.1992479436045738e-16,-2.1992479436045738e-16,0.5466064453125,0.5466064453125,0.0,2.2330322265625,2.2330322265625,0.0,same merge point as baseline
armorm,primary post-hoc evaluator,only_correctness,"[0.0, 1.0, 0.0, 0.0, 0.0]",Fair,"alpha=0.0,eps=0.01",OK,"[0.010716, 0.989284, 0.0, 0.0, 0.0]",0.015154059819725946,0.014639356858164766,-0.009999999999999969,-0.009999999999999967,0.5466064453125,0.5483642578125,0.0017578124999999556,2.2330322265625,2.2418212890625,0.39359317771825286,
armorm,primary post-hoc evaluator,only_correctness,"[0.0, 1.0, 0.0, 0.0, 0.0]",Fair,"alpha=0.0,eps=0.02",OK,"[0.021431, 0.978569, 0.0, 0.0, 0.0]",0.030308119639451972,0.029278713716329608,-0.02000000000000005,-0.020000000000000046,0.5466064453125,0.5481689453125,0.0015625000000000222,2.2330322265625,2.2408447265625,0.3498606024162248,
armorm,primary post-hoc evaluator,only_correctness,"[0.0, 1.0, 0.0, 0.0, 0.0]",Fair,"alpha=0.0,eps=0.05",OK,"[0.053578, 0.946422, 0.0, 0.0, 0.0]",0.07577029909862981,0.07319678429082391,-0.049999999999999954,-0.049999999999999954,0.5466064453125,0.551123046875,0.0045166015625,2.2330322265625,2.255615234375,1.0113158038593997,
armorm,primary post-hoc evaluator,only_correctness,"[0.0, 1.0, 0.0, 0.0, 0.0]",Fair,"alpha=0.0,eps=0.1",OK,"[0.107155, 0.892845, 0.0, 0.0, 0.0]",0.1515405981972597,0.1463935685816479,-0.10000000000000002,-0.10000000000000002,0.5466064453125,0.553515625,0.006909179687499933,2.2330322265625,2.267578125,1.547039851309244,
armorm,primary post-hoc evaluator,only_correctness,"[0.0, 1.0, 0.0, 0.0, 0.0]",Fair,"alpha=0.5,eps=0.01",OK,"[1.9e-05, 0.999981, 0.0, 0.0, 0.0]",2.641263792109257e-05,2.5515540831444918e-05,-1.7429413791046023e-05,-1.7429413791046023e-05,0.5466064453125,0.5474365234375,0.0008300781250000222,2.2330322265625,2.2371826171875,0.18586344503361943,
armorm,primary post-hoc evaluator,only_correctness,"[0.0, 1.0, 0.0, 0.0, 0.0]",Fair,"alpha=0.5,eps=0.02",OK,"[3.7e-05, 0.999963, 0.0, 0.0, 0.0]",5.282521122750291e-05,5.103101924282425e-05,-3.485878494349512e-05,-3.485878494349512e-05,0.5466064453125,0.5466064453125,0.0,2.2330322265625,2.2330322265625,0.0,
armorm,primary post-hoc evaluator,only_correctness,"[0.0, 1.0, 0.0, 0.0, 0.0]",Fair,"alpha=0.5,eps=0.05",OK,"[9.3e-05, 0.999907, 0.0, 0.0, 0.0]",0.00013206201261131356,0.00012757656713931578,-8.71462922690627e-05,-8.71462922690627e-05,0.5466064453125,0.5466064453125,0.0,2.2330322265625,2.2330322265625,0.0,
armorm,primary post-hoc evaluator,only_correctness,"[0.0, 1.0, 0.0, 0.0, 0.0]",Fair,"alpha=0.5,eps=0.1",OK,"[0.000187, 0.999813, 0.0, 0.0, 0.0]",0.0002641250667526547,0.0002551541404334135,-0.0001742932718325724,-0.00017429327183257244,0.5466064453125,0.5466064453125,0.0,2.2330322265625,2.2330322265625,0.0,
armorm,primary post-hoc evaluator,only_correctness,"[0.0, 1.0, 0.0, 0.0, 0.0]",Fair,"alpha=1.0,eps=0.01",OK,"[9e-06, 0.999991, 0.0, 0.0, 0.0]",1.3206314427796911e-05,1.2757766036929851e-05,-8.714703906549483e-06,-8.714703906549483e-06,0.5466064453125,0.5466064453125,0.0,2.2330322265625,2.2330322265625,0.0,
armorm,primary post-hoc evaluator,only_correctness,"[0.0, 1.0, 0.0, 0.0, 0.0]",Fair,"alpha=1.0,eps=0.02",OK,"[1.9e-05, 0.999981, 0.0, 0.0, 0.0]",2.6412614486846163e-05,2.5515518193137663e-05,-1.7429398327793593e-05,-1.7429398327793593e-05,0.5466064453125,0.5474365234375,0.0008300781250000222,2.2330322265625,2.2371826171875,0.18586344503361943,
armorm,primary post-hoc evaluator,only_correctness,"[0.0, 1.0, 0.0, 0.0, 0.0]",Fair,"alpha=1.0,eps=0.05",OK,"[4.7e-05, 0.999953, 0.0, 0.0, 0.0]",6.60315592989029e-05,6.378881778065907e-05,-4.3573511048895616e-05,-4.3573511048895616e-05,0.5466064453125,0.5466064453125,0.0,2.2330322265625,2.2330322265625,0.0,
armorm,primary post-hoc evaluator,only_correctness,"[0.0, 1.0, 0.0, 0.0, 0.0]",Fair,"alpha=1.0,eps=0.1",OK,"[9.3e-05, 0.999907, 0.0, 0.0, 0.0]",0.00013206292717278127,0.00012757745063798553,-8.71468957783642e-05,-8.71468957783642e-05,0.5466064453125,0.5466064453125,0.0,2.2330322265625,2.2330322265625,0.0,
armorm,primary post-hoc evaluator,only_correctness,"[0.0, 1.0, 0.0, 0.0, 0.0]",Fair,"alpha=2.0,eps=0.01",OK,"[5e-06, 0.999995, 0.0, 0.0, 0.0]",6.603180810447057e-06,6.378905813599482e-06,-4.357367534449522e-06,-4.357367534449521e-06,0.5466064453125,0.5466064453125,0.0,2.2330322265625,2.2330322265625,0.0,
armorm,primary post-hoc evaluator,only_correctness,"[0.0, 1.0, 0.0, 0.0, 0.0]",Fair,"alpha=2.0,eps=0.02",OK,"[9e-06, 0.999991, 0.0, 0.0, 0.0]",1.3206316426138433e-05,1.2757767967390125e-05,-8.71470522501477e-06,-8.71470522501477e-06,0.5466064453125,0.5466064453125,0.0,2.2330322265625,2.2330322265625,0.0,
armorm,primary post-hoc evaluator,only_correctness,"[0.0, 1.0, 0.0, 0.0, 0.0]",Fair,"alpha=2.0,eps=0.05",OK,"[2.3e-05, 0.999977, 0.0, 0.0, 0.0]",3.301579429273721e-05,3.189442303626298e-05,-2.1786765188245097e-05,-2.17867651882451e-05,0.5466064453125,0.5466064453125,0.0,2.2330322265625,2.2330322265625,0.0,
armorm,primary post-hoc evaluator,only_correctness,"[0.0, 1.0, 0.0, 0.0, 0.0]",Fair,"alpha=2.0,eps=0.1",OK,"[4.7e-05, 0.999953, 0.0, 0.0, 0.0]",6.603158137106807e-05,6.378883910315541e-05,-4.357352561527687e-05,-4.357352561527688e-05,0.5466064453125,0.5466064453125,0.0,2.2330322265625,2.2330322265625,0.0,
armorm,primary post-hoc evaluator,only_coherence,"[0.0, 0.0, 1.0, 0.0, 0.0]",Avg,rho=0.0,OK,"[0.0, 0.0, 1.0, 0.0, 0.0]",0.0,0.0,0.0,0.0,0.652197265625,0.652197265625,0.0,2.760986328125,2.760986328125,0.0,same merge point as baseline
armorm,primary post-hoc evaluator,only_coherence,"[0.0, 0.0, 1.0, 0.0, 0.0]",Avg,rho=0.1,OK,"[0.0, 0.0, 1.0, 0.0, 0.0]",0.0,0.0,0.0,0.0,0.652197265625,0.652197265625,0.0,2.760986328125,2.760986328125,0.0,same merge point as baseline
armorm,primary post-hoc evaluator,only_coherence,"[0.0, 0.0, 1.0, 0.0, 0.0]",Avg,rho=0.2,OK,"[0.0, 0.0, 1.0, 0.0, 0.0]",0.0,0.0,0.0,0.0,0.652197265625,0.652197265625,0.0,2.760986328125,2.760986328125,0.0,same merge point as baseline
armorm,primary post-hoc evaluator,only_coherence,"[0.0, 0.0, 1.0, 0.0, 0.0]",Avg,rho=0.5,OK,"[0.0, 0.0, 1.0, 0.0, 0.0]",0.0,0.0,0.0,0.0,0.652197265625,0.652197265625,0.0,2.760986328125,2.760986328125,0.0,same merge point as baseline
armorm,primary post-hoc evaluator,only_coherence,"[0.0, 0.0, 1.0, 0.0, 0.0]",MaxMin,c=0.0,INFEASIBLE_BALL_MISSES_SIMPLEX,,,,,,0.652197265625,,,2.760986328125,,,INFEASIBLE_BALL_MISSES_SIMPLEX
armorm,primary post-hoc evaluator,only_coherence,"[0.0, 0.0, 1.0, 0.0, 0.0]",MaxMin,c=0.1,INFEASIBLE_BALL_MISSES_SIMPLEX,,,,,,0.652197265625,,,2.760986328125,,,INFEASIBLE_BALL_MISSES_SIMPLEX
armorm,primary post-hoc evaluator,only_coherence,"[0.0, 0.0, 1.0, 0.0, 0.0]",MaxMin,c=0.25,INFEASIBLE_BALL_MISSES_SIMPLEX,,,,,,0.652197265625,,,2.760986328125,,,INFEASIBLE_BALL_MISSES_SIMPLEX
armorm,primary post-hoc evaluator,only_coherence,"[0.0, 0.0, 1.0, 0.0, 0.0]",MaxMin,c=0.5,INFEASIBLE_BALL_MISSES_SIMPLEX,,,,,,0.652197265625,,,2.760986328125,,,INFEASIBLE_BALL_MISSES_SIMPLEX
armorm,primary post-hoc evaluator,only_coherence,"[0.0, 0.0, 1.0, 0.0, 0.0]",MaxMin,c=0.75,INFEASIBLE_BALL_MISSES_SIMPLEX,,,,,,0.652197265625,,,2.760986328125,,,INFEASIBLE_BALL_MISSES_SIMPLEX
armorm,primary post-hoc evaluator,only_coherence,"[0.0, 0.0, 1.0, 0.0, 0.0]",MaxMin,c=0.9,INFEASIBLE_BALL_MISSES_SIMPLEX,,,,,,0.652197265625,,,2.760986328125,,,INFEASIBLE_BALL_MISSES_SIMPLEX
armorm,primary post-hoc evaluator,only_coherence,"[0.0, 0.0, 1.0, 0.0, 0.0]",MaxMin,c=0.95,INFEASIBLE_BALL_MISSES_SIMPLEX,,,,,,0.652197265625,,,2.760986328125,,,INFEASIBLE_BALL_MISSES_SIMPLEX
armorm,primary post-hoc evaluator,only_coherence,"[0.0, 0.0, 1.0, 0.0, 0.0]",MaxMin,c=1.0,OK,"[0.0, 0.0, 1.0, 0.0, 0.0]",5.618120436706199e-17,5.618120436706198e-17,1.9348080721561717e-19,1.9348080721561717e-19,0.652197265625,0.652197265625,0.0,2.760986328125,2.760986328125,0.0,same merge point as baseline
armorm,primary post-hoc evaluator,only_coherence,"[0.0, 0.0, 1.0, 0.0, 0.0]",Fair,"alpha=0.0,eps=0.01",OK,"[0.01058, 0.0, 0.98942, 0.0, 0.0]",0.014962951601576966,0.014546755338590931,-0.010000000000000007,-0.010000000000000007,0.652197265625,0.6518310546875,-0.0003662109375,2.760986328125,2.7591552734375,-0.06631886108409231,
armorm,primary post-hoc evaluator,only_coherence,"[0.0, 0.0, 1.0, 0.0, 0.0]",Fair,"alpha=0.0,eps=0.02",OK,"[0.021161, 0.0, 0.978839, 0.0, 0.0]",0.02992590320315393,0.029093510677181862,-0.020000000000000014,-0.020000000000000014,0.652197265625,0.6494140625,-0.002783203125000022,2.760986328125,2.7470703125,-0.5040233442391016,
armorm,primary post-hoc evaluator,only_coherence,"[0.0, 0.0, 1.0, 0.0, 0.0]",Fair,"alpha=0.0,eps=0.05",OK,"[0.052902, 0.0, 0.947098, 0.0, 0.0]",0.07481475800788484,0.07273377669295465,-0.05000000000000003,-0.05000000000000003,0.652197265625,0.648095703125,-0.004101562500000044,2.760986328125,2.740478515625,-0.7427712441418339,
armorm,primary post-hoc evaluator,only_coherence,"[0.0, 0.0, 1.0, 0.0, 0.0]",Fair,"alpha=0.0,eps=0.1",OK,"[0.105804, 0.0, 0.894196, 0.0, 0.0]",0.1496295160157696,0.14546755338590922,-0.09999999999999995,-0.09999999999999995,0.652197265625,0.6558349609375,0.003637695312500022,2.760986328125,2.7791748046875,0.658767353435317,
armorm,primary post-hoc evaluator,only_coherence,"[0.0, 0.0, 1.0, 0.0, 0.0]",Fair,"alpha=0.5,eps=0.01",OK,"[0.000136, 9.7e-05, 0.999767, 0.0, 0.0]",0.0002864670884402764,0.0002792826665188782,-0.00022028671254792462,-0.00022028671254792462,0.652197265625,0.65166015625,-0.0005371093750000666,2.760986328125,2.75830078125,-0.0972676629233354,
armorm,primary post-hoc evaluator,only_coherence,"[0.0, 0.0, 1.0, 0.0, 0.0]",Fair,"alpha=0.5,eps=0.02",OK,"[0.000272, 0.000193, 0.999534, 0.0, 0.0]",0.0005729320427672915,0.0005585632366185516,-0.000440571420046476,-0.000440571420046476,0.652197265625,0.652197265625,0.0,2.760986328125,2.760986328125,0.0,
armorm,primary post-hoc evaluator,only_coherence,"[0.0, 0.0, 1.0, 0.0, 0.0]",Fair,"alpha=0.5,eps=0.05",OK,"[0.00068, 0.000484, 0.998836, 0.0, 0.0]",0.001432331499384642,0.0013964094687434097,-0.0011014300728062428,-0.0011014300728062428,0.652197265625,0.65302734375,0.0008300781250000222,2.760986328125,2.76513671875,0.15032275179060925,
armorm,primary post-hoc evaluator,only_coherence,"[0.0, 0.0, 1.0, 0.0, 0.0]",Fair,"alpha=0.5,eps=0.1",OK,"[0.001361, 0.000967, 0.997672, 0.0, 0.0]",0.002864662923651827,0.0027928188760130593,-0.002202860358260502,-0.002202860358260502,0.652197265625,0.65478515625,0.002587890624999978,2.760986328125,2.77392578125,0.46865328499425235,
armorm,primary post-hoc evaluator,only_coherence,"[0.0, 0.0, 1.0, 0.0, 0.0]",Fair,"alpha=1.0,eps=0.01",OK,"[6.8e-05, 4.9e-05, 0.999883, 0.0, 0.0]",0.00014361909114636977,0.0001400175868452154,-0.0001104484612597875,-0.0001104484612597875,0.652197265625,0.652197265625,0.0,2.760986328125,2.760986328125,0.0,
armorm,primary post-hoc evaluator,only_coherence,"[0.0, 0.0, 1.0, 0.0, 0.0]",Fair,"alpha=1.0,eps=0.02",OK,"[0.000136, 9.7e-05, 0.999767, 0.0, 0.0]",0.00028723889734814896,0.0002800358710760955,-0.00022089747841493447,-0.00022089747841493447,0.652197265625,0.652197265625,0.0,2.760986328125,2.760986328125,0.0,
armorm,primary post-hoc evaluator,only_coherence,"[0.0, 0.0, 1.0, 0.0, 0.0]",Fair,"alpha=1.0,eps=0.05",OK,"[0.000341, 0.000243, 0.999416, 0.0, 0.0]",0.0007180950199862086,0.0007000875046388725,-0.0005522418619591325,-0.0005522418619591326,0.652197265625,0.652197265625,0.0,2.760986328125,2.760986328125,0.0,
armorm,primary post-hoc evaluator,only_coherence,"[0.0, 0.0, 1.0, 0.0, 0.0]",Fair,"alpha=1.0,eps=0.1",OK,"[0.000682, 0.000486, 0.998833, 0.0, 0.0]",0.0014361898933830826,0.0014001748705065999,-0.0011044837060705985,-0.0011044837060705985,0.652197265625,0.65302734375,0.0008300781250000222,2.760986328125,2.76513671875,0.15032275179060925,
armorm,primary post-hoc evaluator,only_coherence,"[0.0, 0.0, 1.0, 0.0, 0.0]",Fair,"alpha=2.0,eps=0.01",OK,"[3.4e-05, 2.4e-05, 0.999942, 0.0, 0.0]",7.190521215423398e-05,7.01021549480093e-05,-5.529995192747235e-05,-5.529995192747235e-05,0.652197265625,0.652197265625,0.0,2.760986328125,2.760986328125,0.0,
armorm,primary post-hoc evaluator,only_coherence,"[0.0, 0.0, 1.0, 0.0, 0.0]",Fair,"alpha=2.0,eps=0.02",OK,"[6.8e-05, 4.9e-05, 0.999883, 0.0, 0.0]",0.00014381042431165953,0.0001402043098991094,-0.00011059990385819702,-0.000110599903858197,0.652197265625,0.652197265625,0.0,2.760986328125,2.760986328125,0.0,
armorm,primary post-hoc evaluator,only_coherence,"[0.0, 0.0, 1.0, 0.0, 0.0]",Fair,"alpha=2.0,eps=0.05",OK,"[0.000171, 0.000122, 0.999708, 0.0, 0.0]",0.00035952613989880525,0.00035051085167746516,-0.00027649981577447926,-0.0002764998157744792,0.652197265625,0.652197265625,0.0,2.760986328125,2.760986328125,0.0,
armorm,primary post-hoc evaluator,only_coherence,"[0.0, 0.0, 1.0, 0.0, 0.0]",Fair,"alpha=2.0,eps=0.1",OK,"[0.000341, 0.000243, 0.999416, 0.0, 0.0]",0.0007190521309098863,0.0007010215583280949,-0.0005529995199583418,-0.0005529995199583418,0.652197265625,0.652197265625,0.0,2.760986328125,2.760986328125,0.0,
armorm,primary post-hoc evaluator,only_complexity,"[0.0, 0.0, 0.0, 1.0, 0.0]",Avg,rho=0.0,OK,"[0.0, 0.0, 0.0, 1.0, 0.0]",0.0,0.0,0.0,0.0,0.50582275390625,0.50582275390625,0.0,2.02911376953125,2.02911376953125,0.0,same merge point as baseline
armorm,primary post-hoc evaluator,only_complexity,"[0.0, 0.0, 0.0, 1.0, 0.0]",Avg,rho=0.1,OK,"[0.0, 0.0, 0.0, 1.0, 0.0]",0.0,0.0,0.0,0.0,0.50582275390625,0.50582275390625,0.0,2.02911376953125,2.02911376953125,0.0,same merge point as baseline
armorm,primary post-hoc evaluator,only_complexity,"[0.0, 0.0, 0.0, 1.0, 0.0]",Avg,rho=0.2,OK,"[0.0, 0.0, 0.0, 1.0, 0.0]",0.0,0.0,0.0,0.0,0.50582275390625,0.50582275390625,0.0,2.02911376953125,2.02911376953125,0.0,same merge point as baseline
armorm,primary post-hoc evaluator,only_complexity,"[0.0, 0.0, 0.0, 1.0, 0.0]",Avg,rho=0.5,OK,"[0.0, 0.0, 0.0, 1.0, 0.0]",0.0,0.0,0.0,0.0,0.50582275390625,0.50582275390625,0.0,2.02911376953125,2.02911376953125,0.0,same merge point as baseline
armorm,primary post-hoc evaluator,only_complexity,"[0.0, 0.0, 0.0, 1.0, 0.0]",MaxMin,c=0.0,INFEASIBLE_BALL_MISSES_SIMPLEX,,,,,,0.50582275390625,,,2.02911376953125,,,INFEASIBLE_BALL_MISSES_SIMPLEX
armorm,primary post-hoc evaluator,only_complexity,"[0.0, 0.0, 0.0, 1.0, 0.0]",MaxMin,c=0.1,INFEASIBLE_BALL_MISSES_SIMPLEX,,,,,,0.50582275390625,,,2.02911376953125,,,INFEASIBLE_BALL_MISSES_SIMPLEX
armorm,primary post-hoc evaluator,only_complexity,"[0.0, 0.0, 0.0, 1.0, 0.0]",MaxMin,c=0.25,INFEASIBLE_BALL_MISSES_SIMPLEX,,,,,,0.50582275390625,,,2.02911376953125,,,INFEASIBLE_BALL_MISSES_SIMPLEX
armorm,primary post-hoc evaluator,only_complexity,"[0.0, 0.0, 0.0, 1.0, 0.0]",MaxMin,c=0.5,INFEASIBLE_BALL_MISSES_SIMPLEX,,,,,,0.50582275390625,,,2.02911376953125,,,INFEASIBLE_BALL_MISSES_SIMPLEX
armorm,primary post-hoc evaluator,only_complexity,"[0.0, 0.0, 0.0, 1.0, 0.0]",MaxMin,c=0.75,INFEASIBLE_BALL_MISSES_SIMPLEX,,,,,,0.50582275390625,,,2.02911376953125,,,INFEASIBLE_BALL_MISSES_SIMPLEX
armorm,primary post-hoc evaluator,only_complexity,"[0.0, 0.0, 0.0, 1.0, 0.0]",MaxMin,c=0.9,INFEASIBLE_BALL_MISSES_SIMPLEX,,,,,,0.50582275390625,,,2.02911376953125,,,INFEASIBLE_BALL_MISSES_SIMPLEX
armorm,primary post-hoc evaluator,only_complexity,"[0.0, 0.0, 0.0, 1.0, 0.0]",MaxMin,c=0.95,INFEASIBLE_BALL_MISSES_SIMPLEX,,,,,,0.50582275390625,,,2.02911376953125,,,INFEASIBLE_BALL_MISSES_SIMPLEX
armorm,primary post-hoc evaluator,only_complexity,"[0.0, 0.0, 0.0, 1.0, 0.0]",MaxMin,c=1.0,OK,"[0.0, 0.0, 0.0, 1.0, 0.0]",5.358105140256783e-16,5.271972824090997e-16,-4.332741313855644e-16,-4.332741313855644e-16,0.50582275390625,0.50582275390625,0.0,2.02911376953125,2.02911376953125,0.0,same merge point as baseline
armorm,primary post-hoc evaluator,only_complexity,"[0.0, 0.0, 0.0, 1.0, 0.0]",Fair,"alpha=0.0,eps=0.01",OK,"[0.010169, 0.0, 0.0, 0.989831, 0.0]",0.014380586790954381,0.014260862833170742,-0.009999999999999993,-0.009999999999999993,0.50582275390625,0.50614013671875,0.0003173828125000444,2.02911376953125,2.03070068359375,0.07820724921040759,
armorm,primary post-hoc evaluator,only_complexity,"[0.0, 0.0, 0.0, 1.0, 0.0]",Fair,"alpha=0.0,eps=0.02",OK,"[0.020337, 0.0, 0.0, 0.979663, 0.0]",0.028761173581908762,0.028521725666341483,-0.019999999999999987,-0.019999999999999987,0.50582275390625,0.51104736328125,0.005224609375000022,2.02911376953125,2.05523681640625,1.2874116408482479,
armorm,primary post-hoc evaluator,only_complexity,"[0.0, 0.0, 0.0, 1.0, 0.0]",Fair,"alpha=0.0,eps=0.05",OK,"[0.050843, 0.0, 0.0, 0.949157, 0.0]",0.0719029339547719,0.0713043141658537,-0.04999999999999996,-0.04999999999999996,0.50582275390625,0.50784912109375,0.0020263671875000444,2.02911376953125,2.03924560546875,0.4993232064972176,
armorm,primary post-hoc evaluator,only_complexity,"[0.0, 0.0, 0.0, 1.0, 0.0]",Fair,"alpha=0.0,eps=0.1",OK,"[0.101686, 0.0, 0.0, 0.898314, 0.0]",0.1438058679095439,0.14260862833170748,-0.10000000000000003,-0.10000000000000003,0.50582275390625,0.5149658203125,0.009143066406250067,2.02911376953125,2.0748291015625,2.252970371484434,
armorm,primary post-hoc evaluator,only_complexity,"[0.0, 0.0, 0.0, 1.0, 0.0]",Fair,"alpha=0.5,eps=0.01",OK,"[0.000266, 0.000229, 0.0, 0.999505, 0.0]",0.0006070681362273801,0.0006067625767369362,-0.00048661645812227047,-0.0004866164581222704,0.50582275390625,0.50582275390625,0.0,2.02911376953125,2.02911376953125,0.0,
armorm,primary post-hoc evaluator,only_complexity,"[0.0, 0.0, 0.0, 1.0, 0.0]",Fair,"alpha=0.5,eps=0.02",OK,"[0.000532, 0.000458, 0.0, 0.99901, 0.0]",0.001214136279332867,0.0012135251603556155,-0.0009732329218850296,-0.0009732329218850296,0.50582275390625,0.50599365234375,0.0001708984375000666,2.02911376953125,2.02996826171875,0.042111595728681006,
armorm,primary post-hoc evaluator,only_complexity,"[0.0, 0.0, 0.0, 1.0, 0.0]",Fair,"alpha=0.5,eps=0.05",OK,"[0.00133, 0.001146, 0.0, 0.997524, 0.0]",0.0030353405925514347,0.003033812795102095,-0.002433082218856404,-0.0024330822188564044,0.50582275390625,0.50447998046875,-0.0013427734375,2.02911376953125,2.02239990234375,-0.3308768235824936,
armorm,primary post-hoc evaluator,only_complexity,"[0.0, 0.0, 0.0, 1.0, 0.0]",Fair,"alpha=0.5,eps=0.1",OK,"[0.00266, 0.002292, 0.0, 0.995048, 0.0]",0.006070680901563367,0.006067625305747236,-0.004866164191460923,-0.004866164191460923,0.50582275390625,0.50142822265625,-0.00439453125,2.02911376953125,2.00714111328125,-1.0828696044517974,
armorm,primary post-hoc evaluator,only_complexity,"[0.0, 0.0, 0.0, 1.0, 0.0]",Fair,"alpha=1.0,eps=0.01",OK,"[0.000134, 0.000115, 0.0, 0.999751, 0.0]",0.0003053696717865376,0.0003052164179304928,-0.00024478770680964076,-0.0002447877068096408,0.50582275390625,0.50582275390625,0.0,2.02911376953125,2.02911376953125,0.0,
armorm,primary post-hoc evaluator,only_complexity,"[0.0, 0.0, 0.0, 1.0, 0.0]",Fair,"alpha=1.0,eps=0.02",OK,"[0.000267, 0.000231, 0.0, 0.999502, 0.0]",0.0006107465938086319,0.000610440070531501,-0.0004895810100943673,-0.0004895810100943673,0.50582275390625,0.50426025390625,-0.0015625000000000222,2.02911376953125,2.02130126953125,-0.38502030380508345,
armorm,primary post-hoc evaluator,only_complexity,"[0.0, 0.0, 0.0, 1.0, 0.0]",Fair,"alpha=1.0,eps=0.05",OK,"[0.000668, 0.000577, 0.0, 0.998754, 0.0]",0.0015268672212919393,0.0015261009129461114,-0.001223953119753519,-0.001223953119753519,0.50582275390625,0.50599365234375,0.0001708984375000666,2.02911376953125,2.02996826171875,0.042111595728681006,
armorm,primary post-hoc evaluator,only_complexity,"[0.0, 0.0, 0.0, 1.0, 0.0]",Fair,"alpha=1.0,eps=0.1",OK,"[0.001337, 0.001155, 0.0, 0.997509, 0.0]",0.0030537351888683287,0.003052202563381289,-0.0024479066856654417,-0.0024479066856654417,0.50582275390625,0.50340576171875,-0.002416992187500022,2.02911376953125,2.01702880859375,-0.5955782824484885,
armorm,primary post-hoc evaluator,only_complexity,"[0.0, 0.0, 0.0, 1.0, 0.0]",Fair,"alpha=2.0,eps=0.01",OK,"[6.7e-05, 5.8e-05, 0.0, 0.999875, 0.0]",0.00015313725713810722,0.00015306050782925337,-0.00012275841411716584,-0.00012275841411716584,0.50582275390625,0.50582275390625,0.0,2.02911376953125,2.02911376953125,0.0,
armorm,primary post-hoc evaluator,only_complexity,"[0.0, 0.0, 0.0, 1.0, 0.0]",Fair,"alpha=2.0,eps=0.02",OK,"[0.000134, 0.000116, 0.0, 0.99975, 0.0]",0.0003062745142763822,0.00030612101565961306,-0.0002455168282494825,-0.00024551682824948244,0.50582275390625,0.50582275390625,0.0,2.02911376953125,2.02911376953125,0.0,
armorm,primary post-hoc evaluator,only_complexity,"[0.0, 0.0, 0.0, 1.0, 0.0]",Fair,"alpha=2.0,eps=0.05",OK,"[0.000335, 0.00029, 0.0, 0.999375, 0.0]",0.0007656862857341484,0.0007653025391879287,-0.0006137920706300557,-0.0006137920706300558,0.50582275390625,0.50582275390625,0.0,2.02911376953125,2.02911376953125,0.0,
armorm,primary post-hoc evaluator,only_complexity,"[0.0, 0.0, 0.0, 1.0, 0.0]",Fair,"alpha=2.0,eps=0.1",OK,"[0.00067, 0.000579, 0.0, 0.998751, 0.0]",0.0015313725541117509,0.0015306050613256047,-0.001227584132637119,-0.001227584132637119,0.50582275390625,0.50599365234375,0.0001708984375000666,2.02911376953125,2.02996826171875,0.042111595728681006,
armorm,primary post-hoc evaluator,only_verbosity,"[0.0, 0.0, 0.0, 0.0, 1.0]",Avg,rho=0.0,OK,"[0.0, 0.0, 0.0, 0.0, 1.0]",0.0,0.0,0.0,0.0,0.60556640625,0.60556640625,0.0,2.52783203125,2.52783203125,0.0,same merge point as baseline
armorm,primary post-hoc evaluator,only_verbosity,"[0.0, 0.0, 0.0, 0.0, 1.0]",Avg,rho=0.1,OK,"[0.0, 0.0, 0.0, 0.0, 1.0]",0.0,0.0,0.0,0.0,0.60556640625,0.60556640625,0.0,2.52783203125,2.52783203125,0.0,same merge point as baseline
armorm,primary post-hoc evaluator,only_verbosity,"[0.0, 0.0, 0.0, 0.0, 1.0]",Avg,rho=0.2,OK,"[0.0, 0.0, 0.0, 0.0, 1.0]",0.0,0.0,0.0,0.0,0.60556640625,0.60556640625,0.0,2.52783203125,2.52783203125,0.0,same merge point as baseline
armorm,primary post-hoc evaluator,only_verbosity,"[0.0, 0.0, 0.0, 0.0, 1.0]",Avg,rho=0.5,OK,"[0.0, 0.0, 0.0, 0.0, 1.0]",0.0,0.0,0.0,0.0,0.60556640625,0.60556640625,0.0,2.52783203125,2.52783203125,0.0,same merge point as baseline
armorm,primary post-hoc evaluator,only_verbosity,"[0.0, 0.0, 0.0, 0.0, 1.0]",MaxMin,c=0.0,INFEASIBLE_BALL_MISSES_SIMPLEX,,,,,,0.60556640625,,,2.52783203125,,,INFEASIBLE_BALL_MISSES_SIMPLEX
armorm,primary post-hoc evaluator,only_verbosity,"[0.0, 0.0, 0.0, 0.0, 1.0]",MaxMin,c=0.1,INFEASIBLE_BALL_MISSES_SIMPLEX,,,,,,0.60556640625,,,2.52783203125,,,INFEASIBLE_BALL_MISSES_SIMPLEX
armorm,primary post-hoc evaluator,only_verbosity,"[0.0, 0.0, 0.0, 0.0, 1.0]",MaxMin,c=0.25,INFEASIBLE_BALL_MISSES_SIMPLEX,,,,,,0.60556640625,,,2.52783203125,,,INFEASIBLE_BALL_MISSES_SIMPLEX
armorm,primary post-hoc evaluator,only_verbosity,"[0.0, 0.0, 0.0, 0.0, 1.0]",MaxMin,c=0.5,INFEASIBLE_BALL_MISSES_SIMPLEX,,,,,,0.60556640625,,,2.52783203125,,,INFEASIBLE_BALL_MISSES_SIMPLEX
armorm,primary post-hoc evaluator,only_verbosity,"[0.0, 0.0, 0.0, 0.0, 1.0]",MaxMin,c=0.75,INFEASIBLE_BALL_MISSES_SIMPLEX,,,,,,0.60556640625,,,2.52783203125,,,INFEASIBLE_BALL_MISSES_SIMPLEX
armorm,primary post-hoc evaluator,only_verbosity,"[0.0, 0.0, 0.0, 0.0, 1.0]",MaxMin,c=0.9,INFEASIBLE_BALL_MISSES_SIMPLEX,,,,,,0.60556640625,,,2.52783203125,,,INFEASIBLE_BALL_MISSES_SIMPLEX
armorm,primary post-hoc evaluator,only_verbosity,"[0.0, 0.0, 0.0, 0.0, 1.0]",MaxMin,c=0.95,INFEASIBLE_BALL_MISSES_SIMPLEX,,,,,,0.60556640625,,,2.52783203125,,,INFEASIBLE_BALL_MISSES_SIMPLEX
armorm,primary post-hoc evaluator,only_verbosity,"[0.0, 0.0, 0.0, 0.0, 1.0]",MaxMin,c=1.0,OK,"[0.0, 0.0, 0.0, 0.0, 1.0]",1.0026329292459153e-16,1.0026329292459153e-16,3.452938232224715e-19,3.452938232224715e-19,0.60556640625,0.60556640625,0.0,2.52783203125,2.52783203125,0.0,same merge point as baseline
armorm,primary post-hoc evaluator,only_verbosity,"[0.0, 0.0, 0.0, 0.0, 1.0]",Fair,"alpha=0.0,eps=0.01",OK,"[0.010071, 0.0, 0.0, 0.0, 0.989929]",0.01424189898859376,0.014191929644560996,-0.009999999999999955,-0.009999999999999955,0.60556640625,0.6112548828125,0.005688476562499933,2.52783203125,2.5562744140625,1.1251690168050994,
armorm,primary post-hoc evaluator,only_verbosity,"[0.0, 0.0, 0.0, 0.0, 1.0]",Fair,"alpha=0.0,eps=0.02",OK,"[0.020141, 0.0, 0.0, 0.0, 0.979859]",0.0284837979771876,0.02838385928912207,-0.02000000000000002,-0.02000000000000002,0.60556640625,0.6139404296875,0.008374023437499933,2.52783203125,2.5697021484375,1.656364689974889,
armorm,primary post-hoc evaluator,only_verbosity,"[0.0, 0.0, 0.0, 0.0, 1.0]",Fair,"alpha=0.0,eps=0.05",OK,"[0.050353, 0.0, 0.0, 0.0, 0.949647]",0.07120949494296896,0.07095964822280514,-0.049999999999999996,-0.049999999999999996,0.60556640625,0.6034912109375,-0.0020751953125,2.52783203125,2.5174560546875,-0.4104693838130191,
armorm,primary post-hoc evaluator,only_verbosity,"[0.0, 0.0, 0.0, 0.0, 1.0]",Fair,"alpha=0.0,eps=0.1",OK,"[0.100705, 0.0, 0.0, 0.0, 0.899295]",0.14241898988593793,0.14191929644561027,-0.09999999999999999,-0.09999999999999999,0.60556640625,0.5996337890625,-0.005932617187500044,2.52783203125,2.4981689453125,-1.1734595325478077,
armorm,primary post-hoc evaluator,only_verbosity,"[0.0, 0.0, 0.0, 0.0, 1.0]",Fair,"alpha=0.5,eps=0.01",OK,"[0.000456, 0.000415, 7.1e-05, 0.0, 0.999058]",0.0011277531397029647,0.0011367423108714825,-0.0009355327777957251,-0.0009355327777957251,0.60556640625,0.605859375,0.0002929687499999556,2.52783203125,2.529296875,0.05794861889124976,
armorm,primary post-hoc evaluator,only_verbosity,"[0.0, 0.0, 0.0, 0.0, 1.0]",Fair,"alpha=0.5,eps=0.02",OK,"[0.000912, 0.00083, 0.000141, 0.0, 0.998117]",0.002255505952648694,0.0022734843009668527,-0.0018710653912128639,-0.0018710653912128639,0.60556640625,0.60703125,0.00146484375,2.52783203125,2.53515625,0.2897430944562488,
armorm,primary post-hoc evaluator,only_verbosity,"[0.0, 0.0, 0.0, 0.0, 1.0]",Fair,"alpha=0.5,eps=0.05",OK,"[0.002279, 0.002076, 0.000353, 0.0, 0.995292]",0.005638766390788063,0.005683712255634017,-0.00467766449809439,-0.00467766449809439,0.60556640625,0.606640625,0.0010742187500000222,2.52783203125,2.533203125,0.21247826926791577,
armorm,primary post-hoc evaluator,only_verbosity,"[0.0, 0.0, 0.0, 0.0, 1.0]",Fair,"alpha=0.5,eps=0.1",OK,"[0.004558, 0.004152, 0.000706, 0.0, 0.990584]",0.011277532169581222,0.011367423884033449,-0.009355328346477702,-0.009355328346477702,0.60556640625,0.612158203125,0.006591796875,2.52783203125,2.560791015625,1.3038439250531195,
armorm,primary post-hoc evaluator,only_verbosity,"[0.0, 0.0, 0.0, 0.0, 1.0]",Fair,"alpha=1.0,eps=0.01",OK,"[0.000229, 0.000209, 3.9e-05, 0.0, 0.999522]",0.0005713790216453423,0.0005760044240722106,-0.00047495045744172396,-0.00047495045744172396,0.60556640625,0.60693359375,0.0013671874999999778,2.52783203125,2.53466796875,0.27042688815916555,
armorm,primary post-hoc evaluator,only_verbosity,"[0.0, 0.0, 0.0, 0.0, 1.0]",Fair,"alpha=1.0,eps=0.02",OK,"[0.000458, 0.000419, 7.9e-05, 0.0, 0.999044]",0.0011427574860338476,0.001152008286106896,-0.000949900438526278,-0.000949900438526278,0.60556640625,0.60498046875,-0.0005859375000000222,2.52783203125,2.52490234375,-0.11589723778249952,
armorm,primary post-hoc evaluator,only_verbosity,"[0.0, 0.0, 0.0, 0.0, 1.0]",Fair,"alpha=1.0,eps=0.05",OK,"[0.001146, 0.001047, 0.000197, 0.0, 0.99761]",0.002856894399313555,0.0028800214103628396,-0.002374751750374946,-0.002374751750374946,0.60556640625,0.607177734375,0.0016113281249999778,2.52783203125,2.535888671875,0.3187174039018737,
armorm,primary post-hoc evaluator,only_verbosity,"[0.0, 0.0, 0.0, 0.0, 1.0]",Fair,"alpha=1.0,eps=0.1",OK,"[0.002292, 0.002094, 0.000394, 0.0, 0.99522]",0.005713785882690229,0.005760039855992461,-0.004749500733344669,-0.004749500733344669,0.60556640625,0.606640625,0.0010742187500000222,2.52783203125,2.533203125,0.21247826926791577,
armorm,primary post-hoc evaluator,only_verbosity,"[0.0, 0.0, 0.0, 0.0, 1.0]",Fair,"alpha=2.0,eps=0.01",OK,"[0.000115, 0.000105, 2.1e-05, 0.0, 0.999759]",0.00028753946596637064,0.0002898844778170791,-0.0002392474113051119,-0.0002392474113051119,0.60556640625,0.60693359375,0.0013671874999999778,2.52783203125,2.53466796875,0.27042688815916555,
armorm,primary post-hoc evaluator,only_verbosity,"[0.0, 0.0, 0.0, 0.0, 1.0]",Fair,"alpha=2.0,eps=0.02",OK,"[0.00023, 0.00021, 4.1e-05, 0.0, 0.999518]",0.0005750788970135945,0.0005797689203105674,-0.00047849479273550863,-0.00047849479273550863,0.60556640625,0.606103515625,0.0005371093749999556,2.52783203125,2.530517578125,0.10623913463395789,
armorm,primary post-hoc evaluator,only_verbosity,"[0.0, 0.0, 0.0, 0.0, 1.0]",Fair,"alpha=2.0,eps=0.05",OK,"[0.000575, 0.000526, 0.000104, 0.0, 0.998796]",0.0014376979369849225,0.0014494230023155892,-0.001196237580945793,-0.001196237580945793,0.60556640625,0.605859375,0.0002929687499999556,2.52783203125,2.529296875,0.05794861889124976,
armorm,primary post-hoc evaluator,only_verbosity,"[0.0, 0.0, 0.0, 0.0, 1.0]",Fair,"alpha=2.0,eps=0.1",OK,"[0.001149, 0.001051, 0.000207, 0.0, 0.997592]",0.0028753946898885194,0.002898844808383709,-0.0023924741352791125,-0.0023924741352791125,0.60556640625,0.607177734375,0.0016113281249999778,2.52783203125,2.535888671875,0.3187174039018737,
urm,sensitivity only,balanced,"[0.2, 0.2, 0.2, 0.2, 0.2]",Avg,rho=0.0,OK,"[1.0, 0.0, 0.0, 0.0, 0.0]",0.8944271909999142,0.8750365403992634,0.005267308930060976,-0.2071034550543905,0.9589326477050781,0.9750384521484377,0.016105804443359517,0.9589326477050781,0.9750384521484377,1.6795553349762362,
urm,sensitivity only,balanced,"[0.2, 0.2, 0.2, 0.2, 0.2]",Avg,rho=0.1,OK,"[0.225551, 0.223826, 0.20806, 0.189974, 0.152589]",0.06028135833696468,0.06127367913823707,0.0007508927476634226,-0.04758910807787511,0.9589326477050781,0.9683346176147462,0.009401969909668018,0.9589326477050781,0.9683346176147462,0.9804619680192195,
urm,sensitivity only,balanced,"[0.2, 0.2, 0.2, 0.2, 0.2]",Avg,rho=0.2,OK,"[0.212776, 0.211913, 0.20403, 0.194987, 0.176294]",0.03014074812226531,0.030636909769494864,0.00037544723441798106,-0.023794649145011823,0.9589326477050781,0.9673837661743164,0.008451118469238295,0.9589326477050781,0.9673837661743164,0.8813046974116012,
urm,sensitivity only,balanced,"[0.2, 0.2, 0.2, 0.2, 0.2]",Avg,rho=0.5,OK,"[0.20511, 0.204765, 0.201612, 0.197995, 0.190518]",0.012056057386280848,0.012254525841706774,0.00015017597644101247,-0.009517660545028075,0.9589326477050781,0.961391944885254,0.002459297180175901,0.9589326477050781,0.961391944885254,0.2564619304662848,
urm,sensitivity only,balanced,"[0.2, 0.2, 0.2, 0.2, 0.2]",MaxMin,c=0.0,OK_EXACT_D0,"[0.205267, 0.204942, 0.201922, 0.197537, 0.190332]",0.012465936964217817,0.012689719502770268,0.00015539958439585202,-0.00972485604169014,0.9589326477050781,0.9615481948852541,0.002615547180175981,0.9589326477050781,0.9615481948852541,0.2727560883900992,
urm,sensitivity only,balanced,"[0.2, 0.2, 0.2, 0.2, 0.2]",MaxMin,c=0.1,OK,"[0.204987, 0.204661, 0.201636, 0.197246, 0.19147]",0.011384416110295616,0.01160293908493326,0.0001416921273393655,-0.00860673854863451,0.9589326477050781,0.9629318618774415,0.0039992141723633745,0.9589326477050781,0.9629318618774415,0.4170484946919173,
urm,sensitivity only,balanced,"[0.2, 0.2, 0.2, 0.2, 0.2]",MaxMin,c=0.25,OK,"[0.204566, 0.204239, 0.201208, 0.19681, 0.193178]",0.009848295486034298,0.010053139029093827,0.00012113094202258545,-0.006929562309036583,0.9589326477050781,0.9614072799682618,0.0024746322631836737,0.9589326477050781,0.9614072799682618,0.258061112957826,
urm,sensitivity only,balanced,"[0.2, 0.2, 0.2, 0.2, 0.2]",MaxMin,c=0.5,OK,"[0.203864, 0.203536, 0.200493, 0.196082, 0.196024]",0.007670170329285968,0.007825014436419074,8.686229995122974e-05,-0.0041342685756023505,0.9589326477050781,0.959475212097168,0.0005425643920898837,0.9589326477050781,0.959475212097168,0.05658003128669685,
urm,sensitivity only,balanced,"[0.2, 0.2, 0.2, 0.2, 0.2]",MaxMin,c=0.75,OK,"[0.202413, 0.202083, 0.199017, 0.198226, 0.198261]",0.004159513879736523,0.004185994310113574,4.229816597732788e-05,-0.0018071608931484386,0.9589326477050781,0.9603751754760743,0.0014425277709961826,0.9589326477050781,0.9603751754760743,0.1504305619845613,
urm,sensitivity only,balanced,"[0.2, 0.2, 0.2, 0.2, 0.2]",MaxMin,c=0.9,OK,"[0.201166, 0.200833, 0.199259, 0.199365, 0.199376]",0.001842317708848357,0.0018348646768139819,1.6430136739807442e-05,-0.0006469194567941142,0.9589326477050781,0.9584519577026368,-0.00048069000244133075,0.9589326477050781,0.9584519577026368,-0.05012760839791201,
urm,sensitivity only,balanced,"[0.2, 0.2, 0.2, 0.2, 0.2]",MaxMin,c=0.95,OK,"[0.200652, 0.200318, 0.19964, 0.199692, 0.199697]",0.0009175896363360688,0.0009124378710351011,8.000722798384531e-06,-0.0003138983246930921,0.9589326477050781,0.9602436828613281,0.0013110351562499734,0.9589326477050781,0.9602436828613281,0.13671816882943225,
urm,sensitivity only,balanced,"[0.2, 0.2, 0.2, 0.2, 0.2]",MaxMin,c=1.0,OK,"[0.2, 0.2, 0.2, 0.2, 0.2]",0.0,0.0,0.0,0.0,0.9589326477050781,0.9589326477050781,0.0,0.9589326477050781,0.9589326477050781,0.0,same merge point as baseline
urm,sensitivity only,balanced,"[0.2, 0.2, 0.2, 0.2, 0.2]",Fair,"alpha=0.0,eps=0.01",OK,"[0.242976, 0.187971, 0.188479, 0.190234, 0.19034]",0.048094210612373116,0.04695898629350583,0.0002622284169485681,-0.01000000000000001,0.9589326477050781,0.9667805099487305,0.007847862243652415,0.9589326477050781,0.9667805099487305,0.8183955632790221,
urm,sensitivity only,balanced,"[0.2, 0.2, 0.2, 0.2, 0.2]",Fair,"alpha=0.0,eps=0.02",OK,"[0.285952, 0.175942, 0.176958, 0.180467, 0.18068]",0.09618842122474623,0.09391797258701165,0.0005244568338971422,-0.020000000000000018,0.9589326477050781,0.9799360656738282,0.02100341796875005,0.9589326477050781,0.9799360656738282,2.1902912596641193,
urm,sensitivity only,balanced,"[0.2, 0.2, 0.2, 0.2, 0.2]",Fair,"alpha=0.0,eps=0.05",OK,"[0.41488, 0.139856, 0.142396, 0.151168, 0.151701]",0.24047105306186561,0.2347949314675292,0.0013111420847428629,-0.05000000000000002,0.9589326477050781,0.9906373023986818,0.03170465469360362,0.9589326477050781,0.9906373023986818,3.3062441631828197,
urm,sensitivity only,balanced,"[0.2, 0.2, 0.2, 0.2, 0.2]",Fair,"alpha=0.0,eps=0.1",OK,"[0.62976, 0.079712, 0.084792, 0.102335, 0.103401]",0.4809421061237312,0.46958986293505833,0.0026222841694856897,-0.10000000000000005,0.9589326477050781,0.9772060394287111,0.01827339172363296,0.9589326477050781,0.9772060394287111,1.9055969955100518,
urm,sensitivity only,balanced,"[0.2, 0.2, 0.2, 0.2, 0.2]",Fair,"alpha=0.5,eps=0.01",OK,"[0.200496, 0.200457, 0.200111, 0.199825, 0.199111]",0.0011347951053275838,0.0011521685730466547,1.4108634385489824e-05,-0.0008913129357855758,0.9589326477050781,0.9588497924804688,-8.285522460937944e-05,0.9589326477050781,0.9588497924804688,-0.008640359133424952,
urm,sensitivity only,balanced,"[0.2, 0.2, 0.2, 0.2, 0.2]",Fair,"alpha=0.5,eps=0.02",OK,"[0.200993, 0.200913, 0.200222, 0.199649, 0.198223]",0.0022695908569517332,0.0023043378093846206,2.8217276864856207e-05,-0.0017826262552892976,0.9589326477050781,0.9613746261596681,0.0024419784545899326,0.9589326477050781,0.9613746261596681,0.25465588854796906,
urm,sensitivity only,balanced,"[0.2, 0.2, 0.2, 0.2, 0.2]",Fair,"alpha=0.5,eps=0.05",OK,"[0.202482, 0.202283, 0.200556, 0.199123, 0.195556]",0.005673976812202601,0.0057608441755180005,7.054318771016254e-05,-0.004456565340760537,0.9589326477050781,0.9629557418823242,0.0040230941772461115,0.9589326477050781,0.9629557418823242,0.41953876394491296,
urm,sensitivity only,balanced,"[0.2, 0.2, 0.2, 0.2, 0.2]",Fair,"alpha=0.5,eps=0.1",OK,"[0.204964, 0.204566, 0.201112, 0.198246, 0.191113]",0.011347953924263103,0.011521688654405038,0.00014108637925758696,-0.008913131062446351,0.9589326477050781,0.9629318618774415,0.0039992141723633745,0.9589326477050781,0.9629318618774415,0.4170484946919173,
urm,sensitivity only,balanced,"[0.2, 0.2, 0.2, 0.2, 0.2]",Fair,"alpha=1.0,eps=0.01",OK,"[0.200248, 0.200229, 0.200059, 0.199916, 0.199548]",0.0005731390404917204,0.0005818122865421504,7.125185672306974e-06,-0.00045265636419565785,0.9589326477050781,0.962169647216797,0.003236999511718852,0.9589326477050781,0.962169647216797,0.337562759956672,
urm,sensitivity only,balanced,"[0.2, 0.2, 0.2, 0.2, 0.2]",Fair,"alpha=1.0,eps=0.02",OK,"[0.200497, 0.200458, 0.200118, 0.199831, 0.199097]",0.0011462783224342244,0.0011636248063363165,1.425037396967203e-05,-0.0009053127790744035,0.9589326477050781,0.9588497924804688,-8.285522460937944e-05,0.9589326477050781,0.9588497924804688,-0.008640359133424952,
urm,sensitivity only,balanced,"[0.2, 0.2, 0.2, 0.2, 0.2]",Fair,"alpha=1.0,eps=0.05",OK,"[0.201241, 0.201144, 0.200294, 0.199578, 0.197742]",0.0028656958035399595,0.0029090620144738267,3.562593491825623e-05,-0.0022632819396876318,0.9589326477050781,0.9613746261596681,0.0024419784545899326,0.9589326477050781,0.9613746261596681,0.25465588854796906,
urm,sensitivity only,balanced,"[0.2, 0.2, 0.2, 0.2, 0.2]",Fair,"alpha=1.0,eps=0.1",OK,"[0.202483, 0.202288, 0.200588, 0.199156, 0.195485]",0.005731391877228732,0.005818124318080539,7.125187358588287e-05,-0.004526564139737823,0.9589326477050781,0.9629557418823242,0.0040230941772461115,0.9589326477050781,0.9629557418823242,0.41953876394491296,
urm,sensitivity only,balanced,"[0.2, 0.2, 0.2, 0.2, 0.2]",Fair,"alpha=2.0,eps=0.01",OK,"[0.200124, 0.200115, 0.20003, 0.199959, 0.199772]",0.00028799757303616703,0.00029232900971226075,3.5800426897776196e-06,-0.00022807029259921268,0.9589326477050781,0.962169647216797,0.003236999511718852,0.9589326477050781,0.962169647216797,0.337562759956672,
urm,sensitivity only,balanced,"[0.2, 0.2, 0.2, 0.2, 0.2]",Fair,"alpha=2.0,eps=0.02",OK,"[0.200248, 0.200229, 0.20006, 0.199917, 0.199545]",0.0005759951438008033,0.0005846580168137458,7.1600853444600715e-06,-0.0004561405844476063,0.9589326477050781,0.962169647216797,0.003236999511718852,0.9589326477050781,0.962169647216797,0.337562759956672,
urm,sensitivity only,balanced,"[0.2, 0.2, 0.2, 0.2, 0.2]",Fair,"alpha=2.0,eps=0.05",OK,"[0.200621, 0.200573, 0.200151, 0.199793, 0.198862]",0.0014399878551747938,0.0014616450376451946,1.7900213307939286e-05,-0.0011403514587175908,0.9589326477050781,0.9588497924804688,-8.285522460937944e-05,0.9589326477050781,0.9588497924804688,-0.008640359133424952,
urm,sensitivity only,balanced,"[0.2, 0.2, 0.2, 0.2, 0.2]",Fair,"alpha=2.0,eps=0.1",OK,"[0.201242, 0.201146, 0.200302, 0.199587, 0.197724]",0.0028799757306579962,0.002923290095828004,3.580042686942701e-05,-0.002280702939562238,0.9589326477050781,0.9613746261596681,0.0024419784545899326,0.9589326477050781,0.9613746261596681,0.25465588854796906,
urm,sensitivity only,dominant_helpfulness,"[0.5, 0.125, 0.125, 0.125, 0.125]",Avg,rho=0.0,OK,"[1.0, 0.0, 0.0, 0.0, 0.0]",0.5590169943749475,0.5468978377495407,0.18275041504236192,-0.1294396594089945,0.6561793446540832,0.6729620933532716,0.016782748699188388,0.6561793446540832,0.6729620933532716,2.557646600112918,
urm,sensitivity only,dominant_helpfulness,"[0.5, 0.125, 0.125, 0.125, 0.125]",Avg,rho=0.1,OK,"[1.0, 0.0, 0.0, 0.0, 0.0]",0.5590169943749469,0.5468978377495401,0.18275041504236164,-0.12943965940899432,0.6561793446540832,0.6729620933532716,0.016782748699188388,0.6561793446540832,0.6729620933532716,2.557646600112918,
urm,sensitivity only,dominant_helpfulness,"[0.5, 0.125, 0.125, 0.125, 0.125]",Avg,rho=0.2,OK,"[1.0, 0.0, 0.0, 0.0, 0.0]",0.5590169943749475,0.5468978377495407,0.1827504150423619,-0.1294396594089945,0.6561793446540832,0.6729620933532716,0.016782748699188388,0.6561793446540832,0.6729620933532716,2.557646600112918,
urm,sensitivity only,dominant_helpfulness,"[0.5, 0.125, 0.125, 0.125, 0.125]",Avg,rho=0.5,OK,"[0.805111, 0.054765, 0.051612, 0.047995, 0.040518]",0.3412891319397343,0.3343286950092715,0.1117756723650227,-0.08718170005441661,0.6561793446540832,0.6792221784591674,0.023042833805084206,0.6561793446540832,0.6792221784591674,3.5116670454221097,
urm,sensitivity only,dominant_helpfulness,"[0.5, 0.125, 0.125, 0.125, 0.125]",MaxMin,c=0.0,OK_EXACT_D0,"[0.792401, 0.067238, 0.060881, 0.043787, 0.035693]",0.32789799124819113,0.3219951811489695,0.10751709266459886,-0.09220892767529637,0.6561793446540832,0.6718861311674118,0.015706786513328574,0.6561793446540832,0.6718861311674118,2.393672803219475,
urm,sensitivity only,dominant_helpfulness,"[0.5, 0.125, 0.125, 0.125, 0.125]",MaxMin,c=0.1,OK,"[0.781233, 0.056051, 0.049513, 0.056192, 0.05701]",0.31448610243784536,0.3075293916597016,0.10271559955000191,-0.07041555225314942,0.6561793446540832,0.6700022220611572,0.013822877407073997,0.6561793446540832,0.6700022220611572,2.106570028406026,
urm,sensitivity only,dominant_helpfulness,"[0.5, 0.125, 0.125, 0.125, 0.125]",MaxMin,c=0.25,OK,"[0.728471, 0.061052, 0.063752, 0.073079, 0.073646]",0.25568116461742313,0.24964602083911286,0.0832290328897618,-0.05316256600573972,0.6561793446540832,0.6785871267318726,0.022407782077789373,0.6561793446540832,0.6785871267318726,3.414886838536809,
urm,sensitivity only,dominant_helpfulness,"[0.5, 0.125, 0.125, 0.125, 0.125]",MaxMin,c=0.5,OK,"[0.64968, 0.083105, 0.084874, 0.090985, 0.091356]",0.16750613471847564,0.16355229006086205,0.05452640055274079,-0.03482875227301945,0.6561793446540832,0.6593972682952881,0.0032179236412048784,0.6561793446540832,0.6593972682952881,0.49040306852408844,
urm,sensitivity only,dominant_helpfulness,"[0.5, 0.125, 0.125, 0.125, 0.125]",MaxMin,c=0.75,OK,"[0.574441, 0.104164, 0.105044, 0.108083, 0.108267]",0.08330696522133503,0.0813405727668977,0.027117985631547995,-0.01732162024505784,0.6561793446540832,0.6661139488220215,0.009934604167938232,0.6561793446540832,0.6661139488220215,1.5140074506879575,
urm,sensitivity only,dominant_helpfulness,"[0.5, 0.125, 0.125, 0.125, 0.125]",MaxMin,c=0.9,OK,"[0.529724, 0.11668, 0.117032, 0.118245, 0.118319]",0.033264446128751894,0.032479266213785274,0.010828203497321455,-0.0069165177482286505,0.6561793446540832,0.6615139961242675,0.005334651470184304,0.6561793446540832,0.6615139961242675,0.812986802106147,
urm,sensitivity only,dominant_helpfulness,"[0.5, 0.125, 0.125, 0.125, 0.125]",MaxMin,c=0.95,OK,"[0.514855, 0.120842, 0.121018, 0.121624, 0.121661]",0.016624584854061434,0.016232175190255712,0.005411615367395858,-0.003456670697446897,0.6561793446540832,0.6598194122314452,0.003640067577362016,0.6561793446540832,0.6598194122314452,0.5547366900555127,
urm,sensitivity only,dominant_helpfulness,"[0.5, 0.125, 0.125, 0.125, 0.125]",MaxMin,c=1.0,OK,"[0.5, 0.125, 0.125, 0.125, 0.125]",0.0,0.0,0.0,0.0,0.6561793446540832,0.6561793446540832,0.0,0.6561793446540832,0.6561793446540832,0.0,same merge point as baseline
urm,sensitivity only,dominant_helpfulness,"[0.5, 0.125, 0.125, 0.125, 0.125]",Fair,"alpha=0.0,eps=0.01",OK,"[0.542976, 0.112971, 0.113479, 0.115234, 0.11534]",0.048094210612373116,0.046958986293505825,0.015655571042371422,-0.010000000000000009,0.6561793446540832,0.6579477787017822,0.0017684340476989968,0.6561793446540832,0.6579477787017822,0.26950468071061556,
urm,sensitivity only,dominant_helpfulness,"[0.5, 0.125, 0.125, 0.125, 0.125]",Fair,"alpha=0.0,eps=0.02",OK,"[0.585952, 0.100942, 0.101958, 0.105467, 0.10568]",0.09618842122474631,0.09391797258701175,0.03131114208474293,-0.019999999999999993,0.6561793446540832,0.6582902431488037,0.002110898494720459,0.6561793446540832,0.6582902431488037,0.3216953584287627,
urm,sensitivity only,dominant_helpfulness,"[0.5, 0.125, 0.125, 0.125, 0.125]",Fair,"alpha=0.0,eps=0.05",OK,"[0.71488, 0.064856, 0.067396, 0.076168, 0.076701]",0.24047105306186564,0.23479493146752925,0.0782778552118572,-0.05000000000000002,0.6561793446540832,0.6869780302047729,0.030798685550689653,0.6561793446540832,0.6869780302047729,4.693638378228095,
urm,sensitivity only,dominant_helpfulness,"[0.5, 0.125, 0.125, 0.125, 0.125]",Fair,"alpha=0.0,eps=0.1",OK,"[0.92976, 0.004712, 0.009792, 0.027335, 0.028401]",0.48094210612373123,0.4695898629350584,0.15655571042371436,-0.10000000000000002,0.6561793446540832,0.6856686115264893,0.02948926687240605,0.6561793446540832,0.6856686115264893,4.494086428147453,
urm,sensitivity only,dominant_helpfulness,"[0.5, 0.125, 0.125, 0.125, 0.125]",Fair,"alpha=0.5,eps=0.01",OK,"[0.500496, 0.125457, 0.125111, 0.124825, 0.124111]",0.0011347951053275575,0.001152168573046627,0.00020525586931321145,-0.0008913129357855754,0.6561793446540832,0.6573784470558167,0.0011991024017334873,0.6561793446540832,0.6573784470558167,0.18274004073773698,
urm,sensitivity only,dominant_helpfulness,"[0.5, 0.125, 0.125, 0.125, 0.125]",Fair,"alpha=0.5,eps=0.02",OK,"[0.500993, 0.125913, 0.125222, 0.124649, 0.123223]",0.0022695907900238677,0.0023043377393209075,0.0004105118777101269,-0.0017826262116739367,0.6561793446540832,0.6576861023902894,0.0015067577362061213,0.6561793446540832,0.6576861023902894,0.2296259015895168,
urm,sensitivity only,dominant_helpfulness,"[0.5, 0.125, 0.125, 0.125, 0.125]",Fair,"alpha=0.5,eps=0.05",OK,"[0.502482, 0.127283, 0.125556, 0.124123, 0.120556]",0.005673976812202587,0.005760844175517986,0.0010262796999407245,-0.004456565340760551,0.6561793446540832,0.6607748031616212,0.004595458507537953,0.6561793446540832,0.6607748031616212,0.7003357458562691,
urm,sensitivity only,dominant_helpfulness,"[0.5, 0.125, 0.125, 0.125, 0.125]",Fair,"alpha=0.5,eps=0.1",OK,"[0.504964, 0.129566, 0.126112, 0.123246, 0.116113]",0.01134795392426309,0.011521688654405024,0.0020525593786091287,-0.008913131062446351,0.6561793446540832,0.6570146560668946,0.0008353114128113459,0.6561793446540832,0.6570146560668946,0.1272992543298807,
urm,sensitivity only,dominant_helpfulness,"[0.5, 0.125, 0.125, 0.125, 0.125]",Fair,"alpha=1.0,eps=0.01",OK,"[0.500248, 0.125229, 0.125059, 0.124916, 0.124548]",0.0005731390632907806,0.0005818123019413797,0.00010278890130790894,-0.0004526563087064838,0.6561793446540832,0.6562679886817933,8.864402771002755e-05,0.6561793446540832,0.6562679886817933,0.013509115828197525,
urm,sensitivity only,dominant_helpfulness,"[0.5, 0.125, 0.125, 0.125, 0.125]",Fair,"alpha=1.0,eps=0.02",OK,"[0.500497, 0.125458, 0.125118, 0.124831, 0.124097]",0.0011462783024365753,0.00116362479019427,0.00020557777083076277,-0.0009053127460339175,0.6561793446540832,0.6573784470558167,0.0011991024017334873,0.6561793446540832,0.6573784470558167,0.18274004073773698,
urm,sensitivity only,dominant_helpfulness,"[0.5, 0.125, 0.125, 0.125, 0.125]",Fair,"alpha=1.0,eps=0.05",OK,"[0.501241, 0.126144, 0.125294, 0.124578, 0.122742]",0.0028656957978457948,0.0029090620071146895,0.0005139444935148175,-0.0022632819323109656,0.6561793446540832,0.6587576508522035,0.0025783061981202726,0.6561793446540832,0.6587576508522035,0.3929270586046065,
urm,sensitivity only,dominant_helpfulness,"[0.5, 0.125, 0.125, 0.125, 0.125]",Fair,"alpha=1.0,eps=0.1",OK,"[0.502483, 0.127288, 0.125588, 0.124156, 0.120485]",0.005731391877228735,0.005818124318080541,0.0010278889416029835,-0.004526564139737824,0.6561793446540832,0.6609270095825196,0.004747664928436368,0.6561793446540832,0.6609270095825196,0.7235316026198882,
urm,sensitivity only,dominant_helpfulness,"[0.5, 0.125, 0.125, 0.125, 0.125]",Fair,"alpha=2.0,eps=0.01",OK,"[0.500124, 0.125115, 0.12503, 0.124959, 0.124772]",0.00028799755990410557,0.0002923289964726026,5.142884564621853e-05,-0.0002280702844532841,0.6561793446540832,0.6561793446540832,0.0,0.6561793446540832,0.6561793446540832,0.0,
urm,sensitivity only,dominant_helpfulness,"[0.5, 0.125, 0.125, 0.125, 0.125]",Fair,"alpha=2.0,eps=0.02",OK,"[0.500248, 0.125229, 0.12506, 0.124917, 0.124545]",0.0005759951419797224,0.0005846580149151019,0.00010285768827602078,-0.00045614058324638804,0.6561793446540832,0.6562679886817933,8.864402771002755e-05,0.6561793446540832,0.6562679886817933,0.013509115828197525,
urm,sensitivity only,dominant_helpfulness,"[0.5, 0.125, 0.125, 0.125, 0.125]",Fair,"alpha=2.0,eps=0.05",OK,"[0.500621, 0.125573, 0.125151, 0.124793, 0.123862]",0.001439987844052267,0.001461645023800421,0.00025714409952342016,-0.0011403514663746164,0.6561793446540832,0.6573784470558167,0.0011991024017334873,0.6561793446540832,0.6573784470558167,0.18274004073773698,
urm,sensitivity only,dominant_helpfulness,"[0.5, 0.125, 0.125, 0.125, 0.125]",Fair,"alpha=2.0,eps=0.1",OK,"[0.501242, 0.126146, 0.125302, 0.124587, 0.122724]",0.0028799758038289412,0.002923290168657951,0.000514288427492968,-0.0022807030494204393,0.6561793446540832,0.6587576508522035,0.0025783061981202726,0.6561793446540832,0.6587576508522035,0.3929270586046065,
urm,sensitivity only,dominant_correctness,"[0.125, 0.5, 0.125, 0.125, 0.125]",Avg,rho=0.0,OK,"[0.0, 1.0, 0.0, 0.0, 0.0]",0.5590169943749475,0.5471301451830566,0.18269958487578003,-0.12979152432624388,1.7109711885452268,1.7055992603302002,-0.005371928215026633,1.7109711885452268,1.7055992603302002,-0.3139695309302185,
urm,sensitivity only,dominant_correctness,"[0.125, 0.5, 0.125, 0.125, 0.125]",Avg,rho=0.1,OK,"[0.0, 1.0, 0.0, 0.0, 0.0]",0.5590169943749472,0.5471301451830564,0.18269958487577995,-0.12979152432624388,1.7109711885452268,1.7055992603302002,-0.005371928215026633,1.7109711885452268,1.7055992603302002,-0.3139695309302185,
urm,sensitivity only,dominant_correctness,"[0.125, 0.5, 0.125, 0.125, 0.125]",Avg,rho=0.2,OK,"[0.0, 1.0, 0.0, 0.0, 0.0]",0.5590169943749475,0.5471301451830566,0.18269958487578,-0.12979152432624397,1.7109711885452268,1.7055992603302002,-0.005371928215026633,1.7109711885452268,1.7055992603302002,-0.3139695309302185,
urm,sensitivity only,dominant_correctness,"[0.125, 0.5, 0.125, 0.125, 0.125]",Avg,rho=0.5,OK,"[0.055111, 0.804765, 0.051612, 0.047995, 0.040518]",0.34090877825109905,0.33410056848466096,0.11162318389270698,-0.08739294229741315,1.7109711885452268,1.6964331388473508,-0.014538049697875977,1.7109711885452268,1.6964331388473508,-0.8496957631552594,
urm,sensitivity only,dominant_correctness,"[0.125, 0.5, 0.125, 0.125, 0.125]",MaxMin,c=0.0,OK_EXACT_D0,"[0.067564, 0.792319, 0.059975, 0.044538, 0.035604]",0.3277858435005851,0.32196332584520115,0.10744355919939003,-0.09245626368911385,1.7109711885452268,1.7030984103679656,-0.007872778177261175,1.7109711885452268,1.7030984103679656,-0.4601350525344086,
urm,sensitivity only,dominant_correctness,"[0.125, 0.5, 0.125, 0.125, 0.125]",MaxMin,c=0.1,OK,"[0.056487, 0.781223, 0.0487, 0.055976, 0.057614]",0.314495611966649,0.30767628593727786,0.10268142239492398,-0.07002022768514357,1.7109711885452268,1.6959030866622922,-0.015068101882934615,1.7109711885452268,1.6959030866622922,-0.8806753721987829,
urm,sensitivity only,dominant_correctness,"[0.125, 0.5, 0.125, 0.125, 0.125]",MaxMin,c=0.25,OK,"[0.061121, 0.727991, 0.064548, 0.072537, 0.073803]",0.2551244986346243,0.24924796458117418,0.08304424069143869,-0.053199019313195886,1.7109711885452268,1.6964089542627336,-0.014562234282493147,1.7109711885452268,1.6964089542627336,-0.8511092635566153,
urm,sensitivity only,dominant_correctness,"[0.125, 0.5, 0.125, 0.125, 0.125]",MaxMin,c=0.5,OK,"[0.083116, 0.649489, 0.085363, 0.090601, 0.091431]",0.1672793092957416,0.16342620007739928,0.05445021273220789,-0.03488138243700016,1.7109711885452268,1.6931253969669344,-0.017845791578292358,1.7109711885452268,1.6931253969669344,-1.043021162353175,
urm,sensitivity only,dominant_correctness,"[0.125, 0.5, 0.125, 0.125, 0.125]",MaxMin,c=0.75,OK,"[0.104165, 0.574363, 0.105282, 0.107888, 0.108301]",0.08321345192803235,0.08129671446621553,0.027086375348741705,-0.01735181866080628,1.7109711885452268,1.6896956861019135,-0.021275502443313332,1.7109711885452268,1.6896956861019135,-1.2434752020227224,
urm,sensitivity only,dominant_correctness,"[0.125, 0.5, 0.125, 0.125, 0.125]",MaxMin,c=0.9,OK,"[0.11668, 0.529696, 0.117126, 0.118167, 0.118332]",0.03322959639162876,0.0324641863435037,0.010816392057972551,-0.006929095205159835,1.7109711885452268,1.709476509690285,-0.0014946788549417,1.7109711885452268,1.709476509690285,-0.08735850521320399,
urm,sensitivity only,dominant_correctness,"[0.125, 0.5, 0.125, 0.125, 0.125]",MaxMin,c=0.95,OK,"[0.120842, 0.514841, 0.121065, 0.121585, 0.121667]",0.01660749302309206,0.016224956266273557,0.005405818160435451,-0.003463024314825137,1.7109711885452268,1.6998559862375262,-0.011115202307700578,1.7109711885452268,1.6998559862375262,-0.6496428684548107,
urm,sensitivity only,dominant_correctness,"[0.125, 0.5, 0.125, 0.125, 0.125]",MaxMin,c=1.0,OK,"[0.125, 0.5, 0.125, 0.125, 0.125]",0.0,0.0,0.0,0.0,1.7109711885452268,1.7109711885452268,0.0,1.7109711885452268,1.7109711885452268,0.0,same merge point as baseline
urm,sensitivity only,dominant_correctness,"[0.125, 0.5, 0.125, 0.125, 0.125]",Fair,"alpha=0.0,eps=0.01",OK,"[0.167976, 0.487971, 0.113479, 0.115234, 0.11534]",0.0480942106123731,0.04695898629350582,-0.00358610723940713,-0.010000000000000005,1.7109711885452268,1.719995391368866,0.009024202823639138,1.7109711885452268,1.719995391368866,0.5274316063330132,
urm,sensitivity only,dominant_correctness,"[0.125, 0.5, 0.125, 0.125, 0.125]",Fair,"alpha=0.0,eps=0.02",OK,"[0.210952, 0.475942, 0.101958, 0.105467, 0.10568]",0.09618842122474623,0.09391797258701166,-0.0071722144788142475,-0.019999999999999997,1.7109711885452268,1.7211619138717653,0.01019072532653853,1.7109711885452268,1.7211619138717653,0.5956105745534682,
urm,sensitivity only,dominant_correctness,"[0.125, 0.5, 0.125, 0.125, 0.125]",Fair,"alpha=0.0,eps=0.05",OK,"[0.33988, 0.439856, 0.067396, 0.076168, 0.076701]",0.24047105306186561,0.2347949314675292,-0.017930536197035697,-0.05000000000000002,1.7109711885452268,1.7170680463314056,0.006096857786178855,1.7109711885452268,1.7170680463314056,0.35633900950505076,
urm,sensitivity only,dominant_correctness,"[0.125, 0.5, 0.125, 0.125, 0.125]",Fair,"alpha=0.0,eps=0.1",OK,"[0.55476, 0.379712, 0.009792, 0.027335, 0.028401]",0.48094210612373123,0.4695898629350584,-0.035861072394071394,-0.10000000000000003,1.7109711885452268,1.7117986679077148,0.0008274793624880594,1.7109711885452268,1.7117986679077148,0.04836313831746246,
urm,sensitivity only,dominant_correctness,"[0.125, 0.5, 0.125, 0.125, 0.125]",Fair,"alpha=0.5,eps=0.01",OK,"[0.125496, 0.500457, 0.125111, 0.124825, 0.124111]",0.0011347951053275816,0.001152168573046652,0.00019128149581870154,-0.000891312935785575,1.7109711885452268,1.7107693910598756,-0.00020179748535120723,1.7109711885452268,1.7107693910598756,-0.011794323989919895,
urm,sensitivity only,dominant_correctness,"[0.125, 0.5, 0.125, 0.125, 0.125]",Fair,"alpha=0.5,eps=0.02",OK,"[0.125993, 0.500913, 0.125222, 0.124649, 0.123223]",0.002269590788656993,0.0023043377379887613,0.00038256311461136184,-0.0017826262135682924,1.7109711885452268,1.7105735063552854,-0.00039768218994140625,1.7109711885452268,1.7105735063552854,-0.023243067598323508,
urm,sensitivity only,dominant_correctness,"[0.125, 0.5, 0.125, 0.125, 0.125]",Fair,"alpha=0.5,eps=0.05",OK,"[0.127482, 0.502283, 0.125556, 0.124123, 0.120556]",0.005673976812202624,0.005760844175518024,0.0009564078088521846,-0.004456565340760551,1.7109711885452268,1.7081802517175675,-0.002790936827659296,1.7109711885452268,1.7081802517175675,-0.1631200365233691,
urm,sensitivity only,dominant_correctness,"[0.125, 0.5, 0.125, 0.125, 0.125]",Fair,"alpha=0.5,eps=0.1",OK,"[0.129964, 0.504566, 0.126112, 0.123246, 0.116113]",0.011347953924263103,0.011521688654405038,0.0019128156460150082,-0.008913131062446351,1.7109711885452268,1.7173883825540543,0.006417194008827565,1.7109711885452268,1.7173883825540543,0.3750614885738584,
urm,sensitivity only,dominant_correctness,"[0.125, 0.5, 0.125, 0.125, 0.125]",Fair,"alpha=1.0,eps=0.01",OK,"[0.125248, 0.500229, 0.125059, 0.124916, 0.124548]",0.0005731391697030443,0.0005818124088484408,9.596925269326356e-05,-0.0004526563740091385,1.7109711885452268,1.7096093416213989,-0.001361846923827903,1.7109711885452268,1.7096093416213989,-0.07959496530072077,
urm,sensitivity only,dominant_correctness,"[0.125, 0.5, 0.125, 0.125, 0.125]",Fair,"alpha=1.0,eps=0.02",OK,"[0.125497, 0.500458, 0.125118, 0.124831, 0.124097]",0.0011462784837295628,0.0011636249901839568,0.00019193874110451833,-0.0009053130849218261,1.7109711885452268,1.7107693910598756,-0.00020179748535120723,1.7109711885452268,1.7107693910598756,-0.011794323989919895,
urm,sensitivity only,dominant_correctness,"[0.125, 0.5, 0.125, 0.125, 0.125]",Fair,"alpha=1.0,eps=0.05",OK,"[0.126241, 0.501144, 0.125294, 0.124578, 0.122742]",0.0028656958388460847,0.0029090620484972765,0.0004798467860031863,-0.0022632819728631783,1.7109711885452268,1.7084320694208146,-0.0025391191244121813,1.7109711885452268,1.7084320694208146,-0.14840221398298922,
urm,sensitivity only,dominant_correctness,"[0.125, 0.5, 0.125, 0.125, 0.125]",Fair,"alpha=1.0,eps=0.1",OK,"[0.127483, 0.502288, 0.125588, 0.124156, 0.120485]",0.005731391619926628,0.005818124024047175,0.0009596935863806982,-0.004526563990984196,1.7109711885452268,1.7081802517175675,-0.002790936827659296,1.7109711885452268,1.7081802517175675,-0.1631200365233691,
urm,sensitivity only,dominant_correctness,"[0.125, 0.5, 0.125, 0.125, 0.125]",Fair,"alpha=2.0,eps=0.01",OK,"[0.125124, 0.500115, 0.12503, 0.124959, 0.124772]",0.0002879975759208466,0.0002923290124162291,4.806112512292373e-05,-0.00022807029561319376,1.7109711885452268,1.7109711885452268,0.0,1.7109711885452268,1.7109711885452268,0.0,
urm,sensitivity only,dominant_correctness,"[0.125, 0.5, 0.125, 0.125, 0.125]",Fair,"alpha=2.0,eps=0.02",OK,"[0.125248, 0.500229, 0.12506, 0.124917, 0.124545]",0.0005759951438007903,0.0005846580168137326,9.612224679853674e-05,-0.0004561405844475917,1.7109711885452268,1.7096093416213989,-0.001361846923827903,1.7109711885452268,1.7096093416213989,-0.07959496530072077,
urm,sensitivity only,dominant_correctness,"[0.125, 0.5, 0.125, 0.125, 0.125]",Fair,"alpha=2.0,eps=0.05",OK,"[0.125621, 0.500573, 0.125151, 0.124793, 0.123862]",0.0014399878536155745,0.0014616450327237262,0.00024030551303609338,-0.0011403514365406374,1.7109711885452268,1.7100762605667112,-0.0008949279785155362,1.7109711885452268,1.7100762605667112,-0.052305262911905556,
urm,sensitivity only,dominant_correctness,"[0.125, 0.5, 0.125, 0.125, 0.125]",Fair,"alpha=2.0,eps=0.1",OK,"[0.126242, 0.501146, 0.125302, 0.124587, 0.122724]",0.0028799757720228882,0.0029232901350743673,0.0004806112490832256,-0.002280702963785941,1.7109711885452268,1.7084320694208146,-0.0025391191244121813,1.7109711885452268,1.7084320694208146,-0.14840221398298922,
urm,sensitivity only,dominant_coherence,"[0.125, 0.125, 0.5, 0.125, 0.125]",Avg,rho=0.0,OK,"[0.0, 0.0, 1.0, 0.0, 0.0]",0.5590169943749465,0.54928215471362,0.1822276869320186,-0.13166531526036493,0.7481060147285461,0.7266619566828013,-0.021444058045744785,0.7481060147285461,0.7266619566828013,-2.8664464158232796,
urm,sensitivity only,dominant_coherence,"[0.125, 0.125, 0.5, 0.125, 0.125]",Avg,rho=0.1,OK,"[0.0, 0.0, 1.0, 0.0, 0.0]",0.5590169943749475,0.5492821547136209,0.18222768693201896,-0.1316653152603652,0.7481060147285461,0.7266619566828013,-0.021444058045744785,0.7481060147285461,0.7266619566828013,-2.8664464158232796,
urm,sensitivity only,dominant_coherence,"[0.125, 0.125, 0.5, 0.125, 0.125]",Avg,rho=0.2,OK,"[0.0, 0.0, 1.0, 0.0, 0.0]",0.5590169943749475,0.5492821547136209,0.18222768693201893,-0.13166531526036523,0.7481060147285461,0.7266619566828013,-0.021444058045744785,0.7481060147285461,0.7266619566828013,-2.8664464158232796,
urm,sensitivity only,dominant_coherence,"[0.125, 0.125, 0.5, 0.125, 0.125]",Avg,rho=0.5,OK,"[0.055111, 0.054764, 0.801612, 0.047995, 0.040517]",0.3374233992808066,0.33197512175015176,0.11020748277672886,-0.0885172312577058,0.7481060147285461,0.7459576845169067,-0.0021483302116394043,0.7481060147285461,0.7459576845169067,-0.28716922058418903,
urm,sensitivity only,dominant_coherence,"[0.125, 0.125, 0.5, 0.125, 0.125]",MaxMin,c=0.0,OK_EXACT_D0,"[0.064226, 0.062995, 0.791564, 0.045602, 0.035612]",0.326866959185288,0.3221014745564399,0.10684200900703679,-0.0934687735243124,0.7481060147285461,0.7422885417938232,-0.0058174729347229,0.7481060147285461,0.7422885417938232,-0.7776268095951345,
urm,sensitivity only,dominant_coherence,"[0.125, 0.125, 0.5, 0.125, 0.125]",MaxMin,c=0.1,OK,"[0.053282, 0.052031, 0.780423, 0.055782, 0.058481]",0.3135618318251175,0.3079333605678238,0.10208614554195056,-0.07023926135588587,0.7481060147285461,0.7430395603179931,-0.0050664544105529785,0.7481060147285461,0.7430395603179931,-0.6772374918535264,
urm,sensitivity only,dominant_coherence,"[0.125, 0.125, 0.5, 0.125, 0.125]",MaxMin,c=0.25,OK,"[0.063866, 0.064594, 0.725901, 0.07176, 0.073879]",0.2527161115275155,0.24800766887098824,0.08212225096187144,-0.054016526342689684,0.7481060147285461,0.7284696102142334,-0.0196364045143127,0.7481060147285461,0.7284696102142334,-2.624815751740462,
urm,sensitivity only,dominant_coherence,"[0.125, 0.125, 0.5, 0.125, 0.125]",MaxMin,c=0.5,OK,"[0.084797, 0.085276, 0.648556, 0.089988, 0.091382]",0.1661903486738104,0.16309399790270532,0.05400496802019527,-0.03552217265760777,0.7481060147285461,0.7524843931198121,0.00437837839126598,0.7481060147285461,0.7524843931198121,0.5852617550274203,
urm,sensitivity only,dominant_coherence,"[0.125, 0.125, 0.5, 0.125, 0.125]",MaxMin,c=0.75,OK,"[0.104984, 0.105223, 0.573962, 0.107569, 0.108263]",0.0827417908222188,0.08120019944907689,0.026887649029836803,-0.017685552759477002,0.7481060147285461,0.7399715542793274,-0.008134460449218728,0.7481060147285461,0.7399715542793274,-1.0873406026778647,
urm,sensitivity only,dominant_coherence,"[0.125, 0.125, 0.5, 0.125, 0.125]",MaxMin,c=0.9,OK,"[0.117005, 0.1171, 0.529543, 0.118037, 0.118314]",0.033050320980998714,0.032434548839767784,0.01073998304883094,-0.007064304381361608,0.7481060147285461,0.7479878425598144,-0.00011817216873166725,0.7481060147285461,0.7479878425598144,-0.015796179472577374,
urm,sensitivity only,dominant_coherence,"[0.125, 0.125, 0.5, 0.125, 0.125]",MaxMin,c=0.95,OK,"[0.121004, 0.121052, 0.514766, 0.12152, 0.121658]",0.016519080108975966,0.016211307324084795,0.005368015652697645,-0.0035308525462430843,0.7481060147285461,0.7391626477241516,-0.008943367004394465,0.7481060147285461,0.7391626477241516,-1.1954678652917405,
urm,sensitivity only,dominant_coherence,"[0.125, 0.125, 0.5, 0.125, 0.125]",MaxMin,c=1.0,OK,"[0.125, 0.125, 0.5, 0.125, 0.125]",0.0,0.0,0.0,0.0,0.7481060147285461,0.7481060147285461,0.0,0.7481060147285461,0.7481060147285461,0.0,same merge point as baseline
urm,sensitivity only,dominant_coherence,"[0.125, 0.125, 0.5, 0.125, 0.125]",Fair,"alpha=0.0,eps=0.01",OK,"[0.167976, 0.112971, 0.488479, 0.115234, 0.11534]",0.048094210612373116,0.04695898629350583,-0.0035861072394071172,-0.009999999999999992,0.7481060147285461,0.7390395522117615,-0.009066462516784557,0.7481060147285461,0.7390395522117615,-1.2119221525139545,
urm,sensitivity only,dominant_coherence,"[0.125, 0.125, 0.5, 0.125, 0.125]",Fair,"alpha=0.0,eps=0.02",OK,"[0.210952, 0.100942, 0.476958, 0.105467, 0.10568]",0.09618842122474623,0.09391797258701165,-0.007172214478814244,-0.019999999999999993,0.7481060147285461,0.7476072192192078,-0.0004987955093382901,0.7481060147285461,0.7476072192192078,-0.06667444179275586,
urm,sensitivity only,dominant_coherence,"[0.125, 0.125, 0.5, 0.125, 0.125]",Fair,"alpha=0.0,eps=0.05",OK,"[0.33988, 0.064856, 0.442396, 0.076168, 0.076701]",0.24047105306186561,0.2347949314675292,-0.01793053619703571,-0.05000000000000002,0.7481060147285461,0.7682801127433777,0.02017409801483161,0.7481060147285461,0.7682801127433777,2.6966897227997664,
urm,sensitivity only,dominant_coherence,"[0.125, 0.125, 0.5, 0.125, 0.125]",Fair,"alpha=0.0,eps=0.1",OK,"[0.55476, 0.004712, 0.384792, 0.027335, 0.028401]",0.48094210612373123,0.4695898629350584,-0.03586107239407142,-0.10000000000000003,0.7481060147285461,0.7606814503669739,0.012575435638427779,0.7481060147285461,0.7606814503669739,1.6809697276649802,
urm,sensitivity only,dominant_coherence,"[0.125, 0.125, 0.5, 0.125, 0.125]",Fair,"alpha=0.5,eps=0.01",OK,"[0.125496, 0.125457, 0.500111, 0.124825, 0.124111]",0.0011347951053275844,0.001152168573046656,6.730339406252125e-05,-0.0008913129357855749,0.7481060147285461,0.7460498452186584,-0.0020561695098877397,0.7481060147285461,0.7460498452186584,-0.27485001716418905,
urm,sensitivity only,dominant_coherence,"[0.125, 0.125, 0.5, 0.125, 0.125]",Fair,"alpha=0.5,eps=0.02",OK,"[0.125993, 0.125913, 0.500222, 0.124649, 0.123223]",0.002269590856951728,0.002304337809384617,0.00013460679758051165,-0.0017826262552892835,0.7481060147285461,0.7481072545051575,1.239776611372534e-06,0.7481060147285461,0.7481072545051575,0.0001657220483412893,
urm,sensitivity only,dominant_coherence,"[0.125, 0.125, 0.5, 0.125, 0.125]",Fair,"alpha=0.5,eps=0.05",OK,"[0.127482, 0.127283, 0.500556, 0.124123, 0.120556]",0.005673976812202614,0.005760844175518015,0.00033651684533306296,-0.004456565340760551,0.7481060147285461,0.7475173115730286,-0.0005887031555175115,0.7481060147285461,0.7475173115730286,-0.07869247725953993,
urm,sensitivity only,dominant_coherence,"[0.125, 0.125, 0.5, 0.125, 0.125]",Fair,"alpha=0.5,eps=0.1",OK,"[0.129964, 0.129566, 0.501112, 0.123246, 0.116113]",0.011347953924263096,0.011521688654405029,0.0006730337976454156,-0.008913131062446351,0.7481060147285461,0.7498441815376282,0.00173816680908212,0.7481060147285461,0.7498441815376282,0.23234231176617692,
urm,sensitivity only,dominant_coherence,"[0.125, 0.125, 0.5, 0.125, 0.125]",Fair,"alpha=1.0,eps=0.01",OK,"[0.125248, 0.125229, 0.500059, 0.124916, 0.124548]",0.0005731391443528074,0.0005818123840423531,3.492892665035162e-05,-0.0004526563591171411,0.7481060147285461,0.746883738040924,-0.0012222766876220925,0.7481060147285461,0.746883738040924,-0.1633828178838532,
urm,sensitivity only,dominant_coherence,"[0.125, 0.125, 0.5, 0.125, 0.125]",Fair,"alpha=1.0,eps=0.02",OK,"[0.125497, 0.125458, 0.500118, 0.124831, 0.124097]",0.001146278308336025,0.0011636247930100275,6.985791506161713e-05,-0.0009053127613945044,0.7481060147285461,0.7460498452186584,-0.0020561695098877397,0.7481060147285461,0.7460498452186584,-0.27485001716418905,
urm,sensitivity only,dominant_coherence,"[0.125, 0.125, 0.5, 0.125, 0.125]",Fair,"alpha=1.0,eps=0.05",OK,"[0.126241, 0.126144, 0.500294, 0.124578, 0.122742]",0.0028656955427599994,0.0029090617341679306,0.00017464468030911978,-0.002263281769785088,0.7481060147285461,0.7479964375495911,-0.00010957717895498931,0.7481060147285461,0.7479964375495911,-0.014647279502858952,
urm,sensitivity only,dominant_coherence,"[0.125, 0.125, 0.5, 0.125, 0.125]",Fair,"alpha=1.0,eps=0.1",OK,"[0.127483, 0.127288, 0.500588, 0.124156, 0.120485]",0.005731391877228737,0.0058181243180805454,0.00034928973240334,-0.004526564139737824,0.7481060147285461,0.7475173115730286,-0.0005887031555175115,0.7481060147285461,0.7475173115730286,-0.07869247725953993,
urm,sensitivity only,dominant_coherence,"[0.125, 0.125, 0.5, 0.125, 0.125]",Fair,"alpha=2.0,eps=0.01",OK,"[0.125124, 0.125115, 0.50003, 0.124959, 0.124772]",0.0002879975733214288,0.0002923290098766129,1.7783183795623536e-05,-0.00022807029310763523,0.7481060147285461,0.7477271676063537,-0.0003788471221923828,0.7481060147285461,0.7477271676063537,-0.05064083361632232,
urm,sensitivity only,dominant_coherence,"[0.125, 0.125, 0.5, 0.125, 0.125]",Fair,"alpha=2.0,eps=0.02",OK,"[0.125248, 0.125229, 0.50006, 0.124917, 0.124545]",0.0005759951303849956,0.0005846580073095364,3.5566394322885194e-05,-0.0004561405673135488,0.7481060147285461,0.746883738040924,-0.0012222766876220925,0.7481060147285461,0.746883738040924,-0.1633828178838532,
urm,sensitivity only,dominant_coherence,"[0.125, 0.125, 0.5, 0.125, 0.125]",Fair,"alpha=2.0,eps=0.05",OK,"[0.125621, 0.125573, 0.500151, 0.124793, 0.123862]",0.0014399878053669337,0.0014616449798437441,8.891586343919704e-05,-0.001140351430956645,0.7481060147285461,0.7441203713417054,-0.003985643386840709,0.7481060147285461,0.7441203713417054,-0.5327645157734655,
urm,sensitivity only,dominant_coherence,"[0.125, 0.125, 0.5, 0.125, 0.125]",Fair,"alpha=2.0,eps=0.1",OK,"[0.126242, 0.126146, 0.500302, 0.124587, 0.122724]",0.0028799758781496744,0.0029232902511345266,0.00017783187117199187,-0.002280703017868795,0.7481060147285461,0.7479964375495911,-0.00010957717895498931,0.7481060147285461,0.7479964375495911,-0.014647279502858952,
urm,sensitivity only,dominant_complexity,"[0.125, 0.125, 0.125, 0.5, 0.125]",Avg,rho=0.0,OK,"[0.0, 0.0, 0.0, 1.0, 0.0]",0.5590169943749459,0.5523917288848275,0.181542539601312,-0.13278892567224718,0.4846194326877594,0.4821788787841797,-0.002440553903579723,0.4846194326877594,0.4821788787841797,-0.5036021543841337,
urm,sensitivity only,dominant_complexity,"[0.125, 0.125, 0.125, 0.5, 0.125]",Avg,rho=0.1,OK,"[0.0, 0.0, 0.0, 1.0, 0.0]",0.5590169943749472,0.5523917288848287,0.18154253960131242,-0.13278892567224726,0.4846194326877594,0.4821788787841797,-0.002440553903579723,0.4846194326877594,0.4821788787841797,-0.5036021543841337,
urm,sensitivity only,dominant_complexity,"[0.125, 0.125, 0.125, 0.5, 0.125]",Avg,rho=0.2,OK,"[0.0, 0.0, 0.0, 1.0, 0.0]",0.5590169943749473,0.5523917288848287,0.18154253960131245,-0.1327889256722472,0.4846194326877594,0.4821788787841797,-0.002440553903579723,0.4846194326877594,0.4821788787841797,-0.5036021543841337,
urm,sensitivity only,dominant_complexity,"[0.125, 0.125, 0.125, 0.5, 0.125]",Avg,rho=0.5,OK,"[0.05511, 0.054765, 0.051612, 0.797995, 0.040518]",0.3333790068143752,0.32886477981198764,0.10815204275057251,-0.07578648641877836,0.4846194326877594,0.47903870344161986,-0.00558072924613956,0.4846194326877594,0.47903870344161986,-1.1515694315409812,
urm,sensitivity only,dominant_complexity,"[0.125, 0.125, 0.125, 0.5, 0.125]",MaxMin,c=0.0,OK_EXACT_D0,"[0.051518, 0.051943, 0.049987, 0.790468, 0.056084]",0.3247845466944686,0.32114005194318446,0.10548500177153149,-0.07814213061496535,0.4846194326877594,0.4752210855484009,-0.009398347139358498,0.4846194326877594,0.4752210855484009,-1.9393252736965376,
urm,sensitivity only,dominant_complexity,"[0.125, 0.125, 0.125, 0.5, 0.125]",MaxMin,c=0.1,OK,"[0.062986, 0.06227, 0.061292, 0.767564, 0.045888]",0.29948085923392626,0.29525406733876725,0.09708962471126285,-0.06581519322442045,0.4846194326877594,0.4776961326599121,-0.006923300027847301,0.4846194326877594,0.4776961326599121,-1.4286055326856832,
urm,sensitivity only,dominant_complexity,"[0.125, 0.125, 0.125, 0.5, 0.125]",MaxMin,c=0.25,OK,"[0.074019, 0.07343, 0.072626, 0.719963, 0.059962]",0.24620107579853243,0.24272626036482947,0.07981668716302659,-0.05410620036682781,0.4846194326877594,0.4672326326370239,-0.017386800050735507,0.4846194326877594,0.4672326326370239,-3.587722422583461,
urm,sensitivity only,dominant_complexity,"[0.125, 0.125, 0.125, 0.5, 0.125]",MaxMin,c=0.5,OK,"[0.091145, 0.090755, 0.090221, 0.646069, 0.081811]",0.16349276029302187,0.16118526766764532,0.05300322291201624,-0.0359298675614996,0.4846194326877594,0.4687831953167916,-0.015836237370967843,0.4846194326877594,0.4687831953167916,-3.267767716853224,
urm,sensitivity only,dominant_complexity,"[0.125, 0.125, 0.125, 0.5, 0.125]",MaxMin,c=0.75,OK,"[0.108094, 0.107899, 0.107633, 0.572941, 0.103433]",0.0816417958496164,0.08048952561142451,0.026467705949785956,-0.017941949888804598,0.4846194326877594,0.4627298071980476,-0.021889625489711795,0.4846194326877594,0.4627298071980476,-4.516869116929386,
urm,sensitivity only,dominant_complexity,"[0.125, 0.125, 0.125, 0.5, 0.125]",MaxMin,c=0.9,OK,"[0.118241, 0.118163, 0.118056, 0.529164, 0.116377]",0.03264283839032856,0.03218212619290745,0.010582582596211473,-0.007173729638510639,0.4846194326877594,0.4825229167938232,-0.002096515893936224,0.4846194326877594,0.4825229167938232,-0.43261077714294016,
urm,sensitivity only,dominant_complexity,"[0.125, 0.125, 0.125, 0.5, 0.125]",MaxMin,c=0.95,OK,"[0.121621, 0.121582, 0.121528, 0.51458, 0.120689]",0.016319595089657093,0.016089264735878586,0.00529069993570755,-0.0035864639460351567,0.4846194326877594,0.4878192484378815,0.0031998157501220703,0.4846194326877594,0.4878192484378815,0.660273925124194,
urm,sensitivity only,dominant_complexity,"[0.125, 0.125, 0.125, 0.5, 0.125]",MaxMin,c=1.0,OK,"[0.125, 0.125, 0.125, 0.5, 0.125]",0.0,0.0,0.0,0.0,0.4846194326877594,0.4846194326877594,0.0,0.4846194326877594,0.4846194326877594,0.0,same merge point as baseline
urm,sensitivity only,dominant_complexity,"[0.125, 0.125, 0.125, 0.5, 0.125]",Fair,"alpha=0.0,eps=0.01",OK,"[0.167976, 0.112971, 0.113479, 0.490234, 0.11534]",0.04809421061237311,0.04695898629350582,-0.003586107239407131,-0.010000000000000009,0.4846194326877594,0.47786736488342285,-0.00675206780433657,0.4846194326877594,0.47786736488342285,-1.3932721944080462,
urm,sensitivity only,dominant_complexity,"[0.125, 0.125, 0.125, 0.5, 0.125]",Fair,"alpha=0.0,eps=0.02",OK,"[0.210952, 0.100942, 0.101958, 0.480467, 0.10568]",0.09618842122474623,0.09391797258701165,-0.007172214478814249,-0.019999999999999987,0.4846194326877594,0.4748727858066559,-0.009746646881103549,0.4846194326877594,0.4748727858066559,-2.011196048628805,
urm,sensitivity only,dominant_complexity,"[0.125, 0.125, 0.125, 0.5, 0.125]",Fair,"alpha=0.0,eps=0.05",OK,"[0.33988, 0.064856, 0.067396, 0.451168, 0.076701]",0.24047105306186561,0.2347949314675292,-0.017930536197035704,-0.05000000000000002,0.4846194326877594,0.47556049525737765,-0.009058937430381775,0.4846194326877594,0.47556049525737765,-1.869288934647087,
urm,sensitivity only,dominant_complexity,"[0.125, 0.125, 0.125, 0.5, 0.125]",Fair,"alpha=0.0,eps=0.1",OK,"[0.55476, 0.004712, 0.009792, 0.402335, 0.028401]",0.48094210612373123,0.4695898629350584,-0.0358610723940714,-0.10000000000000002,0.4846194326877594,0.4855696439743042,0.0009502112865447665,0.4846194326877594,0.4855696439743042,0.19607370700650137,
urm,sensitivity only,dominant_complexity,"[0.125, 0.125, 0.125, 0.5, 0.125]",Fair,"alpha=0.5,eps=0.01",OK,"[0.125496, 0.125457, 0.125111, 0.499825, 0.124111]",0.0011347951053275838,0.0011521685730466547,-6.787313283833368e-05,-0.0008913129357855758,0.4846194326877594,0.48427974581718447,-0.00033968687057495117,0.4846194326877594,0.48427974581718447,-0.07009353064754455,
urm,sensitivity only,dominant_complexity,"[0.125, 0.125, 0.125, 0.5, 0.125]",Fair,"alpha=0.5,eps=0.02",OK,"[0.125993, 0.125913, 0.125222, 0.499649, 0.123223]",0.0022695908569517224,0.0023043378093846097,-0.00013574639012217636,-0.0017826262552892837,0.4846194326877594,0.4830781161785126,-0.0015413165092468262,0.4846194326877594,0.4830781161785126,-0.31804678171869705,
urm,sensitivity only,dominant_complexity,"[0.125, 0.125, 0.125, 0.5, 0.125]",Fair,"alpha=0.5,eps=0.05",OK,"[0.127482, 0.127283, 0.125556, 0.499123, 0.120556]",0.005673976812202616,0.005760844175518017,-0.00033936590510883174,-0.004456565340760553,0.4846194326877594,0.481404322385788,-0.0032151103019714133,0.4846194326877594,0.481404322385788,-0.6634299173972478,
urm,sensitivity only,dominant_complexity,"[0.125, 0.125, 0.125, 0.5, 0.125]",Fair,"alpha=0.5,eps=0.1",OK,"[0.129964, 0.129566, 0.126112, 0.498246, 0.116113]",0.011347953924263098,0.011521688654405032,-0.0006787317646002579,-0.00891313106244635,0.4846194326877594,0.4801105201244354,-0.00450891256332403,0.4846194326877594,0.4801105201244354,-0.9304027571319298,
urm,sensitivity only,dominant_complexity,"[0.125, 0.125, 0.125, 0.5, 0.125]",Fair,"alpha=1.0,eps=0.01",OK,"[0.125248, 0.125229, 0.125059, 0.499916, 0.124548]",0.0005731389657822091,0.0005818122080885024,-3.276839234178483e-05,-0.0004526561954052796,0.4846194326877594,0.4846194326877594,0.0,0.4846194326877594,0.4846194326877594,0.0,
urm,sensitivity only,dominant_complexity,"[0.125, 0.125, 0.125, 0.5, 0.125]",Fair,"alpha=1.0,eps=0.02",OK,"[0.125497, 0.125458, 0.125118, 0.499831, 0.124097]",0.001146278320415241,0.0011636248045503146,-6.553674381106907e-05,-0.0009053127753206594,0.4846194326877594,0.48427974581718447,-0.00033968687057495117,0.4846194326877594,0.48427974581718447,-0.07009353064754455,
urm,sensitivity only,dominant_complexity,"[0.125, 0.125, 0.125, 0.5, 0.125]",Fair,"alpha=1.0,eps=0.05",OK,"[0.126241, 0.126144, 0.125294, 0.499578, 0.122742]",0.002865696019949899,0.0029090622811245043,-0.0001638422585572894,-0.0022632817529074424,0.4846194326877594,0.48208352923393255,-0.002535903453826871,0.4846194326877594,0.48208352923393255,-0.523277294053694,
urm,sensitivity only,dominant_complexity,"[0.125, 0.125, 0.125, 0.5, 0.125]",Fair,"alpha=1.0,eps=0.1",OK,"[0.127483, 0.127288, 0.125588, 0.499156, 0.120485]",0.005731391877228732,0.005818124318080539,-0.0003276837989159429,-0.004526564139737823,0.4846194326877594,0.48166067004203794,-0.00295876264572148,0.4846194326877594,0.48166067004203794,-0.6105332238354158,
urm,sensitivity only,dominant_complexity,"[0.125, 0.125, 0.125, 0.5, 0.125]",Fair,"alpha=2.0,eps=0.01",OK,"[0.125124, 0.125115, 0.12503, 0.499959, 0.124772]",0.0002879975733214068,0.0002923290098765905,-1.6084104101698237e-05,-0.0002280702931076215,0.4846194326877594,0.4846194326877594,0.0,0.4846194326877594,0.4846194326877594,0.0,
urm,sensitivity only,dominant_complexity,"[0.125, 0.125, 0.125, 0.5, 0.125]",Fair,"alpha=2.0,eps=0.02",OK,"[0.125248, 0.125229, 0.12506, 0.499917, 0.124545]",0.0005759951169691953,0.0005846579978053231,-3.216825359200422e-05,-0.00045614055017957454,0.4846194326877594,0.4846194326877594,0.0,0.4846194326877594,0.4846194326877594,0.0,
urm,sensitivity only,dominant_complexity,"[0.125, 0.125, 0.125, 0.5, 0.125]",Fair,"alpha=2.0,eps=0.05",OK,"[0.125621, 0.125573, 0.125151, 0.499793, 0.123862]",0.0014399878053667928,0.001461644979843604,-8.042047326387985e-05,-0.0011403514309565217,0.4846194326877594,0.4830781161785126,-0.0015413165092468262,0.4846194326877594,0.4830781161785126,-0.31804678171869705,
urm,sensitivity only,dominant_complexity,"[0.125, 0.125, 0.125, 0.5, 0.125]",Fair,"alpha=2.0,eps=0.1",OK,"[0.126242, 0.126146, 0.125302, 0.499587, 0.122724]",0.002879975614758069,0.002923289979758944,-0.00016084103032917743,-0.0022807028652311154,0.4846194326877594,0.48208352923393255,-0.002535903453826871,0.4846194326877594,0.48208352923393255,-0.523277294053694,
urm,sensitivity only,dominant_verbosity,"[0.125, 0.125, 0.125, 0.125, 0.5]",Avg,rho=0.0,OK,"[0.0, 0.0, 0.0, 0.0, 1.0]",0.5590169943749472,0.5574634533790548,0.18041676365872603,-0.13892280919445948,1.266918885707855,1.27149955034256,0.004580664634704856,1.266918885707855,1.27149955034256,0.3615594247097785,
urm,sensitivity only,dominant_verbosity,"[0.125, 0.125, 0.125, 0.125, 0.5]",Avg,rho=0.1,OK,"[0.0, 0.0, 0.0, 0.0, 1.0]",0.559016994374947,0.5574634533790546,0.18041676365872591,-0.13892280919445937,1.266918885707855,1.27149955034256,0.004580664634704856,1.266918885707855,1.27149955034256,0.3615594247097785,
urm,sensitivity only,dominant_verbosity,"[0.125, 0.125, 0.125, 0.125, 0.5]",Avg,rho=0.2,OK,"[0.0, 0.0, 0.0, 0.0, 1.0]",0.5590169943749472,0.5574634533790548,0.180416763658726,-0.13892280919445943,1.266918885707855,1.27149955034256,0.004580664634704856,1.266918885707855,1.27149955034256,0.3615594247097785,
urm,sensitivity only,dominant_verbosity,"[0.125, 0.125, 0.125, 0.125, 0.5]",Avg,rho=0.5,OK,"[0.055111, 0.054765, 0.051612, 0.047995, 0.790518]",0.3248593439040122,0.32368922805597206,0.10477471531605802,-0.08127338813963661,1.266918885707855,1.2741832494735716,0.007264363765716597,1.266918885707855,1.2741832494735716,0.5733882293228141,
urm,sensitivity only,dominant_verbosity,"[0.125, 0.125, 0.125, 0.125, 0.5]",MaxMin,c=0.0,OK_EXACT_D0,"[0.050628, 0.050214, 0.047202, 0.063289, 0.788667]",0.32297589245754954,0.3227176828965974,0.10431342710875062,-0.08589665469237537,1.266918885707855,1.28044912815094,0.013530242443084983,1.266918885707855,1.28044912815094,1.0679643815969595,
urm,sensitivity only,dominant_verbosity,"[0.125, 0.125, 0.125, 0.125, 0.5]",MaxMin,c=0.1,OK,"[0.060717, 0.060833, 0.060867, 0.046415, 0.771168]",0.3034308479370043,0.3019296222449505,0.09769572199295863,-0.07148958417891361,1.266918885707855,1.277895474433899,0.010976588726044012,1.266918885707855,1.277895474433899,0.8664002762821831,
urm,sensitivity only,dominant_verbosity,"[0.125, 0.125, 0.125, 0.125, 0.5]",MaxMin,c=0.25,OK,"[0.073398, 0.0735, 0.073537, 0.058444, 0.721122]",0.24756456593460027,0.24618995839347368,0.07963082568235874,-0.05741906848559818,1.266918885707855,1.2702268719673158,0.0033079862594607157,1.266918885707855,1.2702268719673158,0.2611048186887254,
urm,sensitivity only,dominant_verbosity,"[0.125, 0.125, 0.125, 0.125, 0.5]",MaxMin,c=0.5,OK,"[0.090897, 0.090965, 0.090989, 0.081015, 0.646134]",0.16360944845070546,0.16270100349295932,0.05262609138097219,-0.03794687696931441,1.266918885707855,1.2708725929260254,0.003953707218170344,1.266918885707855,1.2708725929260254,0.3120726403854436,
urm,sensitivity only,dominant_verbosity,"[0.125, 0.125, 0.125, 0.125, 0.5]",MaxMin,c=0.75,OK,"[0.107996, 0.10803, 0.108042, 0.103068, 0.572864]",0.08157707455376831,0.08112411610456002,0.026239820625961408,-0.0189206383917438,1.266918885707855,1.2699715197086334,0.003052634000778376,1.266918885707855,1.2699715197086334,0.24094944318971165,
urm,sensitivity only,dominant_verbosity,"[0.125, 0.125, 0.125, 0.125, 0.5]",MaxMin,c=0.9,OK,"[0.118205, 0.118218, 0.118223, 0.116235, 0.529119]",0.03260078178014536,0.03241976524285363,0.010486263093601084,-0.007561286142269316,1.266918885707855,1.2692940711975098,0.002375185489654763,1.266918885707855,1.2692940711975098,0.18747731338203988,
urm,sensitivity only,dominant_verbosity,"[0.125, 0.125, 0.125, 0.125, 0.5]",MaxMin,c=0.95,OK,"[0.121603, 0.12161, 0.121612, 0.120619, 0.514556]",0.016296447530965038,0.016205961157904875,0.0052418631385349485,-0.0037797284652590136,1.266918885707855,1.2698238611221313,0.0029049754142762563,1.266918885707855,1.2698238611221313,0.2292945070949182,
urm,sensitivity only,dominant_verbosity,"[0.125, 0.125, 0.125, 0.125, 0.5]",MaxMin,c=1.0,OK,"[0.125, 0.125, 0.125, 0.125, 0.5]",0.0,0.0,0.0,0.0,1.266918885707855,1.266918885707855,0.0,1.266918885707855,1.266918885707855,0.0,same merge point as baseline
urm,sensitivity only,dominant_verbosity,"[0.125, 0.125, 0.125, 0.125, 0.5]",Fair,"alpha=0.0,eps=0.01",OK,"[0.167976, 0.112971, 0.113479, 0.115234, 0.49034]",0.048094210612373116,0.04695898629350583,-0.003586107239407149,-0.01000000000000001,1.266918885707855,1.2650425434112549,-0.0018763422966001642,1.266918885707855,1.2650425434112549,-0.1481027963011074,
urm,sensitivity only,dominant_verbosity,"[0.125, 0.125, 0.125, 0.125, 0.5]",Fair,"alpha=0.0,eps=0.02",OK,"[0.210952, 0.100942, 0.101958, 0.105467, 0.48068]",0.09618842122474623,0.09391797258701165,-0.007172214478814258,-0.019999999999999993,1.266918885707855,1.2533288955688477,-0.013589990139007302,1.266918885707855,1.2533288955688477,-1.0726803659110566,
urm,sensitivity only,dominant_verbosity,"[0.125, 0.125, 0.125, 0.125, 0.5]",Fair,"alpha=0.0,eps=0.05",OK,"[0.33988, 0.064856, 0.067396, 0.076168, 0.451701]",0.2404710530618656,0.2347949314675292,-0.017930536197035708,-0.05000000000000002,1.266918885707855,1.2568462431430816,-0.01007264256477347,1.266918885707855,1.2568462431430816,-0.7950503128813702,
urm,sensitivity only,dominant_verbosity,"[0.125, 0.125, 0.125, 0.125, 0.5]",Fair,"alpha=0.0,eps=0.1",OK,"[0.55476, 0.004712, 0.009792, 0.027335, 0.403401]",0.4809421061237312,0.4695898629350584,-0.035861072394071415,-0.10000000000000002,1.266918885707855,1.261660063266754,-0.005258822441100985,1.266918885707855,1.261660063266754,-0.4150875403647304,
urm,sensitivity only,dominant_verbosity,"[0.125, 0.125, 0.125, 0.125, 0.5]",Fair,"alpha=0.5,eps=0.01",OK,"[0.125496, 0.125457, 0.125111, 0.124825, 0.499111]",0.0011347951053276035,0.0011521685730466738,-0.0003254244544286716,-0.0008913129357856028,1.266918885707855,1.266018235683441,-0.0009006500244139737,1.266918885707855,1.266018235683441,-0.07108979387506414,
urm,sensitivity only,dominant_verbosity,"[0.125, 0.125, 0.125, 0.125, 0.5]",Fair,"alpha=0.5,eps=0.02",OK,"[0.125993, 0.125913, 0.125222, 0.124649, 0.498223]",0.002269590719149027,0.0023043376617212356,-0.0006508490341370702,-0.001782626216075404,1.266918885707855,1.2666713118553161,-0.0002475738525389293,1.266918885707855,1.2666713118553161,-0.019541413055864616,
urm,sensitivity only,dominant_verbosity,"[0.125, 0.125, 0.125, 0.125, 0.5]",Fair,"alpha=0.5,eps=0.05",OK,"[0.127482, 0.127283, 0.125556, 0.124123, 0.495556]",0.005673976812202623,0.005760844175518022,-0.0016271225104663636,-0.004456565340760565,1.266918885707855,1.2659356594085693,-0.000983226299285711,1.266918885707855,1.2659356594085693,-0.07760767562765955,
urm,sensitivity only,dominant_verbosity,"[0.125, 0.125, 0.125, 0.125, 0.5]",Fair,"alpha=0.5,eps=0.1",OK,"[0.129964, 0.129566, 0.126112, 0.123246, 0.491113]",0.011347953870599666,0.011521688606774988,-0.0032542451654418857,-0.008913131072522652,1.266918885707855,1.2681477904319765,0.0012289047241214046,1.266918885707855,1.2681477904319765,0.09699947944455725,
urm,sensitivity only,dominant_verbosity,"[0.125, 0.125, 0.125, 0.125, 0.5]",Fair,"alpha=1.0,eps=0.01",OK,"[0.125248, 0.125229, 0.125059, 0.124916, 0.499548]",0.0005731391738174865,0.0005818124155371025,-0.00016529290349077968,-0.00045265638784848267,1.266918885707855,1.266018235683441,-0.0009006500244139737,1.266918885707855,1.266018235683441,-0.07108979387506414,
urm,sensitivity only,dominant_verbosity,"[0.125, 0.125, 0.125, 0.125, 0.5]",Fair,"alpha=1.0,eps=0.02",OK,"[0.125497, 0.125458, 0.125118, 0.124831, 0.499097]",0.0011462783268985303,0.0011636248114412595,-0.0003305858055158003,-0.0009053127714287569,1.266918885707855,1.266018235683441,-0.0009006500244139737,1.266918885707855,1.266018235683441,-0.07108979387506414,
urm,sensitivity only,dominant_verbosity,"[0.125, 0.125, 0.125, 0.125, 0.5]",Fair,"alpha=1.0,eps=0.05",OK,"[0.126241, 0.126144, 0.125294, 0.124578, 0.497742]",0.002865695999425184,0.0029090622074660006,-0.0008264645868436985,-0.002263282126969961,1.266918885707855,1.266788899898529,-0.00012998580932599424,1.266918885707855,1.266788899898529,-0.010259994605208553,
urm,sensitivity only,dominant_verbosity,"[0.125, 0.125, 0.125, 0.125, 0.5]",Fair,"alpha=1.0,eps=0.1",OK,"[0.127483, 0.127288, 0.125588, 0.124156, 0.495485]",0.005731391877228713,0.00581812431808052,-0.0016529291314104947,-0.004526564139737796,1.266918885707855,1.2659356594085693,-0.000983226299285711,1.266918885707855,1.2659356594085693,-0.07760767562765955,
urm,sensitivity only,dominant_verbosity,"[0.125, 0.125, 0.125, 0.125, 0.5]",Fair,"alpha=2.0,eps=0.01",OK,"[0.125124, 0.125115, 0.12503, 0.124959, 0.499772]",0.0002879975733213988,0.00029232900987658357,-8.328883323382348e-05,-0.00022807029310760755,1.266918885707855,1.2663075804710389,-0.0006113052368161842,1.266918885707855,1.2663075804710389,-0.04825133192916567,
urm,sensitivity only,dominant_verbosity,"[0.125, 0.125, 0.125, 0.125, 0.5]",Fair,"alpha=2.0,eps=0.02",OK,"[0.125248, 0.125229, 0.12506, 0.124917, 0.499545]",0.0005759951154538838,0.0005846579825711462,-0.00016657765048456587,-0.0004561405427111068,1.266918885707855,1.266018235683441,-0.0009006500244139737,1.266918885707855,1.266018235683441,-0.07108979387506414,
urm,sensitivity only,dominant_verbosity,"[0.125, 0.125, 0.125, 0.125, 0.5]",Fair,"alpha=2.0,eps=0.05",OK,"[0.125621, 0.125573, 0.125151, 0.124793, 0.498862]",0.0014399878550510027,0.001461645037542814,-0.0004164441652661877,-0.0011403514628915393,1.266918885707855,1.266018235683441,-0.0009006500244139737,1.266918885707855,1.266018235683441,-0.07108979387506414,
urm,sensitivity only,dominant_verbosity,"[0.125, 0.125, 0.125, 0.125, 0.5]",Fair,"alpha=2.0,eps=0.1",OK,"[0.126242, 0.126146, 0.125302, 0.124587, 0.497724]",0.0028799745730835697,0.002923288945372535,-0.0008328877244928464,-0.0022807012865066725,1.266918885707855,1.266788899898529,-0.00012998580932599424,1.266918885707855,1.266788899898529,-0.010259994605208553,
urm,sensitivity only,only_helpfulness,"[1.0, 0.0, 0.0, 0.0, 0.0]",Avg,rho=0.0,OK,"[1.0, 0.0, 0.0, 0.0, 0.0]",0.0,0.0,0.0,0.0,0.16950149536132814,0.16950149536132814,0.0,0.16950149536132814,0.16950149536132814,0.0,same merge point as baseline
urm,sensitivity only,only_helpfulness,"[1.0, 0.0, 0.0, 0.0, 0.0]",Avg,rho=0.1,OK,"[1.0, 0.0, 0.0, 0.0, 0.0]",0.0,0.0,0.0,0.0,0.16950149536132814,0.16950149536132814,0.0,0.16950149536132814,0.16950149536132814,0.0,same merge point as baseline
urm,sensitivity only,only_helpfulness,"[1.0, 0.0, 0.0, 0.0, 0.0]",Avg,rho=0.2,OK,"[1.0, 0.0, 0.0, 0.0, 0.0]",0.0,0.0,0.0,0.0,0.16950149536132814,0.16950149536132814,0.0,0.16950149536132814,0.16950149536132814,0.0,same merge point as baseline
urm,sensitivity only,only_helpfulness,"[1.0, 0.0, 0.0, 0.0, 0.0]",Avg,rho=0.5,OK,"[1.0, 0.0, 0.0, 0.0, 0.0]",0.0,0.0,0.0,0.0,0.16950149536132814,0.16950149536132814,0.0,0.16950149536132814,0.16950149536132814,0.0,same merge point as baseline
urm,sensitivity only,only_helpfulness,"[1.0, 0.0, 0.0, 0.0, 0.0]",MaxMin,c=0.0,INFEASIBLE_BALL_MISSES_SIMPLEX,,,,,,0.16950149536132814,,,0.16950149536132814,,,INFEASIBLE_BALL_MISSES_SIMPLEX
urm,sensitivity only,only_helpfulness,"[1.0, 0.0, 0.0, 0.0, 0.0]",MaxMin,c=0.1,INFEASIBLE_BALL_MISSES_SIMPLEX,,,,,,0.16950149536132814,,,0.16950149536132814,,,INFEASIBLE_BALL_MISSES_SIMPLEX
urm,sensitivity only,only_helpfulness,"[1.0, 0.0, 0.0, 0.0, 0.0]",MaxMin,c=0.25,INFEASIBLE_BALL_MISSES_SIMPLEX,,,,,,0.16950149536132814,,,0.16950149536132814,,,INFEASIBLE_BALL_MISSES_SIMPLEX
urm,sensitivity only,only_helpfulness,"[1.0, 0.0, 0.0, 0.0, 0.0]",MaxMin,c=0.5,INFEASIBLE_BALL_MISSES_SIMPLEX,,,,,,0.16950149536132814,,,0.16950149536132814,,,INFEASIBLE_BALL_MISSES_SIMPLEX
urm,sensitivity only,only_helpfulness,"[1.0, 0.0, 0.0, 0.0, 0.0]",MaxMin,c=0.75,INFEASIBLE_BALL_MISSES_SIMPLEX,,,,,,0.16950149536132814,,,0.16950149536132814,,,INFEASIBLE_BALL_MISSES_SIMPLEX
urm,sensitivity only,only_helpfulness,"[1.0, 0.0, 0.0, 0.0, 0.0]",MaxMin,c=0.9,INFEASIBLE_BALL_MISSES_SIMPLEX,,,,,,0.16950149536132814,,,0.16950149536132814,,,INFEASIBLE_BALL_MISSES_SIMPLEX
urm,sensitivity only,only_helpfulness,"[1.0, 0.0, 0.0, 0.0, 0.0]",MaxMin,c=0.95,INFEASIBLE_BALL_MISSES_SIMPLEX,,,,,,0.16950149536132814,,,0.16950149536132814,,,INFEASIBLE_BALL_MISSES_SIMPLEX
urm,sensitivity only,only_helpfulness,"[1.0, 0.0, 0.0, 0.0, 0.0]",MaxMin,c=1.0,OK,"[1.0, 0.0, 0.0, 0.0, 0.0]",2.7698844510176693e-16,2.726143297931129e-16,-2.159574933593682e-16,-2.159574933593682e-16,0.16950149536132814,0.16950149536132814,0.0,0.16950149536132814,0.16950149536132814,0.0,same merge point as baseline
urm,sensitivity only,only_helpfulness,"[1.0, 0.0, 0.0, 0.0, 0.0]",Fair,"alpha=0.0,eps=0.01",OK,"[1.0, 0.0, 0.0, 0.0, 0.0]",0.0,0.0,0.0,0.0,0.16950149536132814,0.16950149536132814,0.0,0.16950149536132814,0.16950149536132814,0.0,same merge point as baseline
urm,sensitivity only,only_helpfulness,"[1.0, 0.0, 0.0, 0.0, 0.0]",Fair,"alpha=0.0,eps=0.02",OK,"[1.0, 0.0, 0.0, 0.0, 0.0]",0.0,0.0,0.0,0.0,0.16950149536132814,0.16950149536132814,0.0,0.16950149536132814,0.16950149536132814,0.0,same merge point as baseline
urm,sensitivity only,only_helpfulness,"[1.0, 0.0, 0.0, 0.0, 0.0]",Fair,"alpha=0.0,eps=0.05",OK,"[1.0, 0.0, 0.0, 0.0, 0.0]",0.0,0.0,0.0,0.0,0.16950149536132814,0.16950149536132814,0.0,0.16950149536132814,0.16950149536132814,0.0,same merge point as baseline
urm,sensitivity only,only_helpfulness,"[1.0, 0.0, 0.0, 0.0, 0.0]",Fair,"alpha=0.0,eps=0.1",OK,"[1.0, 0.0, 0.0, 0.0, 0.0]",0.0,0.0,0.0,0.0,0.16950149536132814,0.16950149536132814,0.0,0.16950149536132814,0.16950149536132814,0.0,same merge point as baseline
urm,sensitivity only,only_helpfulness,"[1.0, 0.0, 0.0, 0.0, 0.0]",Fair,"alpha=0.5,eps=0.01",OK,"[1.0, 0.0, 0.0, 0.0, 0.0]",5.316422676363438e-16,5.26745644080696e-16,-4.326332386424913e-16,-4.326332386424913e-16,0.16950149536132814,0.16950149536132814,0.0,0.16950149536132814,0.16950149536132814,0.0,same merge point as baseline
urm,sensitivity only,only_helpfulness,"[1.0, 0.0, 0.0, 0.0, 0.0]",Fair,"alpha=0.5,eps=0.02",OK,"[1.0, 0.0, 0.0, 0.0, 0.0]",2.954745927647082e-16,2.855248127960445e-16,-2.0902736397651623e-16,-2.0902736397651623e-16,0.16950149536132814,0.16950149536132814,0.0,0.16950149536132814,0.16950149536132814,0.0,same merge point as baseline
urm,sensitivity only,only_helpfulness,"[1.0, 0.0, 0.0, 0.0, 0.0]",Fair,"alpha=0.5,eps=0.05",OK,"[1.0, 0.0, 0.0, 0.0, 0.0]",2.9389135331579156e-16,2.862132326691523e-16,-2.1180655516302443e-16,-2.1180655516302443e-16,0.16950149536132814,0.16950149536132814,0.0,0.16950149536132814,0.16950149536132814,0.0,same merge point as baseline
urm,sensitivity only,only_helpfulness,"[1.0, 0.0, 0.0, 0.0, 0.0]",Fair,"alpha=0.5,eps=0.1",OK,"[1.0, 0.0, 0.0, 0.0, 0.0]",3.551751001306885e-17,3.6412209601654504e-17,2.8183068210851306e-18,1.2636579702727434e-18,0.16950149536132814,0.16950149536132814,0.0,0.16950149536132814,0.16950149536132814,0.0,same merge point as baseline
urm,sensitivity only,only_helpfulness,"[1.0, 0.0, 0.0, 0.0, 0.0]",Fair,"alpha=1.0,eps=0.01",OK,"[1.0, 0.0, 0.0, 0.0, 0.0]",2.0110969070129284e-14,1.9429542899747914e-14,-1.4650392529335855e-14,-1.4650392529335855e-14,0.16950149536132814,0.16950149536132814,0.0,0.16950149536132814,0.16950149536132814,0.0,same merge point as baseline
urm,sensitivity only,only_helpfulness,"[1.0, 0.0, 0.0, 0.0, 0.0]",Fair,"alpha=1.0,eps=0.02",OK,"[1.0, 0.0, 0.0, 0.0, 0.0]",6.442931045265225e-15,6.230882966890736e-15,-5.0157683676258065e-15,-5.0157683676258065e-15,0.16950149536132814,0.16950149536132814,0.0,0.16950149536132814,0.16950149536132814,0.0,same merge point as baseline
urm,sensitivity only,only_helpfulness,"[1.0, 0.0, 0.0, 0.0, 0.0]",Fair,"alpha=1.0,eps=0.05",OK,"[1.0, 0.0, 0.0, 0.0, 0.0]",2.158286871534095e-15,2.0982961636331037e-15,-1.4721677555624091e-15,-1.4721677555624091e-15,0.16950149536132814,0.16950149536132814,0.0,0.16950149536132814,0.16950149536132814,0.0,same merge point as baseline
urm,sensitivity only,only_helpfulness,"[1.0, 0.0, 0.0, 0.0, 0.0]",Fair,"alpha=1.0,eps=0.1",OK,"[1.0, 0.0, 0.0, 0.0, 0.0]",9.063729465634636e-16,9.066274018992207e-16,-6.5956554907823e-16,-6.5956554907823e-16,0.16950149536132814,0.16950149536132814,0.0,0.16950149536132814,0.16950149536132814,0.0,same merge point as baseline
urm,sensitivity only,only_helpfulness,"[1.0, 0.0, 0.0, 0.0, 0.0]",Fair,"alpha=2.0,eps=0.01",OK,"[1.0, 0.0, 0.0, 0.0, 0.0]",1.603208708389108e-14,1.6011738888901827e-14,-1.1995718403339274e-14,-1.1995718403339274e-14,0.16950149536132814,0.16950149536132814,0.0,0.16950149536132814,0.16950149536132814,0.0,same merge point as baseline
urm,sensitivity only,only_helpfulness,"[1.0, 0.0, 0.0, 0.0, 0.0]",Fair,"alpha=2.0,eps=0.02",OK,"[1.0, 0.0, 0.0, 0.0, 0.0]",1.726352452513661e-15,1.7010855961885838e-15,-1.2968554685656522e-15,-1.2968554685656522e-15,0.16950149536132814,0.16950149536132814,0.0,0.16950149536132814,0.16950149536132814,0.0,same merge point as baseline
urm,sensitivity only,only_helpfulness,"[1.0, 0.0, 0.0, 0.0, 0.0]",Fair,"alpha=2.0,eps=0.05",OK,"[1.0, 0.0, 0.0, 0.0, 0.0]",8.250207095032073e-15,8.123439274438398e-15,-6.256843776936408e-15,-6.256843776936408e-15,0.16950149536132814,0.16950149536132814,0.0,0.16950149536132814,0.16950149536132814,0.0,same merge point as baseline
urm,sensitivity only,only_helpfulness,"[1.0, 0.0, 0.0, 0.0, 0.0]",Fair,"alpha=2.0,eps=0.1",OK,"[1.0, 0.0, 0.0, 0.0, 0.0]",3.6437324764391246e-15,3.5511926516669084e-15,-2.880835124161496e-15,-2.880835124161496e-15,0.16950149536132814,0.16950149536132814,0.0,0.16950149536132814,0.16950149536132814,0.0,same merge point as baseline
urm,sensitivity only,only_correctness,"[0.0, 1.0, 0.0, 0.0, 0.0]",Avg,rho=0.0,OK,"[0.0, 1.0, 0.0, 0.0, 0.0]",0.0,0.0,0.0,0.0,2.9229736328125,2.9229736328125,0.0,2.9229736328125,2.9229736328125,0.0,same merge point as baseline
urm,sensitivity only,only_correctness,"[0.0, 1.0, 0.0, 0.0, 0.0]",Avg,rho=0.1,OK,"[0.0, 1.0, 0.0, 0.0, 0.0]",0.0,0.0,0.0,0.0,2.9229736328125,2.9229736328125,0.0,2.9229736328125,2.9229736328125,0.0,same merge point as baseline
urm,sensitivity only,only_correctness,"[0.0, 1.0, 0.0, 0.0, 0.0]",Avg,rho=0.2,OK,"[0.0, 1.0, 0.0, 0.0, 0.0]",0.0,0.0,0.0,0.0,2.9229736328125,2.9229736328125,0.0,2.9229736328125,2.9229736328125,0.0,same merge point as baseline
urm,sensitivity only,only_correctness,"[0.0, 1.0, 0.0, 0.0, 0.0]",Avg,rho=0.5,OK,"[0.0, 1.0, 0.0, 0.0, 0.0]",0.0,0.0,0.0,0.0,2.9229736328125,2.9229736328125,0.0,2.9229736328125,2.9229736328125,0.0,same merge point as baseline
urm,sensitivity only,only_correctness,"[0.0, 1.0, 0.0, 0.0, 0.0]",MaxMin,c=0.0,INFEASIBLE_BALL_MISSES_SIMPLEX,,,,,,2.9229736328125,,,2.9229736328125,,,INFEASIBLE_BALL_MISSES_SIMPLEX
urm,sensitivity only,only_correctness,"[0.0, 1.0, 0.0, 0.0, 0.0]",MaxMin,c=0.1,INFEASIBLE_BALL_MISSES_SIMPLEX,,,,,,2.9229736328125,,,2.9229736328125,,,INFEASIBLE_BALL_MISSES_SIMPLEX
urm,sensitivity only,only_correctness,"[0.0, 1.0, 0.0, 0.0, 0.0]",MaxMin,c=0.25,INFEASIBLE_BALL_MISSES_SIMPLEX,,,,,,2.9229736328125,,,2.9229736328125,,,INFEASIBLE_BALL_MISSES_SIMPLEX
urm,sensitivity only,only_correctness,"[0.0, 1.0, 0.0, 0.0, 0.0]",MaxMin,c=0.5,INFEASIBLE_BALL_MISSES_SIMPLEX,,,,,,2.9229736328125,,,2.9229736328125,,,INFEASIBLE_BALL_MISSES_SIMPLEX
urm,sensitivity only,only_correctness,"[0.0, 1.0, 0.0, 0.0, 0.0]",MaxMin,c=0.75,INFEASIBLE_BALL_MISSES_SIMPLEX,,,,,,2.9229736328125,,,2.9229736328125,,,INFEASIBLE_BALL_MISSES_SIMPLEX
urm,sensitivity only,only_correctness,"[0.0, 1.0, 0.0, 0.0, 0.0]",MaxMin,c=0.9,INFEASIBLE_BALL_MISSES_SIMPLEX,,,,,,2.9229736328125,,,2.9229736328125,,,INFEASIBLE_BALL_MISSES_SIMPLEX
urm,sensitivity only,only_correctness,"[0.0, 1.0, 0.0, 0.0, 0.0]",MaxMin,c=0.95,INFEASIBLE_BALL_MISSES_SIMPLEX,,,,,,2.9229736328125,,,2.9229736328125,,,INFEASIBLE_BALL_MISSES_SIMPLEX
urm,sensitivity only,only_correctness,"[0.0, 1.0, 0.0, 0.0, 0.0]",MaxMin,c=1.0,OK,"[0.0, 1.0, 0.0, 0.0, 0.0]",2.4888650368420193e-16,2.472867446534761e-16,-2.1992479436045738e-16,-2.1992479436045738e-16,2.9229736328125,2.9229736328125,0.0,2.9229736328125,2.9229736328125,0.0,same merge point as baseline
urm,sensitivity only,only_correctness,"[0.0, 1.0, 0.0, 0.0, 0.0]",Fair,"alpha=0.0,eps=0.01",OK,"[0.010716, 0.989284, 0.0, 0.0, 0.0]",0.015154059819725946,0.014639356858164766,-0.009999999999999969,-0.009999999999999967,2.9229736328125,2.929248046875,0.006274414062500178,2.9229736328125,2.929248046875,0.21465859260806622,
urm,sensitivity only,only_correctness,"[0.0, 1.0, 0.0, 0.0, 0.0]",Fair,"alpha=0.0,eps=0.02",OK,"[0.021431, 0.978569, 0.0, 0.0, 0.0]",0.030308119639451972,0.029278713716329608,-0.02000000000000005,-0.020000000000000046,2.9229736328125,2.932861328125,0.0098876953125,2.9229736328125,2.932861328125,0.33827521403215705,
urm,sensitivity only,only_correctness,"[0.0, 1.0, 0.0, 0.0, 0.0]",Fair,"alpha=0.0,eps=0.05",OK,"[0.053578, 0.946422, 0.0, 0.0, 0.0]",0.07577029909862981,0.07319678429082391,-0.049999999999999954,-0.049999999999999954,2.9229736328125,2.94617919921875,0.023205566406249822,2.9229736328125,2.94617919921875,0.7939026936729946,
urm,sensitivity only,only_correctness,"[0.0, 1.0, 0.0, 0.0, 0.0]",Fair,"alpha=0.0,eps=0.1",OK,"[0.107155, 0.892845, 0.0, 0.0, 0.0]",0.1515405981972597,0.1463935685816479,-0.10000000000000002,-0.10000000000000002,2.9229736328125,2.94322509765625,0.020251464843750178,2.9229736328125,2.94322509765625,0.6928377531843869,
urm,sensitivity only,only_correctness,"[0.0, 1.0, 0.0, 0.0, 0.0]",Fair,"alpha=0.5,eps=0.01",OK,"[1.9e-05, 0.999981, 0.0, 0.0, 0.0]",2.641263792109257e-05,2.5515540831444918e-05,-1.7429413791046023e-05,-1.7429413791046023e-05,2.9229736328125,2.9229736328125,0.0,2.9229736328125,2.9229736328125,0.0,
urm,sensitivity only,only_correctness,"[0.0, 1.0, 0.0, 0.0, 0.0]",Fair,"alpha=0.5,eps=0.02",OK,"[3.7e-05, 0.999963, 0.0, 0.0, 0.0]",5.282521122750291e-05,5.103101924282425e-05,-3.485878494349512e-05,-3.485878494349512e-05,2.9229736328125,2.9229736328125,0.0,2.9229736328125,2.9229736328125,0.0,
urm,sensitivity only,only_correctness,"[0.0, 1.0, 0.0, 0.0, 0.0]",Fair,"alpha=0.5,eps=0.05",OK,"[9.3e-05, 0.999907, 0.0, 0.0, 0.0]",0.00013206201261131356,0.00012757656713931578,-8.71462922690627e-05,-8.71462922690627e-05,2.9229736328125,2.9229736328125,0.0,2.9229736328125,2.9229736328125,0.0,
urm,sensitivity only,only_correctness,"[0.0, 1.0, 0.0, 0.0, 0.0]",Fair,"alpha=0.5,eps=0.1",OK,"[0.000187, 0.999813, 0.0, 0.0, 0.0]",0.0002641250667526547,0.0002551541404334135,-0.0001742932718325724,-0.00017429327183257244,2.9229736328125,2.9229736328125,0.0,2.9229736328125,2.9229736328125,0.0,
urm,sensitivity only,only_correctness,"[0.0, 1.0, 0.0, 0.0, 0.0]",Fair,"alpha=1.0,eps=0.01",OK,"[9e-06, 0.999991, 0.0, 0.0, 0.0]",1.3206314427796911e-05,1.2757766036929851e-05,-8.714703906549483e-06,-8.714703906549483e-06,2.9229736328125,2.9229736328125,0.0,2.9229736328125,2.9229736328125,0.0,
urm,sensitivity only,only_correctness,"[0.0, 1.0, 0.0, 0.0, 0.0]",Fair,"alpha=1.0,eps=0.02",OK,"[1.9e-05, 0.999981, 0.0, 0.0, 0.0]",2.6412614486846163e-05,2.5515518193137663e-05,-1.7429398327793593e-05,-1.7429398327793593e-05,2.9229736328125,2.9229736328125,0.0,2.9229736328125,2.9229736328125,0.0,
urm,sensitivity only,only_correctness,"[0.0, 1.0, 0.0, 0.0, 0.0]",Fair,"alpha=1.0,eps=0.05",OK,"[4.7e-05, 0.999953, 0.0, 0.0, 0.0]",6.60315592989029e-05,6.378881778065907e-05,-4.3573511048895616e-05,-4.3573511048895616e-05,2.9229736328125,2.9229736328125,0.0,2.9229736328125,2.9229736328125,0.0,
urm,sensitivity only,only_correctness,"[0.0, 1.0, 0.0, 0.0, 0.0]",Fair,"alpha=1.0,eps=0.1",OK,"[9.3e-05, 0.999907, 0.0, 0.0, 0.0]",0.00013206292717278127,0.00012757745063798553,-8.71468957783642e-05,-8.71468957783642e-05,2.9229736328125,2.9229736328125,0.0,2.9229736328125,2.9229736328125,0.0,
urm,sensitivity only,only_correctness,"[0.0, 1.0, 0.0, 0.0, 0.0]",Fair,"alpha=2.0,eps=0.01",OK,"[5e-06, 0.999995, 0.0, 0.0, 0.0]",6.603180810447057e-06,6.378905813599482e-06,-4.357367534449522e-06,-4.357367534449521e-06,2.9229736328125,2.9229736328125,0.0,2.9229736328125,2.9229736328125,0.0,
urm,sensitivity only,only_correctness,"[0.0, 1.0, 0.0, 0.0, 0.0]",Fair,"alpha=2.0,eps=0.02",OK,"[9e-06, 0.999991, 0.0, 0.0, 0.0]",1.3206316426138433e-05,1.2757767967390125e-05,-8.71470522501477e-06,-8.71470522501477e-06,2.9229736328125,2.9229736328125,0.0,2.9229736328125,2.9229736328125,0.0,
urm,sensitivity only,only_correctness,"[0.0, 1.0, 0.0, 0.0, 0.0]",Fair,"alpha=2.0,eps=0.05",OK,"[2.3e-05, 0.999977, 0.0, 0.0, 0.0]",3.301579429273721e-05,3.189442303626298e-05,-2.1786765188245097e-05,-2.17867651882451e-05,2.9229736328125,2.9229736328125,0.0,2.9229736328125,2.9229736328125,0.0,
urm,sensitivity only,only_correctness,"[0.0, 1.0, 0.0, 0.0, 0.0]",Fair,"alpha=2.0,eps=0.1",OK,"[4.7e-05, 0.999953, 0.0, 0.0, 0.0]",6.603158137106807e-05,6.378883910315541e-05,-4.357352561527687e-05,-4.357352561527688e-05,2.9229736328125,2.9229736328125,0.0,2.9229736328125,2.9229736328125,0.0,
urm,sensitivity only,only_coherence,"[0.0, 0.0, 1.0, 0.0, 0.0]",Avg,rho=0.0,OK,"[0.0, 0.0, 1.0, 0.0, 0.0]",0.0,0.0,0.0,0.0,0.3877018928527832,0.3877018928527832,0.0,0.3877018928527832,0.3877018928527832,0.0,same merge point as baseline
urm,sensitivity only,only_coherence,"[0.0, 0.0, 1.0, 0.0, 0.0]",Avg,rho=0.1,OK,"[0.0, 0.0, 1.0, 0.0, 0.0]",0.0,0.0,0.0,0.0,0.3877018928527832,0.3877018928527832,0.0,0.3877018928527832,0.3877018928527832,0.0,same merge point as baseline
urm,sensitivity only,only_coherence,"[0.0, 0.0, 1.0, 0.0, 0.0]",Avg,rho=0.2,OK,"[0.0, 0.0, 1.0, 0.0, 0.0]",0.0,0.0,0.0,0.0,0.3877018928527832,0.3877018928527832,0.0,0.3877018928527832,0.3877018928527832,0.0,same merge point as baseline
urm,sensitivity only,only_coherence,"[0.0, 0.0, 1.0, 0.0, 0.0]",Avg,rho=0.5,OK,"[0.0, 0.0, 1.0, 0.0, 0.0]",0.0,0.0,0.0,0.0,0.3877018928527832,0.3877018928527832,0.0,0.3877018928527832,0.3877018928527832,0.0,same merge point as baseline
urm,sensitivity only,only_coherence,"[0.0, 0.0, 1.0, 0.0, 0.0]",MaxMin,c=0.0,INFEASIBLE_BALL_MISSES_SIMPLEX,,,,,,0.3877018928527832,,,0.3877018928527832,,,INFEASIBLE_BALL_MISSES_SIMPLEX
urm,sensitivity only,only_coherence,"[0.0, 0.0, 1.0, 0.0, 0.0]",MaxMin,c=0.1,INFEASIBLE_BALL_MISSES_SIMPLEX,,,,,,0.3877018928527832,,,0.3877018928527832,,,INFEASIBLE_BALL_MISSES_SIMPLEX
urm,sensitivity only,only_coherence,"[0.0, 0.0, 1.0, 0.0, 0.0]",MaxMin,c=0.25,INFEASIBLE_BALL_MISSES_SIMPLEX,,,,,,0.3877018928527832,,,0.3877018928527832,,,INFEASIBLE_BALL_MISSES_SIMPLEX
urm,sensitivity only,only_coherence,"[0.0, 0.0, 1.0, 0.0, 0.0]",MaxMin,c=0.5,INFEASIBLE_BALL_MISSES_SIMPLEX,,,,,,0.3877018928527832,,,0.3877018928527832,,,INFEASIBLE_BALL_MISSES_SIMPLEX
urm,sensitivity only,only_coherence,"[0.0, 0.0, 1.0, 0.0, 0.0]",MaxMin,c=0.75,INFEASIBLE_BALL_MISSES_SIMPLEX,,,,,,0.3877018928527832,,,0.3877018928527832,,,INFEASIBLE_BALL_MISSES_SIMPLEX
urm,sensitivity only,only_coherence,"[0.0, 0.0, 1.0, 0.0, 0.0]",MaxMin,c=0.9,INFEASIBLE_BALL_MISSES_SIMPLEX,,,,,,0.3877018928527832,,,0.3877018928527832,,,INFEASIBLE_BALL_MISSES_SIMPLEX
urm,sensitivity only,only_coherence,"[0.0, 0.0, 1.0, 0.0, 0.0]",MaxMin,c=0.95,INFEASIBLE_BALL_MISSES_SIMPLEX,,,,,,0.3877018928527832,,,0.3877018928527832,,,INFEASIBLE_BALL_MISSES_SIMPLEX
urm,sensitivity only,only_coherence,"[0.0, 0.0, 1.0, 0.0, 0.0]",MaxMin,c=1.0,OK,"[0.0, 0.0, 1.0, 0.0, 0.0]",5.618120436706199e-17,5.618120436706198e-17,1.9348080721561717e-19,1.9348080721561717e-19,0.3877018928527832,0.3877018928527832,0.0,0.3877018928527832,0.3877018928527832,0.0,same merge point as baseline
urm,sensitivity only,only_coherence,"[0.0, 0.0, 1.0, 0.0, 0.0]",Fair,"alpha=0.0,eps=0.01",OK,"[0.01058, 0.0, 0.98942, 0.0, 0.0]",0.014962951601576966,0.014546755338590931,-0.010000000000000007,-0.010000000000000007,0.3877018928527832,0.3866414070129395,-0.00106048583984375,0.3877018928527832,0.3866414070129395,-0.2735312515604441,
urm,sensitivity only,only_coherence,"[0.0, 0.0, 1.0, 0.0, 0.0]",Fair,"alpha=0.0,eps=0.02",OK,"[0.021161, 0.0, 0.978839, 0.0, 0.0]",0.02992590320315393,0.029093510677181862,-0.020000000000000014,-0.020000000000000014,0.3877018928527832,0.39326868057250974,0.005566787719726518,0.3877018928527832,0.39326868057250974,1.4358422856192552,
urm,sensitivity only,only_coherence,"[0.0, 0.0, 1.0, 0.0, 0.0]",Fair,"alpha=0.0,eps=0.05",OK,"[0.052902, 0.0, 0.947098, 0.0, 0.0]",0.07481475800788484,0.07273377669295465,-0.05000000000000003,-0.05000000000000003,0.3877018928527832,0.3895292282104492,0.0018273353576659934,0.3877018928527832,0.3895292282104492,0.47132484812496456,
urm,sensitivity only,only_coherence,"[0.0, 0.0, 1.0, 0.0, 0.0]",Fair,"alpha=0.0,eps=0.1",OK,"[0.105804, 0.0, 0.894196, 0.0, 0.0]",0.1496295160157696,0.14546755338590922,-0.09999999999999995,-0.09999999999999995,0.3877018928527832,0.4160675048828125,0.028365612030029297,0.3877018928527832,0.4160675048828125,7.316346025888552,
urm,sensitivity only,only_coherence,"[0.0, 0.0, 1.0, 0.0, 0.0]",Fair,"alpha=0.5,eps=0.01",OK,"[0.000136, 9.7e-05, 0.999767, 0.0, 0.0]",0.0002864670884402764,0.0002792826665188782,-0.00022028671254792462,-0.00022028671254792462,0.3877018928527832,0.3877018928527832,0.0,0.3877018928527832,0.3877018928527832,0.0,
urm,sensitivity only,only_coherence,"[0.0, 0.0, 1.0, 0.0, 0.0]",Fair,"alpha=0.5,eps=0.02",OK,"[0.000272, 0.000193, 0.999534, 0.0, 0.0]",0.0005729320427672915,0.0005585632366185516,-0.000440571420046476,-0.000440571420046476,0.3877018928527832,0.3877018928527832,0.0,0.3877018928527832,0.3877018928527832,0.0,
urm,sensitivity only,only_coherence,"[0.0, 0.0, 1.0, 0.0, 0.0]",Fair,"alpha=0.5,eps=0.05",OK,"[0.00068, 0.000484, 0.998836, 0.0, 0.0]",0.001432331499384642,0.0013964094687434097,-0.0011014300728062428,-0.0011014300728062428,0.3877018928527832,0.38828325271606445,0.0005813598632812278,0.3877018928527832,0.38828325271606445,0.14995022567557587,
urm,sensitivity only,only_coherence,"[0.0, 0.0, 1.0, 0.0, 0.0]",Fair,"alpha=0.5,eps=0.1",OK,"[0.001361, 0.000967, 0.997672, 0.0, 0.0]",0.002864662923651827,0.0027928188760130593,-0.002202860358260502,-0.002202860358260502,0.3877018928527832,0.38788957595825196,0.0001876831054687389,0.3877018928527832,0.38788957595825196,0.04840912797400379,
urm,sensitivity only,only_coherence,"[0.0, 0.0, 1.0, 0.0, 0.0]",Fair,"alpha=1.0,eps=0.01",OK,"[6.8e-05, 4.9e-05, 0.999883, 0.0, 0.0]",0.00014361909114636977,0.0001400175868452154,-0.0001104484612597875,-0.0001104484612597875,0.3877018928527832,0.3877018928527832,0.0,0.3877018928527832,0.3877018928527832,0.0,
urm,sensitivity only,only_coherence,"[0.0, 0.0, 1.0, 0.0, 0.0]",Fair,"alpha=1.0,eps=0.02",OK,"[0.000136, 9.7e-05, 0.999767, 0.0, 0.0]",0.00028723889734814896,0.0002800358710760955,-0.00022089747841493447,-0.00022089747841493447,0.3877018928527832,0.3877018928527832,0.0,0.3877018928527832,0.3877018928527832,0.0,
urm,sensitivity only,only_coherence,"[0.0, 0.0, 1.0, 0.0, 0.0]",Fair,"alpha=1.0,eps=0.05",OK,"[0.000341, 0.000243, 0.999416, 0.0, 0.0]",0.0007180950199862086,0.0007000875046388725,-0.0005522418619591325,-0.0005522418619591326,0.3877018928527832,0.3877018928527832,0.0,0.3877018928527832,0.3877018928527832,0.0,
urm,sensitivity only,only_coherence,"[0.0, 0.0, 1.0, 0.0, 0.0]",Fair,"alpha=1.0,eps=0.1",OK,"[0.000682, 0.000486, 0.998833, 0.0, 0.0]",0.0014361898933830826,0.0014001748705065999,-0.0011044837060705985,-0.0011044837060705985,0.3877018928527832,0.38828325271606445,0.0005813598632812278,0.3877018928527832,0.38828325271606445,0.14995022567557587,
urm,sensitivity only,only_coherence,"[0.0, 0.0, 1.0, 0.0, 0.0]",Fair,"alpha=2.0,eps=0.01",OK,"[3.4e-05, 2.4e-05, 0.999942, 0.0, 0.0]",7.190521215423398e-05,7.01021549480093e-05,-5.529995192747235e-05,-5.529995192747235e-05,0.3877018928527832,0.3877018928527832,0.0,0.3877018928527832,0.3877018928527832,0.0,
urm,sensitivity only,only_coherence,"[0.0, 0.0, 1.0, 0.0, 0.0]",Fair,"alpha=2.0,eps=0.02",OK,"[6.8e-05, 4.9e-05, 0.999883, 0.0, 0.0]",0.00014381042431165953,0.0001402043098991094,-0.00011059990385819702,-0.000110599903858197,0.3877018928527832,0.3877018928527832,0.0,0.3877018928527832,0.3877018928527832,0.0,
urm,sensitivity only,only_coherence,"[0.0, 0.0, 1.0, 0.0, 0.0]",Fair,"alpha=2.0,eps=0.05",OK,"[0.000171, 0.000122, 0.999708, 0.0, 0.0]",0.00035952613989880525,0.00035051085167746516,-0.00027649981577447926,-0.0002764998157744792,0.3877018928527832,0.3877018928527832,0.0,0.3877018928527832,0.3877018928527832,0.0,
urm,sensitivity only,only_coherence,"[0.0, 0.0, 1.0, 0.0, 0.0]",Fair,"alpha=2.0,eps=0.1",OK,"[0.000341, 0.000243, 0.999416, 0.0, 0.0]",0.0007190521309098863,0.0007010215583280949,-0.0005529995199583418,-0.0005529995199583418,0.3877018928527832,0.3877018928527832,0.0,0.3877018928527832,0.3877018928527832,0.0,
urm,sensitivity only,only_complexity,"[0.0, 0.0, 0.0, 1.0, 0.0]",Avg,rho=0.0,OK,"[0.0, 0.0, 0.0, 1.0, 0.0]",0.0,0.0,0.0,0.0,-0.34017486572265626,-0.34017486572265626,0.0,-0.34017486572265626,-0.34017486572265626,0.0,same merge point as baseline
urm,sensitivity only,only_complexity,"[0.0, 0.0, 0.0, 1.0, 0.0]",Avg,rho=0.1,OK,"[0.0, 0.0, 0.0, 1.0, 0.0]",0.0,0.0,0.0,0.0,-0.34017486572265626,-0.34017486572265626,0.0,-0.34017486572265626,-0.34017486572265626,0.0,same merge point as baseline
urm,sensitivity only,only_complexity,"[0.0, 0.0, 0.0, 1.0, 0.0]",Avg,rho=0.2,OK,"[0.0, 0.0, 0.0, 1.0, 0.0]",0.0,0.0,0.0,0.0,-0.34017486572265626,-0.34017486572265626,0.0,-0.34017486572265626,-0.34017486572265626,0.0,same merge point as baseline
urm,sensitivity only,only_complexity,"[0.0, 0.0, 0.0, 1.0, 0.0]",Avg,rho=0.5,OK,"[0.0, 0.0, 0.0, 1.0, 0.0]",0.0,0.0,0.0,0.0,-0.34017486572265626,-0.34017486572265626,0.0,-0.34017486572265626,-0.34017486572265626,0.0,same merge point as baseline
urm,sensitivity only,only_complexity,"[0.0, 0.0, 0.0, 1.0, 0.0]",MaxMin,c=0.0,INFEASIBLE_BALL_MISSES_SIMPLEX,,,,,,-0.34017486572265626,,,-0.34017486572265626,,,INFEASIBLE_BALL_MISSES_SIMPLEX
urm,sensitivity only,only_complexity,"[0.0, 0.0, 0.0, 1.0, 0.0]",MaxMin,c=0.1,INFEASIBLE_BALL_MISSES_SIMPLEX,,,,,,-0.34017486572265626,,,-0.34017486572265626,,,INFEASIBLE_BALL_MISSES_SIMPLEX
urm,sensitivity only,only_complexity,"[0.0, 0.0, 0.0, 1.0, 0.0]",MaxMin,c=0.25,INFEASIBLE_BALL_MISSES_SIMPLEX,,,,,,-0.34017486572265626,,,-0.34017486572265626,,,INFEASIBLE_BALL_MISSES_SIMPLEX
urm,sensitivity only,only_complexity,"[0.0, 0.0, 0.0, 1.0, 0.0]",MaxMin,c=0.5,INFEASIBLE_BALL_MISSES_SIMPLEX,,,,,,-0.34017486572265626,,,-0.34017486572265626,,,INFEASIBLE_BALL_MISSES_SIMPLEX
urm,sensitivity only,only_complexity,"[0.0, 0.0, 0.0, 1.0, 0.0]",MaxMin,c=0.75,INFEASIBLE_BALL_MISSES_SIMPLEX,,,,,,-0.34017486572265626,,,-0.34017486572265626,,,INFEASIBLE_BALL_MISSES_SIMPLEX
urm,sensitivity only,only_complexity,"[0.0, 0.0, 0.0, 1.0, 0.0]",MaxMin,c=0.9,INFEASIBLE_BALL_MISSES_SIMPLEX,,,,,,-0.34017486572265626,,,-0.34017486572265626,,,INFEASIBLE_BALL_MISSES_SIMPLEX
urm,sensitivity only,only_complexity,"[0.0, 0.0, 0.0, 1.0, 0.0]",MaxMin,c=0.95,INFEASIBLE_BALL_MISSES_SIMPLEX,,,,,,-0.34017486572265626,,,-0.34017486572265626,,,INFEASIBLE_BALL_MISSES_SIMPLEX
urm,sensitivity only,only_complexity,"[0.0, 0.0, 0.0, 1.0, 0.0]",MaxMin,c=1.0,OK,"[0.0, 0.0, 0.0, 1.0, 0.0]",5.358105140256783e-16,5.271972824090997e-16,-4.332741313855644e-16,-4.332741313855644e-16,-0.34017486572265626,-0.34017486572265626,0.0,-0.34017486572265626,-0.34017486572265626,0.0,same merge point as baseline
urm,sensitivity only,only_complexity,"[0.0, 0.0, 0.0, 1.0, 0.0]",Fair,"alpha=0.0,eps=0.01",OK,"[0.010169, 0.0, 0.0, 0.989831, 0.0]",0.014380586790954381,0.014260862833170742,-0.009999999999999993,-0.009999999999999993,-0.34017486572265626,-0.34162254333496095,-0.0014476776123046875,-0.34017486572265626,-0.34162254333496095,-0.4255686584102235,
urm,sensitivity only,only_complexity,"[0.0, 0.0, 0.0, 1.0, 0.0]",Fair,"alpha=0.0,eps=0.02",OK,"[0.020337, 0.0, 0.0, 0.979663, 0.0]",0.028761173581908762,0.028521725666341483,-0.019999999999999987,-0.019999999999999987,-0.34017486572265626,-0.33848915100097654,0.0016857147216797208,-0.34017486572265626,-0.33848915100097654,0.49554358406187476,
urm,sensitivity only,only_complexity,"[0.0, 0.0, 0.0, 1.0, 0.0]",Fair,"alpha=0.0,eps=0.05",OK,"[0.050843, 0.0, 0.0, 0.949157, 0.0]",0.0719029339547719,0.0713043141658537,-0.04999999999999996,-0.04999999999999996,-0.34017486572265626,-0.3472555160522461,-0.0070806503295898215,-0.34017486572265626,-0.3472555160522461,-2.0814736898765056,
urm,sensitivity only,only_complexity,"[0.0, 0.0, 0.0, 1.0, 0.0]",Fair,"alpha=0.0,eps=0.1",OK,"[0.101686, 0.0, 0.0, 0.898314, 0.0]",0.1438058679095439,0.14260862833170748,-0.10000000000000003,-0.10000000000000003,-0.34017486572265626,-0.3559436798095703,-0.01576881408691405,-0.34017486572265626,-0.3559436798095703,-4.635502406509459,
urm,sensitivity only,only_complexity,"[0.0, 0.0, 0.0, 1.0, 0.0]",Fair,"alpha=0.5,eps=0.01",OK,"[0.000266, 0.000229, 0.0, 0.999505, 0.0]",0.0006070681362273801,0.0006067625767369362,-0.00048661645812227047,-0.0004866164581222704,-0.34017486572265626,-0.3414825439453125,-0.001307678222656261,-0.34017486572265626,-0.3414825439453125,-0.38441353386831584,
urm,sensitivity only,only_complexity,"[0.0, 0.0, 0.0, 1.0, 0.0]",Fair,"alpha=0.5,eps=0.02",OK,"[0.000532, 0.000458, 0.0, 0.99901, 0.0]",0.001214136279332867,0.0012135251603556155,-0.0009732329218850296,-0.0009732329218850296,-0.34017486572265626,-0.33782196044921875,0.002352905273437511,-0.34017486572265626,-0.33782196044921875,0.6916752266335365,
urm,sensitivity only,only_complexity,"[0.0, 0.0, 0.0, 1.0, 0.0]",Fair,"alpha=0.5,eps=0.05",OK,"[0.00133, 0.001146, 0.0, 0.997524, 0.0]",0.0030353405925514347,0.003033812795102095,-0.002433082218856404,-0.0024330822188564044,-0.34017486572265626,-0.3389263153076172,0.0012485504150390736,-0.34017486572265626,-0.3389263153076172,0.36703194175933435,
urm,sensitivity only,only_complexity,"[0.0, 0.0, 0.0, 1.0, 0.0]",Fair,"alpha=0.5,eps=0.1",OK,"[0.00266, 0.002292, 0.0, 0.995048, 0.0]",0.006070680901563367,0.006067625305747236,-0.004866164191460923,-0.004866164191460923,-0.34017486572265626,-0.34313011169433594,-0.0029552459716796764,-0.34017486572265626,-0.34313011169433594,-0.8687431875372831,
urm,sensitivity only,only_complexity,"[0.0, 0.0, 0.0, 1.0, 0.0]",Fair,"alpha=1.0,eps=0.01",OK,"[0.000134, 0.000115, 0.0, 0.999751, 0.0]",0.0003053696717865376,0.0003052164179304928,-0.00024478770680964076,-0.0002447877068096408,-0.34017486572265626,-0.34017486572265626,0.0,-0.34017486572265626,-0.34017486572265626,0.0,
urm,sensitivity only,only_complexity,"[0.0, 0.0, 0.0, 1.0, 0.0]",Fair,"alpha=1.0,eps=0.02",OK,"[0.000267, 0.000231, 0.0, 0.999502, 0.0]",0.0006107465938086319,0.000610440070531501,-0.0004895810100943673,-0.0004895810100943673,-0.34017486572265626,-0.34017486572265626,0.0,-0.34017486572265626,-0.34017486572265626,0.0,
urm,sensitivity only,only_complexity,"[0.0, 0.0, 0.0, 1.0, 0.0]",Fair,"alpha=1.0,eps=0.05",OK,"[0.000668, 0.000577, 0.0, 0.998754, 0.0]",0.0015268672212919393,0.0015261009129461114,-0.001223953119753519,-0.001223953119753519,-0.34017486572265626,-0.33782196044921875,0.002352905273437511,-0.34017486572265626,-0.33782196044921875,0.6916752266335365,
urm,sensitivity only,only_complexity,"[0.0, 0.0, 0.0, 1.0, 0.0]",Fair,"alpha=1.0,eps=0.1",OK,"[0.001337, 0.001155, 0.0, 0.997509, 0.0]",0.0030537351888683287,0.003052202563381289,-0.0024479066856654417,-0.0024479066856654417,-0.34017486572265626,-0.3389263153076172,0.0012485504150390736,-0.34017486572265626,-0.3389263153076172,0.36703194175933435,
urm,sensitivity only,only_complexity,"[0.0, 0.0, 0.0, 1.0, 0.0]",Fair,"alpha=2.0,eps=0.01",OK,"[6.7e-05, 5.8e-05, 0.0, 0.999875, 0.0]",0.00015313725713810722,0.00015306050782925337,-0.00012275841411716584,-0.00012275841411716584,-0.34017486572265626,-0.34017486572265626,0.0,-0.34017486572265626,-0.34017486572265626,0.0,
urm,sensitivity only,only_complexity,"[0.0, 0.0, 0.0, 1.0, 0.0]",Fair,"alpha=2.0,eps=0.02",OK,"[0.000134, 0.000116, 0.0, 0.99975, 0.0]",0.0003062745142763822,0.00030612101565961306,-0.0002455168282494825,-0.00024551682824948244,-0.34017486572265626,-0.34017486572265626,0.0,-0.34017486572265626,-0.34017486572265626,0.0,
urm,sensitivity only,only_complexity,"[0.0, 0.0, 0.0, 1.0, 0.0]",Fair,"alpha=2.0,eps=0.05",OK,"[0.000335, 0.00029, 0.0, 0.999375, 0.0]",0.0007656862857341484,0.0007653025391879287,-0.0006137920706300557,-0.0006137920706300558,-0.34017486572265626,-0.34017486572265626,0.0,-0.34017486572265626,-0.34017486572265626,0.0,
urm,sensitivity only,only_complexity,"[0.0, 0.0, 0.0, 1.0, 0.0]",Fair,"alpha=2.0,eps=0.1",OK,"[0.00067, 0.000579, 0.0, 0.998751, 0.0]",0.0015313725541117509,0.0015306050613256047,-0.001227584132637119,-0.001227584132637119,-0.34017486572265626,-0.33782196044921875,0.002352905273437511,-0.34017486572265626,-0.33782196044921875,0.6916752266335365,
urm,sensitivity only,only_verbosity,"[0.0, 0.0, 0.0, 0.0, 1.0]",Avg,rho=0.0,OK,"[0.0, 0.0, 0.0, 0.0, 1.0]",0.0,0.0,0.0,0.0,1.8066650390625,1.8066650390625,0.0,1.8066650390625,1.8066650390625,0.0,same merge point as baseline
urm,sensitivity only,only_verbosity,"[0.0, 0.0, 0.0, 0.0, 1.0]",Avg,rho=0.1,OK,"[0.0, 0.0, 0.0, 0.0, 1.0]",0.0,0.0,0.0,0.0,1.8066650390625,1.8066650390625,0.0,1.8066650390625,1.8066650390625,0.0,same merge point as baseline
urm,sensitivity only,only_verbosity,"[0.0, 0.0, 0.0, 0.0, 1.0]",Avg,rho=0.2,OK,"[0.0, 0.0, 0.0, 0.0, 1.0]",0.0,0.0,0.0,0.0,1.8066650390625,1.8066650390625,0.0,1.8066650390625,1.8066650390625,0.0,same merge point as baseline
urm,sensitivity only,only_verbosity,"[0.0, 0.0, 0.0, 0.0, 1.0]",Avg,rho=0.5,OK,"[0.0, 0.0, 0.0, 0.0, 1.0]",0.0,0.0,0.0,0.0,1.8066650390625,1.8066650390625,0.0,1.8066650390625,1.8066650390625,0.0,same merge point as baseline
urm,sensitivity only,only_verbosity,"[0.0, 0.0, 0.0, 0.0, 1.0]",MaxMin,c=0.0,INFEASIBLE_BALL_MISSES_SIMPLEX,,,,,,1.8066650390625,,,1.8066650390625,,,INFEASIBLE_BALL_MISSES_SIMPLEX
urm,sensitivity only,only_verbosity,"[0.0, 0.0, 0.0, 0.0, 1.0]",MaxMin,c=0.1,INFEASIBLE_BALL_MISSES_SIMPLEX,,,,,,1.8066650390625,,,1.8066650390625,,,INFEASIBLE_BALL_MISSES_SIMPLEX
urm,sensitivity only,only_verbosity,"[0.0, 0.0, 0.0, 0.0, 1.0]",MaxMin,c=0.25,INFEASIBLE_BALL_MISSES_SIMPLEX,,,,,,1.8066650390625,,,1.8066650390625,,,INFEASIBLE_BALL_MISSES_SIMPLEX
urm,sensitivity only,only_verbosity,"[0.0, 0.0, 0.0, 0.0, 1.0]",MaxMin,c=0.5,INFEASIBLE_BALL_MISSES_SIMPLEX,,,,,,1.8066650390625,,,1.8066650390625,,,INFEASIBLE_BALL_MISSES_SIMPLEX
urm,sensitivity only,only_verbosity,"[0.0, 0.0, 0.0, 0.0, 1.0]",MaxMin,c=0.75,INFEASIBLE_BALL_MISSES_SIMPLEX,,,,,,1.8066650390625,,,1.8066650390625,,,INFEASIBLE_BALL_MISSES_SIMPLEX
urm,sensitivity only,only_verbosity,"[0.0, 0.0, 0.0, 0.0, 1.0]",MaxMin,c=0.9,INFEASIBLE_BALL_MISSES_SIMPLEX,,,,,,1.8066650390625,,,1.8066650390625,,,INFEASIBLE_BALL_MISSES_SIMPLEX
urm,sensitivity only,only_verbosity,"[0.0, 0.0, 0.0, 0.0, 1.0]",MaxMin,c=0.95,INFEASIBLE_BALL_MISSES_SIMPLEX,,,,,,1.8066650390625,,,1.8066650390625,,,INFEASIBLE_BALL_MISSES_SIMPLEX
urm,sensitivity only,only_verbosity,"[0.0, 0.0, 0.0, 0.0, 1.0]",MaxMin,c=1.0,OK,"[0.0, 0.0, 0.0, 0.0, 1.0]",1.0026329292459153e-16,1.0026329292459153e-16,3.452938232224715e-19,3.452938232224715e-19,1.8066650390625,1.8066650390625,0.0,1.8066650390625,1.8066650390625,0.0,same merge point as baseline
urm,sensitivity only,only_verbosity,"[0.0, 0.0, 0.0, 0.0, 1.0]",Fair,"alpha=0.0,eps=0.01",OK,"[0.010071, 0.0, 0.0, 0.0, 0.989929]",0.01424189898859376,0.014191929644560996,-0.009999999999999955,-0.009999999999999955,1.8066650390625,1.8154541015625,0.0087890625,1.8066650390625,1.8154541015625,0.4864799124336157,
urm,sensitivity only,only_verbosity,"[0.0, 0.0, 0.0, 0.0, 1.0]",Fair,"alpha=0.0,eps=0.02",OK,"[0.020141, 0.0, 0.0, 0.0, 0.979859]",0.0284837979771876,0.02838385928912207,-0.02000000000000002,-0.02000000000000002,1.8066650390625,1.8067138671875,4.882812499995559e-05,1.8066650390625,1.8067138671875,0.002702666180184296,
urm,sensitivity only,only_verbosity,"[0.0, 0.0, 0.0, 0.0, 1.0]",Fair,"alpha=0.0,eps=0.05",OK,"[0.050353, 0.0, 0.0, 0.0, 0.949647]",0.07120949494296896,0.07095964822280514,-0.049999999999999996,-0.049999999999999996,1.8066650390625,1.79217529296875,-0.014489746093750089,1.8066650390625,1.79217529296875,-0.8020161889704241,
urm,sensitivity only,only_verbosity,"[0.0, 0.0, 0.0, 0.0, 1.0]",Fair,"alpha=0.0,eps=0.1",OK,"[0.100705, 0.0, 0.0, 0.0, 0.899295]",0.14241898988593793,0.14191929644561027,-0.09999999999999999,-0.09999999999999999,1.8066650390625,1.797119140625,-0.009545898437500089,1.8066650390625,1.797119140625,-0.5283712382265153,
urm,sensitivity only,only_verbosity,"[0.0, 0.0, 0.0, 0.0, 1.0]",Fair,"alpha=0.5,eps=0.01",OK,"[0.000456, 0.000415, 7.1e-05, 0.0, 0.999058]",0.0011277531397029647,0.0011367423108714825,-0.0009355327777957251,-0.0009355327777957251,1.8066650390625,1.80401611328125,-0.002648925781250089,1.8066650390625,1.80401611328125,-0.14661964027513633,
urm,sensitivity only,only_verbosity,"[0.0, 0.0, 0.0, 0.0, 1.0]",Fair,"alpha=0.5,eps=0.02",OK,"[0.000912, 0.00083, 0.000141, 0.0, 0.998117]",0.002255505952648694,0.0022734843009668527,-0.0018710653912128639,-0.0018710653912128639,1.8066650390625,1.80467529296875,-0.0019897460937501332,1.8066650390625,1.80467529296875,-0.1101336468426176,
urm,sensitivity only,only_verbosity,"[0.0, 0.0, 0.0, 0.0, 1.0]",Fair,"alpha=0.5,eps=0.05",OK,"[0.002279, 0.002076, 0.000353, 0.0, 0.995292]",0.005638766390788063,0.005683712255634017,-0.00467766449809439,-0.00467766449809439,1.8066650390625,1.80606689453125,-0.0005981445312501776,1.8066650390625,1.80606689453125,-0.03310766070729757,
urm,sensitivity only,only_verbosity,"[0.0, 0.0, 0.0, 0.0, 1.0]",Fair,"alpha=0.5,eps=0.1",OK,"[0.004558, 0.004152, 0.000706, 0.0, 0.990584]",0.011277532169581222,0.011367423884033449,-0.009355328346477702,-0.009355328346477702,1.8066650390625,1.81400146484375,0.007336425781249822,1.8066650390625,1.81400146484375,0.40607559357304995,
urm,sensitivity only,only_verbosity,"[0.0, 0.0, 0.0, 0.0, 1.0]",Fair,"alpha=1.0,eps=0.01",OK,"[0.000229, 0.000209, 3.9e-05, 0.0, 0.999522]",0.0005713790216453423,0.0005760044240722106,-0.00047495045744172396,-0.00047495045744172396,1.8066650390625,1.80362548828125,-0.0030395507812501776,1.8066650390625,1.80362548828125,-0.16824096971663527,
urm,sensitivity only,only_verbosity,"[0.0, 0.0, 0.0, 0.0, 1.0]",Fair,"alpha=1.0,eps=0.02",OK,"[0.000458, 0.000419, 7.9e-05, 0.0, 0.999044]",0.0011427574860338476,0.001152008286106896,-0.000949900438526278,-0.000949900438526278,1.8066650390625,1.80479736328125,-0.0018676757812501332,1.8066650390625,1.80479736328125,-0.10337698139215072,
urm,sensitivity only,only_verbosity,"[0.0, 0.0, 0.0, 0.0, 1.0]",Fair,"alpha=1.0,eps=0.05",OK,"[0.001146, 0.001047, 0.000197, 0.0, 0.99761]",0.002856894399313555,0.0028800214103628396,-0.002374751750374946,-0.002374751750374946,1.8066650390625,1.80501708984375,-0.00164794921875,1.8066650390625,1.80501708984375,-0.09121498358130295,
urm,sensitivity only,only_verbosity,"[0.0, 0.0, 0.0, 0.0, 1.0]",Fair,"alpha=1.0,eps=0.1",OK,"[0.002292, 0.002094, 0.000394, 0.0, 0.99522]",0.005713785882690229,0.005760039855992461,-0.004749500733344669,-0.004749500733344669,1.8066650390625,1.80606689453125,-0.0005981445312501776,1.8066650390625,1.80606689453125,-0.03310766070729757,
urm,sensitivity only,only_verbosity,"[0.0, 0.0, 0.0, 0.0, 1.0]",Fair,"alpha=2.0,eps=0.01",OK,"[0.000115, 0.000105, 2.1e-05, 0.0, 0.999759]",0.00028753946596637064,0.0002898844778170791,-0.0002392474113051119,-0.0002392474113051119,1.8066650390625,1.80362548828125,-0.0030395507812501776,1.8066650390625,1.80362548828125,-0.16824096971663527,
urm,sensitivity only,only_verbosity,"[0.0, 0.0, 0.0, 0.0, 1.0]",Fair,"alpha=2.0,eps=0.02",OK,"[0.00023, 0.00021, 4.1e-05, 0.0, 0.999518]",0.0005750788970135945,0.0005797689203105674,-0.00047849479273550863,-0.00047849479273550863,1.8066650390625,1.80362548828125,-0.0030395507812501776,1.8066650390625,1.80362548828125,-0.16824096971663527,
urm,sensitivity only,only_verbosity,"[0.0, 0.0, 0.0, 0.0, 1.0]",Fair,"alpha=2.0,eps=0.05",OK,"[0.000575, 0.000526, 0.000104, 0.0, 0.998796]",0.0014376979369849225,0.0014494230023155892,-0.001196237580945793,-0.001196237580945793,1.8066650390625,1.80479736328125,-0.0018676757812501332,1.8066650390625,1.80479736328125,-0.10337698139215072,
urm,sensitivity only,only_verbosity,"[0.0, 0.0, 0.0, 0.0, 1.0]",Fair,"alpha=2.0,eps=0.1",OK,"[0.001149, 0.001051, 0.000207, 0.0, 0.997592]",0.0028753946898885194,0.002898844808383709,-0.0023924741352791125,-0.0023924741352791125,1.8066650390625,1.80501708984375,-0.00164794921875,1.8066650390625,1.80501708984375,-0.09121498358130295,
