evaluator,evaluator_role,p_name,method,params,U_p_baseline,U_p_lambda,delta_u_p,ci_low,ci_high,excludes_zero,p_value,selection_regret,baseline_regret,p_holm_within_rm,p_holm_global,holm_within_rm_improves,holm_global_improves,holm_global_harms
armorm,primary post-hoc evaluator,balanced,Avg,rho=0.0,0.5641748046875,0.5684912109375,0.004316406250000002,-0.009326538085937502,0.017768798828124998,False,0.5432,0.009716796875000044,0.014033203125000004,1.0,1.0,False,False,False
armorm,primary post-hoc evaluator,balanced,Avg,rho=0.1,0.5641748046875,0.56466796875,0.0004931640624999996,-0.007781005859374999,0.008903991699218747,False,0.9028,0.013540039062500009,0.014033203125000004,1.0,1.0,False,False,False
armorm,primary post-hoc evaluator,balanced,Avg,rho=0.2,0.5641748046875,0.56966552734375,0.00549072265625,-0.0005445556640625008,0.012041015625,False,0.081,0.008542480468750058,0.014033203125000004,1.0,1.0,False,False,False
armorm,primary post-hoc evaluator,balanced,Avg,rho=0.5,0.5641748046875,0.56636962890625,0.00219482421875,-0.00247821044921875,0.00743408203125,False,0.3872,0.011838378906250058,0.014033203125000004,1.0,1.0,False,False,False
armorm,primary post-hoc evaluator,balanced,MaxMin,c=0.0,0.5641748046875,0.56666748046875,0.00249267578125,-0.0022510375976562504,0.007812622070312499,False,0.3284,0.011540527343749996,0.014033203125000004,1.0,1.0,False,False,False
armorm,primary post-hoc evaluator,balanced,MaxMin,c=0.1,0.5641748046875,0.5668994140625,0.0027246093750000005,-0.0017969970703124998,0.007802978515624997,False,0.257,0.01130859375000004,0.014033203125000004,1.0,1.0,False,False,False
armorm,primary post-hoc evaluator,balanced,MaxMin,c=0.25,0.5641748046875,0.5649609375,0.0007861328125,-0.0030616455078125004,0.0045800781249999995,False,0.6834,0.013247070312500053,0.014033203125000004,1.0,1.0,False,False,False
armorm,primary post-hoc evaluator,balanced,MaxMin,c=0.5,0.5641748046875,0.565263671875,0.0010888671875,-0.001708984375,0.004160278320312498,False,0.4774,0.012944335937499996,0.014033203125000004,1.0,1.0,False,False,False
armorm,primary post-hoc evaluator,balanced,MaxMin,c=0.75,0.5641748046875,0.56564453125,0.0014697265625000001,-0.0009718017578124998,0.004057739257812497,False,0.2524,0.012563476562500009,0.014033203125000004,1.0,1.0,False,False,False
armorm,primary post-hoc evaluator,balanced,MaxMin,c=0.9,0.5641748046875,0.5645556640625,0.000380859375,-0.00173828125,0.002641723632812498,False,0.7468,0.013652343750000018,0.014033203125000004,1.0,1.0,False,False,False
armorm,primary post-hoc evaluator,balanced,MaxMin,c=0.95,0.5641748046875,0.5641259765625001,-4.8828124999999955e-05,-0.0014599609374999999,0.0011474609375,False,1.0,0.01408203124999996,0.014033203125000004,1.0,1.0,False,False,False
armorm,primary post-hoc evaluator,balanced,Fair,"alpha=0.0,eps=0.01",0.5641748046875,0.5664013671875,0.0022265625000000002,-0.004817077636718749,0.009089538574218748,False,0.54,0.011806640625000031,0.014033203125000004,1.0,1.0,False,False,False
armorm,primary post-hoc evaluator,balanced,Fair,"alpha=0.0,eps=0.02",0.5641748046875,0.5751879882812501,0.01101318359375,0.00187744140625,0.020415161132812495,True,0.0176,0.0030200195312499734,0.014033203125000004,1.0,1.0,False,False,False
armorm,primary post-hoc evaluator,balanced,Fair,"alpha=0.0,eps=0.05",0.5641748046875,0.57202392578125,0.00784912109375,-0.0018140258789062504,0.017714843749999997,False,0.1236,0.006184082031249982,0.014033203125000004,1.0,1.0,False,False,False
armorm,primary post-hoc evaluator,balanced,Fair,"alpha=0.0,eps=0.1",0.5641748046875,0.56989990234375,0.0057250976562500016,-0.00556890869140625,0.016484741210937497,False,0.319,0.008308105468750049,0.014033203125000004,1.0,1.0,False,False,False
armorm,primary post-hoc evaluator,balanced,Fair,"alpha=0.5,eps=0.01",0.5641748046875,0.563828125,-0.0003466796875,-0.0021240234375,0.0011279296874999998,False,0.6936,0.014379882812500022,0.014033203125000004,1.0,1.0,False,False,False
armorm,primary post-hoc evaluator,balanced,Fair,"alpha=0.5,eps=0.02",0.5641748046875,0.565029296875,0.0008544921875,-0.0013378906249999999,0.003173828125,False,0.4626,0.013178710937500004,0.014033203125000004,1.0,1.0,False,False,False
armorm,primary post-hoc evaluator,balanced,Fair,"alpha=0.5,eps=0.05",0.5641748046875,0.5646533203125,0.00047851562500000005,-0.0028857421874999996,0.003603515625,False,0.7388,0.013554687499999996,0.014033203125000004,1.0,1.0,False,False,False
armorm,primary post-hoc evaluator,balanced,Fair,"alpha=0.5,eps=0.1",0.5641748046875,0.5668994140625,0.0027246093750000005,-0.0017969970703124998,0.007802978515624997,False,0.257,0.01130859375000004,0.014033203125000004,1.0,1.0,False,False,False
armorm,primary post-hoc evaluator,balanced,Fair,"alpha=1.0,eps=0.01",0.5641748046875,0.5648242187500001,0.0006494140625,0.0,0.0014746093750000002,False,0.0914,0.013383789062499929,0.014033203125000004,1.0,1.0,False,False,False
armorm,primary post-hoc evaluator,balanced,Fair,"alpha=1.0,eps=0.02",0.5641748046875,0.5637841796875,-0.000390625,-0.0021630859375,0.0010498046875,False,0.6486,0.014423828124999982,0.014033203125000004,1.0,1.0,False,False,False
armorm,primary post-hoc evaluator,balanced,Fair,"alpha=1.0,eps=0.05",0.5641748046875,0.565029296875,0.0008544921875,-0.0013378906249999999,0.003173828125,False,0.4626,0.013178710937500004,0.014033203125000004,1.0,1.0,False,False,False
armorm,primary post-hoc evaluator,balanced,Fair,"alpha=1.0,eps=0.1",0.5641748046875,0.5646337890625,0.0004589843749999999,-0.0029005126953124995,0.0035791015625000005,False,0.7482,0.013574218750000089,0.014033203125000004,1.0,1.0,False,False,False
armorm,primary post-hoc evaluator,balanced,Fair,"alpha=2.0,eps=0.01",0.5641748046875,0.5648242187500001,0.0006494140625,0.0,0.0014746093750000002,False,0.0914,0.013383789062499929,0.014033203125000004,1.0,1.0,False,False,False
armorm,primary post-hoc evaluator,balanced,Fair,"alpha=2.0,eps=0.02",0.5641748046875,0.5648242187500001,0.0006494140625,0.0,0.0014746093750000002,False,0.0914,0.013383789062499929,0.014033203125000004,1.0,1.0,False,False,False
armorm,primary post-hoc evaluator,balanced,Fair,"alpha=2.0,eps=0.05",0.5641748046875,0.563828125,-0.0003466796875,-0.0021240234375,0.0011279296874999998,False,0.6936,0.014379882812500022,0.014033203125000004,1.0,1.0,False,False,False
armorm,primary post-hoc evaluator,balanced,Fair,"alpha=2.0,eps=0.1",0.5641748046875,0.565029296875,0.0008544921875,-0.0013378906249999999,0.003173828125,False,0.4626,0.013178710937500004,0.014033203125000004,1.0,1.0,False,False,False
armorm,primary post-hoc evaluator,dominant_helpfulness,Avg,rho=0.0,0.5602508544921875,0.5608840942382812,0.00063323974609375,-0.01175689697265625,0.012890815734863278,False,0.9278,0.007615661621093839,0.008248901367187589,1.0,1.0,False,False,False
armorm,primary post-hoc evaluator,dominant_helpfulness,Avg,rho=0.1,0.5602508544921875,0.5608840942382812,0.00063323974609375,-0.01175689697265625,0.012890815734863278,False,0.9278,0.007615661621093839,0.008248901367187589,1.0,1.0,False,False,False
armorm,primary post-hoc evaluator,dominant_helpfulness,Avg,rho=0.2,0.5602508544921875,0.5608840942382812,0.00063323974609375,-0.01175689697265625,0.012890815734863278,False,0.9278,0.007615661621093839,0.008248901367187589,1.0,1.0,False,False,False
armorm,primary post-hoc evaluator,dominant_helpfulness,Avg,rho=0.5,0.5602508544921875,0.5605651855468751,0.0003143310546875,-0.012542800903320312,0.01325134277343749,False,0.9584,0.0079345703125,0.008248901367187589,1.0,1.0,False,False,False
armorm,primary post-hoc evaluator,dominant_helpfulness,MaxMin,c=0.0,0.5602508544921875,0.5576705932617188,-0.00258026123046875,-0.01438751220703125,0.009551048278808585,False,0.6864,0.010829162597656317,0.008248901367187589,1.0,1.0,False,False,False
armorm,primary post-hoc evaluator,dominant_helpfulness,MaxMin,c=0.1,0.5602508544921875,0.5614013671875,0.0011505126953125,-0.011227798461914061,0.013798522949218728,False,0.8606,0.007098388671875067,0.008248901367187589,1.0,1.0,False,False,False
armorm,primary post-hoc evaluator,dominant_helpfulness,MaxMin,c=0.25,0.5602508544921875,0.560174560546875,-7.62939453125e-05,-0.012640457153320312,0.0126190185546875,False,0.9834,0.008325195312500089,0.008248901367187589,1.0,1.0,False,False,False
armorm,primary post-hoc evaluator,dominant_helpfulness,MaxMin,c=0.5,0.5602508544921875,0.5608596801757812,0.00060882568359375,-0.011656570434570312,0.01266296386718748,False,0.9344,0.007640075683593817,0.008248901367187589,1.0,1.0,False,False,False
armorm,primary post-hoc evaluator,dominant_helpfulness,MaxMin,c=0.75,0.5602508544921875,0.5561721801757812,-0.00407867431640625,-0.013951301574707031,0.006205825805664061,False,0.4272,0.012327575683593883,0.008248901367187589,1.0,1.0,False,False,False
armorm,primary post-hoc evaluator,dominant_helpfulness,MaxMin,c=0.9,0.5602508544921875,0.5569335937500001,-0.0033172607421875,-0.010299720764160157,0.003590431213378906,False,0.3436,0.011566162109375,0.008248901367187589,1.0,1.0,False,False,False
armorm,primary post-hoc evaluator,dominant_helpfulness,MaxMin,c=0.95,0.5602508544921875,0.5547760009765625,-0.005474853515625,-0.010841445922851562,-0.00037830352783203294,True,0.034,0.013723754882812522,0.008248901367187589,1.0,1.0,False,False,False
armorm,primary post-hoc evaluator,dominant_helpfulness,Fair,"alpha=0.0,eps=0.01",0.5602508544921875,0.5566833496093749,-0.0035675048828125,-0.012094192504882813,0.00511474609375,False,0.4056,0.011816406250000133,0.008248901367187589,1.0,1.0,False,False,False
armorm,primary post-hoc evaluator,dominant_helpfulness,Fair,"alpha=0.0,eps=0.02",0.5602508544921875,0.5559219360351563,-0.00432891845703125,-0.013951530456542969,0.005542068481445311,False,0.3704,0.012577819824218794,0.008248901367187589,1.0,1.0,False,False,False
armorm,primary post-hoc evaluator,dominant_helpfulness,Fair,"alpha=0.0,eps=0.05",0.5602508544921875,0.5601043701171875,-0.000146484375,-0.012670974731445312,0.012362747192382811,False,0.9702,0.008395385742187567,0.008248901367187589,1.0,1.0,False,False,False
armorm,primary post-hoc evaluator,dominant_helpfulness,Fair,"alpha=0.0,eps=0.1",0.5602508544921875,0.5645782470703125,0.004327392578125,-0.0069976806640625,0.01573196411132812,False,0.4606,0.003921508789062611,0.008248901367187589,1.0,1.0,False,False,False
armorm,primary post-hoc evaluator,dominant_helpfulness,Fair,"alpha=0.5,eps=0.01",0.5602508544921875,0.5599853515625,-0.0002655029296875,-0.0026185607910156248,0.00206298828125,False,0.8026,0.008514404296875111,0.008248901367187589,1.0,1.0,False,False,False
armorm,primary post-hoc evaluator,dominant_helpfulness,Fair,"alpha=0.5,eps=0.02",0.5602508544921875,0.5588714599609375,-0.00137939453125,-0.004348831176757812,0.0013946533203125,False,0.3312,0.009628295898437611,0.008248901367187589,1.0,1.0,False,False,False
armorm,primary post-hoc evaluator,dominant_helpfulness,Fair,"alpha=0.5,eps=0.05",0.5602508544921875,0.5584213256835938,-0.00182952880859375,-0.006640777587890625,0.002886962890625,False,0.4456,0.01007843017578125,0.008248901367187589,1.0,1.0,False,False,False
armorm,primary post-hoc evaluator,dominant_helpfulness,Fair,"alpha=0.5,eps=0.1",0.5602508544921875,0.5567245483398438,-0.00352630615234375,-0.00902099609375,0.0020355224609375,False,0.217,0.011775207519531317,0.008248901367187589,1.0,1.0,False,False,False
armorm,primary post-hoc evaluator,dominant_helpfulness,Fair,"alpha=1.0,eps=0.01",0.5602508544921875,0.5613250732421875,0.00107421875,0.0,0.0028594970703125,False,0.2612,0.007174682617187567,0.008248901367187589,1.0,1.0,False,False,False
armorm,primary post-hoc evaluator,dominant_helpfulness,Fair,"alpha=1.0,eps=0.02",0.5602508544921875,0.5601654052734375,-8.544921875e-05,-0.0023712158203125,0.0021331787109375,False,0.892,0.008334350585937567,0.008248901367187589,1.0,1.0,False,False,False
armorm,primary post-hoc evaluator,dominant_helpfulness,Fair,"alpha=1.0,eps=0.05",0.5602508544921875,0.559368896484375,-0.0008819580078125,-0.003964309692382813,0.0020845031738281226,False,0.5742,0.009130859375000022,0.008248901367187589,1.0,1.0,False,False,False
armorm,primary post-hoc evaluator,dominant_helpfulness,Fair,"alpha=1.0,eps=0.1",0.5602508544921875,0.5579605102539062,-0.00229034423828125,-0.007124366760253906,0.0025482177734375,False,0.3476,0.010539245605468817,0.008248901367187589,1.0,1.0,False,False,False
armorm,primary post-hoc evaluator,dominant_helpfulness,Fair,"alpha=2.0,eps=0.01",0.5602508544921875,0.560614013671875,0.0003631591796875,0.0,0.0010894775390625,False,0.7184,0.007885742187500044,0.008248901367187589,1.0,1.0,False,False,False
armorm,primary post-hoc evaluator,dominant_helpfulness,Fair,"alpha=2.0,eps=0.02",0.5602508544921875,0.5613250732421875,0.00107421875,0.0,0.0028594970703125,False,0.2612,0.007174682617187567,0.008248901367187589,1.0,1.0,False,False,False
armorm,primary post-hoc evaluator,dominant_helpfulness,Fair,"alpha=2.0,eps=0.05",0.5602508544921875,0.5601654052734375,-8.544921875e-05,-0.0023712158203125,0.0021331787109375,False,0.892,0.008334350585937567,0.008248901367187589,1.0,1.0,False,False,False
armorm,primary post-hoc evaluator,dominant_helpfulness,Fair,"alpha=2.0,eps=0.1",0.5602508544921875,0.559368896484375,-0.0008819580078125,-0.003964309692382813,0.0020845031738281226,False,0.5742,0.009130859375000022,0.008248901367187589,1.0,1.0,False,False,False
armorm,primary post-hoc evaluator,dominant_correctness,Avg,rho=0.0,0.5642425537109375,0.55601806640625,-0.0082244873046875,-0.02178508758544922,0.005288772583007812,False,0.237,0.015951538085937522,0.007727050781250022,1.0,1.0,False,False,False
armorm,primary post-hoc evaluator,dominant_correctness,Avg,rho=0.1,0.5642425537109375,0.55601806640625,-0.0082244873046875,-0.02178508758544922,0.005288772583007812,False,0.237,0.015951538085937522,0.007727050781250022,1.0,1.0,False,False,False
armorm,primary post-hoc evaluator,dominant_correctness,Avg,rho=0.2,0.5642425537109375,0.55601806640625,-0.0082244873046875,-0.02178508758544922,0.005288772583007812,False,0.237,0.015951538085937522,0.007727050781250022,1.0,1.0,False,False,False
armorm,primary post-hoc evaluator,dominant_correctness,Avg,rho=0.5,0.5642425537109375,0.5608764648437501,-0.0033660888671875,-0.01564838409423828,0.008760108947753906,False,0.5812,0.011093139648437389,0.007727050781250022,1.0,1.0,False,False,False
armorm,primary post-hoc evaluator,dominant_correctness,MaxMin,c=0.0,0.5642425537109375,0.5629241943359374,-0.001318359375,-0.012922821044921875,0.010415763854980468,False,0.813,0.009045410156250044,0.007727050781250022,1.0,1.0,False,False,False
armorm,primary post-hoc evaluator,dominant_correctness,MaxMin,c=0.1,0.5642425537109375,0.5595886230468751,-0.0046539306640625,-0.016209449768066406,0.00707855224609375,False,0.4346,0.012380981445312411,0.007727050781250022,1.0,1.0,False,False,False
armorm,primary post-hoc evaluator,dominant_correctness,MaxMin,c=0.25,0.5642425537109375,0.557354736328125,-0.0068878173828125,-0.017071647644042967,0.0032869720458984343,False,0.1928,0.014614868164062433,0.007727050781250022,1.0,1.0,False,False,False
armorm,primary post-hoc evaluator,dominant_correctness,MaxMin,c=0.5,0.5642425537109375,0.5652557373046875,0.00101318359375,-0.008749847412109374,0.010401992797851561,False,0.8284,0.0067138671875,0.007727050781250022,1.0,1.0,False,False,False
armorm,primary post-hoc evaluator,dominant_correctness,MaxMin,c=0.75,0.5642425537109375,0.561773681640625,-0.0024688720703125,-0.01156158447265625,0.00674007415771484,False,0.6188,0.010195922851562456,0.007727050781250022,1.0,1.0,False,False,False
armorm,primary post-hoc evaluator,dominant_correctness,MaxMin,c=0.9,0.5642425537109375,0.5652450561523437,0.00100250244140625,-0.006460876464843749,0.008565330505371085,False,0.7912,0.006724548339843817,0.007727050781250022,1.0,1.0,False,False,False
armorm,primary post-hoc evaluator,dominant_correctness,MaxMin,c=0.95,0.5642425537109375,0.5605712890625,-0.0036712646484375,-0.010254287719726562,0.0028504180908203117,False,0.2656,0.0113983154296875,0.007727050781250022,1.0,1.0,False,False,False
armorm,primary post-hoc evaluator,dominant_correctness,Fair,"alpha=0.0,eps=0.01",0.5642425537109375,0.5682785034179687,0.00403594970703125,-0.0052690887451171875,0.013592948913574212,False,0.382,0.003691101074218772,0.007727050781250022,1.0,1.0,False,False,False
armorm,primary post-hoc evaluator,dominant_correctness,Fair,"alpha=0.0,eps=0.02",0.5642425537109375,0.5686355590820312,0.00439300537109375,-0.006125183105468749,0.01505485534667968,False,0.4054,0.00333404541015625,0.007727050781250022,1.0,1.0,False,False,False
armorm,primary post-hoc evaluator,dominant_correctness,Fair,"alpha=0.0,eps=0.05",0.5642425537109375,0.5613189697265625,-0.002923583984375,-0.014703483581542968,0.008638229370117184,False,0.6328,0.010650634765625,0.007727050781250022,1.0,1.0,False,False,False
armorm,primary post-hoc evaluator,dominant_correctness,Fair,"alpha=0.0,eps=0.1",0.5642425537109375,0.5668380737304687,0.00259552001953125,-0.011490211486816405,0.016310272216796873,False,0.7116,0.005131530761718794,0.007727050781250022,1.0,1.0,False,False,False
armorm,primary post-hoc evaluator,dominant_correctness,Fair,"alpha=0.5,eps=0.01",0.5642425537109375,0.5653350830078124,0.001092529296875,-0.0006683349609375,0.0039031982421875,False,0.4674,0.006634521484375044,0.007727050781250022,1.0,1.0,False,False,False
armorm,primary post-hoc evaluator,dominant_correctness,Fair,"alpha=0.5,eps=0.02",0.5642425537109375,0.5644500732421875,0.00020751953125,-0.0023163604736328126,0.0033203125,False,0.9584,0.007519531249999933,0.007727050781250022,1.0,1.0,False,False,False
armorm,primary post-hoc evaluator,dominant_correctness,Fair,"alpha=0.5,eps=0.05",0.5642425537109375,0.562994384765625,-0.0012481689453125,-0.0058135986328125,0.0032196807861328116,False,0.5798,0.008975219726562456,0.007727050781250022,1.0,1.0,False,False,False
armorm,primary post-hoc evaluator,dominant_correctness,Fair,"alpha=0.5,eps=0.1",0.5642425537109375,0.562652587890625,-0.0015899658203125,-0.008291778564453125,0.005145339965820311,False,0.6368,0.009317016601562478,0.007727050781250022,1.0,1.0,False,False,False
armorm,primary post-hoc evaluator,dominant_correctness,Fair,"alpha=1.0,eps=0.01",0.5642425537109375,0.5657257080078125,0.001483154296875,0.0,0.004119873046875,False,0.2844,0.006243896484374956,0.007727050781250022,1.0,1.0,False,False,False
armorm,primary post-hoc evaluator,dominant_correctness,Fair,"alpha=1.0,eps=0.02",0.5642425537109375,0.5653350830078124,0.001092529296875,-0.0006683349609375,0.0039031982421875,False,0.4674,0.006634521484375044,0.007727050781250022,1.0,1.0,False,False,False
armorm,primary post-hoc evaluator,dominant_correctness,Fair,"alpha=1.0,eps=0.05",0.5642425537109375,0.5635040283203124,-0.000738525390625,-0.0035492706298828123,0.0025910186767578117,False,0.5872,0.008465576171875044,0.007727050781250022,1.0,1.0,False,False,False
armorm,primary post-hoc evaluator,dominant_correctness,Fair,"alpha=1.0,eps=0.1",0.5642425537109375,0.562994384765625,-0.0012481689453125,-0.0058135986328125,0.0032196807861328116,False,0.5798,0.008975219726562456,0.007727050781250022,1.0,1.0,False,False,False
armorm,primary post-hoc evaluator,dominant_correctness,Fair,"alpha=2.0,eps=0.01",0.5642425537109375,0.5653961181640624,0.001153564453125,0.0,0.003460693359375,False,0.7494,0.006573486328125044,0.007727050781250022,1.0,1.0,False,False,False
armorm,primary post-hoc evaluator,dominant_correctness,Fair,"alpha=2.0,eps=0.02",0.5642425537109375,0.5657257080078125,0.001483154296875,0.0,0.004119873046875,False,0.2844,0.006243896484374956,0.007727050781250022,1.0,1.0,False,False,False
armorm,primary post-hoc evaluator,dominant_correctness,Fair,"alpha=2.0,eps=0.05",0.5642425537109375,0.5647735595703125,0.000531005859375,-0.0018035888671875,0.0034882354736328115,False,0.782,0.007196044921874978,0.007727050781250022,1.0,1.0,False,False,False
armorm,primary post-hoc evaluator,dominant_correctness,Fair,"alpha=2.0,eps=0.1",0.5642425537109375,0.5635040283203124,-0.000738525390625,-0.0035492706298828123,0.0025910186767578117,False,0.5872,0.008465576171875044,0.007727050781250022,1.0,1.0,False,False,False
armorm,primary post-hoc evaluator,dominant_coherence,Avg,rho=0.0,0.5985054016113281,0.5930572509765625,-0.005448150634765625,-0.017221508026123045,0.006160087585449217,False,0.3568,0.01782226562499989,0.01237411499023422,1.0,1.0,False,False,False
armorm,primary post-hoc evaluator,dominant_coherence,Avg,rho=0.1,0.5985054016113281,0.5930572509765625,-0.005448150634765625,-0.017221508026123045,0.006160087585449217,False,0.3568,0.01782226562499989,0.01237411499023422,1.0,1.0,False,False,False
armorm,primary post-hoc evaluator,dominant_coherence,Avg,rho=0.2,0.5985054016113281,0.5930572509765625,-0.005448150634765625,-0.017221508026123045,0.006160087585449217,False,0.3568,0.01782226562499989,0.01237411499023422,1.0,1.0,False,False,False
armorm,primary post-hoc evaluator,dominant_coherence,Avg,rho=0.5,0.5985054016113281,0.5998077392578125,0.001302337646484375,-0.009767284393310547,0.012214698791503905,False,0.8224,0.011071777343749867,0.01237411499023422,1.0,1.0,False,False,False
armorm,primary post-hoc evaluator,dominant_coherence,MaxMin,c=0.0,0.5985054016113281,0.5998367309570313,0.001331329345703125,-0.00950166702270508,0.012175025939941405,False,0.814,0.011042785644531095,0.01237411499023422,1.0,1.0,False,False,False
armorm,primary post-hoc evaluator,dominant_coherence,MaxMin,c=0.1,0.5985054016113281,0.59720458984375,-0.001300811767578125,-0.012813720703125,0.009886188507080078,False,0.815,0.013674926757812345,0.01237411499023422,1.0,1.0,False,False,False
armorm,primary post-hoc evaluator,dominant_coherence,MaxMin,c=0.25,0.5985054016113281,0.5973434448242189,-0.001161956787109375,-0.012240028381347655,0.009939193725585932,False,0.843,0.013536071777343506,0.01237411499023422,1.0,1.0,False,False,False
armorm,primary post-hoc evaluator,dominant_coherence,MaxMin,c=0.5,0.5985054016113281,0.6033187866210937,0.004813385009765625,-0.005049190521240234,0.014472446441650388,False,0.3336,0.007560729980468639,0.01237411499023422,1.0,1.0,False,False,False
armorm,primary post-hoc evaluator,dominant_coherence,MaxMin,c=0.75,0.5985054016113281,0.6026626586914063,0.004157257080078125,-0.005577926635742188,0.01398027420043945,False,0.399,0.008216857910156028,0.01237411499023422,1.0,1.0,False,False,False
armorm,primary post-hoc evaluator,dominant_coherence,MaxMin,c=0.9,0.5985054016113281,0.5982658386230469,-0.00023956298828125,-0.008085670471191407,0.00766448974609375,False,0.9578,0.012613677978515425,0.01237411499023422,1.0,1.0,False,False,False
armorm,primary post-hoc evaluator,dominant_coherence,MaxMin,c=0.95,0.5985054016113281,0.5997833251953125,0.001277923583984375,-0.003942947387695312,0.006471309661865234,False,0.632,0.011096191406249845,0.01237411499023422,1.0,1.0,False,False,False
armorm,primary post-hoc evaluator,dominant_coherence,Fair,"alpha=0.0,eps=0.01",0.5985054016113281,0.5953304290771484,-0.0031749725341796873,-0.012257204055786132,0.005869503021240231,False,0.4932,0.015549087524413974,0.01237411499023422,1.0,1.0,False,False,False
armorm,primary post-hoc evaluator,dominant_coherence,Fair,"alpha=0.0,eps=0.02",0.5985054016113281,0.6008918762207032,0.002386474609375,-0.007338485717773437,0.012080459594726561,False,0.6452,0.009987640380859197,0.01237411499023422,1.0,1.0,False,False,False
armorm,primary post-hoc evaluator,dominant_coherence,Fair,"alpha=0.0,eps=0.05",0.5985054016113281,0.5996383666992188,0.001132965087890625,-0.010731563568115233,0.013103542327880859,False,0.876,0.011241149902343595,0.01237411499023422,1.0,1.0,False,False,False
armorm,primary post-hoc evaluator,dominant_coherence,Fair,"alpha=0.0,eps=0.1",0.5985054016113281,0.6046722412109374,0.006166839599609375,-0.007475814819335937,0.019651126861572263,False,0.374,0.006207275390624933,0.01237411499023422,1.0,1.0,False,False,False
armorm,primary post-hoc evaluator,dominant_coherence,Fair,"alpha=0.5,eps=0.01",0.5985054016113281,0.5963630676269531,-0.002142333984375,-0.0052215576171875,0.0,False,0.093,0.014516448974609242,0.01237411499023422,1.0,1.0,False,False,False
armorm,primary post-hoc evaluator,dominant_coherence,Fair,"alpha=0.5,eps=0.02",0.5985054016113281,0.5960365295410157,-0.0024688720703125,-0.006058120727539062,0.000775146484375,False,0.1442,0.014842987060546653,0.01237411499023422,1.0,1.0,False,False,False
armorm,primary post-hoc evaluator,dominant_coherence,Fair,"alpha=0.5,eps=0.05",0.5985054016113281,0.5985969543457031,9.1552734375e-05,-0.004126052856445312,0.0042420196533203116,False,0.9784,0.01228256225585922,0.01237411499023422,1.0,1.0,False,False,False
armorm,primary post-hoc evaluator,dominant_coherence,Fair,"alpha=0.5,eps=0.1",0.5985054016113281,0.5995948791503907,0.0010894775390625,-0.005786285400390625,0.008169937133789057,False,0.7956,0.011284637451171697,0.01237411499023422,1.0,1.0,False,False,False
armorm,primary post-hoc evaluator,dominant_coherence,Fair,"alpha=1.0,eps=0.01",0.5985054016113281,0.5969459533691406,-0.0015594482421875,-0.004278564453125,0.0,False,0.2588,0.013933563232421786,0.01237411499023422,1.0,1.0,False,False,False
armorm,primary post-hoc evaluator,dominant_coherence,Fair,"alpha=1.0,eps=0.02",0.5985054016113281,0.5963630676269531,-0.002142333984375,-0.0052215576171875,0.0,False,0.093,0.014516448974609242,0.01237411499023422,1.0,1.0,False,False,False
armorm,primary post-hoc evaluator,dominant_coherence,Fair,"alpha=1.0,eps=0.05",0.5985054016113281,0.5960365295410157,-0.0024688720703125,-0.006058120727539062,0.000775146484375,False,0.1442,0.014842987060546653,0.01237411499023422,1.0,1.0,False,False,False
armorm,primary post-hoc evaluator,dominant_coherence,Fair,"alpha=1.0,eps=0.1",0.5985054016113281,0.5986885070800781,0.00018310546875,-0.004061965942382812,0.0043243408203125,False,0.9454,0.01219100952148422,0.01237411499023422,1.0,1.0,False,False,False
armorm,primary post-hoc evaluator,dominant_coherence,Fair,"alpha=2.0,eps=0.01",0.5985054016113281,0.597345733642578,-0.00115966796875,-0.00347900390625,0.0,False,0.7374,0.01353378295898433,0.01237411499023422,1.0,1.0,False,False,False
armorm,primary post-hoc evaluator,dominant_coherence,Fair,"alpha=2.0,eps=0.02",0.5985054016113281,0.5969459533691406,-0.0015594482421875,-0.004278564453125,0.0,False,0.2588,0.013933563232421786,0.01237411499023422,1.0,1.0,False,False,False
armorm,primary post-hoc evaluator,dominant_coherence,Fair,"alpha=2.0,eps=0.05",0.5985054016113281,0.5952400207519531,-0.003265380859375,-0.006622390747070312,-0.0005828857421875,True,0.0134,0.01563949584960922,0.01237411499023422,1.0,1.0,False,False,False
armorm,primary post-hoc evaluator,dominant_coherence,Fair,"alpha=2.0,eps=0.1",0.5985054016113281,0.5960365295410157,-0.0024688720703125,-0.006058120727539062,0.000775146484375,False,0.1442,0.014842987060546653,0.01237411499023422,1.0,1.0,False,False,False
armorm,primary post-hoc evaluator,dominant_complexity,Avg,rho=0.0,0.54644775390625,0.5482650756835937,0.00181732177734375,-0.010784912109375,0.01418159484863281,False,0.7964,0.007269287109375022,0.00908660888671875,1.0,1.0,False,False,False
armorm,primary post-hoc evaluator,dominant_complexity,Avg,rho=0.1,0.54644775390625,0.5482650756835937,0.00181732177734375,-0.010784912109375,0.01418159484863281,False,0.7964,0.007269287109375022,0.00908660888671875,1.0,1.0,False,False,False
armorm,primary post-hoc evaluator,dominant_complexity,Avg,rho=0.2,0.54644775390625,0.5482650756835937,0.00181732177734375,-0.010784912109375,0.01418159484863281,False,0.7964,0.007269287109375022,0.00908660888671875,1.0,1.0,False,False,False
armorm,primary post-hoc evaluator,dominant_complexity,Avg,rho=0.5,0.54644775390625,0.5518341064453125,0.0053863525390625,-0.005960311889648438,0.016278381347656246,False,0.3492,0.00370025634765625,0.00908660888671875,1.0,1.0,False,False,False
armorm,primary post-hoc evaluator,dominant_complexity,MaxMin,c=0.0,0.54644775390625,0.5498489379882813,0.00340118408203125,-0.008570938110351563,0.014808769226074218,False,0.5806,0.005685424804687478,0.00908660888671875,1.0,1.0,False,False,False
armorm,primary post-hoc evaluator,dominant_complexity,MaxMin,c=0.1,0.54644775390625,0.5518096923828125,0.0053619384765625,-0.005343780517578125,0.016031112670898434,False,0.323,0.003724670410156228,0.00908660888671875,1.0,1.0,False,False,False
armorm,primary post-hoc evaluator,dominant_complexity,MaxMin,c=0.25,0.54644775390625,0.542657470703125,-0.003790283203125,-0.013270645141601563,0.005639991760253902,False,0.4338,0.012876892089843772,0.00908660888671875,1.0,1.0,False,False,False
armorm,primary post-hoc evaluator,dominant_complexity,MaxMin,c=0.5,0.54644775390625,0.5514053344726563,0.00495758056640625,-0.005584487915039061,0.01547599792480468,False,0.3616,0.004129028320312478,0.00908660888671875,1.0,1.0,False,False,False
armorm,primary post-hoc evaluator,dominant_complexity,MaxMin,c=0.75,0.54644775390625,0.5474075317382813,0.00095977783203125,-0.00940887451171875,0.01160896301269531,False,0.8538,0.008126831054687478,0.00908660888671875,1.0,1.0,False,False,False
armorm,primary post-hoc evaluator,dominant_complexity,MaxMin,c=0.9,0.54644775390625,0.5528991699218749,0.006451416015625,-0.0013153076171875,0.014654846191406246,False,0.1036,0.0026351928710938166,0.00908660888671875,1.0,1.0,False,False,False
armorm,primary post-hoc evaluator,dominant_complexity,MaxMin,c=0.95,0.54644775390625,0.5504730224609375,0.0040252685546875,-0.0019929504394531248,0.0105926513671875,False,0.2068,0.005061340332031206,0.00908660888671875,1.0,1.0,False,False,False
armorm,primary post-hoc evaluator,dominant_complexity,Fair,"alpha=0.0,eps=0.01",0.54644775390625,0.5424484252929688,-0.00399932861328125,-0.0111474609375,0.0030871963500976513,False,0.2704,0.013085937499999978,0.00908660888671875,1.0,1.0,False,False,False
armorm,primary post-hoc evaluator,dominant_complexity,Fair,"alpha=0.0,eps=0.02",0.54644775390625,0.5478515625,0.00140380859375,-0.007351760864257813,0.010058975219726558,False,0.7716,0.00768280029296875,0.00908660888671875,1.0,1.0,False,False,False
armorm,primary post-hoc evaluator,dominant_complexity,Fair,"alpha=0.0,eps=0.05",0.54644775390625,0.54693603515625,0.00048828125,-0.010251159667968749,0.010843048095703123,False,0.9358,0.00859832763671875,0.00908660888671875,1.0,1.0,False,False,False
armorm,primary post-hoc evaluator,dominant_complexity,Fair,"alpha=0.0,eps=0.1",0.54644775390625,0.5539093017578124,0.0074615478515625,-0.004388427734375,0.018957748413085937,False,0.225,0.001625061035156361,0.00908660888671875,1.0,1.0,False,False,False
armorm,primary post-hoc evaluator,dominant_complexity,Fair,"alpha=0.5,eps=0.01",0.54644775390625,0.5472625732421874,0.0008148193359375,-0.000274658203125,0.0027191162109375,False,0.7266,0.008271789550781339,0.00908660888671875,1.0,1.0,False,False,False
armorm,primary post-hoc evaluator,dominant_complexity,Fair,"alpha=0.5,eps=0.02",0.54644775390625,0.5463531494140625,-9.46044921875e-05,-0.002362060546875,0.002532958984375,False,0.8444,0.009181213378906206,0.00908660888671875,1.0,1.0,False,False,False
armorm,primary post-hoc evaluator,dominant_complexity,Fair,"alpha=0.5,eps=0.05",0.54644775390625,0.5435943603515625,-0.0028533935546875,-0.008270263671875,0.002130126953125,False,0.2812,0.01194000244140625,0.00908660888671875,1.0,1.0,False,False,False
armorm,primary post-hoc evaluator,dominant_complexity,Fair,"alpha=0.5,eps=0.1",0.54644775390625,0.5457366943359375,-0.0007110595703125,-0.0069091796875,0.005465774536132811,False,0.8136,0.009797668457031228,0.00908660888671875,1.0,1.0,False,False,False
armorm,primary post-hoc evaluator,dominant_complexity,Fair,"alpha=1.0,eps=0.01",0.54644775390625,0.54644775390625,0.0,0.0,0.0,False,1.0,0.00908660888671875,0.00908660888671875,1.0,1.0,False,False,False
armorm,primary post-hoc evaluator,dominant_complexity,Fair,"alpha=1.0,eps=0.02",0.54644775390625,0.5472625732421874,0.0008148193359375,-0.000274658203125,0.0027191162109375,False,0.7266,0.008271789550781339,0.00908660888671875,1.0,1.0,False,False,False
armorm,primary post-hoc evaluator,dominant_complexity,Fair,"alpha=1.0,eps=0.05",0.54644775390625,0.5456329345703125,-0.0008148193359375,-0.0037109375,0.0019073486328125,False,0.5628,0.009901428222656272,0.00908660888671875,1.0,1.0,False,False,False
armorm,primary post-hoc evaluator,dominant_complexity,Fair,"alpha=1.0,eps=0.1",0.54644775390625,0.543572998046875,-0.002874755859375,-0.008303985595703126,0.0021912384033203115,False,0.2736,0.011961364746093772,0.00908660888671875,1.0,1.0,False,False,False
armorm,primary post-hoc evaluator,dominant_complexity,Fair,"alpha=2.0,eps=0.01",0.54644775390625,0.54644775390625,0.0,0.0,0.0,False,1.0,0.00908660888671875,0.00908660888671875,1.0,1.0,False,False,False
armorm,primary post-hoc evaluator,dominant_complexity,Fair,"alpha=2.0,eps=0.02",0.54644775390625,0.54644775390625,0.0,0.0,0.0,False,1.0,0.00908660888671875,0.00908660888671875,1.0,1.0,False,False,False
armorm,primary post-hoc evaluator,dominant_complexity,Fair,"alpha=2.0,eps=0.05",0.54644775390625,0.54677734375,0.00032958984375,-0.0020294189453125,0.002960205078125,False,0.836,0.008757019042968772,0.00908660888671875,1.0,1.0,False,False,False
armorm,primary post-hoc evaluator,dominant_complexity,Fair,"alpha=2.0,eps=0.1",0.54644775390625,0.5456329345703125,-0.0008148193359375,-0.0037109375,0.0019073486328125,False,0.5628,0.009901428222656272,0.00908660888671875,1.0,1.0,False,False,False
armorm,primary post-hoc evaluator,dominant_verbosity,Avg,rho=0.0,0.5817214965820312,0.5760040283203125,-0.00571746826171875,-0.015664825439453123,0.005137863159179684,False,0.2816,0.014529418945312456,0.00881195068359375,1.0,1.0,False,False,False
armorm,primary post-hoc evaluator,dominant_verbosity,Avg,rho=0.1,0.5817214965820312,0.5760040283203125,-0.00571746826171875,-0.015664825439453123,0.005137863159179684,False,0.2816,0.014529418945312456,0.00881195068359375,1.0,1.0,False,False,False
armorm,primary post-hoc evaluator,dominant_verbosity,Avg,rho=0.2,0.5817214965820312,0.5760040283203125,-0.00571746826171875,-0.015664825439453123,0.005137863159179684,False,0.2816,0.014529418945312456,0.00881195068359375,1.0,1.0,False,False,False
armorm,primary post-hoc evaluator,dominant_verbosity,Avg,rho=0.5,0.5817214965820312,0.5810470581054688,-0.0006744384765625,-0.011770668029785157,0.01064479827880859,False,0.8834,0.009486389160156206,0.00881195068359375,1.0,1.0,False,False,False
armorm,primary post-hoc evaluator,dominant_verbosity,MaxMin,c=0.0,0.5817214965820312,0.580352783203125,-0.00136871337890625,-0.012252845764160157,0.009776344299316406,False,0.7938,0.010180664062499956,0.00881195068359375,1.0,1.0,False,False,False
armorm,primary post-hoc evaluator,dominant_verbosity,MaxMin,c=0.1,0.5817214965820312,0.5863800048828125,0.00465850830078125,-0.0068069839477539066,0.016327209472656246,False,0.4388,0.004153442382812456,0.00881195068359375,1.0,1.0,False,False,False
armorm,primary post-hoc evaluator,dominant_verbosity,MaxMin,c=0.25,0.5817214965820312,0.579376220703125,-0.00234527587890625,-0.012481803894042968,0.007826385498046873,False,0.6362,0.011157226562499956,0.00881195068359375,1.0,1.0,False,False,False
armorm,primary post-hoc evaluator,dominant_verbosity,MaxMin,c=0.5,0.5817214965820312,0.587005615234375,0.00528411865234375,-0.004565811157226562,0.015279426574707019,False,0.284,0.0035278320312499556,0.00881195068359375,1.0,1.0,False,False,False
armorm,primary post-hoc evaluator,dominant_verbosity,MaxMin,c=0.75,0.5817214965820312,0.5834609985351562,0.001739501953125,-0.007724685668945312,0.011660995483398435,False,0.727,0.00707244873046875,0.00881195068359375,1.0,1.0,False,False,False
armorm,primary post-hoc evaluator,dominant_verbosity,MaxMin,c=0.9,0.5817214965820312,0.5813217163085938,-0.0003997802734375,-0.008839683532714844,0.007881278991699218,False,0.9084,0.009211730957031206,0.00881195068359375,1.0,1.0,False,False,False
armorm,primary post-hoc evaluator,dominant_verbosity,MaxMin,c=0.95,0.5817214965820312,0.5815093994140625,-0.00021209716796875,-0.006640663146972656,0.006239395141601561,False,0.9506,0.009024047851562411,0.00881195068359375,1.0,1.0,False,False,False
armorm,primary post-hoc evaluator,dominant_verbosity,Fair,"alpha=0.0,eps=0.01",0.5817214965820312,0.580218505859375,-0.00150299072265625,-0.009942703247070313,0.007181129455566402,False,0.739,0.01031494140625,0.00881195068359375,1.0,1.0,False,False,False
armorm,primary post-hoc evaluator,dominant_verbosity,Fair,"alpha=0.0,eps=0.02",0.5817214965820312,0.5797714233398437,-0.0019500732421875,-0.011721992492675783,0.008090629577636713,False,0.7104,0.010762023925781294,0.00881195068359375,1.0,1.0,False,False,False
armorm,primary post-hoc evaluator,dominant_verbosity,Fair,"alpha=0.0,eps=0.05",0.5817214965820312,0.5723068237304687,-0.0094146728515625,-0.02054901123046875,0.0017090606689453113,False,0.0972,0.01822662353515625,0.00881195068359375,1.0,1.0,False,False,False
armorm,primary post-hoc evaluator,dominant_verbosity,Fair,"alpha=0.0,eps=0.1",0.5817214965820312,0.5807022094726562,-0.001019287109375,-0.012163124084472655,0.01067047119140625,False,0.8474,0.009831237792968794,0.00881195068359375,1.0,1.0,False,False,False
armorm,primary post-hoc evaluator,dominant_verbosity,Fair,"alpha=0.5,eps=0.01",0.5817214965820312,0.5808914184570313,-0.000830078125,-0.00277099609375,0.0006103515625,False,0.3844,0.009642028808593661,0.00881195068359375,1.0,1.0,False,False,False
armorm,primary post-hoc evaluator,dominant_verbosity,Fair,"alpha=0.5,eps=0.02",0.5817214965820312,0.5804458618164062,-0.001275634765625,-0.004800491333007813,0.0017213439941406226,False,0.449,0.010087585449218728,0.00881195068359375,1.0,1.0,False,False,False
armorm,primary post-hoc evaluator,dominant_verbosity,Fair,"alpha=0.5,eps=0.05",0.5817214965820312,0.5790664672851562,-0.002655029296875,-0.007708816528320312,0.0026184844970703115,False,0.3122,0.01146697998046875,0.00881195068359375,1.0,1.0,False,False,False
armorm,primary post-hoc evaluator,dominant_verbosity,Fair,"alpha=0.5,eps=0.1",0.5817214965820312,0.5808273315429688,-0.0008941650390625,-0.00794403076171875,0.0062654113769531235,False,0.795,0.009706115722656117,0.00881195068359375,1.0,1.0,False,False,False
armorm,primary post-hoc evaluator,dominant_verbosity,Fair,"alpha=1.0,eps=0.01",0.5817214965820312,0.5809555053710938,-0.0007659912109375,-0.002734375,0.0006744384765625,False,0.4648,0.009577941894531206,0.00881195068359375,1.0,1.0,False,False,False
armorm,primary post-hoc evaluator,dominant_verbosity,Fair,"alpha=1.0,eps=0.02",0.5817214965820312,0.5808914184570313,-0.000830078125,-0.00277099609375,0.0006103515625,False,0.3844,0.009642028808593661,0.00881195068359375,1.0,1.0,False,False,False
armorm,primary post-hoc evaluator,dominant_verbosity,Fair,"alpha=1.0,eps=0.05",0.5817214965820312,0.5818252563476562,0.000103759765625,-0.004025421142578125,0.00457206726074218,False,0.974,0.008708190917968706,0.00881195068359375,1.0,1.0,False,False,False
armorm,primary post-hoc evaluator,dominant_verbosity,Fair,"alpha=1.0,eps=0.1",0.5817214965820312,0.5791336059570312,-0.002587890625,-0.007629470825195312,0.0026885986328125,False,0.3288,0.011399841308593728,0.00881195068359375,1.0,1.0,False,False,False
armorm,primary post-hoc evaluator,dominant_verbosity,Fair,"alpha=2.0,eps=0.01",0.5817214965820312,0.5805862426757813,-0.00113525390625,-0.00303955078125,0.0,False,0.2658,0.009947204589843661,0.00881195068359375,1.0,1.0,False,False,False
armorm,primary post-hoc evaluator,dominant_verbosity,Fair,"alpha=2.0,eps=0.02",0.5817214965820312,0.5808914184570313,-0.000830078125,-0.00277099609375,0.0006103515625,False,0.3844,0.009642028808593661,0.00881195068359375,1.0,1.0,False,False,False
armorm,primary post-hoc evaluator,dominant_verbosity,Fair,"alpha=2.0,eps=0.05",0.5817214965820312,0.5808914184570313,-0.000830078125,-0.00277099609375,0.0006103515625,False,0.3844,0.009642028808593661,0.00881195068359375,1.0,1.0,False,False,False
armorm,primary post-hoc evaluator,dominant_verbosity,Fair,"alpha=2.0,eps=0.1",0.5817214965820312,0.5818984985351563,0.000177001953125,-0.003891143798828125,0.004632644653320312,False,0.9462,0.008634948730468661,0.00881195068359375,1.0,1.0,False,False,False
armorm,primary post-hoc evaluator,only_correctness,Fair,"alpha=0.0,eps=0.01",0.5466064453125,0.5483642578125,0.0017578125,-0.003076171875,0.006836547851562491,False,0.5024,0.013232421875000067,0.014990234375000022,1.0,1.0,False,False,False
armorm,primary post-hoc evaluator,only_correctness,Fair,"alpha=0.0,eps=0.02",0.5466064453125,0.5481689453125,0.0015625,-0.00576171875,0.008594360351562491,False,0.6558,0.013427734375,0.014990234375000022,1.0,1.0,False,False,False
armorm,primary post-hoc evaluator,only_correctness,Fair,"alpha=0.0,eps=0.05",0.5466064453125,0.551123046875,0.0045166015625,-0.0052734375,0.014429321289062491,False,0.3714,0.010473632812500022,0.014990234375000022,1.0,1.0,False,False,False
armorm,primary post-hoc evaluator,only_correctness,Fair,"alpha=0.0,eps=0.1",0.5466064453125,0.553515625,0.0069091796875,-0.0069580078125,0.0210205078125,False,0.3396,0.008081054687500089,0.014990234375000022,1.0,1.0,False,False,False
armorm,primary post-hoc evaluator,only_correctness,Fair,"alpha=0.5,eps=0.01",0.5466064453125,0.5474365234375,0.000830078125,0.0,0.002490234375,False,0.7372,0.01416015625,0.014990234375000022,1.0,1.0,False,False,False
armorm,primary post-hoc evaluator,only_correctness,Fair,"alpha=0.5,eps=0.02",0.5466064453125,0.5466064453125,0.0,0.0,0.0,False,1.0,0.014990234375000022,0.014990234375000022,1.0,1.0,False,False,False
armorm,primary post-hoc evaluator,only_correctness,Fair,"alpha=0.5,eps=0.05",0.5466064453125,0.5466064453125,0.0,0.0,0.0,False,1.0,0.014990234375000022,0.014990234375000022,1.0,1.0,False,False,False
armorm,primary post-hoc evaluator,only_correctness,Fair,"alpha=0.5,eps=0.1",0.5466064453125,0.5466064453125,0.0,0.0,0.0,False,1.0,0.014990234375000022,0.014990234375000022,1.0,1.0,False,False,False
armorm,primary post-hoc evaluator,only_correctness,Fair,"alpha=1.0,eps=0.01",0.5466064453125,0.5466064453125,0.0,0.0,0.0,False,1.0,0.014990234375000022,0.014990234375000022,1.0,1.0,False,False,False
armorm,primary post-hoc evaluator,only_correctness,Fair,"alpha=1.0,eps=0.02",0.5466064453125,0.5474365234375,0.000830078125,0.0,0.002490234375,False,0.7372,0.01416015625,0.014990234375000022,1.0,1.0,False,False,False
armorm,primary post-hoc evaluator,only_correctness,Fair,"alpha=1.0,eps=0.05",0.5466064453125,0.5466064453125,0.0,0.0,0.0,False,1.0,0.014990234375000022,0.014990234375000022,1.0,1.0,False,False,False
armorm,primary post-hoc evaluator,only_correctness,Fair,"alpha=1.0,eps=0.1",0.5466064453125,0.5466064453125,0.0,0.0,0.0,False,1.0,0.014990234375000022,0.014990234375000022,1.0,1.0,False,False,False
armorm,primary post-hoc evaluator,only_correctness,Fair,"alpha=2.0,eps=0.01",0.5466064453125,0.5466064453125,0.0,0.0,0.0,False,1.0,0.014990234375000022,0.014990234375000022,1.0,1.0,False,False,False
armorm,primary post-hoc evaluator,only_correctness,Fair,"alpha=2.0,eps=0.02",0.5466064453125,0.5466064453125,0.0,0.0,0.0,False,1.0,0.014990234375000022,0.014990234375000022,1.0,1.0,False,False,False
armorm,primary post-hoc evaluator,only_correctness,Fair,"alpha=2.0,eps=0.05",0.5466064453125,0.5466064453125,0.0,0.0,0.0,False,1.0,0.014990234375000022,0.014990234375000022,1.0,1.0,False,False,False
armorm,primary post-hoc evaluator,only_correctness,Fair,"alpha=2.0,eps=0.1",0.5466064453125,0.5466064453125,0.0,0.0,0.0,False,1.0,0.014990234375000022,0.014990234375000022,1.0,1.0,False,False,False
armorm,primary post-hoc evaluator,only_coherence,Fair,"alpha=0.0,eps=0.01",0.652197265625,0.6518310546875,-0.0003662109375,-0.005322265625,0.005322265625,False,0.8526,0.017041015624999933,0.016674804687499933,1.0,1.0,False,False,False
armorm,primary post-hoc evaluator,only_coherence,Fair,"alpha=0.0,eps=0.02",0.652197265625,0.6494140625,-0.002783203125,-0.0109130859375,0.005151977539062491,False,0.503,0.019458007812499956,0.016674804687499933,1.0,1.0,False,False,False
armorm,primary post-hoc evaluator,only_coherence,Fair,"alpha=0.0,eps=0.05",0.652197265625,0.648095703125,-0.0041015625,-0.0153814697265625,0.0066162109375,False,0.4644,0.020776367187499978,0.016674804687499933,1.0,1.0,False,False,False
armorm,primary post-hoc evaluator,only_coherence,Fair,"alpha=0.0,eps=0.1",0.652197265625,0.6558349609375,0.0036376953125,-0.0072021484375,0.01425842285156249,False,0.493,0.013037109374999911,0.016674804687499933,1.0,1.0,False,False,False
armorm,primary post-hoc evaluator,only_coherence,Fair,"alpha=0.5,eps=0.01",0.652197265625,0.65166015625,-0.000537109375,-0.001611328125,0.0,False,0.7492,0.0172119140625,0.016674804687499933,1.0,1.0,False,False,False
armorm,primary post-hoc evaluator,only_coherence,Fair,"alpha=0.5,eps=0.02",0.652197265625,0.652197265625,0.0,0.0,0.0,False,1.0,0.016674804687499933,0.016674804687499933,1.0,1.0,False,False,False
armorm,primary post-hoc evaluator,only_coherence,Fair,"alpha=0.5,eps=0.05",0.652197265625,0.65302734375,0.000830078125,0.0,0.00224609375,False,0.0912,0.01584472656249991,0.016674804687499933,1.0,1.0,False,False,False
armorm,primary post-hoc evaluator,only_coherence,Fair,"alpha=0.5,eps=0.1",0.652197265625,0.65478515625,0.002587890625,0.00048828125,0.005615234375,True,0.0044,0.014086914062499956,0.016674804687499933,0.9944000000000001,1.0,False,False,False
armorm,primary post-hoc evaluator,only_coherence,Fair,"alpha=1.0,eps=0.01",0.652197265625,0.652197265625,0.0,0.0,0.0,False,1.0,0.016674804687499933,0.016674804687499933,1.0,1.0,False,False,False
armorm,primary post-hoc evaluator,only_coherence,Fair,"alpha=1.0,eps=0.02",0.652197265625,0.652197265625,0.0,0.0,0.0,False,1.0,0.016674804687499933,0.016674804687499933,1.0,1.0,False,False,False
armorm,primary post-hoc evaluator,only_coherence,Fair,"alpha=1.0,eps=0.05",0.652197265625,0.652197265625,0.0,0.0,0.0,False,1.0,0.016674804687499933,0.016674804687499933,1.0,1.0,False,False,False
armorm,primary post-hoc evaluator,only_coherence,Fair,"alpha=1.0,eps=0.1",0.652197265625,0.65302734375,0.000830078125,0.0,0.00224609375,False,0.0912,0.01584472656249991,0.016674804687499933,1.0,1.0,False,False,False
armorm,primary post-hoc evaluator,only_coherence,Fair,"alpha=2.0,eps=0.01",0.652197265625,0.652197265625,0.0,0.0,0.0,False,1.0,0.016674804687499933,0.016674804687499933,1.0,1.0,False,False,False
armorm,primary post-hoc evaluator,only_coherence,Fair,"alpha=2.0,eps=0.02",0.652197265625,0.652197265625,0.0,0.0,0.0,False,1.0,0.016674804687499933,0.016674804687499933,1.0,1.0,False,False,False
armorm,primary post-hoc evaluator,only_coherence,Fair,"alpha=2.0,eps=0.05",0.652197265625,0.652197265625,0.0,0.0,0.0,False,1.0,0.016674804687499933,0.016674804687499933,1.0,1.0,False,False,False
armorm,primary post-hoc evaluator,only_coherence,Fair,"alpha=2.0,eps=0.1",0.652197265625,0.652197265625,0.0,0.0,0.0,False,1.0,0.016674804687499933,0.016674804687499933,1.0,1.0,False,False,False
armorm,primary post-hoc evaluator,only_complexity,Fair,"alpha=0.0,eps=0.01",0.50582275390625,0.50614013671875,0.0003173828125,-0.0085693359375,0.008935546875,False,0.95,0.01934814453125,0.019665527343750044,1.0,1.0,False,False,False
armorm,primary post-hoc evaluator,only_complexity,Fair,"alpha=0.0,eps=0.02",0.50582275390625,0.51104736328125,0.005224609375,-0.004810180664062499,0.016259765625,False,0.3286,0.014440917968750022,0.019665527343750044,1.0,1.0,False,False,False
armorm,primary post-hoc evaluator,only_complexity,Fair,"alpha=0.0,eps=0.05",0.50582275390625,0.50784912109375,0.0020263671875,-0.0129644775390625,0.01689453125,False,0.7756,0.01763916015625,0.019665527343750044,1.0,1.0,False,False,False
armorm,primary post-hoc evaluator,only_complexity,Fair,"alpha=0.0,eps=0.1",0.50582275390625,0.5149658203125,0.00914306640625,-0.005347290039062499,0.023913879394531247,False,0.2114,0.010522460937499978,0.019665527343750044,1.0,1.0,False,False,False
armorm,primary post-hoc evaluator,only_complexity,Fair,"alpha=0.5,eps=0.01",0.50582275390625,0.50582275390625,0.0,0.0,0.0,False,1.0,0.019665527343750044,0.019665527343750044,1.0,1.0,False,False,False
armorm,primary post-hoc evaluator,only_complexity,Fair,"alpha=0.5,eps=0.02",0.50582275390625,0.50599365234375,0.0001708984375,0.0,0.0005126953125,False,0.7266,0.019494628906249978,0.019665527343750044,1.0,1.0,False,False,False
armorm,primary post-hoc evaluator,only_complexity,Fair,"alpha=0.5,eps=0.05",0.50582275390625,0.50447998046875,-0.0013427734375,-0.0073974609375,0.0046875,False,0.6486,0.021008300781250044,0.019665527343750044,1.0,1.0,False,False,False
armorm,primary post-hoc evaluator,only_complexity,Fair,"alpha=0.5,eps=0.1",0.50582275390625,0.50142822265625,-0.00439453125,-0.0128173828125,0.003662109375,False,0.287,0.024060058593750044,0.019665527343750044,1.0,1.0,False,False,False
armorm,primary post-hoc evaluator,only_complexity,Fair,"alpha=1.0,eps=0.01",0.50582275390625,0.50582275390625,0.0,0.0,0.0,False,1.0,0.019665527343750044,0.019665527343750044,1.0,1.0,False,False,False
armorm,primary post-hoc evaluator,only_complexity,Fair,"alpha=1.0,eps=0.02",0.50582275390625,0.50426025390625,-0.0015625,-0.0046875,0.0,False,0.7364,0.021228027343750067,0.019665527343750044,1.0,1.0,False,False,False
armorm,primary post-hoc evaluator,only_complexity,Fair,"alpha=1.0,eps=0.05",0.50582275390625,0.50599365234375,0.0001708984375,0.0,0.0005126953125,False,0.7266,0.019494628906249978,0.019665527343750044,1.0,1.0,False,False,False
armorm,primary post-hoc evaluator,only_complexity,Fair,"alpha=1.0,eps=0.1",0.50582275390625,0.50340576171875,-0.0024169921875,-0.0087646484375,0.00390625,False,0.4548,0.022082519531250067,0.019665527343750044,1.0,1.0,False,False,False
armorm,primary post-hoc evaluator,only_complexity,Fair,"alpha=2.0,eps=0.01",0.50582275390625,0.50582275390625,0.0,0.0,0.0,False,1.0,0.019665527343750044,0.019665527343750044,1.0,1.0,False,False,False
armorm,primary post-hoc evaluator,only_complexity,Fair,"alpha=2.0,eps=0.02",0.50582275390625,0.50582275390625,0.0,0.0,0.0,False,1.0,0.019665527343750044,0.019665527343750044,1.0,1.0,False,False,False
armorm,primary post-hoc evaluator,only_complexity,Fair,"alpha=2.0,eps=0.05",0.50582275390625,0.50582275390625,0.0,0.0,0.0,False,1.0,0.019665527343750044,0.019665527343750044,1.0,1.0,False,False,False
armorm,primary post-hoc evaluator,only_complexity,Fair,"alpha=2.0,eps=0.1",0.50582275390625,0.50599365234375,0.0001708984375,0.0,0.0005126953125,False,0.7266,0.019494628906249978,0.019665527343750044,1.0,1.0,False,False,False
armorm,primary post-hoc evaluator,only_verbosity,Fair,"alpha=0.0,eps=0.01",0.60556640625,0.6112548828125,0.0056884765625,-0.0024169921875,0.0147216796875,False,0.1758,0.008715820312500067,0.014404296875,1.0,1.0,False,False,False
armorm,primary post-hoc evaluator,only_verbosity,Fair,"alpha=0.0,eps=0.02",0.60556640625,0.6139404296875,0.0083740234375,-0.0048583984375,0.021240844726562493,False,0.2226,0.006030273437500067,0.014404296875,1.0,1.0,False,False,False
armorm,primary post-hoc evaluator,only_verbosity,Fair,"alpha=0.0,eps=0.05",0.60556640625,0.6034912109375,-0.0020751953125,-0.0186285400390625,0.0138671875,False,0.801,0.0164794921875,0.014404296875,1.0,1.0,False,False,False
armorm,primary post-hoc evaluator,only_verbosity,Fair,"alpha=0.0,eps=0.1",0.60556640625,0.5996337890625,-0.0059326171875,-0.0213134765625,0.008837890625,False,0.44,0.020336914062500044,0.014404296875,1.0,1.0,False,False,False
armorm,primary post-hoc evaluator,only_verbosity,Fair,"alpha=0.5,eps=0.01",0.60556640625,0.605859375,0.00029296875,-0.003369140625,0.003515625,False,0.8398,0.014111328125000044,0.014404296875,1.0,1.0,False,False,False
armorm,primary post-hoc evaluator,only_verbosity,Fair,"alpha=0.5,eps=0.02",0.60556640625,0.60703125,0.00146484375,-0.002685546875,0.00556640625,False,0.4706,0.012939453125,0.014404296875,1.0,1.0,False,False,False
armorm,primary post-hoc evaluator,only_verbosity,Fair,"alpha=0.5,eps=0.05",0.60556640625,0.606640625,0.00107421875,-0.00361328125,0.005615234375,False,0.6554,0.013330078124999978,0.014404296875,1.0,1.0,False,False,False
armorm,primary post-hoc evaluator,only_verbosity,Fair,"alpha=0.5,eps=0.1",0.60556640625,0.612158203125,0.006591796875,-0.0012939453125,0.0158203125,False,0.1052,0.0078125,0.014404296875,1.0,1.0,False,False,False
armorm,primary post-hoc evaluator,only_verbosity,Fair,"alpha=1.0,eps=0.01",0.60556640625,0.60693359375,0.0013671875,-9.765625e-05,0.00361328125,False,0.2738,0.013037109375000022,0.014404296875,1.0,1.0,False,False,False
armorm,primary post-hoc evaluator,only_verbosity,Fair,"alpha=1.0,eps=0.02",0.60556640625,0.60498046875,-0.0005859375,-0.004638671875,0.003076171875,False,0.7896,0.014990234375000022,0.014404296875,1.0,1.0,False,False,False
armorm,primary post-hoc evaluator,only_verbosity,Fair,"alpha=1.0,eps=0.05",0.60556640625,0.607177734375,0.001611328125,-0.002490234375,0.00576171875,False,0.4316,0.012792968750000022,0.014404296875,1.0,1.0,False,False,False
armorm,primary post-hoc evaluator,only_verbosity,Fair,"alpha=1.0,eps=0.1",0.60556640625,0.606640625,0.00107421875,-0.00361328125,0.005615234375,False,0.6554,0.013330078124999978,0.014404296875,1.0,1.0,False,False,False
armorm,primary post-hoc evaluator,only_verbosity,Fair,"alpha=2.0,eps=0.01",0.60556640625,0.60693359375,0.0013671875,-9.765625e-05,0.00361328125,False,0.2738,0.013037109375000022,0.014404296875,1.0,1.0,False,False,False
armorm,primary post-hoc evaluator,only_verbosity,Fair,"alpha=2.0,eps=0.02",0.60556640625,0.606103515625,0.000537109375,-0.001904296875,0.003271484375,False,0.7912,0.013867187500000044,0.014404296875,1.0,1.0,False,False,False
armorm,primary post-hoc evaluator,only_verbosity,Fair,"alpha=2.0,eps=0.05",0.60556640625,0.605859375,0.00029296875,-0.003369140625,0.003515625,False,0.8398,0.014111328125000044,0.014404296875,1.0,1.0,False,False,False
armorm,primary post-hoc evaluator,only_verbosity,Fair,"alpha=2.0,eps=0.1",0.60556640625,0.607177734375,0.001611328125,-0.002490234375,0.00576171875,False,0.4316,0.012792968750000022,0.014404296875,1.0,1.0,False,False,False
urm,sensitivity only,balanced,Avg,rho=0.0,0.9589326477050781,0.9750384521484377,0.016105804443359375,-0.01402927017211914,0.0461563892364502,False,0.3,0.015604076385497878,0.031709880828857395,1.0,1.0,False,False,False
urm,sensitivity only,balanced,Avg,rho=0.1,0.9589326477050781,0.9683346176147462,0.009401969909667967,-0.012283855438232422,0.03048117065429688,False,0.3826,0.022307910919189378,0.031709880828857395,1.0,1.0,False,False,False
urm,sensitivity only,balanced,Avg,rho=0.2,0.9589326477050781,0.9673837661743164,0.00845111846923828,-0.005753647804260253,0.02392985153198241,False,0.2532,0.0232587623596191,0.031709880828857395,1.0,1.0,False,False,False
urm,sensitivity only,balanced,Avg,rho=0.5,0.9589326477050781,0.961391944885254,0.0024592971801757806,-0.006912195205688477,0.012246478080749513,False,0.6148,0.029250583648681494,0.031709880828857395,1.0,1.0,False,False,False
urm,sensitivity only,balanced,MaxMin,c=0.0,0.9589326477050781,0.9615481948852541,0.0026155471801757807,-0.006740575790405275,0.01238963508605957,False,0.5892,0.029094333648681414,0.031709880828857395,1.0,1.0,False,False,False
urm,sensitivity only,balanced,MaxMin,c=0.1,0.9589326477050781,0.9629318618774415,0.003999214172363281,-0.0048820934295654315,0.013356406211853028,False,0.3776,0.02771066665649402,0.031709880828857395,1.0,1.0,False,False,False
urm,sensitivity only,balanced,MaxMin,c=0.25,0.9589326477050781,0.9614072799682618,0.002474632263183594,-0.005767848968505861,0.011201850891113276,False,0.5632,0.02923524856567372,0.031709880828857395,1.0,1.0,False,False,False
urm,sensitivity only,balanced,MaxMin,c=0.5,0.9589326477050781,0.959475212097168,0.0005425643920898435,-0.007157834053039551,0.008655955314636228,False,0.9132,0.03116731643676751,0.031709880828857395,1.0,1.0,False,False,False
urm,sensitivity only,balanced,MaxMin,c=0.75,0.9589326477050781,0.9603751754760743,0.0014425277709960937,-0.006108076095581056,0.009376622200012202,False,0.7368,0.030267353057861213,0.031709880828857395,1.0,1.0,False,False,False
urm,sensitivity only,balanced,MaxMin,c=0.9,0.9589326477050781,0.9584519577026368,-0.0004806900024414062,-0.0073842906951904295,0.006683845520019494,False,0.862,0.032190570831298726,0.031709880828857395,1.0,1.0,False,False,False
urm,sensitivity only,balanced,MaxMin,c=0.95,0.9589326477050781,0.9602436828613281,0.0013110351562499998,-0.005072021484375001,0.00819854736328125,False,0.7126,0.030398845672607422,0.031709880828857395,1.0,1.0,False,False,False
urm,sensitivity only,balanced,Fair,"alpha=0.0,eps=0.01",0.9589326477050781,0.9667805099487305,0.007847862243652344,-0.004911412239074706,0.020992072105407714,False,0.2312,0.02386201858520498,0.031709880828857395,1.0,1.0,False,False,False
urm,sensitivity only,balanced,Fair,"alpha=0.0,eps=0.02",0.9589326477050781,0.9799360656738282,0.02100341796875,0.0016083002090454127,0.042258426666259764,True,0.0304,0.010706462860107346,0.031709880828857395,1.0,1.0,False,False,False
urm,sensitivity only,balanced,Fair,"alpha=0.0,eps=0.05",0.9589326477050781,0.9906373023986818,0.031704654693603514,0.005280943393707273,0.060046193122863745,True,0.0192,5.226135253777464e-06,0.031709880828857395,1.0,1.0,False,False,False
urm,sensitivity only,balanced,Fair,"alpha=0.0,eps=0.1",0.9589326477050781,0.9772060394287111,0.018273391723632813,-0.010799959182739256,0.046490631103515624,False,0.2194,0.013436489105224436,0.031709880828857395,1.0,1.0,False,False,False
urm,sensitivity only,balanced,Fair,"alpha=0.5,eps=0.01",0.9589326477050781,0.9588497924804688,-8.28552246093751e-05,-0.0071539306640625005,0.0071798706054687494,False,0.9526,0.031792736053466775,0.031709880828857395,1.0,1.0,False,False,False
urm,sensitivity only,balanced,Fair,"alpha=0.5,eps=0.02",0.9589326477050781,0.9613746261596681,0.0024419784545898437,-0.005553157806396486,0.010907592773437502,False,0.5674,0.029267902374267463,0.031709880828857395,1.0,1.0,False,False,False
urm,sensitivity only,balanced,Fair,"alpha=0.5,eps=0.05",0.9589326477050781,0.9629557418823242,0.004023094177246094,-0.004227802276611329,0.012605962753295898,False,0.3392,0.027686786651611284,0.031709880828857395,1.0,1.0,False,False,False
urm,sensitivity only,balanced,Fair,"alpha=0.5,eps=0.1",0.9589326477050781,0.9629318618774415,0.003999214172363281,-0.0048820934295654315,0.013356406211853028,False,0.3776,0.02771066665649402,0.031709880828857395,1.0,1.0,False,False,False
urm,sensitivity only,balanced,Fair,"alpha=1.0,eps=0.01",0.9589326477050781,0.962169647216797,0.0032369995117187502,0.0,0.009005126953125001,False,0.2592,0.028472881317138543,0.031709880828857395,1.0,1.0,False,False,False
urm,sensitivity only,balanced,Fair,"alpha=1.0,eps=0.02",0.9589326477050781,0.9588497924804688,-8.28552246093751e-05,-0.0071539306640625005,0.0071798706054687494,False,0.9526,0.031792736053466775,0.031709880828857395,1.0,1.0,False,False,False
urm,sensitivity only,balanced,Fair,"alpha=1.0,eps=0.05",0.9589326477050781,0.9613746261596681,0.0024419784545898437,-0.005553157806396486,0.010907592773437502,False,0.5674,0.029267902374267463,0.031709880828857395,1.0,1.0,False,False,False
urm,sensitivity only,balanced,Fair,"alpha=1.0,eps=0.1",0.9589326477050781,0.9629557418823242,0.004023094177246094,-0.004227802276611329,0.012605962753295898,False,0.3392,0.027686786651611284,0.031709880828857395,1.0,1.0,False,False,False
urm,sensitivity only,balanced,Fair,"alpha=2.0,eps=0.01",0.9589326477050781,0.962169647216797,0.0032369995117187502,0.0,0.009005126953125001,False,0.2592,0.028472881317138543,0.031709880828857395,1.0,1.0,False,False,False
urm,sensitivity only,balanced,Fair,"alpha=2.0,eps=0.02",0.9589326477050781,0.962169647216797,0.0032369995117187502,0.0,0.009005126953125001,False,0.2592,0.028472881317138543,0.031709880828857395,1.0,1.0,False,False,False
urm,sensitivity only,balanced,Fair,"alpha=2.0,eps=0.05",0.9589326477050781,0.9588497924804688,-8.28552246093751e-05,-0.0071539306640625005,0.0071798706054687494,False,0.9526,0.031792736053466775,0.031709880828857395,1.0,1.0,False,False,False
urm,sensitivity only,balanced,Fair,"alpha=2.0,eps=0.1",0.9589326477050781,0.9613746261596681,0.0024419784545898437,-0.005553157806396486,0.010907592773437502,False,0.5674,0.029267902374267463,0.031709880828857395,1.0,1.0,False,False,False
urm,sensitivity only,dominant_helpfulness,Avg,rho=0.0,0.6561793446540832,0.6729620933532716,0.01678274869918823,-0.022521717250347136,0.05469831824302673,False,0.4082,0.01695299148559548,0.03373574018478387,1.0,1.0,False,False,False
urm,sensitivity only,dominant_helpfulness,Avg,rho=0.1,0.6561793446540832,0.6729620933532716,0.01678274869918823,-0.022521717250347136,0.05469831824302673,False,0.4082,0.01695299148559548,0.03373574018478387,1.0,1.0,False,False,False
urm,sensitivity only,dominant_helpfulness,Avg,rho=0.2,0.6561793446540832,0.6729620933532716,0.01678274869918823,-0.022521717250347136,0.05469831824302673,False,0.4082,0.01695299148559548,0.03373574018478387,1.0,1.0,False,False,False
urm,sensitivity only,dominant_helpfulness,Avg,rho=0.5,0.6561793446540832,0.6792221784591674,0.023042833805084227,-0.01618694394826889,0.06398084282875062,False,0.256,0.010692906379699663,0.03373574018478387,1.0,1.0,False,False,False
urm,sensitivity only,dominant_helpfulness,MaxMin,c=0.0,0.6561793446540832,0.6718861311674118,0.015706786513328554,-0.032128389403223996,0.06262944608926772,False,0.496,0.018028953671455294,0.03373574018478387,1.0,1.0,False,False,False
urm,sensitivity only,dominant_helpfulness,MaxMin,c=0.1,0.6561793446540832,0.6700022220611572,0.013822877407073974,-0.025554432570934295,0.05525232195854185,False,0.5038,0.019912862777709872,0.03373574018478387,1.0,1.0,False,False,False
urm,sensitivity only,dominant_helpfulness,MaxMin,c=0.25,0.6561793446540832,0.6785871267318726,0.022407782077789307,-0.019162048399448395,0.0653400182723999,False,0.3032,0.011327958106994496,0.03373574018478387,1.0,1.0,False,False,False
urm,sensitivity only,dominant_helpfulness,MaxMin,c=0.5,0.6561793446540832,0.6593972682952881,0.003217923641204834,-0.035349557995796206,0.04033274322748184,False,0.8746,0.03051781654357899,0.03373574018478387,1.0,1.0,False,False,False
urm,sensitivity only,dominant_helpfulness,MaxMin,c=0.75,0.6561793446540832,0.6661139488220215,0.009934604167938232,-0.020657932460308073,0.04062475383281707,False,0.5268,0.023801136016845637,0.03373574018478387,1.0,1.0,False,False,False
urm,sensitivity only,dominant_helpfulness,MaxMin,c=0.9,0.6561793446540832,0.6615139961242675,0.0053346514701843265,-0.00902824819087982,0.019870054721832273,False,0.4592,0.028401088714599565,0.03373574018478387,1.0,1.0,False,False,False
urm,sensitivity only,dominant_helpfulness,MaxMin,c=0.95,0.6561793446540832,0.6598194122314452,0.0036400675773620604,-0.00594813585281372,0.01339557796716689,False,0.4528,0.030095672607421853,0.03373574018478387,1.0,1.0,False,False,False
urm,sensitivity only,dominant_helpfulness,Fair,"alpha=0.0,eps=0.01",0.6561793446540832,0.6579477787017822,0.0017684340476989747,-0.01625062644481659,0.019123979508876787,False,0.8382,0.03196730613708487,0.03373574018478387,1.0,1.0,False,False,False
urm,sensitivity only,dominant_helpfulness,Fair,"alpha=0.0,eps=0.02",0.6561793446540832,0.6582902431488037,0.002110898494720459,-0.0306099271774292,0.0334071350097656,False,0.9144,0.03162484169006341,0.03373574018478387,1.0,1.0,False,False,False
urm,sensitivity only,dominant_helpfulness,Fair,"alpha=0.0,eps=0.05",0.6561793446540832,0.6869780302047729,0.030798685550689698,-0.011439555585384368,0.07306606858968732,False,0.161,0.002937054634094216,0.03373574018478387,1.0,1.0,False,False,False
urm,sensitivity only,dominant_helpfulness,Fair,"alpha=0.0,eps=0.1",0.6561793446540832,0.6856686115264893,0.029489266872406005,-0.004787508249282837,0.06461101174354553,False,0.0958,0.004246473312377819,0.03373574018478387,1.0,1.0,False,False,False
urm,sensitivity only,dominant_helpfulness,Fair,"alpha=0.5,eps=0.01",0.6561793446540832,0.6573784470558167,0.0011991024017333984,0.0,0.003277873992919922,False,0.0956,0.03253663778305038,0.03373574018478387,1.0,1.0,False,False,False
urm,sensitivity only,dominant_helpfulness,Fair,"alpha=0.5,eps=0.02",0.6561793446540832,0.6576861023902894,0.0015067577362060547,-0.0005817413330078125,0.004187202453613282,False,0.1922,0.03222898244857775,0.03373574018478387,1.0,1.0,False,False,False
urm,sensitivity only,dominant_helpfulness,Fair,"alpha=0.5,eps=0.05",0.6561793446540832,0.6607748031616212,0.004595458507537842,-0.004067903459072113,0.01399645924568176,False,0.2894,0.029140281677245916,0.03373574018478387,1.0,1.0,False,False,False
urm,sensitivity only,dominant_helpfulness,Fair,"alpha=0.5,eps=0.1",0.6561793446540832,0.6570146560668946,0.0008353114128112793,-0.01327280431985855,0.01433870464563369,False,0.9104,0.03290042877197252,0.03373574018478387,1.0,1.0,False,False,False
urm,sensitivity only,dominant_helpfulness,Fair,"alpha=1.0,eps=0.01",0.6561793446540832,0.6562679886817933,8.864402770996094e-05,0.0,0.00026593208312988283,False,0.7334,0.03364709615707384,0.03373574018478387,1.0,1.0,False,False,False
urm,sensitivity only,dominant_helpfulness,Fair,"alpha=1.0,eps=0.02",0.6561793446540832,0.6573784470558167,0.0011991024017333984,0.0,0.003277873992919922,False,0.0956,0.03253663778305038,0.03373574018478387,1.0,1.0,False,False,False
urm,sensitivity only,dominant_helpfulness,Fair,"alpha=1.0,eps=0.05",0.6561793446540832,0.6587576508522035,0.0025783061981201174,-0.00017547607421875,0.006072646379470822,False,0.0714,0.031157433986663596,0.03373574018478387,1.0,1.0,False,False,False
urm,sensitivity only,dominant_helpfulness,Fair,"alpha=1.0,eps=0.1",0.6561793446540832,0.6609270095825196,0.00474766492843628,-0.003916263580322266,0.014148865640163417,False,0.2728,0.0289880752563475,0.03373574018478387,1.0,1.0,False,False,False
urm,sensitivity only,dominant_helpfulness,Fair,"alpha=2.0,eps=0.01",0.6561793446540832,0.6561793446540832,0.0,0.0,0.0,False,1.0,0.03373574018478387,0.03373574018478387,1.0,1.0,False,False,False
urm,sensitivity only,dominant_helpfulness,Fair,"alpha=2.0,eps=0.02",0.6561793446540832,0.6562679886817933,8.864402770996094e-05,0.0,0.00026593208312988283,False,0.7334,0.03364709615707384,0.03373574018478387,1.0,1.0,False,False,False
urm,sensitivity only,dominant_helpfulness,Fair,"alpha=2.0,eps=0.05",0.6561793446540832,0.6573784470558167,0.0011991024017333984,0.0,0.003277873992919922,False,0.0956,0.03253663778305038,0.03373574018478387,1.0,1.0,False,False,False
urm,sensitivity only,dominant_helpfulness,Fair,"alpha=2.0,eps=0.1",0.6561793446540832,0.6587576508522035,0.0025783061981201174,-0.00017547607421875,0.006072646379470822,False,0.0714,0.031157433986663596,0.03373574018478387,1.0,1.0,False,False,False
urm,sensitivity only,dominant_correctness,Avg,rho=0.0,1.7109711885452268,1.7055992603302002,-0.0053719282150268555,-0.05114396214485168,0.04072329342365265,False,0.8158,0.017913067340850963,0.01254113912582433,1.0,1.0,False,False,False
urm,sensitivity only,dominant_correctness,Avg,rho=0.1,1.7109711885452268,1.7055992603302002,-0.0053719282150268555,-0.05114396214485168,0.04072329342365265,False,0.8158,0.017913067340850963,0.01254113912582433,1.0,1.0,False,False,False
urm,sensitivity only,dominant_correctness,Avg,rho=0.2,1.7109711885452268,1.7055992603302002,-0.0053719282150268555,-0.05114396214485168,0.04072329342365265,False,0.8158,0.017913067340850963,0.01254113912582433,1.0,1.0,False,False,False
urm,sensitivity only,dominant_correctness,Avg,rho=0.5,1.7109711885452268,1.6964331388473508,-0.014538049697875977,-0.05217568472027779,0.02233142033219337,False,0.4512,0.027079188823700306,0.01254113912582433,1.0,1.0,False,False,False
urm,sensitivity only,dominant_correctness,MaxMin,c=0.0,1.7109711885452268,1.7030984103679656,-0.007872778177261352,-0.04348050117492676,0.02709802478551864,False,0.6834,0.020413917303085505,0.01254113912582433,1.0,1.0,False,False,False
urm,sensitivity only,dominant_correctness,MaxMin,c=0.1,1.7109711885452268,1.6959030866622922,-0.01506810188293457,-0.048036393523216245,0.01714847981929779,False,0.3706,0.027609241008758945,0.01254113912582433,1.0,1.0,False,False,False
urm,sensitivity only,dominant_correctness,MaxMin,c=0.25,1.7109711885452268,1.6964089542627336,-0.014562234282493591,-0.050687107518315316,0.020972266197204575,False,0.4244,0.027103373408317477,0.01254113912582433,1.0,1.0,False,False,False
urm,sensitivity only,dominant_correctness,MaxMin,c=0.5,1.7109711885452268,1.6931253969669344,-0.017845791578292847,-0.04949066936969757,0.013143430948257442,False,0.2524,0.030386930704116688,0.01254113912582433,1.0,1.0,False,False,False
urm,sensitivity only,dominant_correctness,MaxMin,c=0.75,1.7109711885452268,1.6896956861019135,-0.0212755024433136,-0.05166614085435867,0.006832069903612132,False,0.1372,0.03381664156913766,0.01254113912582433,1.0,1.0,False,False,False
urm,sensitivity only,dominant_correctness,MaxMin,c=0.9,1.7109711885452268,1.709476509690285,-0.0014946788549423217,-0.024992352426052095,0.021140063777565957,False,0.9184,0.01403581798076603,0.01254113912582433,1.0,1.0,False,False,False
urm,sensitivity only,dominant_correctness,MaxMin,c=0.95,1.7109711885452268,1.6998559862375262,-0.01111520230770111,-0.025333359837532043,0.0021232098340988057,False,0.1038,0.023656341433524908,0.01254113912582433,1.0,1.0,False,False,False
urm,sensitivity only,dominant_correctness,Fair,"alpha=0.0,eps=0.01",1.7109711885452268,1.719995391368866,0.009024202823638916,-0.01603968769311905,0.03561635971069336,False,0.4884,0.003516936302185192,0.01254113912582433,1.0,1.0,False,False,False
urm,sensitivity only,dominant_correctness,Fair,"alpha=0.0,eps=0.02",1.7109711885452268,1.7211619138717653,0.010190725326538086,-0.020414823889732363,0.04333215475082396,False,0.5214,0.0023504137992858,0.01254113912582433,1.0,1.0,False,False,False
urm,sensitivity only,dominant_correctness,Fair,"alpha=0.0,eps=0.05",1.7109711885452268,1.7170680463314056,0.006096857786178589,-0.03339290589094161,0.04608775347471236,False,0.7474,0.0064442813396454746,0.01254113912582433,1.0,1.0,False,False,False
urm,sensitivity only,dominant_correctness,Fair,"alpha=0.0,eps=0.1",1.7109711885452268,1.7117986679077148,0.0008274793624877929,-0.04560051739215851,0.04842798590660095,False,0.9476,0.01171365976333627,0.01254113912582433,1.0,1.0,False,False,False
urm,sensitivity only,dominant_correctness,Fair,"alpha=0.5,eps=0.01",1.7109711885452268,1.7107693910598756,-0.0002017974853515625,-0.004034996032714844,0.0033285140991210936,False,0.9614,0.012742936611175537,0.01254113912582433,1.0,1.0,False,False,False
urm,sensitivity only,dominant_correctness,Fair,"alpha=0.5,eps=0.02",1.7109711885452268,1.7105735063552854,-0.00039768218994140625,-0.00441504955291748,0.0033978796005249006,False,0.8648,0.012938821315765736,0.01254113912582433,1.0,1.0,False,False,False
urm,sensitivity only,dominant_correctness,Fair,"alpha=0.5,eps=0.05",1.7109711885452268,1.7081802517175675,-0.002790936827659607,-0.010852280855178833,0.004792979955673216,False,0.4784,0.015332075953483626,0.01254113912582433,1.0,1.0,False,False,False
urm,sensitivity only,dominant_correctness,Fair,"alpha=0.5,eps=0.1",1.7109711885452268,1.7173883825540543,0.006417194008827209,-0.010503152012825014,0.025596343651413913,False,0.4852,0.006123945116996765,0.01254113912582433,1.0,1.0,False,False,False
urm,sensitivity only,dominant_correctness,Fair,"alpha=1.0,eps=0.01",1.7109711885452268,1.7096093416213989,-0.001361846923828125,-0.004085540771484375,0.0,False,0.7432,0.013902986049652233,0.01254113912582433,1.0,1.0,False,False,False
urm,sensitivity only,dominant_correctness,Fair,"alpha=1.0,eps=0.02",1.7109711885452268,1.7107693910598756,-0.0002017974853515625,-0.004034996032714844,0.0033285140991210936,False,0.9614,0.012742936611175537,0.01254113912582433,1.0,1.0,False,False,False
urm,sensitivity only,dominant_correctness,Fair,"alpha=1.0,eps=0.05",1.7109711885452268,1.7084320694208146,-0.0025391191244125365,-0.008381009325385094,0.0023388657718896857,False,0.3518,0.015080258250236511,0.01254113912582433,1.0,1.0,False,False,False
urm,sensitivity only,dominant_correctness,Fair,"alpha=1.0,eps=0.1",1.7109711885452268,1.7081802517175675,-0.002790936827659607,-0.010852280855178833,0.004792979955673216,False,0.4784,0.015332075953483626,0.01254113912582433,1.0,1.0,False,False,False
urm,sensitivity only,dominant_correctness,Fair,"alpha=2.0,eps=0.01",1.7109711885452268,1.7109711885452268,0.0,0.0,0.0,False,1.0,0.01254113912582433,0.01254113912582433,1.0,1.0,False,False,False
urm,sensitivity only,dominant_correctness,Fair,"alpha=2.0,eps=0.02",1.7109711885452268,1.7096093416213989,-0.001361846923828125,-0.004085540771484375,0.0,False,0.7432,0.013902986049652233,0.01254113912582433,1.0,1.0,False,False,False
urm,sensitivity only,dominant_correctness,Fair,"alpha=2.0,eps=0.05",1.7109711885452268,1.7100762605667112,-0.000894927978515625,-0.004778671264648438,0.0026859283447265626,False,0.6584,0.013436067104339866,0.01254113912582433,1.0,1.0,False,False,False
urm,sensitivity only,dominant_correctness,Fair,"alpha=2.0,eps=0.1",1.7109711885452268,1.7084320694208146,-0.0025391191244125365,-0.008381009325385094,0.0023388657718896857,False,0.3518,0.015080258250236511,0.01254113912582433,1.0,1.0,False,False,False
urm,sensitivity only,dominant_coherence,Avg,rho=0.0,0.7481060147285461,0.7266619566828013,-0.021444058045744896,-0.054146085251122716,0.011085964217782004,False,0.1946,0.057822882756590865,0.03637882471084608,1.0,1.0,False,False,False
urm,sensitivity only,dominant_coherence,Avg,rho=0.1,0.7481060147285461,0.7266619566828013,-0.021444058045744896,-0.054146085251122716,0.011085964217782004,False,0.1946,0.057822882756590865,0.03637882471084608,1.0,1.0,False,False,False
urm,sensitivity only,dominant_coherence,Avg,rho=0.2,0.7481060147285461,0.7266619566828013,-0.021444058045744896,-0.054146085251122716,0.011085964217782004,False,0.1946,0.057822882756590865,0.03637882471084608,1.0,1.0,False,False,False
urm,sensitivity only,dominant_coherence,Avg,rho=0.5,0.7481060147285461,0.7459576845169067,-0.0021483302116394043,-0.03301855981349945,0.02867273151874541,False,0.883,0.038527154922485485,0.03637882471084608,1.0,1.0,False,False,False
urm,sensitivity only,dominant_coherence,MaxMin,c=0.0,0.7481060147285461,0.7422885417938232,-0.0058174729347229,-0.0378273519873619,0.02516552835702896,False,0.7042,0.04219629764556898,0.03637882471084608,1.0,1.0,False,False,False
urm,sensitivity only,dominant_coherence,MaxMin,c=0.1,0.7481060147285461,0.7430395603179931,-0.0050664544105529785,-0.0327194595336914,0.02197747945785522,False,0.6982,0.04144527912139906,0.03637882471084608,1.0,1.0,False,False,False
urm,sensitivity only,dominant_coherence,MaxMin,c=0.25,0.7481060147285461,0.7284696102142334,-0.019636404514312745,-0.04517441362142562,0.005928508639335631,False,0.1366,0.05601522922515878,0.03637882471084608,1.0,1.0,False,False,False
urm,sensitivity only,dominant_coherence,MaxMin,c=0.5,0.7481060147285461,0.7524843931198121,0.004378378391265869,-0.019832777082920073,0.0277914959192276,False,0.7174,0.0320004463195801,0.03637882471084608,1.0,1.0,False,False,False
urm,sensitivity only,dominant_coherence,MaxMin,c=0.75,0.7481060147285461,0.7399715542793274,-0.00813446044921875,-0.029666581749916075,0.012820109128952,False,0.4584,0.04451328516006481,0.03637882471084608,1.0,1.0,False,False,False
urm,sensitivity only,dominant_coherence,MaxMin,c=0.9,0.7481060147285461,0.7479878425598144,-0.00011817216873168945,-0.0185942006111145,0.018159665763378144,False,1.0,0.03649699687957775,0.03637882471084608,1.0,1.0,False,False,False
urm,sensitivity only,dominant_coherence,MaxMin,c=0.95,0.7481060147285461,0.7391626477241516,-0.00894336700439453,-0.024179972410202026,0.003858613967895501,False,0.183,0.045322191715240545,0.03637882471084608,1.0,1.0,False,False,False
urm,sensitivity only,dominant_coherence,Fair,"alpha=0.0,eps=0.01",0.7481060147285461,0.7390395522117615,-0.009066462516784668,-0.0292049241065979,0.01035703957080841,False,0.361,0.04544528722763064,0.03637882471084608,1.0,1.0,False,False,False
urm,sensitivity only,dominant_coherence,Fair,"alpha=0.0,eps=0.02",0.7481060147285461,0.7476072192192078,-0.0004987955093383789,-0.023990739583969117,0.021743501424789428,False,0.979,0.03687762022018437,0.03637882471084608,1.0,1.0,False,False,False
urm,sensitivity only,dominant_coherence,Fair,"alpha=0.0,eps=0.05",0.7481060147285461,0.7682801127433777,0.020174098014831544,-0.009773326814174652,0.04954028785228729,False,0.184,0.01620472669601447,0.03637882471084608,1.0,1.0,False,False,False
urm,sensitivity only,dominant_coherence,Fair,"alpha=0.0,eps=0.1",0.7481060147285461,0.7606814503669739,0.012575435638427734,-0.02395255655050278,0.048611463904380765,False,0.4894,0.0238033890724183,0.03637882471084608,1.0,1.0,False,False,False
urm,sensitivity only,dominant_coherence,Fair,"alpha=0.5,eps=0.01",0.7481060147285461,0.7460498452186584,-0.0020561695098876955,-0.004586458206176758,0.0,False,0.093,0.03843499422073382,0.03637882471084608,1.0,1.0,False,False,False
urm,sensitivity only,dominant_coherence,Fair,"alpha=0.5,eps=0.02",0.7481060147285461,0.7481072545051575,1.239776611328125e-06,-0.006378556489944458,0.007111580371856687,False,1.0,0.03637758493423471,0.03637882471084608,1.0,1.0,False,False,False
urm,sensitivity only,dominant_coherence,Fair,"alpha=0.5,eps=0.05",0.7481060147285461,0.7475173115730286,-0.0005887031555175781,-0.0063981544971466065,0.005483160018920899,False,0.801,0.03696752786636359,0.03637882471084608,1.0,1.0,False,False,False
urm,sensitivity only,dominant_coherence,Fair,"alpha=0.5,eps=0.1",0.7481060147285461,0.7498441815376282,0.0017381668090820312,-0.013912985324859618,0.016331954002380362,False,0.8014,0.03464065790176396,0.03637882471084608,1.0,1.0,False,False,False
urm,sensitivity only,dominant_coherence,Fair,"alpha=1.0,eps=0.01",0.7481060147285461,0.746883738040924,-0.0012222766876220704,-0.003287982940673828,0.0,False,0.2588,0.03760110139846817,0.03637882471084608,1.0,1.0,False,False,False
urm,sensitivity only,dominant_coherence,Fair,"alpha=1.0,eps=0.02",0.7481060147285461,0.7460498452186584,-0.0020561695098876955,-0.004586458206176758,0.0,False,0.093,0.03843499422073382,0.03637882471084608,1.0,1.0,False,False,False
urm,sensitivity only,dominant_coherence,Fair,"alpha=1.0,eps=0.05",0.7481060147285461,0.7479964375495911,-0.00010957717895507813,-0.006506963968276978,0.0070075511932373045,False,0.9146,0.03648840188980107,0.03637882471084608,1.0,1.0,False,False,False
urm,sensitivity only,dominant_coherence,Fair,"alpha=1.0,eps=0.1",0.7481060147285461,0.7475173115730286,-0.0005887031555175781,-0.0063981544971466065,0.005483160018920899,False,0.801,0.03696752786636359,0.03637882471084608,1.0,1.0,False,False,False
urm,sensitivity only,dominant_coherence,Fair,"alpha=2.0,eps=0.01",0.7481060147285461,0.7477271676063537,-0.0003788471221923828,-0.0011365413665771484,0.0,False,0.7374,0.03675767183303846,0.03637882471084608,1.0,1.0,False,False,False
urm,sensitivity only,dominant_coherence,Fair,"alpha=2.0,eps=0.02",0.7481060147285461,0.746883738040924,-0.0012222766876220704,-0.003287982940673828,0.0,False,0.2588,0.03760110139846817,0.03637882471084608,1.0,1.0,False,False,False
urm,sensitivity only,dominant_coherence,Fair,"alpha=2.0,eps=0.05",0.7481060147285461,0.7441203713417054,-0.00398564338684082,-0.008340835571289062,-0.0006809711456298828,True,0.0134,0.04036446809768679,0.03637882471084608,1.0,1.0,False,False,False
urm,sensitivity only,dominant_coherence,Fair,"alpha=2.0,eps=0.1",0.7481060147285461,0.7479964375495911,-0.00010957717895507813,-0.006506963968276978,0.0070075511932373045,False,0.9146,0.03648840188980107,0.03637882471084608,1.0,1.0,False,False,False
urm,sensitivity only,dominant_complexity,Avg,rho=0.0,0.4846194326877594,0.4821788787841797,-0.0024405539035797117,-0.03129857584834099,0.026175394654273983,False,0.8668,0.005640369653701793,0.0031998157501220703,1.0,1.0,False,False,False
urm,sensitivity only,dominant_complexity,Avg,rho=0.1,0.4846194326877594,0.4821788787841797,-0.0024405539035797117,-0.03129857584834099,0.026175394654273983,False,0.8668,0.005640369653701793,0.0031998157501220703,1.0,1.0,False,False,False
urm,sensitivity only,dominant_complexity,Avg,rho=0.2,0.4846194326877594,0.4821788787841797,-0.0024405539035797117,-0.03129857584834099,0.026175394654273983,False,0.8668,0.005640369653701793,0.0031998157501220703,1.0,1.0,False,False,False
urm,sensitivity only,dominant_complexity,Avg,rho=0.5,0.4846194326877594,0.47903870344161986,-0.005580729246139527,-0.030660297274589538,0.018485642969608283,False,0.652,0.00878054499626163,0.0031998157501220703,1.0,1.0,False,False,False
urm,sensitivity only,dominant_complexity,MaxMin,c=0.0,0.4846194326877594,0.4752210855484009,-0.00939834713935852,-0.03237948685884476,0.013130898475646968,False,0.4038,0.012598162889480569,0.0031998157501220703,1.0,1.0,False,False,False
urm,sensitivity only,dominant_complexity,MaxMin,c=0.1,0.4846194326877594,0.4776961326599121,-0.00692330002784729,-0.028951826095581053,0.014196401387453077,False,0.5168,0.010123115777969371,0.0031998157501220703,1.0,1.0,False,False,False
urm,sensitivity only,dominant_complexity,MaxMin,c=0.25,0.4846194326877594,0.4672326326370239,-0.017386800050735472,-0.03752374410629272,0.0031657814979553106,False,0.0942,0.020586615800857577,0.0031998157501220703,1.0,1.0,False,False,False
urm,sensitivity only,dominant_complexity,MaxMin,c=0.5,0.4846194326877594,0.4687831953167916,-0.015836237370967864,-0.03440282534807921,0.002586484663188451,False,0.09,0.019036053121089913,0.0031998157501220703,1.0,1.0,False,False,False
urm,sensitivity only,dominant_complexity,MaxMin,c=0.75,0.4846194326877594,0.4627298071980476,-0.02188962548971176,-0.03977524198591709,-0.0037203420326113712,True,0.015,0.025089441239833865,0.0031998157501220703,1.0,1.0,False,False,False
urm,sensitivity only,dominant_complexity,MaxMin,c=0.9,0.4846194326877594,0.4825229167938232,-0.002096515893936157,-0.015995941013097762,0.010532886981964109,False,0.7556,0.005296331644058294,0.0031998157501220703,1.0,1.0,False,False,False
urm,sensitivity only,dominant_complexity,MaxMin,c=0.95,0.4846194326877594,0.4878192484378815,0.0031998157501220703,-0.0051322543621063225,0.012585974931716917,False,0.4934,0.0,0.0031998157501220703,1.0,1.0,False,False,False
urm,sensitivity only,dominant_complexity,Fair,"alpha=0.0,eps=0.01",0.4846194326877594,0.47786736488342285,-0.0067520678043365475,-0.0212708480656147,0.006568198204040526,False,0.3224,0.00995188355445864,0.0031998157501220703,1.0,1.0,False,False,False
urm,sensitivity only,dominant_complexity,Fair,"alpha=0.0,eps=0.02",0.4846194326877594,0.4748727858066559,-0.009746646881103516,-0.02741041198372841,0.007724133133888235,False,0.2754,0.01294646263122562,0.0031998157501220703,1.0,1.0,False,False,False
urm,sensitivity only,dominant_complexity,Fair,"alpha=0.0,eps=0.05",0.4846194326877594,0.47556049525737765,-0.009058937430381775,-0.030785873606801035,0.0126900465041399,False,0.4126,0.012258753180503845,0.0031998157501220703,1.0,1.0,False,False,False
urm,sensitivity only,dominant_complexity,Fair,"alpha=0.0,eps=0.1",0.4846194326877594,0.4855696439743042,0.0009502112865447998,-0.02395370289683342,0.024004999548196786,False,0.9468,0.002249604463577304,0.0031998157501220703,1.0,1.0,False,False,False
urm,sensitivity only,dominant_complexity,Fair,"alpha=0.5,eps=0.01",0.4846194326877594,0.48427974581718447,-0.00033968687057495117,-0.004339277744293213,0.0033202171325683594,False,0.9532,0.0035395026206970215,0.0031998157501220703,1.0,1.0,False,False,False
urm,sensitivity only,dominant_complexity,Fair,"alpha=0.5,eps=0.02",0.4846194326877594,0.4830781161785126,-0.0015413165092468262,-0.006250548362731934,0.0022134780883789062,False,0.3974,0.0047411322593688965,0.0031998157501220703,1.0,1.0,False,False,False
urm,sensitivity only,dominant_complexity,Fair,"alpha=0.5,eps=0.05",0.4846194326877594,0.481404322385788,-0.0032151103019714355,-0.009166778922080994,0.0018831560015678402,False,0.2416,0.006414926052093484,0.0031998157501220703,1.0,1.0,False,False,False
urm,sensitivity only,dominant_complexity,Fair,"alpha=0.5,eps=0.1",0.4846194326877594,0.4801105201244354,-0.004508912563323975,-0.012407054901123047,0.002711341381072996,False,0.2416,0.0077087283134461,0.0031998157501220703,1.0,1.0,False,False,False
urm,sensitivity only,dominant_complexity,Fair,"alpha=1.0,eps=0.01",0.4846194326877594,0.4846194326877594,0.0,0.0,0.0,False,1.0,0.0031998157501220703,0.0031998157501220703,1.0,1.0,False,False,False
urm,sensitivity only,dominant_complexity,Fair,"alpha=1.0,eps=0.02",0.4846194326877594,0.48427974581718447,-0.00033968687057495117,-0.004339277744293213,0.0033202171325683594,False,0.9532,0.0035395026206970215,0.0031998157501220703,1.0,1.0,False,False,False
urm,sensitivity only,dominant_complexity,Fair,"alpha=1.0,eps=0.05",0.4846194326877594,0.48208352923393255,-0.0025359034538269044,-0.006763029098510742,0.00014190673828125,False,0.1688,0.005735719203948941,0.0031998157501220703,1.0,1.0,False,False,False
urm,sensitivity only,dominant_complexity,Fair,"alpha=1.0,eps=0.1",0.4846194326877594,0.48166067004203794,-0.0029587626457214357,-0.008923537135124207,0.0021825337409973125,False,0.2872,0.00615857839584355,0.0031998157501220703,1.0,1.0,False,False,False
urm,sensitivity only,dominant_complexity,Fair,"alpha=2.0,eps=0.01",0.4846194326877594,0.4846194326877594,0.0,0.0,0.0,False,1.0,0.0031998157501220703,0.0031998157501220703,1.0,1.0,False,False,False
urm,sensitivity only,dominant_complexity,Fair,"alpha=2.0,eps=0.02",0.4846194326877594,0.4846194326877594,0.0,0.0,0.0,False,1.0,0.0031998157501220703,0.0031998157501220703,1.0,1.0,False,False,False
urm,sensitivity only,dominant_complexity,Fair,"alpha=2.0,eps=0.05",0.4846194326877594,0.4830781161785126,-0.0015413165092468262,-0.006250548362731934,0.0022134780883789062,False,0.3974,0.0047411322593688965,0.0031998157501220703,1.0,1.0,False,False,False
urm,sensitivity only,dominant_complexity,Fair,"alpha=2.0,eps=0.1",0.4846194326877594,0.48208352923393255,-0.0025359034538269044,-0.006763029098510742,0.00014190673828125,False,0.1688,0.005735719203948941,0.0031998157501220703,1.0,1.0,False,False,False
urm,sensitivity only,dominant_verbosity,Avg,rho=0.0,1.266918885707855,1.27149955034256,0.00458066463470459,-0.013853594362735748,0.02289177298545837,False,0.6284,0.026000207662582486,0.030580872297287343,1.0,1.0,False,False,False
urm,sensitivity only,dominant_verbosity,Avg,rho=0.1,1.266918885707855,1.27149955034256,0.00458066463470459,-0.013853594362735748,0.02289177298545837,False,0.6284,0.026000207662582486,0.030580872297287343,1.0,1.0,False,False,False
urm,sensitivity only,dominant_verbosity,Avg,rho=0.2,1.266918885707855,1.27149955034256,0.00458066463470459,-0.013853594362735748,0.02289177298545837,False,0.6284,0.026000207662582486,0.030580872297287343,1.0,1.0,False,False,False
urm,sensitivity only,dominant_verbosity,Avg,rho=0.5,1.266918885707855,1.2741832494735716,0.007264363765716553,-0.013668354749679566,0.02775309264659881,False,0.5142,0.023316508531570745,0.030580872297287343,1.0,1.0,False,False,False
urm,sensitivity only,dominant_verbosity,MaxMin,c=0.0,1.266918885707855,1.28044912815094,0.013530242443084716,-0.007796599268913269,0.03446120828390121,False,0.2178,0.01705062985420236,0.030580872297287343,1.0,1.0,False,False,False
urm,sensitivity only,dominant_verbosity,MaxMin,c=0.1,1.266918885707855,1.277895474433899,0.010976588726043702,-0.010554980635643006,0.0316278886795044,False,0.328,0.01960428357124333,0.030580872297287343,1.0,1.0,False,False,False
urm,sensitivity only,dominant_verbosity,MaxMin,c=0.25,1.266918885707855,1.2702268719673158,0.0033079862594604494,-0.019520638585090636,0.025608254373073576,False,0.7948,0.027272886037826627,0.030580872297287343,1.0,1.0,False,False,False
urm,sensitivity only,dominant_verbosity,MaxMin,c=0.5,1.266918885707855,1.2708725929260254,0.003953707218170166,-0.014617769718170167,0.02280182152986526,False,0.6978,0.026627165079117,0.030580872297287343,1.0,1.0,False,False,False
urm,sensitivity only,dominant_verbosity,MaxMin,c=0.75,1.266918885707855,1.2699715197086334,0.003052634000778198,-0.01561674416065216,0.021791689693927762,False,0.7632,0.027528238296508967,0.030580872297287343,1.0,1.0,False,False,False
urm,sensitivity only,dominant_verbosity,MaxMin,c=0.9,1.266918885707855,1.2692940711975098,0.002375185489654541,-0.014261462092399597,0.017740356922149658,False,0.764,0.02820568680763258,0.030580872297287343,1.0,1.0,False,False,False
urm,sensitivity only,dominant_verbosity,MaxMin,c=0.95,1.266918885707855,1.2698238611221313,0.002904975414276123,-0.010784672796726227,0.015020255446434018,False,0.6268,0.027675896883011086,0.030580872297287343,1.0,1.0,False,False,False
urm,sensitivity only,dominant_verbosity,Fair,"alpha=0.0,eps=0.01",1.266918885707855,1.2650425434112549,-0.0018763422966003418,-0.013554785847663878,0.009093278646469114,False,0.7512,0.03245721459388751,0.030580872297287343,1.0,1.0,False,False,False
urm,sensitivity only,dominant_verbosity,Fair,"alpha=0.0,eps=0.02",1.266918885707855,1.2533288955688477,-0.013589990139007569,-0.030382013320922854,0.002190265357494354,False,0.0976,0.044170862436294644,0.030580872297287343,1.0,1.0,False,False,False
urm,sensitivity only,dominant_verbosity,Fair,"alpha=0.0,eps=0.05",1.266918885707855,1.2568462431430816,-0.01007264256477356,-0.029746312499046326,0.008698005676269528,False,0.3044,0.04065351486206081,0.030580872297287343,1.0,1.0,False,False,False
urm,sensitivity only,dominant_verbosity,Fair,"alpha=0.0,eps=0.1",1.266918885707855,1.261660063266754,-0.005258822441101074,-0.023268366158008577,0.01195987462997436,False,0.5506,0.03583969473838833,0.030580872297287343,1.0,1.0,False,False,False
urm,sensitivity only,dominant_verbosity,Fair,"alpha=0.5,eps=0.01",1.266918885707855,1.266018235683441,-0.0009006500244140625,-0.004059028625488281,0.0013570785522460938,False,0.645,0.031481522321701316,0.030580872297287343,1.0,1.0,False,False,False
urm,sensitivity only,dominant_verbosity,Fair,"alpha=0.5,eps=0.02",1.266918885707855,1.2666713118553161,-0.0002475738525390625,-0.0058441162109375,0.004516253471374512,False,0.9722,0.030828446149826272,0.030580872297287343,1.0,1.0,False,False,False
urm,sensitivity only,dominant_verbosity,Fair,"alpha=0.5,eps=0.05",1.266918885707855,1.2659356594085693,-0.0009832262992858886,-0.008204758167266846,0.005381705164909361,False,0.7762,0.031564098596573054,0.030580872297287343,1.0,1.0,False,False,False
urm,sensitivity only,dominant_verbosity,Fair,"alpha=0.5,eps=0.1",1.266918885707855,1.2681477904319765,0.0012289047241210937,-0.007910205125808716,0.010505535900592803,False,0.8194,0.029351967573165938,0.030580872297287343,1.0,1.0,False,False,False
urm,sensitivity only,dominant_verbosity,Fair,"alpha=1.0,eps=0.01",1.266918885707855,1.266018235683441,-0.0009006500244140625,-0.004059028625488281,0.0013570785522460938,False,0.645,0.031481522321701316,0.030580872297287343,1.0,1.0,False,False,False
urm,sensitivity only,dominant_verbosity,Fair,"alpha=1.0,eps=0.02",1.266918885707855,1.266018235683441,-0.0009006500244140625,-0.004059028625488281,0.0013570785522460938,False,0.645,0.031481522321701316,0.030580872297287343,1.0,1.0,False,False,False
urm,sensitivity only,dominant_verbosity,Fair,"alpha=1.0,eps=0.05",1.266918885707855,1.266788899898529,-0.00012998580932617189,-0.0058502435684204095,0.004686937332153317,False,1.0,0.030710858106613337,0.030580872297287343,1.0,1.0,False,False,False
urm,sensitivity only,dominant_verbosity,Fair,"alpha=1.0,eps=0.1",1.266918885707855,1.2659356594085693,-0.0009832262992858886,-0.008204758167266846,0.005381705164909361,False,0.7762,0.031564098596573054,0.030580872297287343,1.0,1.0,False,False,False
urm,sensitivity only,dominant_verbosity,Fair,"alpha=2.0,eps=0.01",1.266918885707855,1.2663075804710389,-0.0006113052368164062,-0.003769683837890625,0.0019357681274414062,False,0.9226,0.031192177534103527,0.030580872297287343,1.0,1.0,False,False,False
urm,sensitivity only,dominant_verbosity,Fair,"alpha=2.0,eps=0.02",1.266918885707855,1.266018235683441,-0.0009006500244140625,-0.004059028625488281,0.0013570785522460938,False,0.645,0.031481522321701316,0.030580872297287343,1.0,1.0,False,False,False
urm,sensitivity only,dominant_verbosity,Fair,"alpha=2.0,eps=0.05",1.266918885707855,1.266018235683441,-0.0009006500244140625,-0.004059028625488281,0.0013570785522460938,False,0.645,0.031481522321701316,0.030580872297287343,1.0,1.0,False,False,False
urm,sensitivity only,dominant_verbosity,Fair,"alpha=2.0,eps=0.1",1.266918885707855,1.266788899898529,-0.00012998580932617189,-0.0058502435684204095,0.004686937332153317,False,1.0,0.030710858106613337,0.030580872297287343,1.0,1.0,False,False,False
urm,sensitivity only,only_correctness,Fair,"alpha=0.0,eps=0.01",2.9229736328125,2.929248046875,0.0062744140625,-0.0021484375,0.017236328125,False,0.1768,0.01702880859375,0.023303222656250178,1.0,1.0,False,False,False
urm,sensitivity only,only_correctness,Fair,"alpha=0.0,eps=0.02",2.9229736328125,2.932861328125,0.0098876953125,-0.0024169921875,0.0243896484375,False,0.1206,0.013415527343750178,0.023303222656250178,1.0,1.0,False,False,False
urm,sensitivity only,only_correctness,Fair,"alpha=0.0,eps=0.05",2.9229736328125,2.94617919921875,0.02320556640625,-0.0012213134765624994,0.048840942382812495,False,0.0636,9.765625000035527e-05,0.023303222656250178,1.0,1.0,False,False,False
urm,sensitivity only,only_correctness,Fair,"alpha=0.0,eps=0.1",2.9229736328125,2.94322509765625,0.02025146484375,-0.02426910400390625,0.06876251220703124,False,0.403,0.0030517578125,0.023303222656250178,1.0,1.0,False,False,False
urm,sensitivity only,only_correctness,Fair,"alpha=0.5,eps=0.01",2.9229736328125,2.9229736328125,0.0,0.0,0.0,False,1.0,0.023303222656250178,0.023303222656250178,1.0,1.0,False,False,False
urm,sensitivity only,only_correctness,Fair,"alpha=0.5,eps=0.02",2.9229736328125,2.9229736328125,0.0,0.0,0.0,False,1.0,0.023303222656250178,0.023303222656250178,1.0,1.0,False,False,False
urm,sensitivity only,only_correctness,Fair,"alpha=0.5,eps=0.05",2.9229736328125,2.9229736328125,0.0,0.0,0.0,False,1.0,0.023303222656250178,0.023303222656250178,1.0,1.0,False,False,False
urm,sensitivity only,only_correctness,Fair,"alpha=0.5,eps=0.1",2.9229736328125,2.9229736328125,0.0,0.0,0.0,False,1.0,0.023303222656250178,0.023303222656250178,1.0,1.0,False,False,False
urm,sensitivity only,only_correctness,Fair,"alpha=1.0,eps=0.01",2.9229736328125,2.9229736328125,0.0,0.0,0.0,False,1.0,0.023303222656250178,0.023303222656250178,1.0,1.0,False,False,False
urm,sensitivity only,only_correctness,Fair,"alpha=1.0,eps=0.02",2.9229736328125,2.9229736328125,0.0,0.0,0.0,False,1.0,0.023303222656250178,0.023303222656250178,1.0,1.0,False,False,False
urm,sensitivity only,only_correctness,Fair,"alpha=1.0,eps=0.05",2.9229736328125,2.9229736328125,0.0,0.0,0.0,False,1.0,0.023303222656250178,0.023303222656250178,1.0,1.0,False,False,False
urm,sensitivity only,only_correctness,Fair,"alpha=1.0,eps=0.1",2.9229736328125,2.9229736328125,0.0,0.0,0.0,False,1.0,0.023303222656250178,0.023303222656250178,1.0,1.0,False,False,False
urm,sensitivity only,only_correctness,Fair,"alpha=2.0,eps=0.01",2.9229736328125,2.9229736328125,0.0,0.0,0.0,False,1.0,0.023303222656250178,0.023303222656250178,1.0,1.0,False,False,False
urm,sensitivity only,only_correctness,Fair,"alpha=2.0,eps=0.02",2.9229736328125,2.9229736328125,0.0,0.0,0.0,False,1.0,0.023303222656250178,0.023303222656250178,1.0,1.0,False,False,False
urm,sensitivity only,only_correctness,Fair,"alpha=2.0,eps=0.05",2.9229736328125,2.9229736328125,0.0,0.0,0.0,False,1.0,0.023303222656250178,0.023303222656250178,1.0,1.0,False,False,False
urm,sensitivity only,only_correctness,Fair,"alpha=2.0,eps=0.1",2.9229736328125,2.9229736328125,0.0,0.0,0.0,False,1.0,0.023303222656250178,0.023303222656250178,1.0,1.0,False,False,False
urm,sensitivity only,only_coherence,Fair,"alpha=0.0,eps=0.01",0.3877018928527832,0.3866414070129395,-0.00106048583984375,-0.009650077819824219,0.00679985046386718,False,0.8266,0.058788585662841786,0.057728099822998036,1.0,1.0,False,False,False
urm,sensitivity only,only_coherence,Fair,"alpha=0.0,eps=0.02",0.3877018928527832,0.39326868057250974,0.005566787719726562,-0.013008184432983398,0.02440023422241208,False,0.5568,0.05216131210327152,0.057728099822998036,1.0,1.0,False,False,False
urm,sensitivity only,only_coherence,Fair,"alpha=0.0,eps=0.05",0.3877018928527832,0.3895292282104492,0.0018273353576660155,-0.027781393527984616,0.03095911979675293,False,0.913,0.05590076446533204,0.057728099822998036,1.0,1.0,False,False,False
urm,sensitivity only,only_coherence,Fair,"alpha=0.0,eps=0.1",0.3877018928527832,0.4160675048828125,0.028365612030029297,-0.003931105136871338,0.0611281657218933,False,0.0888,0.02936248779296874,0.057728099822998036,1.0,1.0,False,False,False
urm,sensitivity only,only_coherence,Fair,"alpha=0.5,eps=0.01",0.3877018928527832,0.3877018928527832,0.0,0.0,0.0,False,1.0,0.057728099822998036,0.057728099822998036,1.0,1.0,False,False,False
urm,sensitivity only,only_coherence,Fair,"alpha=0.5,eps=0.02",0.3877018928527832,0.3877018928527832,0.0,0.0,0.0,False,1.0,0.057728099822998036,0.057728099822998036,1.0,1.0,False,False,False
urm,sensitivity only,only_coherence,Fair,"alpha=0.5,eps=0.05",0.3877018928527832,0.38828325271606445,0.00058135986328125,-0.0018951416015625,0.0042205810546875,False,0.875,0.05714673995971681,0.057728099822998036,1.0,1.0,False,False,False
urm,sensitivity only,only_coherence,Fair,"alpha=0.5,eps=0.1",0.3877018928527832,0.38788957595825196,0.00018768310546875,-0.0069580078125,0.00728302001953125,False,0.9548,0.0575404167175293,0.057728099822998036,1.0,1.0,False,False,False
urm,sensitivity only,only_coherence,Fair,"alpha=1.0,eps=0.01",0.3877018928527832,0.3877018928527832,0.0,0.0,0.0,False,1.0,0.057728099822998036,0.057728099822998036,1.0,1.0,False,False,False
urm,sensitivity only,only_coherence,Fair,"alpha=1.0,eps=0.02",0.3877018928527832,0.3877018928527832,0.0,0.0,0.0,False,1.0,0.057728099822998036,0.057728099822998036,1.0,1.0,False,False,False
urm,sensitivity only,only_coherence,Fair,"alpha=1.0,eps=0.05",0.3877018928527832,0.3877018928527832,0.0,0.0,0.0,False,1.0,0.057728099822998036,0.057728099822998036,1.0,1.0,False,False,False
urm,sensitivity only,only_coherence,Fair,"alpha=1.0,eps=0.1",0.3877018928527832,0.38828325271606445,0.00058135986328125,-0.0018951416015625,0.0042205810546875,False,0.875,0.05714673995971681,0.057728099822998036,1.0,1.0,False,False,False
urm,sensitivity only,only_coherence,Fair,"alpha=2.0,eps=0.01",0.3877018928527832,0.3877018928527832,0.0,0.0,0.0,False,1.0,0.057728099822998036,0.057728099822998036,1.0,1.0,False,False,False
urm,sensitivity only,only_coherence,Fair,"alpha=2.0,eps=0.02",0.3877018928527832,0.3877018928527832,0.0,0.0,0.0,False,1.0,0.057728099822998036,0.057728099822998036,1.0,1.0,False,False,False
urm,sensitivity only,only_coherence,Fair,"alpha=2.0,eps=0.05",0.3877018928527832,0.3877018928527832,0.0,0.0,0.0,False,1.0,0.057728099822998036,0.057728099822998036,1.0,1.0,False,False,False
urm,sensitivity only,only_coherence,Fair,"alpha=2.0,eps=0.1",0.3877018928527832,0.3877018928527832,0.0,0.0,0.0,False,1.0,0.057728099822998036,0.057728099822998036,1.0,1.0,False,False,False
urm,sensitivity only,only_complexity,Fair,"alpha=0.0,eps=0.01",-0.34017486572265626,-0.34162254333496095,-0.0014476776123046875,-0.011303081512451171,0.008070926666259762,False,0.7682,0.01502189636230472,0.013574218750000033,1.0,1.0,False,False,False
urm,sensitivity only,only_complexity,Fair,"alpha=0.0,eps=0.02",-0.34017486572265626,-0.33848915100097654,0.0016857147216796874,-0.007960243225097656,0.011465301513671871,False,0.7324,0.011888504028320312,0.013574218750000033,1.0,1.0,False,False,False
urm,sensitivity only,only_complexity,Fair,"alpha=0.0,eps=0.05",-0.34017486572265626,-0.3472555160522461,-0.007080650329589844,-0.02706888198852539,0.012238950729370117,False,0.4824,0.020654869079589855,0.013574218750000033,1.0,1.0,False,False,False
urm,sensitivity only,only_complexity,Fair,"alpha=0.0,eps=0.1",-0.34017486572265626,-0.3559436798095703,-0.015768814086914062,-0.03619789600372314,0.005138134956359851,False,0.1338,0.029343032836914085,0.013574218750000033,1.0,1.0,False,False,False
urm,sensitivity only,only_complexity,Fair,"alpha=0.5,eps=0.01",-0.34017486572265626,-0.3414825439453125,-0.00130767822265625,-0.00392303466796875,0.0,False,0.7188,0.014881896972656294,0.013574218750000033,1.0,1.0,False,False,False
urm,sensitivity only,only_complexity,Fair,"alpha=0.5,eps=0.02",-0.34017486572265626,-0.33782196044921875,0.0023529052734375,0.0,0.0070587158203125,False,0.7266,0.011221313476562522,0.013574218750000033,1.0,1.0,False,False,False
urm,sensitivity only,only_complexity,Fair,"alpha=0.5,eps=0.05",-0.34017486572265626,-0.3389263153076172,0.0012485504150390625,-0.005667181015014648,0.009043283462524412,False,0.758,0.01232566833496096,0.013574218750000033,1.0,1.0,False,False,False
urm,sensitivity only,only_complexity,Fair,"alpha=0.5,eps=0.1",-0.34017486572265626,-0.34313011169433594,-0.0029552459716796877,-0.010983352661132812,0.004451951980590818,False,0.4484,0.01652946472167971,0.013574218750000033,1.0,1.0,False,False,False
urm,sensitivity only,only_complexity,Fair,"alpha=1.0,eps=0.01",-0.34017486572265626,-0.34017486572265626,0.0,0.0,0.0,False,1.0,0.013574218750000033,0.013574218750000033,1.0,1.0,False,False,False
urm,sensitivity only,only_complexity,Fair,"alpha=1.0,eps=0.02",-0.34017486572265626,-0.34017486572265626,0.0,0.0,0.0,False,1.0,0.013574218750000033,0.013574218750000033,1.0,1.0,False,False,False
urm,sensitivity only,only_complexity,Fair,"alpha=1.0,eps=0.05",-0.34017486572265626,-0.33782196044921875,0.0023529052734375,0.0,0.0070587158203125,False,0.7266,0.011221313476562522,0.013574218750000033,1.0,1.0,False,False,False
urm,sensitivity only,only_complexity,Fair,"alpha=1.0,eps=0.1",-0.34017486572265626,-0.3389263153076172,0.0012485504150390625,-0.005667181015014648,0.009043283462524412,False,0.758,0.01232566833496096,0.013574218750000033,1.0,1.0,False,False,False
urm,sensitivity only,only_complexity,Fair,"alpha=2.0,eps=0.01",-0.34017486572265626,-0.34017486572265626,0.0,0.0,0.0,False,1.0,0.013574218750000033,0.013574218750000033,1.0,1.0,False,False,False
urm,sensitivity only,only_complexity,Fair,"alpha=2.0,eps=0.02",-0.34017486572265626,-0.34017486572265626,0.0,0.0,0.0,False,1.0,0.013574218750000033,0.013574218750000033,1.0,1.0,False,False,False
urm,sensitivity only,only_complexity,Fair,"alpha=2.0,eps=0.05",-0.34017486572265626,-0.34017486572265626,0.0,0.0,0.0,False,1.0,0.013574218750000033,0.013574218750000033,1.0,1.0,False,False,False
urm,sensitivity only,only_complexity,Fair,"alpha=2.0,eps=0.1",-0.34017486572265626,-0.33782196044921875,0.0023529052734375,0.0,0.0070587158203125,False,0.7266,0.011221313476562522,0.013574218750000033,1.0,1.0,False,False,False
urm,sensitivity only,only_verbosity,Fair,"alpha=0.0,eps=0.01",1.8066650390625,1.8154541015625,0.0087890625,-0.005224914550781249,0.024634094238281248,False,0.2284,0.010400390624999867,0.019189453124999867,1.0,1.0,False,False,False
urm,sensitivity only,only_verbosity,Fair,"alpha=0.0,eps=0.02",1.8066650390625,1.8067138671875,4.8828125e-05,-0.01843292236328125,0.020191650390624982,False,1.0,0.01914062499999991,0.019189453124999867,1.0,1.0,False,False,False
urm,sensitivity only,only_verbosity,Fair,"alpha=0.0,eps=0.05",1.8066650390625,1.79217529296875,-0.01448974609375,-0.038501892089843746,0.01007141113281249,False,0.2282,0.033679199218749956,0.019189453124999867,1.0,1.0,False,False,False
urm,sensitivity only,only_verbosity,Fair,"alpha=0.0,eps=0.1",1.8066650390625,1.797119140625,-0.0095458984375,-0.03305755615234375,0.014307861328124982,False,0.4252,0.028735351562499956,0.019189453124999867,1.0,1.0,False,False,False
urm,sensitivity only,only_verbosity,Fair,"alpha=0.5,eps=0.01",1.8066650390625,1.80401611328125,-0.00264892578125,-0.00897216796875,0.00335693359375,False,0.392,0.021838378906249956,0.019189453124999867,1.0,1.0,False,False,False
urm,sensitivity only,only_verbosity,Fair,"alpha=0.5,eps=0.02",1.8066650390625,1.80467529296875,-0.00198974609375,-0.00811798095703125,0.00377197265625,False,0.514,0.02117919921875,0.019189453124999867,1.0,1.0,False,False,False
urm,sensitivity only,only_verbosity,Fair,"alpha=0.5,eps=0.05",1.8066650390625,1.80606689453125,-0.00059814453125,-0.0072271728515625,0.00574951171875,False,0.8738,0.019787597656250044,0.019189453124999867,1.0,1.0,False,False,False
urm,sensitivity only,only_verbosity,Fair,"alpha=0.5,eps=0.1",1.8066650390625,1.81400146484375,0.00733642578125,-0.00819091796875,0.0254638671875,False,0.387,0.011853027343750044,0.019189453124999867,1.0,1.0,False,False,False
urm,sensitivity only,only_verbosity,Fair,"alpha=1.0,eps=0.01",1.8066650390625,1.80362548828125,-0.00303955078125,-0.007958984375,0.0,False,0.2628,0.022229003906250044,0.019189453124999867,1.0,1.0,False,False,False
urm,sensitivity only,only_verbosity,Fair,"alpha=1.0,eps=0.02",1.8066650390625,1.80479736328125,-0.00186767578125,-0.0079833984375,0.00389404296875,False,0.5472,0.02105712890625,0.019189453124999867,1.0,1.0,False,False,False
urm,sensitivity only,only_verbosity,Fair,"alpha=1.0,eps=0.05",1.8066650390625,1.80501708984375,-0.00164794921875,-0.00784912109375,0.0041259765625,False,0.5936,0.020837402343749867,0.019189453124999867,1.0,1.0,False,False,False
urm,sensitivity only,only_verbosity,Fair,"alpha=1.0,eps=0.1",1.8066650390625,1.80606689453125,-0.00059814453125,-0.0072271728515625,0.00574951171875,False,0.8738,0.019787597656250044,0.019189453124999867,1.0,1.0,False,False,False
urm,sensitivity only,only_verbosity,Fair,"alpha=2.0,eps=0.01",1.8066650390625,1.80362548828125,-0.00303955078125,-0.007958984375,0.0,False,0.2628,0.022229003906250044,0.019189453124999867,1.0,1.0,False,False,False
urm,sensitivity only,only_verbosity,Fair,"alpha=2.0,eps=0.02",1.8066650390625,1.80362548828125,-0.00303955078125,-0.007958984375,0.0,False,0.2628,0.022229003906250044,0.019189453124999867,1.0,1.0,False,False,False
urm,sensitivity only,only_verbosity,Fair,"alpha=2.0,eps=0.05",1.8066650390625,1.80479736328125,-0.00186767578125,-0.0079833984375,0.00389404296875,False,0.5472,0.02105712890625,0.019189453124999867,1.0,1.0,False,False,False
urm,sensitivity only,only_verbosity,Fair,"alpha=2.0,eps=0.1",1.8066650390625,1.80501708984375,-0.00164794921875,-0.00784912109375,0.0041259765625,False,0.5936,0.020837402343749867,0.019189453124999867,1.0,1.0,False,False,False
