p_name,p_helpfulness,p_correctness,p_coherence,p_complexity,p_verbosity,method,params,status,lam_helpfulness,lam_correctness,lam_coherence,lam_complexity,lam_verbosity,dist_l2,dist_R,proxy_pRlam,min_delta,moved,usable,t_star,t_star_lp,u_alpha
balanced,0.2,0.2,0.2,0.2,0.2,Avg,rho=0.0,OK,0.9999999999999991,0.0,8.326672684688667e-16,4.1633363423443333e-17,5.551115123125778e-17,0.8944271909999151,0.8749655636136114,0.2276199966045299,-0.2030005065827833,True,True,,,
balanced,0.2,0.2,0.2,0.2,0.2,Avg,rho=0.1,OK,0.23370950990375733,0.22407156909328066,0.2064046355184399,0.18706824234553934,0.14874604313898282,0.0674610206165966,0.0684228222661096,0.2217410671805405,-0.051424901487614486,True,True,,,
balanced,0.2,0.2,0.2,0.2,0.2,Avg,rho=0.2,OK,0.21685474068928845,0.21203578122218275,0.20320238431342758,0.19353404953040024,0.1743730442447011,0.03373050481954954,0.03421140881174374,0.22127289891787918,-0.02571243101050521,True,True,,,
balanced,0.2,0.2,0.2,0.2,0.2,Avg,rho=0.5,OK,0.20674149805137954,0.20481453864176646,0.20128101179342237,0.19741362354831188,0.18974932796511984,0.01349200466354888,0.013684369961351401,0.22099199534948213,-0.010284863989910808,True,True,,,
balanced,0.2,0.2,0.2,0.2,0.2,Cert,,FLOOR_COLLAPSED,0.2,0.2,0.2,0.2,0.2,0.0,0.0,0.2208047307187461,0.0,False,True,0.0,-0.0,
balanced,0.2,0.2,0.2,0.2,0.2,MaxMin,c=0.0,OK_EXACT_D0,0.20681526588578375,0.20503218453799557,0.2015999344354732,0.19702485578545767,0.1895277593552897,0.013887038119564207,0.014099500531856322,0.2209975805464803,-0.010520384337970885,True,True,-0.010520384337970885,,
balanced,0.2,0.2,0.2,0.2,0.2,MaxMin,c=0.1,OK,0.20650661600901601,0.20472045613563367,0.20128256296370994,0.1967013078531666,0.19078905703847382,0.01272739430885892,0.012929808589428977,0.2209811545560076,-0.009275643137781722,True,True,-0.009275643137781722,,
balanced,0.2,0.2,0.2,0.2,0.2,MaxMin,c=0.25,OK,0.20604364117123738,0.20425286356285627,0.20080650578083523,0.19621598592939632,0.19268100355567486,0.011097268587541597,0.011278778735297075,0.2209565155704934,-0.007408531346116255,True,True,-0.007408531346116255,,
balanced,0.2,0.2,0.2,0.2,0.2,MaxMin,c=0.5,OK,0.2051734790180909,0.20337402219335807,0.19991175491265495,0.1957263132747448,0.19581443060115133,0.008598842220063182,0.00871513599636663,0.2209133739940825,-0.004304926239766943,True,True,-0.004304926239766943,,
balanced,0.2,0.2,0.2,0.2,0.2,MaxMin,c=0.75,OK,0.20358309681264736,0.20176777703938237,0.1982764332335949,0.19817382419864749,0.19819886871572795,0.00505106847990168,0.005037012131430914,0.22085958367929337,-0.0018416473971042244,True,True,-0.0018416473971042244,,
balanced,0.2,0.2,0.2,0.2,0.2,MaxMin,c=0.9,OK,0.2019255771483734,0.2000937253406503,0.19925987187567124,0.19935803462648674,0.19936279100881812,0.002254456979734428,0.002223685162233356,0.22082572447119664,-0.0006487097121697889,True,True,-0.0006487097121697889,,
balanced,0.2,0.2,0.2,0.2,0.2,MaxMin,c=0.95,OK,0.20131837873705363,0.1996325446334792,0.19964961771958487,0.19969976582588966,0.1996996930839927,0.0014752079467771633,0.001440652138457694,0.22081534425474528,-0.00030423962807447924,True,True,-0.00030423962807447924,,
balanced,0.2,0.2,0.2,0.2,0.2,MaxMin,c=1.0,OK,0.2,0.2,0.2,0.2,0.2,0.0,0.0,0.2208047307187461,0.0,False,True,0.0,,
balanced,0.2,0.2,0.2,0.2,0.2,Fair,"alpha=0.0,eps=0.01",OK,0.2433335639212509,0.18792217276734666,0.1884833450976547,0.19013165457732292,0.19012926363642488,0.048488356237958316,0.04735254731858166,0.22115358520776682,-0.010000000000000014,True,True,,,0.05174427244510352
balanced,0.2,0.2,0.2,0.2,0.2,Fair,"alpha=0.0,eps=0.02",OK,0.2866671278425018,0.17584434553469327,0.17696669019530936,0.18026330915464586,0.18025852727284974,0.09697671247591663,0.09470509463716333,0.22150243969678754,-0.020000000000000007,True,True,,,0.10348854489020703
balanced,0.2,0.2,0.2,0.2,0.2,Fair,"alpha=0.0,eps=0.05",OK,0.4166678196062545,0.13961086383673318,0.14241672548827342,0.15065827288661462,0.15064631818212434,0.24244178118979157,0.23676273659290825,0.22254900316384965,-0.05000000000000001,True,True,,,0.25872136222551756
balanced,0.2,0.2,0.2,0.2,0.2,Fair,"alpha=0.0,eps=0.1",OK,0.6333356392125089,0.07922172767346636,0.0848334509765468,0.10131654577322925,0.10129263636424869,0.4848835623795831,0.4735254731858165,0.2242932756089531,-0.10000000000000002,True,True,,,0.5174427244510351
balanced,0.2,0.2,0.2,0.2,0.2,Fair,"alpha=0.5,eps=0.01",OK,0.20067839553457442,0.2004512042637845,0.20007047279453552,0.19975641299327343,0.19904351441383192,0.0012817845022275675,0.0012985545312833775,0.22082247871336572,-0.0009594213325677487,True,True,,,1.0004473972112282
balanced,0.2,0.2,0.2,0.2,0.2,Fair,"alpha=0.5,eps=0.02",OK,0.20135679121306368,0.20090240858234487,0.20014094540801378,0.1995128260662116,0.19808702873036588,0.002563569147416377,0.0025971091998661447,0.22084022670973405,-0.001918842758077028,True,True,,,1.4148462775769817
balanced,0.2,0.2,0.2,0.2,0.2,Fair,"alpha=0.5,eps=0.05",OK,0.20339197748222765,0.20225602118819838,0.20035236383137997,0.19878206521837957,0.19521757227981446,0.006408922151367118,0.006492772284619677,0.22089347068670534,-0.004797106444113065,True,True,,,2.2370683880770397
balanced,0.2,0.2,0.2,0.2,0.2,Fair,"alpha=0.5,eps=0.1",OK,0.2067839560136514,0.20451204278889576,0.20070472736656955,0.19756412936944145,0.19043514446144189,0.012817845263049434,0.012985545551518577,0.22098221066762064,-0.009594213019830825,True,True,,,3.163692454374668
balanced,0.2,0.2,0.2,0.2,0.2,Fair,"alpha=1.0,eps=0.01",OK,0.20033758438967664,0.20022713777574816,0.20003951347261686,0.1998819942752924,0.19951377008666596,0.0006461122066081135,0.0006545732898817695,0.2208136806649995,-0.0004875502985304049,True,True,,,-23.02360145026797
balanced,0.2,0.2,0.2,0.2,0.2,Fair,"alpha=1.0,eps=0.02",OK,0.2006751688451994,0.2004542752202546,0.20007902717238382,0.19976398867148318,0.19902754009067877,0.0012922243851845418,0.0013091465503916868,0.22082263061090404,-0.0009751006755934876,True,True,,,-19.557865547468246
balanced,0.2,0.2,0.2,0.2,0.2,Fair,"alpha=1.0,eps=0.05",OK,0.2016879219514811,0.20113568867656506,0.20019756724191667,0.19940997173042796,0.197568850399609,0.0032305609169034307,0.0032728663190237633,0.22084948044812294,-0.002437751513084523,True,True,,,-14.97641188809747
balanced,0.2,0.2,0.2,0.2,0.2,Fair,"alpha=1.0,eps=0.1",OK,0.20337584463248676,0.20227137688385521,0.20039513327855804,0.19881994509018633,0.19513770011491371,0.006461122193683614,0.006545732923236103,0.2208942301805006,-0.004875503642579526,True,True,,,-11.510675985297745
balanced,0.2,0.2,0.2,0.2,0.2,Fair,"alpha=2.0,eps=0.01",OK,0.20016836595525136,0.20011393108601558,0.20002082726770923,0.19994197440326605,0.19975490128775783,0.0003243478240218765,0.0003285952111055492,0.22080922418922425,-0.0002457210757111726,True,True,,,-499.8872199961882
balanced,0.2,0.2,0.2,0.2,0.2,Fair,"alpha=2.0,eps=0.02",OK,0.20033673188234344,0.2002278622065085,0.20004165436845978,0.19988394880271443,0.19950980273997393,0.0006486955112236767,0.000657190281099474,0.220813717657706,-0.0004914419872723209,True,True,,,-249.9436099980941
balanced,0.2,0.2,0.2,0.2,0.2,Fair,"alpha=2.0,eps=0.05",OK,0.20084182985004337,0.20056965578342878,0.20010413557226103,0.19970987232848839,0.1987745064657785,0.0016217391570852297,0.0016429760700224136,0.22082719807098042,-0.0012286053375739942,True,True,,,-99.97744399923764
balanced,0.2,0.2,0.2,0.2,0.2,Fair,"alpha=2.0,eps=0.1",OK,0.20168365996769222,0.2011393111707371,0.20020827173966046,0.19941974397499565,0.19754901314691464,0.003243478311422481,0.0032859521625437024,0.22084966542377105,-0.002457210486288562,True,True,,,-49.98872199961882
dominant_helpfulness,0.5,0.125,0.125,0.125,0.125,Avg,rho=0.0,OK,0.9999999999999998,1.3877787807814457e-17,0.0,9.71445146547012e-17,9.71445146547012e-17,0.5590169943749472,0.5468534772585075,0.5172624978778312,-0.12687531661423948,True,True,,,
dominant_helpfulness,0.5,0.125,0.125,0.125,0.125,Avg,rho=0.1,OK,1.0,0.0,1.3877787807814457e-17,5.551115123125783e-17,4.163336342344337e-17,0.5590169943749475,0.5468534772585077,0.5172624978778313,-0.12687531661423954,True,True,,,
dominant_helpfulness,0.5,0.125,0.125,0.125,0.125,Avg,rho=0.2,OK,1.0,0.0,0.0,1.3877787807814457e-17,1.3877787807814457e-17,0.5590169943749475,0.5468534772585077,0.5172624978778313,-0.12687531661423956,True,True,,,
dominant_helpfulness,0.5,0.125,0.125,0.125,0.125,Avg,rho=0.5,OK,0.8067418960111522,0.05481443137399004,0.05128092500350948,0.04741355759810752,0.03974919001324085,0.3431303884505011,0.3360896653610773,0.4465299818801756,-0.08641019208898032,True,True,,,
dominant_helpfulness,0.5,0.125,0.125,0.125,0.125,Cert,,FLOOR_COLLAPSED,0.5,0.125,0.125,0.125,0.125,0.0,0.0,0.3335737213453836,0.0,False,True,0.0,-0.0,
dominant_helpfulness,0.5,0.125,0.125,0.125,0.125,MaxMin,c=0.0,OK_EXACT_D0,0.7939020424519161,0.06692673559180062,0.059805069027349805,0.043519308249356375,0.03584684467957705,0.32952796824050007,0.3234406895879557,0.4421624031980957,-0.09051012988993744,True,True,-0.09051012988993744,,
dominant_helpfulness,0.5,0.125,0.125,0.125,0.125,MaxMin,c=0.1,OK,0.7826548501655972,0.05556736243915361,0.04824006166760539,0.05672583773281166,0.05681188799483208,0.316097648624125,0.3090612408032297,0.4373253092294974,-0.06915118215776397,True,True,-0.06915118215776397,,
dominant_helpfulness,0.5,0.125,0.125,0.125,0.125,MaxMin,c=0.25,OK,0.7287525165449718,0.06124264602639927,0.06420500524999452,0.07290622682974399,0.07289360534889047,0.2559640267003882,0.24996823209891486,0.4173607625047831,-0.05278876137690385,True,True,-0.05278876137690385,,
dominant_helpfulness,0.5,0.125,0.125,0.125,0.125,MaxMin,c=0.5,OK,0.6501270422182175,0.08315695006863555,0.08510110454152697,0.09081159323552299,0.09080330993609698,0.16798557158272628,0.16405061636185034,0.3885619717719261,-0.03464451769788447,True,True,-0.03464451769788447,,
dominant_helpfulness,0.5,0.125,0.125,0.125,0.125,MaxMin,c=0.75,OK,0.5747006875989463,0.10417960312195719,0.10514698164202747,0.1079884246336732,0.10798430300339584,0.08358679101724771,0.08162882357629038,0.36093494858354547,-0.01723852848445582,True,True,-0.01723852848445582,,
dominant_helpfulness,0.5,0.125,0.125,0.125,0.125,MaxMin,c=0.9,OK,0.5298327395693418,0.11668509022128777,0.11707142604203949,0.11820619509832979,0.1182045490690009,0.033381526301904225,0.03259958526991625,0.3445008010380902,-0.006884441728254106,True,True,-0.006884441728254106,,
dominant_helpfulness,0.5,0.125,0.125,0.125,0.125,MaxMin,c=0.95,OK,0.5149101433312513,0.12084428053284044,0.12103736781025948,0.1216045154983835,0.12160369282726531,0.01668379602283728,0.01629298870739018,0.339034980578099,-0.003440783997906893,True,True,-0.003440783997906893,,
dominant_helpfulness,0.5,0.125,0.125,0.125,0.125,MaxMin,c=1.0,OK,0.5,0.125,0.125,0.125,0.125,0.0,0.0,0.3335737213453836,0.0,False,True,0.0,,
dominant_helpfulness,0.5,0.125,0.125,0.125,0.125,Fair,"alpha=0.0,eps=0.01",OK,0.543333563921251,0.11292217276734665,0.11348334509765469,0.11513165457732294,0.11512926363642488,0.04848835623795838,0.047352547318581725,0.34944585756793545,-0.009999999999999986,True,True,,,0.05174427244510352
dominant_helpfulness,0.5,0.125,0.125,0.125,0.125,Fair,"alpha=0.0,eps=0.02",OK,0.5866671278425017,0.10084434553469326,0.10196669019530935,0.10526330915464585,0.10525852727284973,0.09697671247591659,0.09470509463716327,0.3653179937904871,-0.02000000000000001,True,True,,,0.10348854489020703
dominant_helpfulness,0.5,0.125,0.125,0.125,0.125,Fair,"alpha=0.0,eps=0.05",OK,0.7166678196062545,0.06461086383673317,0.0674167254882734,0.07565827288661461,0.07564631818212433,0.24244178118979157,0.23676273659290825,0.41293440245814245,-0.05000000000000001,True,True,,,0.25872136222551756
dominant_helpfulness,0.5,0.125,0.125,0.125,0.125,Fair,"alpha=0.0,eps=0.1",OK,0.933335639212509,0.004221727673466347,0.009833450976546795,0.02631654577322924,0.02629263636424868,0.48488356237958313,0.4735254731858165,0.4922950835709013,-0.10000000000000002,True,True,,,0.5174427244510351
dominant_helpfulness,0.5,0.125,0.125,0.125,0.125,Fair,"alpha=0.5,eps=0.01",OK,0.5006783958039023,0.12545120434728635,0.12507047284088613,0.12475641280442476,0.1240435142035005,0.001281784869554313,0.0012985549058970051,0.3338474272563564,-0.0009594215481068963,True,True,,,1.0004473972112282
dominant_helpfulness,0.5,0.125,0.125,0.125,0.125,Fair,"alpha=0.5,eps=0.02",OK,0.5013567912700592,0.1259024085088042,0.1251409460589603,0.12451282562811897,0.12308702853405738,0.002563569417225859,0.0025971094967206197,0.3341211330413649,-0.0019188429714028339,True,True,,,1.414846277576982
dominant_helpfulness,0.5,0.125,0.125,0.125,0.125,Fair,"alpha=0.5,eps=0.05",OK,0.5033919779498424,0.12725602134416006,0.1253523638359379,0.12378206485542471,0.12021757201463479,0.00640892272086311,0.00649277286534788,0.33494225047587844,-0.004797106719729129,True,True,,,2.2370683880770397
dominant_helpfulness,0.5,0.125,0.125,0.125,0.125,Fair,"alpha=0.5,eps=0.1",OK,0.5067839560320045,0.1295120425988604,0.12570472734391794,0.12256412969063586,0.11543514433458124,0.012817845238248997,0.012985545516429803,0.33631077964626616,-0.009594213134500975,True,True,,,3.163692454374668
dominant_helpfulness,0.5,0.125,0.125,0.125,0.125,Fair,"alpha=1.0,eps=0.01",OK,0.500337584463643,0.12522713763782703,0.12503951335883237,0.12488199439460188,0.12451377014509582,0.0006461121240485129,0.0006545731993353499,0.3337101355180822,-0.00048755023539801115,True,True,,,-23.02360145026797
dominant_helpfulness,0.5,0.125,0.125,0.125,0.125,Fair,"alpha=1.0,eps=0.02",OK,0.5006751688199343,0.12545427548296503,0.1250790269116716,0.12476398861009545,0.12402754017533354,0.001292224395899564,0.0013091465591646447,0.33384654965937616,-0.0009751005926737178,True,True,,,-19.557865547468246
dominant_helpfulness,0.5,0.125,0.125,0.125,0.125,Fair,"alpha=1.0,eps=0.05",OK,0.501687921959215,0.1261356886202543,0.12519756726731887,0.1244099716903515,0.12256885046286052,0.003230560862421754,0.0032728662651327766,0.3342557920939261,-0.002437751451583361,True,True,,,-14.97641188809747
dominant_helpfulness,0.5,0.125,0.125,0.125,0.125,Fair,"alpha=1.0,eps=0.1",OK,0.5033758440548717,0.12727137689146456,0.12539513428694662,0.12381994445810914,0.120137700308608,0.006461121925909661,0.006545732696576574,0.334937862886217,-0.004875503477793886,True,True,,,-11.510675985297745
dominant_helpfulness,0.5,0.125,0.125,0.125,0.125,Fair,"alpha=2.0,eps=0.01",OK,0.5001683659974104,0.1251139311078595,0.1250208271789703,0.12494197439002365,0.12475490132573608,0.00032434782155122793,0.00032859520680456435,0.3336418095650712,-0.0002457210379114311,True,True,,,-499.88721999618826
dominant_helpfulness,0.5,0.125,0.125,0.125,0.125,Fair,"alpha=2.0,eps=0.02",OK,0.5003367320032789,0.1252278622172708,0.1250416543465492,0.12488394877503967,0.12450980265786125,0.0006486956433743831,0.0006571904137005324,0.3337098977877357,-0.0004914420695712248,True,True,,,-249.9436099980941
dominant_helpfulness,0.5,0.125,0.125,0.125,0.125,Fair,"alpha=2.0,eps=0.05",OK,0.500841829997202,0.12556965552630242,0.12510413587618835,0.12470987195828517,0.1237745066420221,0.0016217390957187529,0.0016429760210746325,0.33391416244692124,-0.0012286051758757521,True,True,,,-99.97744399923764
dominant_helpfulness,0.5,0.125,0.125,0.125,0.125,Fair,"alpha=2.0,eps=0.1",OK,0.5016836599657639,0.12613931105371945,0.12520827178212054,0.12441974390035195,0.12254901329804427,0.003243478171194274,0.0032859520230478167,0.33425460353811104,-0.0024572103385889317,True,True,,,-49.98872199961882
dominant_correctness,0.125,0.5,0.125,0.125,0.125,Avg,rho=0.0,OK,6.245004513516505e-16,0.9999999999999991,0.0,0.0,1.2490009027033009e-16,0.5590169943749465,0.548125677096667,0.5161480720354633,-0.12900303592254694,True,True,,,
dominant_correctness,0.125,0.5,0.125,0.125,0.125,Avg,rho=0.1,OK,1.52655665885959e-16,0.9999999999999998,0.0,0.0,0.0,0.5590169943749472,0.5481256770966678,0.5161480720354635,-0.12900303592254705,True,True,,,
dominant_correctness,0.125,0.5,0.125,0.125,0.125,Avg,rho=0.2,OK,0.0,1.0,0.0,0.0,0.0,0.5590169943749475,0.548125677096668,0.5161480720354636,-0.12900303592254705,True,True,,,
dominant_correctness,0.125,0.5,0.125,0.125,0.125,Avg,rho=0.5,OK,0.056742019408731435,0.8048143143198878,0.0512809315981662,0.04741362982653787,0.039749104846676715,0.3410172710228502,0.33484391602642066,0.44485834527620166,-0.08768690551066904,True,True,,,
dominant_correctness,0.125,0.5,0.125,0.125,0.125,Cert,,FLOOR_COLLAPSED,0.125,0.5,0.125,0.125,0.125,0.0,0.0,0.3327379019636079,0.0,False,True,0.0,-0.0,
dominant_correctness,0.125,0.5,0.125,0.125,0.125,MaxMin,c=0.0,OK_EXACT_D0,0.06870981693958877,0.7934562721149692,0.05768803289614552,0.04490700944928336,0.0352388686000131,0.32907144682202794,0.3236966132213309,0.44102591907715055,-0.09225074593032508,True,True,-0.09225074593032508,,
dominant_correctness,0.125,0.5,0.125,0.125,0.125,MaxMin,c=0.1,OK,0.05685916253944788,0.7814874175777506,0.04801924470625003,0.05580284946676803,0.0578313257097834,0.3148082799384993,0.3085855580034677,0.4359308793784729,-0.06936242185044249,True,True,-0.06936242185044249,,
dominant_correctness,0.125,0.5,0.125,0.125,0.125,MaxMin,c=0.25,OK,0.06107394723891697,0.728241574876807,0.06576213463966796,0.07164787091081037,0.07327447233379769,0.2553661318714823,0.2500190254900804,0.41621872358187406,-0.053456353698607885,True,True,-0.053456353698607885,,
dominant_correctness,0.125,0.5,0.125,0.125,0.125,MaxMin,c=0.5,OK,0.08303275999764968,0.6498398311431601,0.0861105393587284,0.0899745055511153,0.09104236394934656,0.1676470121622575,0.16413665469243097,0.38754278237036494,-0.0350939175566581,True,True,-0.0350939175566581,,
dominant_correctness,0.125,0.5,0.125,0.125,0.125,MaxMin,c=0.75,OK,0.10411589294744569,0.574564614545897,0.10564748458076073,0.10757030541922256,0.10810170250667402,0.08342598057059185,0.08167912561447642,0.3600103885353492,-0.017463743889417432,True,True,-0.017463743889417432,,
dominant_correctness,0.125,0.5,0.125,0.125,0.125,MaxMin,c=0.9,OK,0.11665939887915538,0.5297792817328427,0.11727107908465115,0.11803900665752268,0.11825123364582811,0.03331829439983367,0.03262064329278539,0.34362986547902513,-0.006974591802832461,True,True,-0.006974591802832461,,
dominant_correctness,0.125,0.5,0.125,0.125,0.125,MaxMin,c=0.95,OK,0.12083140785624574,0.5148835411356547,0.12113712266770528,0.12152092915849194,0.12162699918190235,0.016652322568373786,0.016303639915674472,0.3381816527056204,-0.003485867286294499,True,True,-0.003485867286294499,,
dominant_correctness,0.125,0.5,0.125,0.125,0.125,MaxMin,c=1.0,OK,0.125,0.5,0.125,0.125,0.125,0.0,0.0,0.3327379019636079,0.0,False,True,0.0,,
dominant_correctness,0.125,0.5,0.125,0.125,0.125,Fair,"alpha=0.0,eps=0.01",OK,0.16833356392125093,0.4879221727673467,0.11348334509765469,0.11513165457732294,0.11512926363642488,0.04848835623795832,0.04735254731858167,0.32920593601924586,-0.009999999999999988,True,True,,,0.05174427244510352
dominant_correctness,0.125,0.5,0.125,0.125,0.125,Fair,"alpha=0.0,eps=0.02",OK,0.2116671278425018,0.4758443455346933,0.10196669019530935,0.10526330915464585,0.10525852727284973,0.09697671247591663,0.09470509463716331,0.3256739700748838,-0.020000000000000004,True,True,,,0.10348854489020703
dominant_correctness,0.125,0.5,0.125,0.125,0.125,Fair,"alpha=0.0,eps=0.05",OK,0.3416678196062545,0.4396108638367332,0.0674167254882734,0.07565827288661461,0.07564631818212433,0.24244178118979157,0.23676273659290825,0.3150780722417976,-0.05000000000000001,True,True,,,0.25872136222551756
dominant_correctness,0.125,0.5,0.125,0.125,0.125,Fair,"alpha=0.0,eps=0.1",OK,0.558335639212509,0.37922172767346635,0.009833450976546795,0.02631654577322924,0.02629263636424868,0.48488356237958313,0.4735254731858165,0.2974182425199873,-0.10000000000000002,True,True,,,0.5174427244510351
dominant_correctness,0.125,0.5,0.125,0.125,0.125,Fair,"alpha=0.5,eps=0.01",OK,0.12567839567041786,0.5004512041566946,0.12507047300742757,0.12475641285976298,0.12404351430569692,0.0012817846541956254,0.0012985546907274452,0.33293274482077123,-0.0009594214453453867,True,True,,,1.0004473972112282
dominant_correctness,0.125,0.5,0.125,0.125,0.125,Fair,"alpha=0.5,eps=0.02",OK,0.12635679127005914,0.5009024085088042,0.1251409460589603,0.12451282562811897,0.12308702853405738,0.002563569417225844,0.0025971094967206045,0.3331275877505584,-0.001918842971402834,True,True,,,1.414846277576982
dominant_correctness,0.125,0.5,0.125,0.125,0.125,Fair,"alpha=0.5,eps=0.05",OK,0.12839197797586552,0.5022560211895536,0.12535236376104986,0.12378206461645713,0.12021757245707394,0.006408922391353809,0.0064927725355071846,0.3337121163668729,-0.004797106287277938,True,True,,,2.2370683880770397
dominant_correctness,0.125,0.5,0.125,0.125,0.125,Fair,"alpha=0.5,eps=0.1",OK,0.13178395601365137,0.5045120427888956,0.1257047273665695,0.12256412936944143,0.11543514446144186,0.012817845263049384,0.012985545551518521,0.33468633092707695,-0.00959421301983084,True,True,,,3.163692454374668
dominant_correctness,0.125,0.5,0.125,0.125,0.125,Fair,"alpha=1.0,eps=0.01",OK,0.12533758436852432,0.5002271378017693,0.12503951345487962,0.12488199432223134,0.12451377005259541,0.0006461122206860011,0.0006545733028891244,0.33283599053972796,-0.0004875503307902535,True,True,,,-23.02360145026797
dominant_correctness,0.125,0.5,0.125,0.125,0.125,Fair,"alpha=1.0,eps=0.02",OK,0.12567516881403204,0.5004542755318432,0.12507902690378636,0.12476398857260171,0.12402754017773676,0.0012922244145556635,0.0013091465791832853,0.33293407909012096,-0.0009751005916215982,True,True,,,-19.557865547468246
dominant_correctness,0.125,0.5,0.125,0.125,0.125,Fair,"alpha=1.0,eps=0.05",OK,0.12668792175409746,0.5011356886701872,0.12519756698446496,0.12440997210392793,0.1225688504873225,0.0032305606615621566,0.003272866047892177,0.33322834470972057,-0.002437751412073685,True,True,,,-14.976411888097472
dominant_correctness,0.125,0.5,0.125,0.125,0.125,Fair,"alpha=1.0,eps=0.1",OK,0.12837584391538645,0.5022713771933783,0.12539513437584,0.12381994338715877,0.12013770112823649,0.0064611215433920165,0.006545732343146081,0.33371878741433103,-0.004875502700681905,True,True,,,-11.510675985297745
dominant_correctness,0.125,0.5,0.125,0.125,0.125,Fair,"alpha=2.0,eps=0.01",OK,0.12516836599826772,0.5001139311069814,0.1250208271780597,0.1249419743906082,0.1247549013260829,0.0003243478212626757,0.00032859520646454457,0.33278710426921265,-0.00024572103753891746,True,True,,,-499.8872199961882
dominant_correctness,0.125,0.5,0.125,0.125,0.125,Fair,"alpha=2.0,eps=0.02",OK,0.1253367320611478,0.5002278619933772,0.12504165445665955,0.12488394890847815,0.12450980258033734,0.0006486956365489299,0.000657190403644661,0.3328363064959353,-0.0004914421421707908,True,True,,,-249.9436099980941
dominant_correctness,0.125,0.5,0.125,0.125,0.125,Fair,"alpha=2.0,eps=0.05",OK,0.1258418299265048,0.5005696555777989,0.12510413578922805,0.12470987194725734,0.1237745067592111,0.0016217389849424338,0.0016429759086732793,0.33298391350357376,-0.0012286050594870045,True,True,,,-99.97744399923764
dominant_correctness,0.125,0.5,0.125,0.125,0.125,Fair,"alpha=2.0,eps=0.1",OK,0.12668365997995734,0.5011393110531175,0.12520827178386992,0.12441974390662802,0.12254901327642725,0.0032434781936752964,0.003285952045481065,0.333229925013245,-0.0024572103598529743,True,True,,,-49.98872199961882
dominant_coherence,0.125,0.125,0.5,0.125,0.125,Avg,rho=0.0,OK,3.05311331771918e-16,0.0,0.9999999999999998,0.0,0.0,0.5590169943749472,0.550566256943954,0.5140029157213869,-0.13113997345310136,True,True,,,
dominant_coherence,0.125,0.125,0.5,0.125,0.125,Avg,rho=0.1,OK,9.71445146547012e-17,8.326672684688674e-17,0.9999999999999997,4.85722573273506e-17,1.5265566588595902e-16,0.559016994374947,0.550566256943954,0.5140029157213869,-0.1311399734531012,True,True,,,
dominant_coherence,0.125,0.125,0.5,0.125,0.125,Avg,rho=0.2,OK,6.938893903907228e-17,0.0,1.0,0.0,4.163336342344337e-17,0.5590169943749475,0.5505662569439543,0.514002915721387,-0.1311399734531013,True,True,,,
dominant_coherence,0.125,0.125,0.5,0.125,0.125,Avg,rho=0.5,OK,0.056742242795632926,0.05481410876989176,0.8012809534541095,0.04741361498932758,0.039749079991038265,0.3371094186787888,0.3324328202533708,0.44164061036364477,-0.08896909263490153,True,True,,,
dominant_coherence,0.125,0.125,0.5,0.125,0.125,Cert,,FLOOR_COLLAPSED,0.125,0.125,0.5,0.125,0.125,0.0,0.0,0.3311290347280505,0.0,False,True,0.0,-0.0,
dominant_coherence,0.125,0.125,0.5,0.125,0.125,MaxMin,c=0.0,OK_EXACT_D0,0.06502040047766036,0.06112028299866795,0.7925982095893385,0.046017307064206786,0.03524379987012646,0.328003542820898,0.3238226791078514,0.4387153588311111,-0.09344902929242728,True,True,-0.09344902929242728,,
dominant_coherence,0.125,0.125,0.5,0.125,0.125,MaxMin,c=0.1,OK,0.054133541355873754,0.05012483759524637,0.7814037183425244,0.05560188617594229,0.05873601653041313,0.31467985526641395,0.3097729908425333,0.43392965815692885,-0.06970314364540148,True,True,-0.06970314364540148,,
dominant_coherence,0.125,0.125,0.5,0.125,0.125,MaxMin,c=0.25,OK,0.06411739334114777,0.06583331881180127,0.7258141639398019,0.07087036842684791,0.0733647554804011,0.25257798812065585,0.24853649789374943,0.4135430074223601,-0.05435864977448433,True,True,-0.05435864977448433,,
dominant_coherence,0.125,0.125,0.5,0.125,0.125,MaxMin,c=0.5,OK,0.08489356755565293,0.08602393389088464,0.6487551372722233,0.08934209159127125,0.0909852696899679,0.16638581318063936,0.1637234804775053,0.3854192599619267,-0.035808774206438944,True,True,-0.035808774206438944,,
dominant_coherence,0.125,0.125,0.5,0.125,0.125,MaxMin,c=0.75,OK,0.10502196747242086,0.10558503165033471,0.5740987116017561,0.10723789026751432,0.10805639900797419,0.08288099901339013,0.08155482348241375,0.3581723746500698,-0.017837259817653186,True,True,-0.017837259817653186,,
dominant_coherence,0.125,0.125,0.5,0.125,0.125,MaxMin,c=0.9,OK,0.11701867586881776,0.11724362283015596,0.5296028066918084,0.11790394813238558,0.11823094647683237,0.033111374532444685,0.03258156076059537,0.34193298457693594,-0.007126074703315874,True,True,-0.007126074703315874,,
dominant_coherence,0.125,0.125,0.5,0.125,0.125,MaxMin,c=0.95,OK,0.1210106345355931,0.12112307147263965,0.5147965942398487,0.12145312685100702,0.1216165729009116,0.016550308177900482,0.016285487362551674,0.3365292545033554,-0.0035618796895023007,True,True,-0.0035618796895023007,,
dominant_coherence,0.125,0.125,0.5,0.125,0.125,MaxMin,c=1.0,OK,0.125,0.125,0.5,0.125,0.125,0.0,0.0,0.3311290347280505,0.0,False,True,0.0,,
dominant_coherence,0.125,0.125,0.5,0.125,0.125,Fair,"alpha=0.0,eps=0.01",OK,0.16833356392125093,0.11292217276734665,0.48848334509765473,0.11513165457732294,0.11512926363642488,0.04848835623795832,0.04735254731858166,0.3275970687836885,-0.009999999999999988,True,True,,,0.05174427244510352
dominant_coherence,0.125,0.125,0.5,0.125,0.125,Fair,"alpha=0.0,eps=0.02",OK,0.2116671278425018,0.10084434553469326,0.47696669019530935,0.10526330915464585,0.10525852727284973,0.09697671247591663,0.09470509463716333,0.3240651028393263,-0.020000000000000007,True,True,,,0.10348854489020703
dominant_coherence,0.125,0.125,0.5,0.125,0.125,Fair,"alpha=0.0,eps=0.05",OK,0.3416678196062545,0.06461086383673317,0.4424167254882734,0.07565827288661461,0.07564631818212433,0.24244178118979157,0.23676273659290825,0.31346920500624015,-0.05000000000000002,True,True,,,0.25872136222551756
dominant_coherence,0.125,0.125,0.5,0.125,0.125,Fair,"alpha=0.0,eps=0.1",OK,0.558335639212509,0.004221727673466347,0.3848334509765468,0.02631654577322924,0.02629263636424868,0.48488356237958313,0.4735254731858165,0.29580937528442985,-0.10000000000000002,True,True,,,0.5174427244510351
dominant_coherence,0.125,0.125,0.5,0.125,0.125,Fair,"alpha=0.5,eps=0.01",OK,0.12567839560548813,0.12545120438760635,0.5000704727589733,0.12475641298686636,0.12404351426106601,0.0012817846966045445,0.0012985547271201247,0.33118523190949256,-0.0009594214846010704,True,True,,,1.0004473972112282
dominant_coherence,0.125,0.125,0.5,0.125,0.125,Fair,"alpha=0.5,eps=0.02",OK,0.12635679127005914,0.1259024085088042,0.5001409460589603,0.12451282562811897,0.12308702853405738,0.002563569417225844,0.0025971094967206045,0.3312414292889357,-0.001918842971402834,True,True,,,1.414846277576982
dominant_coherence,0.125,0.125,0.5,0.125,0.125,Fair,"alpha=0.5,eps=0.05",OK,0.12839197798445376,0.12725602135644506,0.5003523638317876,0.123782064765298,0.12021757206201562,0.00640892272504899,0.006492772871471518,0.3314100206312274,-0.004797106675643925,True,True,,,2.2370683880770397
dominant_coherence,0.125,0.125,0.5,0.125,0.125,Fair,"alpha=0.5,eps=0.1",OK,0.13178395595968634,0.12951204268722116,0.5007047275904527,0.12256412969534355,0.11543514406729624,0.012817845443189757,0.012985545730135713,0.3316910065072816,-0.00959421340165598,True,True,,,3.163692454374668
dominant_coherence,0.125,0.125,0.5,0.125,0.125,Fair,"alpha=1.0,eps=0.01",OK,0.1253375844905968,0.1252271374591699,0.5000395134043042,0.12488199455010371,0.12451377009582543,0.0006461120867838672,0.0006545731572270727,0.3311588011570437,-0.000487550278945718,True,True,,,-23.02360145026797
dominant_coherence,0.125,0.125,0.5,0.125,0.125,Fair,"alpha=1.0,eps=0.02",OK,0.1256751688441361,0.12545427540625534,0.5000790269972148,0.12476398864494456,0.12402754010744917,0.001292224431530532,0.0013091465953474983,0.331188567661791,-0.0009751006592481548,True,True,,,-19.557865547468246
dominant_coherence,0.125,0.125,0.5,0.125,0.125,Fair,"alpha=1.0,eps=0.05",OK,0.1266879220467395,0.12613568844749065,0.5001975674592247,0.12440997147517453,0.12256885057137057,0.003230560816794889,0.003272866226723275,0.3312778670443383,-0.0024377513515968815,True,True,,,-14.976411888097472
dominant_coherence,0.125,0.125,0.5,0.125,0.125,Fair,"alpha=1.0,eps=0.1",OK,0.12837584390887583,0.12727137733886504,0.5003951344843672,0.12381994346770375,0.12013770080018817,0.006461121829933688,0.006545732633818251,0.331426699206216,-0.004875503024938071,True,True,,,-11.510675985297745
dominant_coherence,0.125,0.125,0.5,0.125,0.125,Fair,"alpha=2.0,eps=0.01",OK,0.12516836610769458,0.12511393111247826,0.5000208270655613,0.12494197433913709,0.12475490137512883,0.00032434784491802184,0.00032859522828028806,0.33114433441538915,-0.000245720989779691,True,True,,,-499.8872199961882
dominant_coherence,0.125,0.125,0.5,0.125,0.125,Fair,"alpha=2.0,eps=0.02",OK,0.12533673186039976,0.12522786217398685,0.5000416543192465,0.12488394893768869,0.12450980270867834,0.0006486954847514062,0.000657190249799304,0.3311596341655633,-0.0004914420134968442,True,True,,,-249.9436099980941
dominant_coherence,0.125,0.125,0.5,0.125,0.125,Fair,"alpha=2.0,eps=0.05",OK,0.12584182996905235,0.12556965549843602,0.5001041359363934,0.12470987194758466,0.1237745066485336,0.0016217390721778506,0.0016429759989527897,0.33120553338154307,-0.0012286051700763669,True,True,,,-99.97744399923764
dominant_coherence,0.125,0.125,0.5,0.125,0.125,Fair,"alpha=2.0,eps=0.1",OK,0.12668365997134004,0.1261393110189132,0.5002082718852763,0.12441974397594878,0.1225490131485217,0.0032434782679514914,0.0032859521206911125,0.33128203204224144,-0.0024572104851389876,True,True,,,-49.98872199961882
dominant_complexity,0.125,0.125,0.125,0.5,0.125,Avg,rho=0.0,OK,1.9428902930940235e-16,0.0,0.0,0.9999999999999998,0.0,0.5590169943749472,0.5538027478088211,0.5111434915651273,-0.13270204436092428,True,True,,,
dominant_complexity,0.125,0.125,0.125,0.5,0.125,Avg,rho=0.1,OK,0.0,0.0,8.326672684688674e-17,1.0,4.163336342344337e-17,0.5590169943749475,0.5538027478088213,0.5111434915651274,-0.13270204436092445,True,True,,,
dominant_complexity,0.125,0.125,0.125,0.5,0.125,Avg,rho=0.2,OK,0.0,4.85722573273506e-17,0.0,1.0,6.938893903907228e-18,0.5590169943749475,0.5538027478088213,0.5111434915651274,-0.13270204436092445,True,True,,,
dominant_complexity,0.125,0.125,0.125,0.5,0.125,Avg,rho=0.5,OK,0.0567416047316654,0.05481445148423345,0.05128099798740241,0.797413631241712,0.039749314554986724,0.33277959435642424,0.32919144893666985,0.43735147322359036,-0.07533599186331619,True,True,,,
dominant_complexity,0.125,0.125,0.125,0.5,0.125,Cert,,FLOOR_COLLAPSED,0.125,0.125,0.125,0.5,0.125,0.0,0.0,0.3289844666108558,0.0,False,True,0.0,-0.0,
dominant_complexity,0.125,0.125,0.125,0.5,0.125,MaxMin,c=0.0,OK_EXACT_D0,0.05330971834968248,0.05291433820182129,0.05059238571422231,0.7914544399268346,0.05172911780743933,0.32586292350315843,0.3227956666215364,0.435171111524881,-0.07637663683053714,True,True,-0.07637663683053714,,
dominant_complexity,0.125,0.125,0.125,0.5,0.125,MaxMin,c=0.1,OK,0.06326758143594147,0.061943243375314594,0.06094734506285085,0.7642255458229141,0.04961628430297889,0.29561399209103184,0.2924509382505252,0.4252547141836025,-0.06557547975320555,True,True,-0.06557547975320555,,
dominant_complexity,0.125,0.125,0.125,0.5,0.125,MaxMin,c=0.25,OK,0.07376463003186753,0.07266548387693919,0.07183892921284882,0.7192963423459744,0.06243461453237008,0.2453474625625436,0.24272225788861182,0.4088848150184772,-0.05442495279051627,True,True,-0.05442495279051627,,
dominant_complexity,0.125,0.125,0.125,0.5,0.125,MaxMin,c=0.5,OK,0.0908872979080583,0.09015548226269646,0.08960515905752894,0.6460083298110975,0.0833437309606189,0.16335326366561875,0.16160539251668574,0.3821824191964783,-0.036236338335521784,True,True,-0.036236338335521784,,
dominant_complexity,0.125,0.125,0.125,0.5,0.125,MaxMin,c=0.75,OK,0.1079509646763142,0.10758521379693292,0.10731017021524676,0.5729728523349616,0.10418079897654446,0.08164159951235359,0.08076803878183467,0.3555720342076865,-0.01811039801591359,True,True,-0.01811039801591359,,
dominant_complexity,0.125,0.125,0.125,0.5,0.125,MaxMin,c=0.9,OK,0.11818135978263757,0.11803508032410301,0.11792507860306682,0.5291849724198499,0.11667350887034274,0.032651976095758276,0.032302601704988526,0.33961797485667,-0.007243124664783177,True,True,-0.007243124664783177,,
dominant_complexity,0.125,0.125,0.125,0.5,0.125,MaxMin,c=0.95,OK,0.12159080798569016,0.12151767100441571,0.12146267221038025,0.5145919379436177,0.12083691085589625,0.016325374650747872,0.016150694018679357,0.3343010209736187,-0.0036214262636930913,True,True,-0.0036214262636930913,,
dominant_complexity,0.125,0.125,0.125,0.5,0.125,MaxMin,c=1.0,OK,0.125,0.125,0.125,0.5,0.125,0.0,0.0,0.3289844666108558,0.0,False,True,0.0,,
dominant_complexity,0.125,0.125,0.125,0.5,0.125,Fair,"alpha=0.0,eps=0.01",OK,0.1683335639212509,0.11292217276734663,0.11348334509765468,0.49013165457732294,0.11512926363642487,0.048488356237958316,0.047352547318581656,0.32545250066649367,-0.010000000000000004,True,True,,,0.05174427244510352
dominant_complexity,0.125,0.125,0.125,0.5,0.125,Fair,"alpha=0.0,eps=0.02",OK,0.2116671278425018,0.10084434553469326,0.10196669019530935,0.4802633091546458,0.10525852727284973,0.09697671247591665,0.09470509463716333,0.3219205347221316,-0.020000000000000028,True,True,,,0.10348854489020703
dominant_complexity,0.125,0.125,0.125,0.5,0.125,Fair,"alpha=0.0,eps=0.05",OK,0.3416678196062545,0.06461086383673317,0.0674167254882734,0.45065827288661464,0.07564631818212433,0.24244178118979154,0.23676273659290825,0.31132463688904544,-0.05000000000000001,True,True,,,0.25872136222551756
dominant_complexity,0.125,0.125,0.125,0.5,0.125,Fair,"alpha=0.0,eps=0.1",OK,0.558335639212509,0.004221727673466347,0.009833450976546795,0.4013165457732292,0.02629263636424868,0.48488356237958313,0.4735254731858165,0.2936648071672351,-0.10000000000000002,True,True,,,0.5174427244510351
dominant_complexity,0.125,0.125,0.125,0.5,0.125,Fair,"alpha=0.5,eps=0.01",OK,0.12567839537873726,0.12545120476780502,0.12507047246283842,0.49975641277890964,0.12404351461170966,0.001281784472012363,0.001298554503827396,0.32889715112406553,-0.0009594211425735528,True,True,,,1.000447397211228
dominant_complexity,0.125,0.125,0.125,0.5,0.125,Fair,"alpha=0.5,eps=0.02",OK,0.12635679127005914,0.1259024085088042,0.1251409460589603,0.499512825628119,0.12308702853405738,0.002563569417225839,0.002597109496720599,0.3288098356612204,-0.001918842971402833,True,True,,,1.414846277576982
dominant_complexity,0.125,0.125,0.125,0.5,0.125,Fair,"alpha=0.5,eps=0.05",OK,0.1283919777868286,0.12725602126483684,0.12535236511526643,0.4987820639780033,0.120217571855065,0.0064089229628179305,0.006492773161213759,0.3285478892025195,-0.004797106915159219,True,True,,,2.2370683880770397
dominant_complexity,0.125,0.125,0.125,0.5,0.125,Fair,"alpha=0.5,eps=0.1",OK,0.1317839558398704,0.12951204248579587,0.12570472792761592,0.4975641297898605,0.11543514395685743,0.01281784539185844,0.012985545683238847,0.32811131246602276,-0.00959421350982226,True,True,,,3.163692454374668
dominant_complexity,0.125,0.125,0.125,0.5,0.125,Fair,"alpha=1.0,eps=0.01",OK,0.1253375844905968,0.1252271374591699,0.12503951340430414,0.4998819945501037,0.12451377009582544,0.0006461120867838584,0.0006545731572270623,0.3289421849131535,-0.00048755027894570524,True,True,,,-23.023601450267968
dominant_complexity,0.125,0.125,0.125,0.5,0.125,Fair,"alpha=1.0,eps=0.02",OK,0.12567516891024805,0.12545427536070816,0.12507902699830248,0.4997639886998225,0.1240275400309188,0.0012922244976975306,0.0013091466598253317,0.3288999030696173,-0.0009751007332828099,True,True,,,-19.557865547468246
dominant_complexity,0.125,0.125,0.125,0.5,0.125,Fair,"alpha=1.0,eps=0.05",OK,0.12668792192573305,0.12613568867315803,0.1251975672883169,0.499409971704107,0.122568850408685,0.003230560903067488,0.003272866306960407,0.3287730577411876,-0.002437751505237145,True,True,,,-14.976411888097472
dominant_complexity,0.125,0.125,0.125,0.5,0.125,Fair,"alpha=1.0,eps=0.1",OK,0.12837584376070726,0.1272713772666678,0.1253951344870249,0.4988199433750283,0.12013770111057176,0.00646112151064756,0.006545732314798903,0.32856164885927974,-0.004875502719620283,True,True,,,-11.510675985297745
dominant_complexity,0.125,0.125,0.125,0.5,0.125,Fair,"alpha=2.0,eps=0.01",OK,0.12516836598622844,0.12511393110718064,0.12502082718297422,0.49994197438659554,0.12475490133702113,0.0003243478078509428,0.0003285951932484955,0.32896368067822923,-0.00024572102684575323,True,True,,,-499.8872199961882
dominant_complexity,0.125,0.125,0.125,0.5,0.125,Fair,"alpha=2.0,eps=0.02",OK,0.12533673199375803,0.12522786221710724,0.12504165435294365,0.49988394878317904,0.12450980265301202,0.0006486956409936137,0.000657190411311031,0.3289428947492973,-0.0004914420741629395,True,True,,,-249.9436099980941
dominant_complexity,0.125,0.125,0.125,0.5,0.125,Fair,"alpha=2.0,eps=0.05",OK,0.12584182998575844,0.12556965552543065,0.1251041358963021,0.49970987196108707,0.12377450663142178,0.0016217390982729012,0.0016429760241132864,0.32888053695807046,-0.0012286051864413838,True,True,,,-99.97744399923764
dominant_complexity,0.125,0.125,0.125,0.5,0.125,Fair,"alpha=2.0,eps=0.1",OK,0.1266836599768054,0.12613931105796405,0.1252082717866147,0.4994197439191738,0.12254901325944217,0.0032434782045084277,0.003285952056213338,0.3287766073042145,-0.0024572103763402272,True,True,,,-49.98872199961882
dominant_verbosity,0.125,0.125,0.125,0.125,0.5,Avg,rho=0.0,OK,6.245004513516506e-17,0.0,0.0,1.3877787807814457e-17,1.0,0.5590169943749475,0.5590658190827532,0.5064578062962724,-0.13869330166173824,True,True,,,
dominant_verbosity,0.125,0.125,0.125,0.125,0.5,Avg,rho=0.1,OK,0.0,1.3877787807814457e-17,4.163336342344337e-17,1.0408340855860843e-16,0.9999999999999999,0.5590169943749472,0.5590658190827531,0.5064578062962724,-0.1386933016617382,True,True,,,
dominant_verbosity,0.125,0.125,0.125,0.125,0.5,Avg,rho=0.2,OK,2.0816681711721685e-17,0.0,0.0,1.3877787807814457e-17,1.0,0.5590169943749475,0.5590658190827532,0.5064578062962724,-0.13869330166173824,True,True,,,
dominant_verbosity,0.125,0.125,0.125,0.125,0.5,Avg,rho=0.5,OK,0.05674192060417947,0.054814261626070004,0.05128099006976864,0.047413610319197275,0.7897492173807846,0.3240277033456738,0.3238097271784631,0.4303229419773644,-0.08142381425615812,True,True,,,
dominant_verbosity,0.125,0.125,0.125,0.125,0.5,Cert,,FLOOR_COLLAPSED,0.125,0.125,0.125,0.125,0.5,0.0,0.0,0.32547020265921445,0.0,False,True,0.0,-0.0,
dominant_verbosity,0.125,0.125,0.125,0.125,0.5,MaxMin,c=0.0,OK_EXACT_D0,0.053134351210071096,0.05074329378271902,0.04731597495030998,0.05922621423760732,0.7895801658192926,0.32387713869861817,0.3242298995413622,0.43036660363081847,-0.08555327442228815,True,True,-0.08555327442228815,,
dominant_verbosity,0.125,0.125,0.125,0.125,0.5,MaxMin,c=0.1,OK,0.061192207091758724,0.061825760286386464,0.06186015327388357,0.047100842442397484,0.7680210369055738,0.29992101329505855,0.29941783727046856,0.4223891582984772,-0.07032732157611439,True,True,-0.07032732157611439,,
dominant_verbosity,0.125,0.125,0.125,0.125,0.5,MaxMin,c=0.25,OK,0.07270256606664602,0.07322183189342293,0.07325002069152109,0.061153158412935754,0.7196724229354742,0.24581792698235008,0.24540551944240133,0.40490583972509664,-0.057640897548762754,True,True,-0.057640897548762754,,
dominant_verbosity,0.125,0.125,0.125,0.125,0.5,MaxMin,c=0.5,OK,0.09029622860611022,0.09064080540825448,0.09065951106035834,0.08263221963274464,0.6457712352925323,0.16312098894539984,0.16284732165599256,0.3781824675243597,-0.038249611520520865,True,True,-0.038249611520520865,,
dominant_verbosity,0.125,0.125,0.125,0.125,0.5,MaxMin,c=0.75,OK,0.10767429635676304,0.10784632479391798,0.10785566350760258,0.10384807393601997,0.5727756414056965,0.08143742881378427,0.08130080163573773,0.35178656663739927,-0.019095948568580608,True,True,-0.019095948568580608,,
dominant_verbosity,0.125,0.125,0.125,0.125,0.5,MaxMin,c=0.9,OK,0.118073190409755,0.118141967312144,0.11814570092624888,0.11654346817138819,0.5290956731804639,0.03255865242346999,0.03250402893072946,0.3359914747609464,-0.007634552824138807,True,True,-0.007634552824138807,,
dominant_verbosity,0.125,0.125,0.125,0.125,0.5,MaxMin,c=0.95,OK,0.12153705137983489,0.12157143530162773,0.12157330186279808,0.12077229100269844,0.5145459204530408,0.016277182015090534,0.016249873866028556,0.33073014581665094,-0.0038167736276686786,True,True,-0.0038167736276686786,,
dominant_verbosity,0.125,0.125,0.125,0.125,0.5,MaxMin,c=1.0,OK,0.125,0.125,0.125,0.125,0.5,0.0,0.0,0.32547020265921445,0.0,False,True,0.0,,
dominant_verbosity,0.125,0.125,0.125,0.125,0.5,Fair,"alpha=0.0,eps=0.01",OK,0.1683335639212509,0.11292217276734663,0.11348334509765468,0.11513165457732293,0.4901292636364249,0.048488356237958316,0.047352547318581656,0.32193823671485244,-0.010000000000000004,True,True,,,0.05174427244510352
dominant_verbosity,0.125,0.125,0.125,0.125,0.5,Fair,"alpha=0.0,eps=0.02",OK,0.2116671278425018,0.10084434553469326,0.10196669019530935,0.10526330915464585,0.48025852727284973,0.09697671247591663,0.09470509463716333,0.31840627077049033,-0.020000000000000007,True,True,,,0.10348854489020703
dominant_verbosity,0.125,0.125,0.125,0.125,0.5,Fair,"alpha=0.0,eps=0.05",OK,0.3416678196062545,0.06461086383673317,0.0674167254882734,0.07565827288661461,0.45064631818212436,0.24244178118979157,0.23676273659290825,0.30781037293740415,-0.05000000000000001,True,True,,,0.25872136222551756
dominant_verbosity,0.125,0.125,0.125,0.125,0.5,Fair,"alpha=0.0,eps=0.1",OK,0.558335639212509,0.004221727673466347,0.009833450976546795,0.02631654577322924,0.40129263636424867,0.48488356237958313,0.4735254731858165,0.2901505432155938,-0.10000000000000002,True,True,,,0.5174427244510351
dominant_verbosity,0.125,0.125,0.125,0.125,0.5,Fair,"alpha=0.5,eps=0.01",OK,0.12567839559298416,0.12545120427567455,0.1250704727612485,0.12475641297240012,0.4990435143976927,0.0012817845515067888,0.0012985545803292989,0.32512151215034346,-0.0009594213490816719,True,True,,,1.0004473972112282
dominant_verbosity,0.125,0.125,0.125,0.125,0.5,Fair,"alpha=0.5,eps=0.02",OK,0.12635679121306373,0.12590240858234492,0.12514094540801382,0.12451282606621163,0.4980870287303659,0.00256356914741638,0.002597109199866151,0.3247728216193031,-0.0019188427580769704,True,True,,,1.4148462775769817
dominant_verbosity,0.125,0.125,0.125,0.125,0.5,Fair,"alpha=0.5,eps=0.05",OK,0.1283919776361793,0.12725602165521743,0.12535236408319592,0.12378206469431037,0.49521757193109694,0.006408922770899495,0.006492772930749298,0.3237267500908297,-0.0047971068106468315,True,True,,,2.2370683880770397
dominant_verbosity,0.125,0.125,0.125,0.125,0.5,Fair,"alpha=0.5,eps=0.1",OK,0.1317839560136514,0.12951204278889575,0.12570472736656954,0.12256412936944146,0.4904351444614419,0.012817845263049433,0.012985545551518575,0.3219832977448245,-0.009594213019830825,True,True,,,3.163692454374668
dominant_verbosity,0.125,0.125,0.125,0.125,0.5,Fair,"alpha=1.0,eps=0.01",OK,0.1253375841910739,0.12522713788023546,0.12503951347002523,0.12488199441766283,0.4995137700410026,0.0006461121477759498,0.0006545732293975486,0.32529296499780164,-0.0004875503395610521,True,True,,,-23.02360145026797
dominant_verbosity,0.125,0.125,0.125,0.125,0.5,Fair,"alpha=1.0,eps=0.02",OK,0.12567516889388086,0.1254542756131316,0.12507902714829042,0.12476398809918446,0.49902754024551266,0.00129222453526524,0.0013091467183009222,0.32511572739014416,-0.0009751005417032932,True,True,,,-19.557865547468246
dominant_verbosity,0.125,0.125,0.125,0.125,0.5,Fair,"alpha=1.0,eps=0.05",OK,0.1266879220467395,0.12613568844749065,0.12519756745922475,0.12440997147517453,0.49756885057137057,0.0032305608167948908,0.0032728662267232774,0.3245840144824792,-0.0024377513515968815,True,True,,,-14.976411888097472
dominant_verbosity,0.125,0.125,0.125,0.125,0.5,Fair,"alpha=1.0,eps=0.1",OK,0.12837584292392915,0.12727137751525727,0.12539513500530805,0.12381994392882555,0.49513770062667994,0.006461121455535631,0.006545732265957702,0.32369782612318804,-0.004875503186314054,True,True,,,-11.510675985297745
dominant_verbosity,0.125,0.125,0.125,0.125,0.5,Fair,"alpha=2.0,eps=0.01",OK,0.12516836601694314,0.12511393109279859,0.1250208271856654,0.12494197438997379,0.4997549013146191,0.00032434783523971393,0.00032859522048334734,0.32538086568496066,-0.0002457210489429522,True,True,,,-499.88721999618826
dominant_verbosity,0.125,0.125,0.125,0.125,0.5,Fair,"alpha=2.0,eps=0.02",OK,0.125336731903657,0.12522786218723017,0.12504165433102757,0.12488394888632585,0.49950980269175943,0.0006486955345880233,0.0006571903013826444,0.32529152873418354,-0.000491442032089672,True,True,,,-249.9436099980941
dominant_verbosity,0.125,0.125,0.125,0.125,0.5,Fair,"alpha=2.0,eps=0.05",OK,0.12584182998711851,0.12556965552985755,0.12510413589137243,0.12470987195771577,0.49877450663393574,0.0016217390989207712,0.0016429760247664317,0.3250235178100413,-0.001228605184037066,True,True,,,-99.97744399923764
dominant_verbosity,0.125,0.125,0.125,0.125,0.5,Fair,"alpha=2.0,eps=0.1",OK,0.1266836601950113,0.1261393106401316,0.1252082720489698,0.12441974436527052,0.4975490127506168,0.0032434784925506914,0.003285952336171058,0.32457683277610316,-0.002457210867276676,True,True,,,-49.98872199961882
only_helpfulness,1.0,0.0,0.0,0.0,0.0,Avg,rho=0.0,OK,1.0,0.0,0.0,0.0,0.0,0.0,0.0,1.0,0.0,False,True,,,
only_helpfulness,1.0,0.0,0.0,0.0,0.0,Avg,rho=0.1,OK,1.0,0.0,0.0,0.0,0.0,0.0,0.0,1.0,0.0,False,True,,,
only_helpfulness,1.0,0.0,0.0,0.0,0.0,Avg,rho=0.2,OK,1.0,0.0,0.0,0.0,0.0,0.0,0.0,1.0,0.0,False,True,,,
only_helpfulness,1.0,0.0,0.0,0.0,0.0,Avg,rho=0.5,OK,1.0,0.0,0.0,0.0,0.0,0.0,0.0,1.0,0.0,False,True,,,
only_helpfulness,1.0,0.0,0.0,0.0,0.0,Cert,,FLOOR_COLLAPSED,1.0,0.0,0.0,0.0,0.0,0.0,0.0,1.0,0.0,False,True,0.0,-0.0,
only_helpfulness,1.0,0.0,0.0,0.0,0.0,MaxMin,c=0.0,INFEASIBLE_BALL_MISSES_SIMPLEX,,,,,,,,,,False,False,,,
only_helpfulness,1.0,0.0,0.0,0.0,0.0,MaxMin,c=0.1,INFEASIBLE_BALL_MISSES_SIMPLEX,,,,,,,,,,False,False,,,
only_helpfulness,1.0,0.0,0.0,0.0,0.0,MaxMin,c=0.25,INFEASIBLE_BALL_MISSES_SIMPLEX,,,,,,,,,,False,False,,,
only_helpfulness,1.0,0.0,0.0,0.0,0.0,MaxMin,c=0.5,INFEASIBLE_BALL_MISSES_SIMPLEX,,,,,,,,,,False,False,,,
only_helpfulness,1.0,0.0,0.0,0.0,0.0,MaxMin,c=0.75,INFEASIBLE_BALL_MISSES_SIMPLEX,,,,,,,,,,False,False,,,
only_helpfulness,1.0,0.0,0.0,0.0,0.0,MaxMin,c=0.9,INFEASIBLE_BALL_MISSES_SIMPLEX,,,,,,,,,,False,False,,,
only_helpfulness,1.0,0.0,0.0,0.0,0.0,MaxMin,c=0.95,INFEASIBLE_BALL_MISSES_SIMPLEX,,,,,,,,,,False,False,,,
only_helpfulness,1.0,0.0,0.0,0.0,0.0,MaxMin,c=1.0,OK,1.0,0.0,2.022691657158405e-17,7.6831777605632885e-19,2.300671639951658e-17,3.064355504321603e-17,3.0682756232696826e-17,1.0,9.869333191823357e-19,False,True,9.869333191823357e-19,,
only_helpfulness,1.0,0.0,0.0,0.0,0.0,Fair,"alpha=0.0,eps=0.01",OK,1.0,0.0,0.0,0.0,0.0,0.0,0.0,1.0,0.0,False,True,,,0.05
only_helpfulness,1.0,0.0,0.0,0.0,0.0,Fair,"alpha=0.0,eps=0.02",OK,1.0,0.0,0.0,0.0,0.0,0.0,0.0,1.0,0.0,False,True,,,0.1
only_helpfulness,1.0,0.0,0.0,0.0,0.0,Fair,"alpha=0.0,eps=0.05",OK,1.0,0.0,0.0,0.0,0.0,0.0,0.0,1.0,0.0,False,True,,,0.25
only_helpfulness,1.0,0.0,0.0,0.0,0.0,Fair,"alpha=0.0,eps=0.1",OK,1.0,0.0,0.0,0.0,0.0,0.0,0.0,1.0,0.0,False,True,,,0.5
only_helpfulness,1.0,0.0,0.0,0.0,0.0,Fair,"alpha=0.5,eps=0.01",OK,0.9999999999999998,2.560885531410761e-16,0.0,0.0,1.0552675270072973e-16,3.549944353954918e-16,3.4433859129560207e-16,0.9999999999999998,-2.0478621237163679e-16,False,True,,,1.0000000000000036
only_helpfulness,1.0,0.0,0.0,0.0,0.0,Fair,"alpha=0.5,eps=0.02",OK,0.9999999999999993,0.0,0.0,1.6067876196235168e-16,5.707240235963692e-16,8.91783513439558e-16,8.909238214062282e-16,0.9999999999999993,-6.594914167201919e-16,False,True,,,1.4142135623730987
only_helpfulness,1.0,0.0,0.0,0.0,0.0,Fair,"alpha=0.5,eps=0.05",OK,1.0,9.84455572616838e-17,0.0,0.0,5.377642775528102e-17,1.1217589726265809e-16,1.123611057996431e-16,1.0,3.8400326578127225e-18,False,True,,,2.2360679774997907
only_helpfulness,1.0,0.0,0.0,0.0,0.0,Fair,"alpha=0.5,eps=0.1",OK,1.0,0.0,0.0,0.0,9.974659986866641e-17,9.974659986866641e-17,9.974659986866641e-17,1.0,5.072439269264394e-20,False,True,,,3.16227766016838
only_helpfulness,1.0,0.0,0.0,0.0,0.0,Fair,"alpha=1.0,eps=0.01",OK,0.9999999999999861,9.846899831515074e-15,4.056392092154696e-15,0.0,5.716207672780222e-19,1.749310572376045e-14,1.6916003606959617e-14,0.999999999999987,-1.3036646173595617e-14,False,True,,,-23.025850929939505
only_helpfulness,1.0,0.0,0.0,0.0,0.0,Fair,"alpha=1.0,eps=0.02",OK,0.9999999999999957,3.1932893753414048e-15,9.407001918658044e-16,1.2696460193242758e-16,0.0,5.463140703517678e-15,5.2832841109758685e-15,0.9999999999999959,-4.074302421659724e-15,False,True,,,-19.560115027140572
only_helpfulness,1.0,0.0,0.0,0.0,0.0,Fair,"alpha=1.0,eps=0.05",OK,0.9999999999999987,0.0,1.1940318525582845e-15,0.0,1.556632479832518e-16,1.795795129864134e-15,1.7491284926387024e-15,0.9999999999999988,-1.270110935308517e-15,False,True,,,-14.978661367769924
only_helpfulness,1.0,0.0,0.0,0.0,0.0,Fair,"alpha=1.0,eps=0.1",OK,0.9999999999999994,0.0,0.0,1.409462824231155e-16,4.339667040845783e-16,7.185692352758267e-16,7.178411296645788e-16,0.9999999999999994,-5.497736589920977e-16,False,True,,,-11.512925464970222
only_helpfulness,1.0,0.0,0.0,0.0,0.0,Fair,"alpha=2.0,eps=0.01",OK,0.9999999999999899,8.996932120161164e-15,2.903752491584407e-16,1.5233763047103837e-16,7.616991243007887e-16,1.3553733922220182e-14,1.3110375690601679e-14,0.9999999999999905,-9.501134859191297e-15,False,True,,,-499.99999999989234
only_helpfulness,1.0,0.0,0.0,0.0,0.0,Fair,"alpha=2.0,eps=0.02",OK,0.9999999999999973,0.0,8.802457977610483e-17,0.0,2.75239854367504e-15,3.831865631367878e-15,3.814698744582858e-15,0.9999999999999973,-2.6398566368673695e-15,False,True,,,-249.9999999999925
only_helpfulness,1.0,0.0,0.0,0.0,0.0,Fair,"alpha=2.0,eps=0.05",OK,0.9999999999999893,0.0,0.0,3.1986797148874474e-16,1.021579828177484e-14,1.4766882555398205e-14,1.471803701225056e-14,0.9999999999999895,-1.057834603945282e-14,False,True,,,-99.99999999999665
only_helpfulness,1.0,0.0,0.0,0.0,0.0,Fair,"alpha=2.0,eps=0.1",OK,0.9999999999999934,1.6236135345975132e-16,1.0214010501375344e-16,9.62675198957819e-16,5.5459725198526605e-15,8.638749111580648e-15,8.61050651252871e-15,0.9999999999999934,-6.47925633888351e-15,False,True,,,-49.99999999999929
only_correctness,0.0,1.0,0.0,0.0,0.0,Avg,rho=0.0,OK,0.0,1.0,0.0,0.0,0.0,0.0,0.0,1.0,0.0,False,True,,,
only_correctness,0.0,1.0,0.0,0.0,0.0,Avg,rho=0.1,OK,0.0,1.0,0.0,0.0,0.0,0.0,0.0,1.0,0.0,False,True,,,
only_correctness,0.0,1.0,0.0,0.0,0.0,Avg,rho=0.2,OK,0.0,1.0,0.0,0.0,0.0,0.0,0.0,1.0,0.0,False,True,,,
only_correctness,0.0,1.0,0.0,0.0,0.0,Avg,rho=0.5,OK,0.0,1.0,0.0,0.0,0.0,0.0,0.0,1.0,0.0,False,True,,,
only_correctness,0.0,1.0,0.0,0.0,0.0,Cert,,FLOOR_COLLAPSED,0.0,1.0,0.0,0.0,0.0,0.0,0.0,1.0,0.0,False,True,0.0,-0.0,
only_correctness,0.0,1.0,0.0,0.0,0.0,MaxMin,c=0.0,INFEASIBLE_BALL_MISSES_SIMPLEX,,,,,,,,,,False,False,,,
only_correctness,0.0,1.0,0.0,0.0,0.0,MaxMin,c=0.1,INFEASIBLE_BALL_MISSES_SIMPLEX,,,,,,,,,,False,False,,,
only_correctness,0.0,1.0,0.0,0.0,0.0,MaxMin,c=0.25,INFEASIBLE_BALL_MISSES_SIMPLEX,,,,,,,,,,False,False,,,
only_correctness,0.0,1.0,0.0,0.0,0.0,MaxMin,c=0.5,INFEASIBLE_BALL_MISSES_SIMPLEX,,,,,,,,,,False,False,,,
only_correctness,0.0,1.0,0.0,0.0,0.0,MaxMin,c=0.75,INFEASIBLE_BALL_MISSES_SIMPLEX,,,,,,,,,,False,False,,,
only_correctness,0.0,1.0,0.0,0.0,0.0,MaxMin,c=0.9,INFEASIBLE_BALL_MISSES_SIMPLEX,,,,,,,,,,False,False,,,
only_correctness,0.0,1.0,0.0,0.0,0.0,MaxMin,c=0.95,INFEASIBLE_BALL_MISSES_SIMPLEX,,,,,,,,,,False,False,,,
only_correctness,0.0,1.0,0.0,0.0,0.0,MaxMin,c=1.0,OK,1.1075710644964805e-17,1.0,0.0,5.914617709190713e-17,0.0,6.017426053453608e-17,6.03405582568603e-17,1.0,1.5562401647653802e-18,False,True,1.5562401647653802e-18,,
only_correctness,0.0,1.0,0.0,0.0,0.0,Fair,"alpha=0.0,eps=0.01",OK,0.010687996875349322,0.9893120031246507,0.0,0.0,0.0,0.015115110135720236,0.014620531368831484,0.9900000000000001,-0.009999999999999948,True,True,,,0.05009528783936827
only_correctness,0.0,1.0,0.0,0.0,0.0,Fair,"alpha=0.0,eps=0.02",OK,0.021375993750698645,0.9786240062493013,0.0,0.0,0.0,0.030230220271440553,0.029241062737663043,0.98,-0.020000000000000007,True,True,,,0.10019057567873654
only_correctness,0.0,1.0,0.0,0.0,0.0,Fair,"alpha=0.0,eps=0.05",OK,0.053439984376746616,0.9465600156232534,0.0,0.0,0.0,0.07557555067860135,0.07310265684415757,0.9500000000000001,-0.04999999999999996,True,True,,,0.25047643919684137
only_correctness,0.0,1.0,0.0,0.0,0.0,Fair,"alpha=0.0,eps=0.1",OK,0.10687996875349323,0.8931200312465067,0.0,0.0,0.0,0.15115110135720278,0.1462053136883152,0.8999999999999999,-0.10000000000000003,True,True,,,0.5009528783936827
only_correctness,0.0,1.0,0.0,0.0,0.0,Fair,"alpha=0.5,eps=0.01",OK,0.00010183373682817845,0.9998981662631716,0.0,1.6831944065423742e-16,0.0,0.00014401465172967916,0.00013930237452978907,0.9999047214010108,-9.527859898916149e-05,True,True,,,1.0000045395747201
only_correctness,0.0,1.0,0.0,0.0,0.0,Fair,"alpha=0.5,eps=0.02",OK,0.00020366630100449243,0.9997963336989952,0.0,6.336441720172606e-17,2.233614362261507e-16,0.0002880276450791091,0.00027860314494288814,0.9998094438991889,-0.00019055610081110565,True,True,,,1.414219982301227
only_correctness,0.0,1.0,0.0,0.0,0.0,Fair,"alpha=0.5,eps=0.05",OK,0.0005091686811233221,0.9994908313188767,0.0,3.324184275658075e-17,2.4160084536295697e-17,0.0007200732543801892,0.0006965118685203993,0.9995236070078786,-0.0004763929921214799,True,True,,,2.2360781282974433
only_correctness,0.0,1.0,0.0,0.0,0.0,Fair,"alpha=0.5,eps=0.1",OK,0.00101833799821118,0.9989816620017888,3.63504189314183e-18,0.0,0.0,0.0014401474081501056,0.0013930246070017582,0.9990472134207301,-0.0009527865792699123,True,True,,,3.16229201556409
only_correctness,0.0,1.0,0.0,0.0,0.0,Fair,"alpha=1.0,eps=0.01",OK,5.091883371457544e-05,0.9999490811662821,2.566766825917194e-15,2.287449333602231e-16,5.411620183453335e-16,7.201010522171208e-05,6.965387567895192e-05,0.9999523588617102,-4.7641138289835536e-05,True,True,,,-23.025828231677473
only_correctness,0.0,1.0,0.0,0.0,0.0,Fair,"alpha=1.0,eps=0.02",OK,0.000101835412742581,0.9998981645872559,6.78432051692121e-16,1.5009643012856815e-16,7.33695794961667e-16,0.000144017021831502,0.00013930466707994722,0.9999047198329754,-9.528016702460969e-05,True,True,,,-19.560092328880682
only_correctness,0.0,1.0,0.0,0.0,0.0,Fair,"alpha=1.0,eps=0.05",OK,0.0002545930101385467,0.9997454069898614,1.3507613074797241e-17,3.843004419095585e-23,7.958447832752665e-23,0.0003600488878233877,0.00034826779371554303,0.9997617953924315,-0.00023820460756854582,True,True,,,-14.97863866951001
only_correctness,0.0,1.0,0.0,0.0,0.0,Fair,"alpha=1.0,eps=0.1",OK,0.0005091862205628388,0.9994908137794373,1.0962003941833614e-16,0.0,0.0,0.0007200980588933875,0.0006965358614096378,0.9995235905974701,-0.0004764094025299524,True,True,,,-11.512902766710303
only_correctness,0.0,1.0,0.0,0.0,0.0,Fair,"alpha=2.0,eps=0.01",OK,2.5459590018126324e-05,0.9999745404099787,3.072369705833196e-15,0.0,1.113670960135063e-18,3.600529749834768e-05,3.482717471405777e-05,0.9999761792688393,-2.3820731160682433e-05,True,True,,,-499.99886508051395
only_correctness,0.0,1.0,0.0,0.0,0.0,Fair,"alpha=2.0,eps=0.02",OK,5.091917962536623e-05,0.9999490808203674,4.744177432437385e-15,2.5444184027109654e-15,8.790567862163367e-17,7.201059441623722e-05,6.965434886663951e-05,0.9999523585380622,-4.764146193782569e-05,True,True,,,-249.99943254026508
only_correctness,0.0,1.0,0.0,0.0,0.0,Fair,"alpha=2.0,eps=0.05",OK,0.000127297947066733,0.9998727020529206,1.2563325986054239e-14,0.0,4.156153007274601e-18,0.00018002648321301213,0.0001741358694315508,0.9998808963470289,-0.00011910365297105162,True,True,,,-99.9997730161097
only_correctness,0.0,1.0,0.0,0.0,0.0,Fair,"alpha=2.0,eps=0.1",OK,0.0002545912885657176,0.9997454087114314,2.8375478818292013e-15,0.0,0.0,0.0003600464531537463,0.00034826543871029905,0.9997617970031822,-0.0002382029968177618,True,True,,,-49.99988650805559
only_coherence,0.0,0.0,1.0,0.0,0.0,Avg,rho=0.0,OK,0.0,0.0,1.0,0.0,0.0,0.0,0.0,1.0,0.0,False,True,,,
only_coherence,0.0,0.0,1.0,0.0,0.0,Avg,rho=0.1,OK,0.0,0.0,1.0,0.0,0.0,0.0,0.0,1.0,0.0,False,True,,,
only_coherence,0.0,0.0,1.0,0.0,0.0,Avg,rho=0.2,OK,0.0,0.0,1.0,0.0,0.0,0.0,0.0,1.0,0.0,False,True,,,
only_coherence,0.0,0.0,1.0,0.0,0.0,Avg,rho=0.5,OK,0.0,0.0,1.0,0.0,0.0,0.0,0.0,1.0,0.0,False,True,,,
only_coherence,0.0,0.0,1.0,0.0,0.0,Cert,,FLOOR_COLLAPSED,0.0,0.0,1.0,0.0,0.0,0.0,0.0,1.0,0.0,False,True,0.0,-0.0,
only_coherence,0.0,0.0,1.0,0.0,0.0,MaxMin,c=0.0,INFEASIBLE_BALL_MISSES_SIMPLEX,,,,,,,,,,False,False,,,
only_coherence,0.0,0.0,1.0,0.0,0.0,MaxMin,c=0.1,INFEASIBLE_BALL_MISSES_SIMPLEX,,,,,,,,,,False,False,,,
only_coherence,0.0,0.0,1.0,0.0,0.0,MaxMin,c=0.25,INFEASIBLE_BALL_MISSES_SIMPLEX,,,,,,,,,,False,False,,,
only_coherence,0.0,0.0,1.0,0.0,0.0,MaxMin,c=0.5,INFEASIBLE_BALL_MISSES_SIMPLEX,,,,,,,,,,False,False,,,
only_coherence,0.0,0.0,1.0,0.0,0.0,MaxMin,c=0.75,INFEASIBLE_BALL_MISSES_SIMPLEX,,,,,,,,,,False,False,,,
only_coherence,0.0,0.0,1.0,0.0,0.0,MaxMin,c=0.9,INFEASIBLE_BALL_MISSES_SIMPLEX,,,,,,,,,,False,False,,,
only_coherence,0.0,0.0,1.0,0.0,0.0,MaxMin,c=0.95,INFEASIBLE_BALL_MISSES_SIMPLEX,,,,,,,,,,False,False,,,
only_coherence,0.0,0.0,1.0,0.0,0.0,MaxMin,c=1.0,OK,1.161106810333083e-16,0.0,0.9999999999999998,0.0,0.0,2.505703430702283e-16,2.452561660692593e-16,0.9999999999999998,-2.1611131545774294e-16,False,True,-2.1611131545774294e-16,,
only_coherence,0.0,0.0,1.0,0.0,0.0,Fair,"alpha=0.0,eps=0.01",OK,0.010538521504544157,0.0,0.9894614784954558,0.0,0.0,0.014903720039086858,0.01451793477361305,0.99,-0.009999999999999993,True,True,,,0.05027480941321212
only_coherence,0.0,0.0,1.0,0.0,0.0,Fair,"alpha=0.0,eps=0.02",OK,0.021077043009088314,0.0,0.9789229569909117,0.0,0.0,0.029807440078173715,0.0290358695472261,0.98,-0.019999999999999987,True,True,,,0.10054961882642424
only_coherence,0.0,0.0,1.0,0.0,0.0,Fair,"alpha=0.0,eps=0.05",OK,0.05269260752272079,0.0,0.9473073924772792,0.0,0.0,0.0745186001954343,0.07258967386806525,0.9500000000000001,-0.04999999999999997,True,True,,,0.2513740470660606
only_coherence,0.0,0.0,1.0,0.0,0.0,Fair,"alpha=0.0,eps=0.1",OK,0.10538521504544159,0.0,0.8946147849545584,0.0,0.0,0.14903720039086868,0.1451793477361306,0.8999999999999999,-0.10000000000000005,True,True,,,0.5027480941321212
only_coherence,0.0,0.0,1.0,0.0,0.0,Fair,"alpha=0.5,eps=0.01",OK,0.0002626824961731925,4.927254436924441e-05,0.9996880449594575,2.7137482273691515e-17,0.0,0.00041078683613799533,0.00040086750289200095,0.9997036199308418,-0.00029638006915825584,True,True,,,1.0000385509148448
only_coherence,0.0,0.0,1.0,0.0,0.0,Fair,"alpha=0.5,eps=0.02",OK,0.0005253684862913218,9.854395025914812e-05,0.9993760875634494,9.479925495886326e-17,0.0,0.0008215775587266189,0.0008017387762587277,0.99940723763504,-0.00059276236495993,True,True,,,1.4142680815997064
only_coherence,0.0,0.0,1.0,0.0,0.0,Fair,"alpha=0.5,eps=0.05",OK,0.0013134205474807945,0.0002463601903945954,0.9984402192621246,6.60584909167113e-17,0.0,0.0020539432387978148,0.0020043463039464064,0.998518094420699,-0.0014819055793009138,True,True,,,2.236154179965969
only_coherence,0.0,0.0,1.0,0.0,0.0,Fair,"alpha=0.5,eps=0.1",OK,0.0026268419351515348,0.0004927209646742617,0.9968804371001743,0.0,0.0,0.00410788816635377,0.004008694261130974,0.9970361874857565,-0.0029638125142434383,True,True,,,3.16239956886516
only_coherence,0.0,0.0,1.0,0.0,0.0,Fair,"alpha=1.0,eps=0.01",OK,0.00013120699509634094,2.5276436677324647e-05,0.9998435165682262,0.0,0.0,0.0002057698671647763,0.0002008093034956739,0.9998513251506738,-0.000148674849326183,True,True,,,-23.025657930522442
only_coherence,0.0,0.0,1.0,0.0,0.0,Fair,"alpha=1.0,eps=0.02",OK,0.0002624139910664823,5.055287926577358e-05,0.9996870331296678,3.2885523287067096e-23,0.0,0.00041153974077243725,0.0004016186133493007,0.9997026502948657,-0.00029734970513424914,True,True,,,-19.55992202772489
only_coherence,0.0,0.0,1.0,0.0,0.0,Fair,"alpha=1.0,eps=0.05",OK,0.0006560349624222615,0.00012638219938334268,0.9992175828381943,0.0,2.00638628255174e-21,0.0010288493316951029,0.0010040465136760312,0.9992566257504635,-0.0007433742495365241,True,True,,,-14.978468368354523
only_coherence,0.0,0.0,1.0,0.0,0.0,Fair,"alpha=1.0,eps=0.1",OK,0.0013120693125135518,0.00025276591199814823,0.9984351647754882,0.0,1.1724894753690039e-17,0.0020576991439423035,0.0020080935163126422,0.9985132506348218,-0.0014867493651781827,True,True,,,-11.512732465554802
only_coherence,0.0,0.0,1.0,0.0,0.0,Fair,"alpha=2.0,eps=0.01",OK,6.556815033368516e-05,1.2798036976860877e-05,0.9999216338126893,0.0,1.1292634323987712e-16,0.0001029768488654635,0.00010049639168745536,0.9999255432772244,-7.445672277560047e-05,True,True,,,-499.99034402442385
only_coherence,0.0,0.0,1.0,0.0,0.0,Fair,"alpha=2.0,eps=0.02",OK,0.00013113630835367968,2.5596095105091056e-05,0.9998432675965412,0.0,0.0,0.00020595372719918638,0.00020099281237343219,0.9998510865269279,-0.00014891347307208742,True,True,,,-249.99517201212834
only_coherence,0.0,0.0,1.0,0.0,0.0,Fair,"alpha=2.0,eps=0.05",OK,0.00032784076995171293,6.39901627656249e-05,0.9996081690672574,2.533612340098713e-14,0.0,0.0005148842503196933,0.0005024819639714167,0.9996277163899017,-0.00037228361009830765,True,True,,,-99.99806880487239
only_coherence,0.0,0.0,1.0,0.0,0.0,Fair,"alpha=2.0,eps=0.1",OK,0.0006556820078283309,0.00012797999694854403,0.9992163379952228,3.6022237499866136e-17,1.2951925339681104e-16,0.0010297688637457222,0.0010049642771728096,0.9992554326500719,-0.0007445673499280674,True,True,,,-49.999034402440486
only_complexity,0.0,0.0,0.0,1.0,0.0,Avg,rho=0.0,OK,0.0,0.0,0.0,1.0,0.0,0.0,0.0,1.0,0.0,False,True,,,
only_complexity,0.0,0.0,0.0,1.0,0.0,Avg,rho=0.1,OK,0.0,0.0,0.0,1.0,0.0,0.0,0.0,1.0,0.0,False,True,,,
only_complexity,0.0,0.0,0.0,1.0,0.0,Avg,rho=0.2,OK,0.0,0.0,0.0,1.0,0.0,0.0,0.0,1.0,0.0,False,True,,,
only_complexity,0.0,0.0,0.0,1.0,0.0,Avg,rho=0.5,OK,0.0,0.0,0.0,1.0,0.0,0.0,0.0,1.0,0.0,False,True,,,
only_complexity,0.0,0.0,0.0,1.0,0.0,Cert,,FLOOR_COLLAPSED,0.0,0.0,0.0,1.0,0.0,0.0,0.0,1.0,0.0,False,True,0.0,-0.0,
only_complexity,0.0,0.0,0.0,1.0,0.0,MaxMin,c=0.0,INFEASIBLE_BALL_MISSES_SIMPLEX,,,,,,,,,,False,False,,,
only_complexity,0.0,0.0,0.0,1.0,0.0,MaxMin,c=0.1,INFEASIBLE_BALL_MISSES_SIMPLEX,,,,,,,,,,False,False,,,
only_complexity,0.0,0.0,0.0,1.0,0.0,MaxMin,c=0.25,INFEASIBLE_BALL_MISSES_SIMPLEX,,,,,,,,,,False,False,,,
only_complexity,0.0,0.0,0.0,1.0,0.0,MaxMin,c=0.5,INFEASIBLE_BALL_MISSES_SIMPLEX,,,,,,,,,,False,False,,,
only_complexity,0.0,0.0,0.0,1.0,0.0,MaxMin,c=0.75,INFEASIBLE_BALL_MISSES_SIMPLEX,,,,,,,,,,False,False,,,
only_complexity,0.0,0.0,0.0,1.0,0.0,MaxMin,c=0.9,INFEASIBLE_BALL_MISSES_SIMPLEX,,,,,,,,,,False,False,,,
only_complexity,0.0,0.0,0.0,1.0,0.0,MaxMin,c=0.95,INFEASIBLE_BALL_MISSES_SIMPLEX,,,,,,,,,,False,False,,,
only_complexity,0.0,0.0,0.0,1.0,0.0,MaxMin,c=1.0,OK,1.0870943717593782e-16,2.0188038829708953e-16,0.0,0.9999999999999998,0.0,3.191821415530732e-16,3.20032612797488e-16,0.9999999999999998,-2.16906500984856e-16,False,True,-2.16906500984856e-16,,
only_complexity,0.0,0.0,0.0,1.0,0.0,Fair,"alpha=0.0,eps=0.01",OK,0.010155343503217165,0.0,0.0,0.9898446564967829,0.0,0.01436182451280718,0.014251556759327814,0.9900000000000001,-0.009999999999999953,True,True,,,0.05049712488803089
only_complexity,0.0,0.0,0.0,1.0,0.0,Fair,"alpha=0.0,eps=0.02",OK,0.02031068700643433,0.0,0.0,0.9796893129935657,0.0,0.028723649025614438,0.02850311351865571,0.98,-0.020000000000000018,True,True,,,0.10099424977606178
only_complexity,0.0,0.0,0.0,1.0,0.0,Fair,"alpha=0.0,eps=0.05",OK,0.05077671751608583,0.0,0.0,0.9492232824839142,0.0,0.07180912256403607,0.07125778379663925,0.9500000000000001,-0.04999999999999999,True,True,,,0.2524856244401545
only_complexity,0.0,0.0,0.0,1.0,0.0,Fair,"alpha=0.0,eps=0.1",OK,0.10155343503217167,0.0,0.0,0.8984465649678284,0.0,0.14361824512807214,0.1425155675932785,0.9,-0.09999999999999998,True,True,,,0.504971248880309
only_complexity,0.0,0.0,0.0,1.0,0.0,Fair,"alpha=0.5,eps=0.01",OK,0.0003952602068109426,0.00018501040300936098,4.295847864061248e-17,0.9994197293901796,0.0,0.000726067118750878,0.0007251724369087519,0.9994289603796441,-0.0005710396203558974,True,True,,,1.0001346069811612
only_complexity,0.0,0.0,0.0,1.0,0.0,Fair,"alpha=0.5,eps=0.02",OK,0.000790521237099747,0.000370020987603055,0.0,0.9988394577752971,0.0,0.0014521355353033353,0.001450346167740469,0.9988579197699484,-0.0011420802300516003,True,True,,,1.4144039253914409
only_complexity,0.0,0.0,0.0,1.0,0.0,Fair,"alpha=0.5,eps=0.05",OK,0.0019763021841189125,0.000925051741430384,0.0,0.9970986460744508,0.0,0.0036303368505658778,0.003625863430728254,0.9971448010346552,-0.0028551989653448264,True,True,,,2.2363689678599066
only_complexity,0.0,0.0,0.0,1.0,0.0,Fair,"alpha=0.5,eps=0.1",OK,0.003952601542633908,0.0018501040703825234,3.2240985648254858e-18,0.9941972943869836,6.935358738831596e-19,0.007260670523953718,0.007251723709550701,0.9942896042742836,-0.005710395725716382,True,True,,,3.1627033248178
only_complexity,0.0,0.0,0.0,1.0,0.0,Fair,"alpha=1.0,eps=0.01",OK,0.00019790198689229995,9.427622704762037e-05,6.376402977566768e-16,0.999707821786059,4.118004886268159e-16,0.0003652688216971329,0.0003648369085401981,0.9997124719264723,-0.0002875280735277323,True,True,,,-23.025175139427837
only_complexity,0.0,0.0,0.0,1.0,0.0,Fair,"alpha=1.0,eps=0.02",OK,0.000395803932235377,0.00018855245823196367,1.7527467262368518e-15,0.9994156436095308,0.0,0.0007305375920241576,0.0007296737660316464,0.999424943889793,-0.0005750561102069957,True,True,,,-19.55943923662823
only_complexity,0.0,0.0,0.0,1.0,0.0,Fair,"alpha=1.0,eps=0.05",OK,0.0009895099361212978,0.0004713811353644806,8.779865624762362e-17,0.9985391089285142,0.0,0.0018263441108420171,0.0018241845450473577,0.998562359630608,-0.0014376403693920283,True,True,,,-14.977985577257854
only_complexity,0.0,0.0,0.0,1.0,0.0,Fair,"alpha=1.0,eps=0.1",OK,0.0019790198731072023,0.0009427622676398789,0.0,0.9970782178592523,5.177016605117318e-16,0.003652688219576207,0.003648369087951234,0.9971247192634,-0.0028752807365999907,True,True,,,-11.512249674458143
only_complexity,0.0,0.0,0.0,1.0,0.0,Fair,"alpha=2.0,eps=0.01",OK,9.901051599584045e-05,4.757690818156412e-05,0.0,0.9998534125757947,2.7779311028280512e-14,0.00018317892183603376,0.0001829667664249577,0.9998557461099932,-0.00014425389000683605,True,True,,,-499.9661430446282
only_complexity,0.0,0.0,0.0,1.0,0.0,Fair,"alpha=2.0,eps=0.02",OK,0.00019802102912197167,9.515381757438074e-05,0.0,0.9997068251533028,9.032024233056616e-16,0.0003663578410645,0.0003659335302752717,0.9997114922216743,-0.0002885077783256028,True,True,,,-249.98307152232155
only_complexity,0.0,0.0,0.0,1.0,0.0,Fair,"alpha=2.0,eps=0.05",OK,0.0004950525795619768,0.00023788454126677825,2.8659559324678804e-15,0.9992670628791683,0.0,0.0009158946088921403,0.0009148338318484106,0.9992787305501547,-0.0007212694498452543,True,True,,,-99.9932286089346
only_complexity,0.0,0.0,0.0,1.0,0.0,Fair,"alpha=2.0,eps=0.1",OK,0.000990104500725402,0.00047577118908211763,7.586723301803495e-16,0.9985341243101873,4.533181461123299e-15,0.0018317905679146851,0.0018296690382976076,0.9985574596783514,-0.0014425403216486235,True,True,,,-49.99661430446755
only_verbosity,0.0,0.0,0.0,0.0,1.0,Avg,rho=0.0,OK,0.0,0.0,0.0,0.0,1.0,0.0,0.0,1.0,0.0,False,True,,,
only_verbosity,0.0,0.0,0.0,0.0,1.0,Avg,rho=0.1,OK,0.0,0.0,0.0,0.0,1.0,0.0,0.0,1.0,0.0,False,True,,,
only_verbosity,0.0,0.0,0.0,0.0,1.0,Avg,rho=0.2,OK,0.0,0.0,0.0,0.0,1.0,0.0,0.0,1.0,0.0,False,True,,,
only_verbosity,0.0,0.0,0.0,0.0,1.0,Avg,rho=0.5,OK,0.0,0.0,0.0,0.0,1.0,0.0,0.0,1.0,0.0,False,True,,,
only_verbosity,0.0,0.0,0.0,0.0,1.0,Cert,,FLOOR_COLLAPSED,0.0,0.0,0.0,0.0,1.0,0.0,0.0,1.0,0.0,False,True,0.0,-0.0,
only_verbosity,0.0,0.0,0.0,0.0,1.0,MaxMin,c=0.0,INFEASIBLE_BALL_MISSES_SIMPLEX,,,,,,,,,,False,False,,,
only_verbosity,0.0,0.0,0.0,0.0,1.0,MaxMin,c=0.1,INFEASIBLE_BALL_MISSES_SIMPLEX,,,,,,,,,,False,False,,,
only_verbosity,0.0,0.0,0.0,0.0,1.0,MaxMin,c=0.25,INFEASIBLE_BALL_MISSES_SIMPLEX,,,,,,,,,,False,False,,,
only_verbosity,0.0,0.0,0.0,0.0,1.0,MaxMin,c=0.5,INFEASIBLE_BALL_MISSES_SIMPLEX,,,,,,,,,,False,False,,,
only_verbosity,0.0,0.0,0.0,0.0,1.0,MaxMin,c=0.75,INFEASIBLE_BALL_MISSES_SIMPLEX,,,,,,,,,,False,False,,,
only_verbosity,0.0,0.0,0.0,0.0,1.0,MaxMin,c=0.9,INFEASIBLE_BALL_MISSES_SIMPLEX,,,,,,,,,,False,False,,,
only_verbosity,0.0,0.0,0.0,0.0,1.0,MaxMin,c=0.95,INFEASIBLE_BALL_MISSES_SIMPLEX,,,,,,,,,,False,False,,,
only_verbosity,0.0,0.0,0.0,0.0,1.0,MaxMin,c=1.0,OK,0.0,0.0,0.0,0.0,1.0,0.0,0.0,1.0,0.0,False,True,0.0,,
only_verbosity,0.0,0.0,0.0,0.0,1.0,Fair,"alpha=0.0,eps=0.01",OK,0.010073861385370704,0.0,0.0,0.0,0.9899261386146293,0.01424659139665786,0.014194267424119285,0.99,-0.009999999999999993,True,True,,,0.05087075972243444
only_verbosity,0.0,0.0,0.0,0.0,1.0,Fair,"alpha=0.0,eps=0.02",OK,0.020147722770741408,0.0,0.0,0.0,0.9798522772292586,0.02849318279331572,0.02838853484823857,0.98,-0.019999999999999987,True,True,,,0.10174151944486888
only_verbosity,0.0,0.0,0.0,0.0,1.0,Fair,"alpha=0.0,eps=0.05",OK,0.05036930692685353,0.0,0.0,0.0,0.9496306930731465,0.07123295698328931,0.07097133712059643,0.9500000000000001,-0.04999999999999997,True,True,,,0.2543537986121722
only_verbosity,0.0,0.0,0.0,0.0,1.0,Fair,"alpha=0.0,eps=0.1",OK,0.10073861385370705,0.0,0.0,0.0,0.8992613861462929,0.1424659139665787,0.14194267424119295,0.8999999999999999,-0.10000000000000005,True,True,,,0.5087075972243444
only_verbosity,0.0,0.0,0.0,0.0,1.0,Fair,"alpha=0.5,eps=0.01",OK,0.0006197910192118864,0.00039195850347205883,1.2702857849923765e-05,0.0,0.9989755476194662,0.0012599350850415918,0.001267861678201053,0.9989816378457991,-0.00101836215420098,True,True,,,1.0004291976042043
only_verbosity,0.0,0.0,0.0,0.0,1.0,Fair,"alpha=0.5,eps=0.02",OK,0.0012395820033475305,0.0007839170733891402,2.5405616502222446e-05,0.0,0.9979510953067612,0.0025198701173473176,0.0025357233019461514,0.9979632757593803,-0.0020367242406197582,True,True,,,1.4148205394458984
only_verbosity,0.0,0.0,0.0,0.0,1.0,Fair,"alpha=0.5,eps=0.05",OK,0.0030989546926592482,0.0019597931066654877,6.351397848430668e-05,1.8314016989940448e-17,0.9948777382221909,0.006299675305438753,0.006339308271840892,0.994908189353054,-0.00509181064694596,True,True,,,2.2370276925185695
only_verbosity,0.0,0.0,0.0,0.0,1.0,Fair,"alpha=0.5,eps=0.1",OK,0.006197910733828755,0.003919585873835068,0.0001270305103244809,1.7497159591432082e-17,0.9897554728820117,0.012599354090929736,0.012678620091855126,0.9898163751535902,-0.010183624846409793,True,True,,,3.1636349021639507
only_verbosity,0.0,0.0,0.0,0.0,1.0,Fair,"alpha=1.0,eps=0.01",OK,0.000310103364481331,0.00019902487122320142,1.1565638226711735e-05,1.6011066762222648e-20,0.9994793061260688,0.0006379897102344907,0.0006421497122274472,0.9994823673768933,-0.000517632623106697,True,True,,,-23.023686187347142
only_verbosity,0.0,0.0,0.0,0.0,1.0,Fair,"alpha=1.0,eps=0.02",OK,0.0006202057810218266,0.00039805032740054184,2.3130674456018494e-05,0.0,0.9989586132171216,0.0012759783437077152,0.0012842983391457073,0.9989647357138116,-0.0010352642861883492,True,True,,,-19.557950284547484
only_verbosity,0.0,0.0,0.0,0.0,1.0,Fair,"alpha=1.0,eps=0.05",OK,0.001550514474316644,0.0009951258127574268,5.782668503456698e-05,1.0864758735785098e-16,0.9973965330278912,0.003189945880206261,0.003210745868712767,0.9974118392697526,-0.002588160730247336,True,True,,,-14.976496625176722
only_verbosity,0.0,0.0,0.0,0.0,1.0,Fair,"alpha=1.0,eps=0.1",OK,0.0031010282529949254,0.0019902529432000594,0.00011565347818152748,4.342099337139907e-18,0.9947930653256235,0.006379892431227113,0.006421492431918187,0.9948236778094763,-0.005176322190523661,True,True,,,-11.510760722376997
only_verbosity,0.0,0.0,0.0,0.0,1.0,Fair,"alpha=2.0,eps=0.01",OK,0.0,0.0,0.0,0.01,0.99,0.014142135623730956,0.013857169251099652,0.9903989430173189,-0.009601056982681084,True,True,,,-2853.9424023632405
only_verbosity,0.0,0.0,0.0,0.0,1.0,Fair,"alpha=2.0,eps=0.02",OK,0.00031015296686752073,0.00020051150153223616,1.4199135998819381e-05,1.171739554212699e-19,0.9994751363956015,0.0006419370247841715,0.0006461941426004871,0.9994782051882668,-0.000521794811733174,True,True,,,-249.945650883522
only_verbosity,0.0,0.0,0.0,0.0,1.0,Fair,"alpha=2.0,eps=0.05",OK,0.0007753821922061261,0.0005012778197546877,3.549833159882837e-05,2.2845470402872765e-18,0.9986878416564402,0.0016048416266685906,0.0016154844188746983,0.9986955136330354,-0.0013044863669645738,True,True,,,-99.97826035347225
only_verbosity,0.0,0.0,0.0,0.0,1.0,Fair,"alpha=2.0,eps=0.1",OK,0.0015507649406036536,0.001002555816008609,7.099656784408947e-05,0.0,0.9973756826755437,0.0032096840961853947,0.003230969681907812,0.9973910266334568,-0.002608973366543167,True,True,,,-49.98913017674364
dirichlet_11,0.11414884741515977,0.051648410594331395,0.3760408171063637,0.25644594049833863,0.2017159843858066,Avg,rho=0.0,OK,1.072028420401368e-16,8.277202238291069e-17,0.9999999999999993,3.33066907387547e-16,9.787319240014232e-17,0.7151758094029996,0.7089103583393851,0.3885256171120929,-0.2566816709171328,True,True,,,
dirichlet_11,0.11414884741515977,0.051648410594331395,0.3760408171063637,0.25644594049833863,0.2017159843858066,Avg,rho=0.1,OK,0.0,0.0,0.8511834329499084,0.14881656705009155,0.0,0.5419699654587637,0.5363888972363466,0.37139664841380665,-0.20680795104563365,True,True,,,
dirichlet_11,0.11414884741515977,0.051648410594331395,0.3760408171063637,0.25644594049833863,0.2017159843858066,Avg,rho=0.2,OK,1.2633513877098052e-17,5.736372670949323e-17,0.6773950547312855,0.2653884018014982,0.057216543467216226,0.35703214177097775,0.35149978864749,0.3479462882858339,-0.1450292326763794,True,True,,,
dirichlet_11,0.11414884741515977,0.051648410594331395,0.3760408171063637,0.25644594049833863,0.2017159843858066,Avg,rho=0.5,OK,0.009303267221862262,2.7091131208067118e-17,0.5295137336620213,0.2888262840553836,0.17235671506073294,0.19779925041127966,0.19356247125932616,0.3227663280626609,-0.100047677114028,True,True,,,
dirichlet_11,0.11414884741515977,0.051648410594331395,0.3760408171063637,0.25644594049833863,0.2017159843858066,Cert,,FLOOR_COLLAPSED,0.11414884741515977,0.051648410594331395,0.3760408171063637,0.25644594049833863,0.2017159843858066,0.0,0.0,0.2796051303850624,0.0,False,True,0.0,-0.0,
dirichlet_11,0.11414884741515977,0.051648410594331395,0.3760408171063637,0.25644594049833863,0.2017159843858066,MaxMin,c=0.0,INFEASIBLE_BALL_MISSES_SIMPLEX,,,,,,,,,,False,False,,,
dirichlet_11,0.11414884741515977,0.051648410594331395,0.3760408171063637,0.25644594049833863,0.2017159843858066,MaxMin,c=0.1,INFEASIBLE_BALL_MISSES_SIMPLEX,,,,,,,,,,False,False,,,
dirichlet_11,0.11414884741515977,0.051648410594331395,0.3760408171063637,0.25644594049833863,0.2017159843858066,MaxMin,c=0.25,INFEASIBLE_BALL_MISSES_SIMPLEX,,,,,,,,,,False,False,,,
dirichlet_11,0.11414884741515977,0.051648410594331395,0.3760408171063637,0.25644594049833863,0.2017159843858066,MaxMin,c=0.5,OK,0.06515555903958413,0.00348830195837256,0.5053872777312426,0.2699203106040184,0.15604855066678225,0.1540042804537891,0.15112955526072616,0.31296404725787647,-0.045612479441197874,True,True,-0.045612479441197874,,
dirichlet_11,0.11414884741515977,0.051648410594331395,0.3760408171063637,0.25644594049833863,0.2017159843858066,MaxMin,c=0.75,OK,0.0938755332296026,0.03194648285384692,0.451234731170404,0.23842130114969806,0.18452195159644852,0.08410600646944275,0.08276022964344315,0.2957569979823596,-0.01810090017590521,True,True,-0.01810090017590521,,
dirichlet_11,0.11414884741515977,0.051648410594331395,0.3760408171063637,0.25644594049833863,0.2017159843858066,MaxMin,c=0.9,OK,0.10669355810900773,0.04440324239687647,0.403692555656774,0.24981757674127208,0.1953930670960696,0.030929062948251925,0.03043416825626863,0.2855448028367573,-0.006656407841264067,True,True,-0.006656407841264067,,
dirichlet_11,0.11414884741515977,0.051648410594331395,0.3760408171063637,0.25644594049833863,0.2017159843858066,MaxMin,c=0.95,OK,0.11048916273462862,0.04809187107302512,0.3896146222006202,0.2531921806102133,0.19861216338151289,0.015182592278680846,0.014939656230413335,0.28252082250460314,-0.003267526289549161,True,True,-0.003267526289549161,,
dirichlet_11,0.11414884741515977,0.051648410594331395,0.3760408171063637,0.25644594049833863,0.2017159843858066,MaxMin,c=1.0,OK,0.11414884741515977,0.051648410594331395,0.3760408171063637,0.25644594049833863,0.2017159843858066,0.0,0.0,0.2796051303850624,0.0,False,True,0.0,,
dirichlet_11,0.11414884741515977,0.051648410594331395,0.3760408171063637,0.25644594049833863,0.2017159843858066,Fair,"alpha=0.0,eps=0.01",OK,0.15748241133641067,0.03957058336167803,0.3645241622040184,0.24657759507566154,0.19184524802223146,0.04848835623795832,0.04735254731858166,0.27551167944500693,-0.010000000000000014,True,True,,,0.05174427244510352
dirichlet_11,0.11414884741515977,0.051648410594331395,0.3760408171063637,0.25644594049833863,0.2017159843858066,Fair,"alpha=0.0,eps=0.02",OK,0.20081597525766154,0.027492756129024666,0.3530075073016731,0.23670924965298448,0.18197451165865633,0.09697671247591662,0.0947050946371633,0.27141822850495156,-0.020000000000000004,True,True,,,0.10348854489020703
dirichlet_11,0.11414884741515977,0.051648410594331395,0.3760408171063637,0.25644594049833863,0.2017159843858066,Fair,"alpha=0.0,eps=0.05",OK,0.32199336428419406,0.0,0.3185269767584516,0.20708631573330738,0.15239334322404688,0.23247330777774133,0.22723414294211441,0.25861758844249827,-0.05000000000000007,True,True,,,0.2586398175400063
dirichlet_11,0.11414884741515977,0.051648410594331395,0.3760408171063637,0.25644594049833863,0.2017159843858066,Fair,"alpha=0.0,eps=0.1",OK,0.47770152714279857,0.0,0.2614234186203727,0.1576209348438462,0.10325411939298267,0.4091899044334303,0.40129311558786634,0.23455570113756163,-0.10000000000000002,True,True,,,0.5167977925412153
dirichlet_11,0.11414884741515977,0.051648410594331395,0.3760408171063637,0.25644594049833863,0.2017159843858066,Fair,"alpha=0.5,eps=0.01",OK,0.11482724302064785,0.052099614981937735,0.3761112898653369,0.2562023534852049,0.20075949864687248,0.0012817846966046173,0.0012985547271201906,0.27949477925836747,-0.0009594214846011985,True,True,,,1.0004473972112282
dirichlet_11,0.11414884741515977,0.051648410594331395,0.3760408171063637,0.25644594049833863,0.2017159843858066,Fair,"alpha=0.5,eps=0.02",OK,0.1155056384865552,0.05255081948713129,0.37618176250740143,0.2559587662706003,0.1998030132483116,0.0025635691385952008,0.002597109201741484,0.27938442809337083,-0.0019188426374877243,True,True,,,1.414846277576982
dirichlet_11,0.11414884741515977,0.051648410594331395,0.3760408171063637,0.25644594049833863,0.2017159843858066,Fair,"alpha=0.5,eps=0.05",OK,0.11754082531818828,0.053904431768579335,0.3763931809425972,0.2552280051852211,0.19693355678541388,0.006408922381048993,0.00649277252564157,0.27905337485401904,-0.004797106342490947,True,True,,,2.2370683880770397
dirichlet_11,0.11414884741515977,0.051648410594331395,0.3760408171063637,0.25644594049833863,0.2017159843858066,Fair,"alpha=0.5,eps=0.1",OK,0.1209328071670877,0.05616045142431661,0.3767455430412461,0.25401006757449013,0.19215113079285956,0.012817845457259096,0.012985545721708907,0.27850161880065377,-0.009594211146721897,True,True,,,3.163692454374668
dirichlet_11,0.11414884741515977,0.051648410594331395,0.3760408171063637,0.25644594049833863,0.2017159843858066,Fair,"alpha=1.0,eps=0.01",OK,0.11448643181893008,0.05187554830557721,0.37608033056889717,0.2563279348081378,0.2012297544984576,0.0006461121648224264,0.0006545732460097427,0.279550844157212,-0.00048755027132386784,True,True,,,-23.02360145026797
dirichlet_11,0.11414884741515977,0.051648410594331395,0.3760408171063637,0.25644594049833863,0.2017159843858066,Fair,"alpha=1.0,eps=0.02",OK,0.11482401613167766,0.05210268622393455,0.3761198440625306,0.2562099289412979,0.20074352464055942,0.0012922243668959921,0.001309146537129952,0.27949655790319045,-0.0009751005200819021,True,True,,,-19.557865547468246
dirichlet_11,0.11414884741515977,0.051648410594331395,0.3760408171063637,0.25644594049833863,0.2017159843858066,Fair,"alpha=1.0,eps=0.05",OK,0.11583677081240974,0.052784097355849664,0.37623838423217115,0.25585591291187487,0.19928483468769442,0.003230560940748638,0.0032728662960472394,0.27933369940503794,-0.002437751580533851,True,True,,,-14.976411888097472
dirichlet_11,0.11414884741515977,0.051648410594331395,0.3760408171063637,0.25644594049833863,0.2017159843858066,Fair,"alpha=1.0,eps=0.1",OK,0.11752469127082814,0.053919787864513874,0.3764359515464114,0.25526588395826566,0.19685368535998105,0.0064611216457655715,0.006545732447141664,0.27906226808790796,-0.0048755028519444485,True,True,,,-11.510675985297745
dirichlet_11,0.11414884741515977,0.051648410594331395,0.3760408171063637,0.25644594049833863,0.2017159843858066,Fair,"alpha=2.0,eps=0.01",OK,0.1143172134125702,0.051762341702190864,0.37606164428533406,0.2563879148883623,0.2014708857115427,0.0003243478215511866,0.0003285952068045227,0.2795782161271088,-0.00024572103791140184,True,True,,,-499.88721999618826
dirichlet_11,0.11414884741515977,0.051648410594331395,0.3760408171063637,0.25644594049833863,0.2017159843858066,Fair,"alpha=2.0,eps=0.02",OK,0.11448557940891778,0.051876272811438626,0.3760824714593074,0.2563298892815177,0.20122578703881863,0.000648695640993593,0.0006571904113110108,0.2795513018683593,-0.0004914420741629257,True,True,,,-249.94360999809413
dirichlet_11,0.11414884741515977,0.051648410594331395,0.3760408171063637,0.25644594049833863,0.2017159843858066,Fair,"alpha=2.0,eps=0.05",OK,0.1149906770590264,0.05221806652681207,0.37614495309852397,0.25615581244290564,0.20049049087273174,0.0016217391820832706,0.0016429761171792583,0.2794705590843016,-0.0012286053324563322,True,True,,,-99.97744399923764
dirichlet_11,0.11414884741515977,0.051648410594331395,0.3760408171063637,0.25644594049833863,0.2017159843858066,Fair,"alpha=2.0,eps=0.1",OK,0.11583250697425053,0.05278772163529798,0.37624908918677685,0.2558656842249376,0.19926499797873712,0.0032434777830172147,0.0032859516457978493,0.27933598788053077,-0.0024572100535145487,True,True,,,-49.98872199961882
dirichlet_12,0.08597214549508839,0.6349438670222669,0.05943641939658061,0.008150739699266708,0.21149682838679743,Avg,rho=0.0,OK,1.036967172546252e-16,0.999999999999999,1.0330168510440828e-16,8.393466173962225e-18,8.881784197001252e-16,0.43472660483537207,0.4281582327163178,0.6440446629325068,-0.21104876179306953,True,True,,,
dirichlet_12,0.08597214549508839,0.6349438670222669,0.05943641939658061,0.008150739699266708,0.21149682838679743,Avg,rho=0.1,OK,2.2782342491698885e-16,0.9999999999999996,6.256646514179412e-17,4.411099715173913e-17,1.942890293094024e-16,0.43472660483537284,0.42815823271631864,0.6440446629325071,-0.21104876179307022,True,True,,,
dirichlet_12,0.08597214549508839,0.6349438670222669,0.05943641939658061,0.008150739699266708,0.21149682838679743,Avg,rho=0.2,OK,6.02523695727979e-17,0.9999999999999996,1.303525244278959e-16,0.0,1.52655665885959e-16,0.4347266048353729,0.4281582327163187,0.644044662932507,-0.21104876179307028,True,True,,,
dirichlet_12,0.08597214549508839,0.6349438670222669,0.05943641939658061,0.008150739699266708,0.21149682838679743,Avg,rho=0.5,OK,8.662774907602813e-18,0.9307601360939005,1.2603771852523683e-16,0.0,0.06923986390609935,0.3445789333376081,0.3381590706800842,0.6143360344122697,-0.14208084663352702,True,True,,,
dirichlet_12,0.08597214549508839,0.6349438670222669,0.05943641939658061,0.008150739699266708,0.21149682838679743,Cert,,FLOOR_COLLAPSED,0.08597214549508839,0.6349438670222669,0.05943641939658061,0.008150739699266708,0.21149682838679743,0.0,0.0,0.4714087981077762,0.0,False,True,0.0,-0.0,
dirichlet_12,0.08597214549508839,0.6349438670222669,0.05943641939658061,0.008150739699266708,0.21149682838679743,MaxMin,c=0.0,INFEASIBLE_BALL_MISSES_SIMPLEX,,,,,,,,,,False,False,,,
dirichlet_12,0.08597214549508839,0.6349438670222669,0.05943641939658061,0.008150739699266708,0.21149682838679743,MaxMin,c=0.1,INFEASIBLE_BALL_MISSES_SIMPLEX,,,,,,,,,,False,False,,,
dirichlet_12,0.08597214549508839,0.6349438670222669,0.05943641939658061,0.008150739699266708,0.21149682838679743,MaxMin,c=0.25,INFEASIBLE_BALL_MISSES_SIMPLEX,,,,,,,,,,False,False,,,
dirichlet_12,0.08597214549508839,0.6349438670222669,0.05943641939658061,0.008150739699266708,0.21149682838679743,MaxMin,c=0.5,INFEASIBLE_BALL_MISSES_SIMPLEX,,,,,,,,,,False,False,,,
dirichlet_12,0.08597214549508839,0.6349438670222669,0.05943641939658061,0.008150739699266708,0.21149682838679743,MaxMin,c=0.75,OK,0.04492500106703047,0.7580607986964809,0.020833401937361995,6.245004513516506e-17,0.17618079829912656,0.1401659602982341,0.13689554497763023,0.5339224730311983,-0.035478227958547055,True,True,-0.035478227958547055,,
dirichlet_12,0.08597214549508839,0.6349438670222669,0.05943641939658061,0.008150739699266708,0.21149682838679743,MaxMin,c=0.9,OK,0.07208635066646238,0.6814349942001147,0.04649441215852607,0.0,0.19998424297489678,0.05216042499971484,0.051020960037913544,0.4956182204900117,-0.011763545264559569,True,True,-0.011763545264559569,,
dirichlet_12,0.08597214549508839,0.6349438670222669,0.05943641939658061,0.008150739699266708,0.21149682838679743,MaxMin,c=0.95,OK,0.07958120374444365,0.657762085058734,0.05351417438693882,0.002816915154268744,0.20632562165561477,0.025529967883010853,0.024995396390762474,0.4834495125360054,-0.005344244293738962,True,True,-0.005344244293738962,,
dirichlet_12,0.08597214549508839,0.6349438670222669,0.05943641939658061,0.008150739699266708,0.21149682838679743,MaxMin,c=1.0,OK,0.08597214549508839,0.6349438670222669,0.05943641939658061,0.008150739699266708,0.21149682838679743,0.0,0.0,0.4714087981077762,0.0,False,True,0.0,,
dirichlet_12,0.08597214549508839,0.6349438670222669,0.05943641939658061,0.008150739699266708,0.21149682838679743,Fair,"alpha=0.0,eps=0.01",OK,0.127499561585721,0.622950339423457,0.047979648553492196,0.0,0.2015704504373298,0.0465252203263979,0.04540320878947085,0.46571881564033724,-0.010000000000000026,True,True,,,0.051662688502774924
dirichlet_12,0.08597214549508839,0.6349438670222669,0.05943641939658061,0.008150739699266708,0.21149682838679743,Fair,"alpha=0.0,eps=0.02",OK,0.16045606956565237,0.6113568479696349,0.036807051995855794,0.0,0.19138003046885704,0.08418676141658026,0.08200677778590457,0.4593713636210069,-0.02000000000000001,True,True,,,0.1029382279244208
dirichlet_12,0.08597214549508839,0.6349438670222669,0.05943641939658061,0.008150739699266708,0.21149682838679743,Fair,"alpha=0.0,eps=0.05",OK,0.2593255935054465,0.5765763736081682,0.003289262322946601,0.0,0.16080877056343879,0.19810703984342776,0.1927536642451779,0.4403290075630157,-0.05000000000000004,True,True,,,0.2567648461893584
dirichlet_12,0.08597214549508839,0.6349438670222669,0.05943641939658061,0.008150739699266708,0.21149682838679743,Fair,"alpha=0.0,eps=0.1",OK,0.36998224587571055,0.5197956297116084,0.0,0.0,0.11022212441268098,0.3282933777086269,0.3196222158250755,0.4071403979094509,-0.10000000000000013,True,True,,,0.5117294274607769
dirichlet_12,0.08597214549508839,0.6349438670222669,0.05943641939658061,0.008150739699266708,0.21149682838679743,Fair,"alpha=0.5,eps=0.01",OK,0.08665054120638939,0.635395071289562,0.0595068922189391,0.007907152683561437,0.21054034260154816,0.00128178474879058,0.0012985547793959067,0.47158222320190496,-0.0009594215306834219,True,True,,,1.0004473972112282
dirichlet_12,0.08597214549508839,0.6349438670222669,0.05943641939658061,0.008150739699266708,0.21149682838679743,Fair,"alpha=0.5,eps=0.02",OK,0.08732893682470044,0.6358462753606929,0.059577364940163094,0.007663565736397997,0.20958385713804562,0.0025635691206353896,0.002597109173683988,0.4717556482193899,-0.0019188427383893941,True,True,,,1.414846277576982
dirichlet_12,0.08597214549508839,0.6349438670222669,0.05943641939658061,0.008150739699266708,0.21149682838679743,Fair,"alpha=0.5,eps=0.05",OK,0.08936412344821044,0.6371998883704934,0.059788783226948854,0.006932804554711973,0.20671440039963537,0.006408922725061037,0.006492772869458553,0.47227592368068516,-0.004797106721487964,True,True,,,2.2370683880770397
dirichlet_12,0.08597214549508839,0.6349438670222669,0.05943641939658061,0.008150739699266708,0.21149682838679743,Fair,"alpha=0.5,eps=0.1",OK,0.09275610144494564,0.639455909751974,0.06014114701838844,0.005714869344262019,0.20193197244042993,0.012817845474431235,0.012985545764041028,0.47314304928121964,-0.009594213417217577,True,True,,,3.163692454374668
dirichlet_12,0.08597214549508839,0.6349438670222669,0.05943641939658061,0.008150739699266708,0.21149682838679743,Fair,"alpha=1.0,eps=0.01",OK,0.08630972987468506,0.6351710047526832,0.059475932846042065,0.008032734058711261,0.21101059846787829,0.0006461121728227107,0.0006545732528945988,0.4714950759924643,-0.0004875503010220296,True,True,,,-23.02360145026797
dirichlet_12,0.08597214549508839,0.6349438670222669,0.05943641939658061,0.008150739699266708,0.21149682838679743,Fair,"alpha=1.0,eps=0.02",OK,0.08664731426216572,0.6353981424765792,0.05951544643682363,0.007914728365865022,0.21052436845856642,0.0012922244336902341,0.001309146598977507,0.47158135386597183,-0.0009751006944188228,True,True,,,-19.557865547468246
dirichlet_12,0.08597214549508839,0.6349438670222669,0.05943641939658061,0.008150739699266708,0.21149682838679743,Fair,"alpha=1.0,eps=0.05",OK,0.0876600675152566,0.6360795557007262,0.05963398653330772,0.007560711441431903,0.20906567880927768,0.003230560927669037,0.0032728663266609163,0.47184018755615653,-0.002437751489287453,True,True,,,-14.97641188809747
dirichlet_12,0.08597214549508839,0.6349438670222669,0.05943641939658061,0.008150739699266708,0.21149682838679743,Fair,"alpha=1.0,eps=0.1",OK,0.08934798949341273,0.6372152458922297,0.0598315548137503,0.0069706791114826985,0.2066345306891245,0.00646112208222955,0.006545733022425451,0.47227157827030863,-0.00487550167744624,True,True,,,-11.510675985297745
dirichlet_12,0.08597214549508839,0.6349438670222669,0.05943641939658061,0.008150739699266708,0.21149682838679743,Fair,"alpha=2.0,eps=0.01",OK,0.08614051149467658,0.6350577981272361,0.05945724657624733,0.008092714082405493,0.2112517297194345,0.0003243478177279681,0.0003285952030984097,0.47145181524941054,-0.00024572103128012125,True,True,,,-499.88721999618826
dirichlet_12,0.08597214549508839,0.6349438670222669,0.05943641939658061,0.008150739699266708,0.21149682838679743,Fair,"alpha=2.0,eps=0.02",OK,0.0863088775104425,0.6351717292019193,0.059478073775787024,0.008034688429348867,0.21100663108250228,0.0006486956179713542,0.0006571903895538383,0.47149483238095435,-0.0004914420335637784,True,True,,,-249.94360999809408
dirichlet_12,0.08597214549508839,0.6349438670222669,0.05943641939658061,0.008150739699266708,0.21149682838679743,Fair,"alpha=2.0,eps=0.05",OK,0.08681397539442669,0.6355135225588199,0.059540555347208396,0.007860611632992434,0.21027133506655263,0.001621739029179234,0.0016429759571209455,0.4716238838194167,-0.0012286051397618451,True,True,,,-99.97744399923764
dirichlet_12,0.08597214549508839,0.6349438670222669,0.05943641939658061,0.008150739699266708,0.21149682838679743,Fair,"alpha=2.0,eps=0.1",OK,0.08765580544272622,0.6360831780762367,0.059644691223479276,0.007570483625704035,0.20904584163185377,0.003243478200122965,0.0032859520527078957,0.47183896950865795,-0.0024572103906453386,True,True,,,-49.98872199961882
dirichlet_13,0.29988182668227864,0.13653559614210137,0.33130210717416203,0.19429198447004775,0.03798848553141006,Avg,rho=0.0,OK,0.0,5.637851296924622e-17,0.9999999999999997,8.673617379884034e-19,1.52655665885959e-16,0.7713108654233869,0.7555388998583936,0.3558612033591004,-0.2777506632637842,True,True,,,
dirichlet_13,0.29988182668227864,0.13653559614210137,0.33130210717416203,0.19429198447004775,0.03798848553141006,Avg,rho=0.1,OK,0.4146055694054326,1.2923689896027213e-16,0.5853944305945673,3.469446951953614e-18,0.0,0.3681832631200754,0.36417787418189496,0.34466260321851244,-0.1921487616677539,True,True,,,
dirichlet_13,0.29988182668227864,0.13653559614210137,0.33130210717416203,0.19429198447004775,0.03798848553141006,Avg,rho=0.2,OK,0.43673749541576495,2.1955093992831465e-17,0.5363232811389458,0.02693922344528927,0.0,0.3299321089373493,0.32599551135586396,0.34008941372602,-0.1656925769515436,True,True,,,
dirichlet_13,0.29988182668227864,0.13653559614210137,0.33130210717416203,0.19429198447004775,0.03798848553141006,Avg,rho=0.5,OK,0.37453896897442573,0.04623632366465604,0.4322532193941965,0.14697148796672174,0.0,0.16613587507200014,0.163435688582237,0.3156385759857062,-0.08204859251139678,True,True,,,
dirichlet_13,0.29988182668227864,0.13653559614210137,0.33130210717416203,0.19429198447004775,0.03798848553141006,Cert,,FLOOR_COLLAPSED,0.2998818266822787,0.1365355961421014,0.3313021071741621,0.1942919844700478,0.037988485531410064,1.0031442548020353e-16,1.0487915121325445e-16,0.2825614359174332,9.697722295820492e-18,False,True,9.697722295820492e-18,-0.0,
dirichlet_13,0.29988182668227864,0.13653559614210137,0.33130210717416203,0.19429198447004775,0.03798848553141006,MaxMin,c=0.0,INFEASIBLE_BALL_MISSES_SIMPLEX,,,,,,,,,,False,False,,,
dirichlet_13,0.29988182668227864,0.13653559614210137,0.33130210717416203,0.19429198447004775,0.03798848553141006,MaxMin,c=0.1,INFEASIBLE_BALL_MISSES_SIMPLEX,,,,,,,,,,False,False,,,
dirichlet_13,0.29988182668227864,0.13653559614210137,0.33130210717416203,0.19429198447004775,0.03798848553141006,MaxMin,c=0.25,INFEASIBLE_BALL_MISSES_SIMPLEX,,,,,,,,,,False,False,,,
dirichlet_13,0.29988182668227864,0.13653559614210137,0.33130210717416203,0.19429198447004775,0.03798848553141006,MaxMin,c=0.5,INFEASIBLE_BALL_MISSES_SIMPLEX,,,,,,,,,,False,False,,,
dirichlet_13,0.29988182668227864,0.13653559614210137,0.33130210717416203,0.19429198447004775,0.03798848553141006,MaxMin,c=0.75,OK,0.3286818744536947,0.10624902029001965,0.3849376958025116,0.16785410288078395,0.01227730657299017,0.07735322942417538,0.07675997984069813,0.29909785855425164,-0.026646417408877715,True,True,-0.026646417408877715,,
dirichlet_13,0.29988182668227864,0.13653559614210137,0.33130210717416203,0.19429198447004775,0.03798848553141006,MaxMin,c=0.9,OK,0.30335679571755986,0.12520959923975272,0.3588970002628006,0.18425070872543808,0.028285896054448777,0.03311795889452265,0.03279746366511254,0.2889921769868037,-0.010108152199005085,True,True,-0.010108152199005085,,
dirichlet_13,0.29988182668227864,0.13653559614210137,0.33130210717416203,0.19429198447004775,0.03798848553141006,MaxMin,c=0.95,OK,0.2953750047795925,0.13118546919291998,0.3506896659675825,0.18941848258178506,0.03333137747811984,0.021685304103888983,0.021354046281581645,0.2858071350643012,-0.004895731080215367,True,True,-0.004895731080215367,,
dirichlet_13,0.29988182668227864,0.13653559614210137,0.33130210717416203,0.19429198447004775,0.03798848553141006,MaxMin,c=1.0,OK,0.2998818266822787,0.1365355961421014,0.3313021071741621,0.1942919844700478,0.037988485531410064,1.0031442548020353e-16,1.0487915121325445e-16,0.2825614359174332,9.697722295820492e-18,False,True,9.697722295820492e-18,,
dirichlet_13,0.29988182668227864,0.13653559614210137,0.33130210717416203,0.19429198447004775,0.03798848553141006,Fair,"alpha=0.0,eps=0.01",OK,0.34321539060352957,0.12445776890944803,0.31978545227181676,0.1844236390473707,0.028117749167834934,0.048488356237958316,0.04735254731858166,0.2880786028586163,-0.009999999999999992,True,True,,,0.05174427244510352
dirichlet_13,0.29988182668227864,0.13653559614210137,0.33130210717416203,0.19429198447004775,0.03798848553141006,Fair,"alpha=0.0,eps=0.02",OK,0.3865489545247805,0.11237994167679465,0.30826879736947144,0.17455529362469363,0.0182470128042598,0.09697671247591666,0.09470509463716334,0.29359576979979946,-0.019999999999999993,True,True,,,0.10348854489020703
dirichlet_13,0.29988182668227864,0.13653559614210137,0.33130210717416203,0.19429198447004775,0.03798848553141006,Fair,"alpha=0.0,eps=0.05",OK,0.5041362435234666,0.07687955052338943,0.2743201581299128,0.144664047823231,0.0,0.22897971574719814,0.22341341387024954,0.3068997352152307,-0.050000000000000024,True,True,,,0.2577307768854459
dirichlet_13,0.29988182668227864,0.13653559614210137,0.33130210717416203,0.19429198447004775,0.03798848553141006,Fair,"alpha=0.0,eps=0.1",OK,0.666898515446941,0.01967388049372042,0.21934815623001133,0.0940794478293273,0.0,0.41518342341789527,0.40446392502789547,0.3203830568466105,-0.1,True,True,,,0.5121504946470158
dirichlet_13,0.29988182668227864,0.13653559614210137,0.33130210717416203,0.19429198447004775,0.03798848553141006,Fair,"alpha=0.5,eps=0.01",OK,0.300560222310882,0.13698680018582646,0.33137257999666647,0.194048397571943,0.03703199993468211,0.0012817844633049792,0.001298554487396216,0.28279076188771196,-0.0009594213389548789,True,True,,,1.0004473972112282
dirichlet_13,0.29988182668227864,0.13653559614210137,0.33130210717416203,0.19429198447004775,0.03798848553141006,Fair,"alpha=0.5,eps=0.02",OK,0.30123861771993016,0.13743800485411034,0.33144305263708385,0.1938048102401416,0.03607551454873413,0.0025635689453814533,0.0025971090071072516,0.283020087749459,-0.001918842483681155,True,True,,,1.414846277576982
dirichlet_13,0.29988182668227864,0.13653559614210137,0.33130210717416203,0.19429198447004775,0.03798848553141006,Fair,"alpha=0.5,eps=0.05",OK,0.30327380466894777,0.13879161751683394,0.33165447098316103,0.19307404924142213,0.03320605758963516,0.006408922733079806,0.006492772879028745,0.28370806565862927,-0.004797106679115555,True,True,,,2.2370683880770397
dirichlet_13,0.29988182668227864,0.13653559614210137,0.33130210717416203,0.19429198447004775,0.03798848553141006,Fair,"alpha=0.5,eps=0.1",OK,0.30666578345599366,0.14104763935977188,0.3320068341451834,0.19185611653589255,0.0284236265031586,0.012817847886147435,0.01298554811998339,0.28485469588674356,-0.009594216394897334,True,True,,,3.163692454374668
dirichlet_13,0.29988182668227864,0.13653559614210137,0.33130210717416203,0.19429198447004775,0.03798848553141006,Fair,"alpha=1.0,eps=0.01",OK,0.3002194112231283,0.13676273403556463,0.3313416205460322,0.19417397870332553,0.037502255491949354,0.0006461124234046283,0.0006545735070232122,0.28267775773704407,-0.00048755042481369253,True,True,,,-23.02360145026797
dirichlet_13,0.29988182668227864,0.13653559614210137,0.33130210717416203,0.19429198447004775,0.03798848553141006,Fair,"alpha=1.0,eps=0.02",OK,0.300556995536708,0.13698987140011232,0.33138113427572974,0.19405597313692355,0.03701602565052642,0.0012922243783901667,0.0013091465422814014,0.2827940795686858,-0.0009751006471597411,True,True,,,-19.557865547468246
dirichlet_13,0.29988182668227864,0.13653559614210137,0.33130210717416203,0.19429198447004775,0.03798848553141006,Fair,"alpha=1.0,eps=0.05",OK,0.30156974859278757,0.1376712848244155,0.33149967442301903,0.1937019562180828,0.03555733594169491,0.0032305608866917204,0.0032728662886516093,0.28314304490734854,-0.002437751501980534,True,True,,,-14.97641188809747
dirichlet_13,0.29988182668227864,0.13653559614210137,0.33130210717416203,0.19429198447004775,0.03798848553141006,Fair,"alpha=1.0,eps=0.1",OK,0.30325767061754133,0.13880697348538676,0.33169724161347386,0.1931119279219652,0.033126186361632864,0.006461121822799728,0.006545732625817892,0.28372465390161383,-0.004875502995345296,True,True,,,-11.510675985297745
dirichlet_13,0.29988182668227864,0.13653559614210137,0.33130210717416203,0.19429198447004775,0.03798848553141006,Fair,"alpha=2.0,eps=0.01",OK,0.30005019268289745,0.13664952724598403,0.3313229343526743,0.19423395886098035,0.037743386857463916,0.0003243478213875924,0.0003285952065488583,0.2826200076055833,-0.0002457210375497173,True,True,,,-499.8872199961882
dirichlet_13,0.29988182668227864,0.13653559614210137,0.33130210717416203,0.19429198447004775,0.03798848553141006,Fair,"alpha=2.0,eps=0.02",OK,0.30021855867189595,0.13676345835454365,0.33134376153711825,0.19417593325222773,0.03749828818421444,0.0006486956381841512,0.0006571904087225944,0.28267857929293533,-0.000491442074454026,True,True,,,-249.9436099980941
dirichlet_13,0.29988182668227864,0.13653559614210137,0.33130210717416203,0.19429198447004775,0.03798848553141006,Fair,"alpha=2.0,eps=0.05",OK,0.30072365653937233,0.13710525170011273,0.33140624315553446,0.19400185642110127,0.036762992183879295,0.001621739034281307,0.0016429759630232248,0.2828542943488126,-0.0012286051665663519,True,True,,,-99.97744399923764
dirichlet_13,0.29988182668227864,0.13653559614210137,0.33130210717416203,0.19429198447004775,0.03798848553141006,Fair,"alpha=2.0,eps=0.1",OK,0.3015654866414235,0.13767490720017894,0.33151037898209273,0.1937117283896322,0.03553749878667264,0.003243478199834565,0.003285952052107771,0.28314715279680724,-0.002457210380621641,True,True,,,-49.98872199961882
dirichlet_14,0.17452451335503213,0.2394818760679047,0.10634765284387879,0.1512153936372891,0.32843056409589505,Avg,rho=0.0,OK,1.9860273225978174e-16,0.0,1.7600201056413505e-16,1.572636512323161e-16,0.9999999999999994,0.7569622186778238,0.7575812108931138,0.33673748555295957,-0.25532595301959965,True,True,,,
dirichlet_14,0.17452451335503213,0.2394818760679047,0.10634765284387879,0.1512153936372891,0.32843056409589505,Avg,rho=0.1,OK,1.0395611766722953e-16,0.2666317153115291,3.2207200312278745e-17,0.0,0.7333682846884707,0.47890123786617916,0.47508540980359104,0.3160778204041572,-0.1775553510894511,True,True,,,
dirichlet_14,0.17452451335503213,0.2394818760679047,0.10634765284387879,0.1512153936372891,0.32843056409589505,Avg,rho=0.2,OK,0.09185532414240805,0.3153109039743998,4.654022528688753e-18,0.0,0.5928337718831921,0.3415687502462889,0.33645320233855786,0.2997546952939859,-0.1424069950317276,True,True,,,
dirichlet_14,0.17452451335503213,0.2394818760679047,0.10634765284387879,0.1512153936372891,0.32843056409589505,Avg,rho=0.5,OK,0.15579101507716128,0.2837779286627357,0.013976195229322403,0.09984446489723352,0.44661039613354714,0.16568347966865116,0.16366674412107676,0.2741910631527239,-0.09219424840063105,True,True,,,
dirichlet_14,0.17452451335503213,0.2394818760679047,0.10634765284387879,0.1512153936372891,0.32843056409589505,Cert,,FLOOR_COLLAPSED,0.17452451335503216,0.23948187606790475,0.10634765284387881,0.15121539363728914,0.3284305640958951,9.205483015737869e-17,9.570510296446561e-17,0.24740426220419678,3.181500660324501e-17,False,True,3.181500660324501e-17,-0.0,
dirichlet_14,0.17452451335503213,0.2394818760679047,0.10634765284387879,0.1512153936372891,0.32843056409589505,MaxMin,c=0.0,OK_EXACT_D0,0.15514011802759584,0.2792553252446415,0.015290797315246964,0.10462584620448444,0.4456879132080313,0.16176805874827666,0.15998800593681653,0.27357316703538265,-0.09103083324264448,True,True,-0.09103083324264448,,
dirichlet_14,0.17452451335503213,0.2394818760679047,0.10634765284387879,0.1512153936372891,0.32843056409589505,MaxMin,c=0.1,OK,0.15163784655666826,0.275718121497457,0.02981181020621334,0.10095452552742515,0.44187769621223627,0.1519572533866261,0.15017575310938885,0.27190240110806657,-0.07690666894883307,True,True,-0.07690666894883307,,
dirichlet_14,0.17452451335503213,0.2394818760679047,0.10634765284387879,0.1512153936372891,0.32843056409589505,MaxMin,c=0.25,OK,0.1463844387542071,0.27041231667681587,0.0515933295405447,0.09544754437078674,0.43616237065764557,0.13950909300858197,0.1376499369587804,0.26939625226009456,-0.05572042250814265,True,True,-0.05572042250814265,,
dirichlet_14,0.17452451335503213,0.2394818760679047,0.10634765284387879,0.1512153936372891,0.32843056409589505,MaxMin,c=0.5,OK,0.1458089294139406,0.24636428939333183,0.078419481366266,0.1191490642074133,0.41025823561904823,0.09682950194206934,0.09604440511139285,0.26186653685018985,-0.02959024459011127,True,True,-0.02959024459011127,,
dirichlet_14,0.17452451335503213,0.2394818760679047,0.10634765284387879,0.1512153936372891,0.32843056409589505,MaxMin,c=0.75,OK,0.16306231409043984,0.22813348598915878,0.09500544099600457,0.1372218730064604,0.3765768859179364,0.053876717268219514,0.05378632856182262,0.25450533339517006,-0.012633343623242203,True,True,-0.012633343623242203,,
dirichlet_14,0.17452451335503213,0.2394818760679047,0.10634765284387879,0.1512153936372891,0.32843056409589505,MaxMin,c=0.9,OK,0.1702397790958193,0.2352396853124607,0.10210777159962599,0.14598441519503425,0.34642834879705986,0.02013988859591409,0.020106100002817377,0.2500587443246622,-0.004722524794881804,True,True,-0.004722524794881804,,
dirichlet_14,0.17452451335503213,0.2394818760679047,0.10634765284387879,0.1512153936372891,0.32843056409589505,MaxMin,c=0.95,OK,0.17241478869652876,0.23739309905131561,0.10426001298829314,0.14863975567701282,0.3372923435868496,0.009916512208184732,0.009899875323906784,0.24871128057366995,-0.0023252846985162235,True,True,-0.0023252846985162235,,
dirichlet_14,0.17452451335503213,0.2394818760679047,0.10634765284387879,0.1512153936372891,0.32843056409589505,MaxMin,c=1.0,OK,0.17452451335503216,0.23948187606790475,0.10634765284387881,0.15121539363728914,0.3284305640958951,9.205483015737869e-17,9.570510296446561e-17,0.24740426220419678,3.181500660324501e-17,False,True,3.181500660324501e-17,,
dirichlet_14,0.17452451335503213,0.2394818760679047,0.10634765284387879,0.1512153936372891,0.32843056409589505,Fair,"alpha=0.0,eps=0.01",OK,0.21785807727628306,0.22740404883525137,0.09483099794153348,0.14134704821461205,0.31855982773232,0.04848835623795831,0.04735254731858165,0.24643490617158867,-0.009999999999999985,True,True,,,0.05174427244510352
dirichlet_14,0.17452451335503213,0.2394818760679047,0.10634765284387879,0.1512153936372891,0.32843056409589505,Fair,"alpha=0.0,eps=0.02",OK,0.26119164119753396,0.215326221602598,0.08331434303918815,0.131478702791935,0.30868909136874484,0.09697671247591663,0.09470509463716331,0.24546555013898058,-0.019999999999999987,True,True,,,0.10348854489020703
dirichlet_14,0.17452451335503213,0.2394818760679047,0.10634765284387879,0.1512153936372891,0.32843056409589505,Fair,"alpha=0.0,eps=0.05",OK,0.3911923329612867,0.1790927399046379,0.04876437833215219,0.10187366652390374,0.27907688227801947,0.24244178118979162,0.2367627365929083,0.24255748204115626,-0.049999999999999996,True,True,,,0.25872136222551756
dirichlet_14,0.17452451335503213,0.2394818760679047,0.10634765284387879,0.1512153936372891,0.32843056409589505,Fair,"alpha=0.0,eps=0.1",OK,0.5987960033945116,0.1189019485220798,0.0,0.05251705952989939,0.22978498855350926,0.47468721299645417,0.4636784840973152,0.2370992111846407,-0.09999999999999998,True,True,,,0.5172063763839585
dirichlet_14,0.17452451335503213,0.2394818760679047,0.10634765284387879,0.1512153936372891,0.32843056409589505,Fair,"alpha=0.5,eps=0.01",OK,0.17520290896052026,0.2399330804555111,0.10641812560285205,0.1509718066241555,0.3274740783569611,0.001281784696604548,0.0012985547271201275,0.2473018344690293,-0.0009594214846010558,True,True,,,1.0004473972112282
dirichlet_14,0.17452451335503213,0.2394818760679047,0.10634765284387879,0.1512153936372891,0.32843056409589505,Fair,"alpha=0.5,eps=0.02",OK,0.17588130472075314,0.24038428477855792,0.10648859846333754,0.15072821929888144,0.3265175927384699,0.002563569427406715,0.0025971094968264166,0.24719940674771634,-0.0019188428602792717,True,True,,,1.414846277576982
dirichlet_14,0.17452451335503213,0.2394818760679047,0.10634765284387879,0.1512153936372891,0.32843056409589505,Fair,"alpha=0.5,eps=0.05",OK,0.177916491281559,0.24173789770417745,0.10670001666723104,0.1499974584611853,0.3236481358858471,0.00640892298431156,0.0064927731342106654,0.2468921235776903,-0.0047971069446996915,True,True,,,2.2370683880770397
dirichlet_14,0.17452451335503213,0.2394818760679047,0.10634765284387879,0.1512153936372891,0.32843056409589505,Fair,"alpha=0.5,eps=0.1",OK,0.18130846906157674,0.24399391852502686,0.10705238059330875,0.14877952338941658,0.3188657084306712,0.012817845026566844,0.012985545312417395,0.24637998499589117,-0.009594213134589658,True,True,,,3.163692454374668
dirichlet_14,0.17452451335503213,0.2394818760679047,0.10634765284387879,0.1512153936372891,0.32843056409589505,Fair,"alpha=1.0,eps=0.01",OK,0.17486209750247686,0.23970901380762613,0.10638716632362691,0.15109738825105026,0.32794433411521984,0.0006461120566762,0.0006545731320545881,0.2473516381967032,-0.00048755035428250427,True,True,,,-23.02360145026797
dirichlet_14,0.17452451335503213,0.2394818760679047,0.10634765284387879,0.1512153936372891,0.32843056409589505,Fair,"alpha=1.0,eps=0.02",OK,0.17519968238247668,0.23993615142401414,0.10642667941396118,0.15097938258763097,0.3274581041919171,0.0012922244363783248,0.0013091465810297928,0.24729901422520398,-0.0009751006575617893,True,True,,,-19.557865547468246
dirichlet_14,0.17452451335503213,0.2394818760679047,0.10634765284387879,0.1512153936372891,0.32843056409589505,Fair,"alpha=1.0,eps=0.05",OK,0.17621243517709267,0.24061756469313392,0.10654522021935686,0.15062536537156643,0.32599941453885006,0.0032305608060812403,0.0032728662108213223,0.24714114224768458,-0.0024377514706675515,True,True,,,-14.97641188809747
dirichlet_14,0.17452451335503213,0.2394818760679047,0.10634765284387879,0.1512153936372891,0.32843056409589505,Fair,"alpha=1.0,eps=0.1",OK,0.17790035724258665,0.24175325341507556,0.10674278736203752,0.150035337064497,0.3235682649158032,0.0064611218163359505,0.006545732622122664,0.24687802230568506,-0.0048755030069401566,True,True,,,-11.510675985297745
dirichlet_14,0.17452451335503213,0.2394818760679047,0.10634765284387879,0.1512153936372891,0.32843056409589505,Fair,"alpha=2.0,eps=0.01",OK,0.17469287939374925,0.2395958071038198,0.10636847998665164,0.15115736804713725,0.328185465468642,0.0003243477763263612,0.0003285951589805876,0.24737759727716063,-0.0002457209901077706,True,True,,,-499.8872199961882
dirichlet_14,0.17452451335503213,0.2394818760679047,0.10634765284387879,0.1512153936372891,0.32843056409589505,Fair,"alpha=2.0,eps=0.02",OK,0.174861245351463,0.23970973828250297,0.10638930719725234,0.15109934242036058,0.32794036674842103,0.0006486956419138898,0.0006571904122100202,0.24735093234200203,-0.0004914420746433115,True,True,,,-249.9436099980941
dirichlet_14,0.17452451335503213,0.2394818760679047,0.10634765284387879,0.1512153936372891,0.32843056409589505,Fair,"alpha=2.0,eps=0.05",OK,0.17536634330045237,0.2400515316359637,0.10645178856810052,0.15092526571960072,0.3272050707758828,0.0016217390228711079,0.0016429759418201447,0.24727093756524837,-0.001228605133255098,True,True,,,-99.97744399923764
dirichlet_14,0.17452451335503213,0.2394818760679047,0.10634765284387879,0.1512153936372891,0.32843056409589505,Fair,"alpha=2.0,eps=0.1",OK,0.17620817333819802,0.24062118712750571,0.10655592463850284,0.15063513753863544,0.32597957735715793,0.0032434782107128852,0.003285952063063205,0.24713761289063596,-0.0024572103751735945,True,True,,,-49.98872199961882
dirichlet_15,0.5553245832636765,0.10721258024249722,0.0715542923806048,0.22826694407840128,0.037641600034820234,Avg,rho=0.0,OK,0.9999999999999999,0.0,1.8041124150158794e-16,0.0,1.3877787807814457e-17,0.5175649410286974,0.5078509626823432,0.5696501320372588,-0.22601014211997453,True,True,,,
dirichlet_15,0.5553245832636765,0.10721258024249722,0.0715542923806048,0.22826694407840128,0.037641600034820234,Avg,rho=0.1,OK,0.9999999999999998,1.3877787807814457e-16,0.0,8.326672684688674e-17,1.0408340855860843e-16,0.5175649410286974,0.5078509626823431,0.5696501320372588,-0.22601014211997444,True,True,,,
dirichlet_15,0.5553245832636765,0.10721258024249722,0.0715542923806048,0.22826694407840128,0.037641600034820234,Avg,rho=0.2,OK,0.9999999999999999,1.222980050563649e-16,1.0755285551056204e-16,5.898059818321144e-17,0.0,0.5175649410286974,0.5078509626823432,0.5696501320372588,-0.22601014211997447,True,True,,,
dirichlet_15,0.5553245832636765,0.10721258024249722,0.0715542923806048,0.22826694407840128,0.037641600034820234,Avg,rho=0.5,OK,0.833443863583494,6.891121245682086e-17,1.021860547567588e-17,0.16655613641650593,0.0,0.3149444427854237,0.30643796664437944,0.5149625465186938,-0.09364481512627983,True,True,,,
dirichlet_15,0.5553245832636765,0.10721258024249722,0.0715542923806048,0.22826694407840128,0.037641600034820234,Cert,,FLOOR_COLLAPSED,0.5553245832636764,0.10721258024249719,0.07155429238060479,0.22826694407840123,0.03764160003482023,1.2813490069415586e-16,1.3159562016308157e-16,0.39721286437190056,-1.1441812986111087e-16,False,True,0.0,-0.0,
dirichlet_15,0.5553245832636765,0.10721258024249722,0.0715542923806048,0.22826694407840128,0.037641600034820234,MaxMin,c=0.0,INFEASIBLE_BALL_MISSES_SIMPLEX,,,,,,,,,,False,False,,,
dirichlet_15,0.5553245832636765,0.10721258024249722,0.0715542923806048,0.22826694407840128,0.037641600034820234,MaxMin,c=0.1,INFEASIBLE_BALL_MISSES_SIMPLEX,,,,,,,,,,False,False,,,
dirichlet_15,0.5553245832636765,0.10721258024249722,0.0715542923806048,0.22826694407840128,0.037641600034820234,MaxMin,c=0.25,INFEASIBLE_BALL_MISSES_SIMPLEX,,,,,,,,,,False,False,,,
dirichlet_15,0.5553245832636765,0.10721258024249722,0.0715542923806048,0.22826694407840128,0.037641600034820234,MaxMin,c=0.5,OK,0.7763013851815126,0.04156836920572123,0.008814845420971702,0.17331540019179442,0.0,0.2480175595839517,0.2419112124895095,0.49124036445900426,-0.05525344831155765,True,True,-0.05525344831155765,,
dirichlet_15,0.5553245832636765,0.10721258024249722,0.0715542923806048,0.22826694407840128,0.037641600034820234,MaxMin,c=0.75,OK,0.6550006653843494,0.07943110117308544,0.04506362473351859,0.20556772620346564,0.014936882505580978,0.11153316138627122,0.10892056798576254,0.44030689878695745,-0.02300205039719622,True,True,-0.02300205039719622,,
dirichlet_15,0.5553245832636765,0.10721258024249722,0.0715542923806048,0.22826694407840128,0.037641600034820234,MaxMin,c=0.9,OK,0.5946004163336867,0.09626571404196597,0.06111605064513536,0.2193226650386569,0.028695153940555256,0.04394793349797157,0.042918481094796644,0.41419340841003766,-0.009063605555588663,True,True,-0.009063605555588663,,
dirichlet_15,0.5553245832636765,0.10721258024249722,0.0715542923806048,0.22826694407840128,0.037641600034820234,MaxMin,c=0.95,OK,0.5748875248129514,0.10176004399082829,0.06635509743076909,0.22381187859976384,0.0331854551656875,0.02189007303039783,0.021377311985834542,0.40567072164766677,-0.0045145009500780825,True,True,-0.0045145009500780825,,
dirichlet_15,0.5553245832636765,0.10721258024249722,0.0715542923806048,0.22826694407840128,0.037641600034820234,MaxMin,c=1.0,OK,0.5553245832636764,0.10721258024249719,0.07155429238060479,0.22826694407840123,0.03764160003482023,1.2813490069415586e-16,1.3159562016308157e-16,0.39721286437190056,-1.1441812986111087e-16,False,True,-1.1441812986111087e-16,,
dirichlet_15,0.5553245832636765,0.10721258024249722,0.0715542923806048,0.22826694407840128,0.037641600034820234,Fair,"alpha=0.0,eps=0.01",OK,0.5986581471849274,0.09513475300984385,0.06003763747825948,0.2183985986557242,0.027770863671245104,0.0484883562379583,0.047352547318581635,0.41594773090375997,-0.010000000000000014,True,True,,,0.05174427244510352
dirichlet_15,0.5553245832636765,0.10721258024249722,0.0715542923806048,0.22826694407840128,0.037641600034820234,Fair,"alpha=0.0,eps=0.02",OK,0.6419917111061783,0.08305692577719048,0.04852098257591416,0.20853025323304714,0.017900127307669975,0.09697671247591659,0.09470509463716327,0.4346825974356192,-0.02000000000000001,True,True,,,0.10348854489020703
dirichlet_15,0.5553245832636765,0.10721258024249722,0.0715542923806048,0.22826694407840128,0.037641600034820234,Fair,"alpha=0.0,eps=0.05",OK,0.7592001215290798,0.04757890981829873,0.014590696832251324,0.1786302718203702,0.0,0.22857591792465543,0.223013161074998,0.4843101124251833,-0.05000000000000001,True,True,,,0.25770054250330726
dirichlet_15,0.5553245832636765,0.10721258024249722,0.0715542923806048,0.22826694407840128,0.037641600034820234,Fair,"alpha=0.0,eps=0.1",OK,0.8720323721882446,0.0,0.0,0.12796762781175552,0.0,0.3583227882546263,0.3495387979473001,0.5276328233980695,-0.1,True,True,,,0.5109852447449446
dirichlet_15,0.5553245832636765,0.10721258024249722,0.0715542923806048,0.22826694407840128,0.037641600034820234,Fair,"alpha=0.5,eps=0.01",OK,0.5560029786424138,0.10766378501030223,0.07162476484344323,0.2280233568573109,0.0366851146465299,0.0012817844720123634,0.0012985545038273962,0.3975668838407229,-0.0009594211425735539,True,True,,,1.000447397211228
dirichlet_15,0.5553245832636765,0.10721258024249722,0.0715542923806048,0.22826694407840128,0.037641600034820234,Fair,"alpha=0.5,eps=0.02",OK,0.5566813744767402,0.10811498882484209,0.07169523778861861,0.22777977014461287,0.035728628765186135,0.002563569147416344,0.002597109199866113,0.39792090357563553,-0.0019188427580769936,True,True,,,1.4148462775769817
dirichlet_15,0.5553245832636765,0.10721258024249722,0.0715542923806048,0.22826694407840128,0.037641600034820234,Fair,"alpha=0.5,eps=0.05",OK,0.5587165635960556,0.10946860003270922,0.0719066554197573,0.22704900897695912,0.03285917197451882,0.006408923438746855,0.006492773536709725,0.39898296333041555,-0.004797106781984375,True,True,,,2.2370683880770397
dirichlet_15,0.5553245832636765,0.10721258024249722,0.0715542923806048,0.22826694407840128,0.037641600034820234,Fair,"alpha=0.5,eps=0.1",OK,0.5621085401395028,0.11172462351330506,0.07225901920075016,0.22583107636601368,0.02807674078042828,0.012817848077205695,0.012985548303392325,0.40075306120545656,-0.00959421661130991,True,True,,,3.163692454374668
dirichlet_15,0.5553245832636765,0.10721258024249722,0.0715542923806048,0.22826694407840128,0.037641600034820234,Fair,"alpha=1.0,eps=0.01",OK,0.5556621676851085,0.1074397180068543,0.07159380582182728,0.22814893839442107,0.037155370091788986,0.0006461122321854965,0.0006545733135978861,0.39739015403489114,-0.00048755032643068555,True,True,,,-23.02360145026797
dirichlet_15,0.5553245832636765,0.10721258024249722,0.0715542923806048,0.22826694407840128,0.037641600034820234,Fair,"alpha=1.0,eps=0.02",OK,0.5559997520402953,0.1076668557147709,0.07163331927478712,0.22803093277174516,0.0366691401984016,0.0012922243620793437,0.0013091465228453583,0.39756744367028174,-0.0009751006014732373,True,True,,,-19.557865547468246
dirichlet_15,0.5553245832636765,0.10721258024249722,0.0715542923806048,0.22826694407840128,0.037641600034820234,Fair,"alpha=1.0,eps=0.05",OK,0.557012505064714,0.10834826842707534,0.07175186021703864,0.2276769156903317,0.03521045060084044,0.0032305605981113343,0.003272866011166059,0.39809931250724695,-0.002437751354133751,True,True,,,-14.97641188809747
dirichlet_15,0.5553245832636765,0.10721258024249722,0.0715542923806048,0.22826694407840128,0.037641600034820234,Fair,"alpha=1.0,eps=0.1",OK,0.5587004271458087,0.10948395756932214,0.07194942688550049,0.2270868875339959,0.032779300865372805,0.006461121792344265,0.006545732596795175,0.3989857608597203,-0.004875502995289685,True,True,,,-11.510675985297745
dirichlet_15,0.5553245832636765,0.10721258024249722,0.0715542923806048,0.22826694407840128,0.037641600034820234,Fair,"alpha=2.0,eps=0.01",OK,0.5554929492610869,0.10732651135035672,0.07157511955957513,0.22820891846842495,0.037396501360556327,0.00032434782155121096,0.0003285952068045475,0.39730157099344504,-0.00024572103791141675,True,True,,,-499.88721999618826
dirichlet_15,0.5553245832636765,0.10721258024249722,0.0715542923806048,0.22826694407840128,0.037641600034820234,Fair,"alpha=2.0,eps=0.02",OK,0.5556613151958893,0.10744044254300629,0.07159594668921546,0.2281508928377146,0.03715140273417436,0.000648695604745658,0.0006571903755287048,0.3973902775841589,-0.0004914420289191642,True,True,,,-249.9436099980941
dirichlet_15,0.5553245832636765,0.10721258024249722,0.0715542923806048,0.22826694407840128,0.037641600034820234,Fair,"alpha=2.0,eps=0.05",OK,0.5561664132524373,0.10778223580986408,0.07165842813393257,0.22797681607806855,0.03641610672569734,0.0016217390535509368,0.0016429759751520091,0.39765639748460757,-0.0012286051253329149,True,True,,,-99.97744399923765
dirichlet_15,0.5553245832636765,0.10721258024249722,0.0715542923806048,0.22826694407840128,0.037641600034820234,Fair,"alpha=2.0,eps=0.1",OK,0.5570082433561846,0.10835189124329056,0.07176256402698802,0.2276866880201047,0.03519061335343219,0.0032434781867390025,0.0032859520332080123,0.3980999306407134,-0.002457210315719172,True,True,,,-49.98872199961882
dirichlet_16,0.003266691436240095,0.7482358288497472,0.006528503219455429,0.10144699691613053,0.14052197957842674,Avg,rho=0.0,OK,0.0,1.0,0.0,5.551115123125783e-17,0.0,0.30573912152379357,0.30536752264771294,0.7510294659965623,-0.14360757080165032,True,True,,,
dirichlet_16,0.003266691436240095,0.7482358288497472,0.006528503219455429,0.10144699691613053,0.14052197957842674,Avg,rho=0.1,OK,0.0,1.0,0.0,5.551115123125783e-17,0.0,0.30573912152379357,0.30536752264771294,0.7510294659965623,-0.14360757080165032,True,True,,,
dirichlet_16,0.003266691436240095,0.7482358288497472,0.006528503219455429,0.10144699691613053,0.14052197957842674,Avg,rho=0.2,OK,0.0,1.0,0.0,5.551115123125783e-17,0.0,0.30573912152379357,0.30536752264771294,0.7510294659965623,-0.14360757080165032,True,True,,,
dirichlet_16,0.003266691436240095,0.7482358288497472,0.006528503219455429,0.10144699691613053,0.14052197957842674,Avg,rho=0.5,OK,0.0,1.0,0.0,5.551115123125783e-17,0.0,0.30573912152379357,0.30536752264771294,0.7510294659965623,-0.14360757080165032,True,True,,,
dirichlet_16,0.003266691436240095,0.7482358288497472,0.006528503219455429,0.10144699691613053,0.14052197957842674,Cert,,FLOOR_COLLAPSED,0.003266691436240095,0.7482358288497472,0.006528503219455429,0.10144699691613053,0.14052197957842674,0.0,0.0,0.5953082558811261,0.0,False,True,0.0,-0.0,
dirichlet_16,0.003266691436240095,0.7482358288497472,0.006528503219455429,0.10144699691613053,0.14052197957842674,MaxMin,c=0.0,INFEASIBLE_BALL_MISSES_SIMPLEX,,,,,,,,,,False,False,,,
dirichlet_16,0.003266691436240095,0.7482358288497472,0.006528503219455429,0.10144699691613053,0.14052197957842674,MaxMin,c=0.1,INFEASIBLE_BALL_MISSES_SIMPLEX,,,,,,,,,,False,False,,,
dirichlet_16,0.003266691436240095,0.7482358288497472,0.006528503219455429,0.10144699691613053,0.14052197957842674,MaxMin,c=0.25,INFEASIBLE_BALL_MISSES_SIMPLEX,,,,,,,,,,False,False,,,
dirichlet_16,0.003266691436240095,0.7482358288497472,0.006528503219455429,0.10144699691613053,0.14052197957842674,MaxMin,c=0.5,INFEASIBLE_BALL_MISSES_SIMPLEX,,,,,,,,,,False,False,,,
dirichlet_16,0.003266691436240095,0.7482358288497472,0.006528503219455429,0.10144699691613053,0.14052197957842674,MaxMin,c=0.75,OK,0.0,0.8982984892119142,0.0,0.030343677356407785,0.07135783343167805,0.1800318189288161,0.17954075902105654,0.6888204771618758,-0.07143864371889366,True,True,-0.07143864371889366,,
dirichlet_16,0.003266691436240095,0.7482358288497472,0.006528503219455429,0.10144699691613053,0.14052197957842674,MaxMin,c=0.9,OK,1.435483676370808e-16,0.8046060711547741,0.0,0.07783817377254856,0.11755575507267725,0.06569414618538637,0.06525409412367142,0.630974266106862,-0.023713951702607632,True,True,-0.023713951702607632,,
dirichlet_16,0.003266691436240095,0.7482358288497472,0.006528503219455429,0.10144699691613053,0.14052197957842674,MaxMin,c=0.95,OK,0.0,0.775547186297574,0.0,0.09256868378954484,0.13188412991288118,0.030864862929993415,0.030446291961364072,0.6130331517527872,-0.008912046074546513,True,True,-0.008912046074546513,,
dirichlet_16,0.003266691436240095,0.7482358288497472,0.006528503219455429,0.10144699691613053,0.14052197957842674,MaxMin,c=1.0,OK,0.003266691436240095,0.7482358288497472,0.006528503219455429,0.10144699691613053,0.14052197957842674,0.0,0.0,0.5953082558811261,0.0,False,True,0.0,,
dirichlet_16,0.003266691436240095,0.7482358288497472,0.006528503219455429,0.10144699691613053,0.14052197957842674,Fair,"alpha=0.0,eps=0.01",OK,0.04147338346436991,0.7362701895634692,0.0,0.09157023512251093,0.13068619184964986,0.0428933833746136,0.0419550975052185,0.5854922831971479,-0.010000000000000005,True,True,,,0.051610589047030773
dirichlet_16,0.003266691436240095,0.7482358288497472,0.006528503219455429,0.10144699691613053,0.14052197957842674,Fair,"alpha=0.0,eps=0.02",OK,0.07297001497553786,0.7244513820929936,0.0,0.08168245796522812,0.12089614496624032,0.07901066357398814,0.07739088560587988,0.5756959356655293,-0.020000000000000007,True,True,,,0.10304621298670541
dirichlet_16,0.003266691436240095,0.7482358288497472,0.006528503219455429,0.10144699691613053,0.14052197957842674,Fair,"alpha=0.0,eps=0.05",OK,0.16745990950904166,0.6889949596815669,0.0,0.05201912649337966,0.09152600431601174,0.1880298773111175,0.18436081871093934,0.546306893070674,-0.05000000000000002,True,True,,,0.25735308480572927
dirichlet_16,0.003266691436240095,0.7482358288497472,0.006528503219455429,0.10144699691613053,0.14052197957842674,Fair,"alpha=0.0,eps=0.1",OK,0.32494306706488135,0.629900922329189,0.0,0.002580240706965595,0.04257576989896406,0.3699858883349338,0.36289879208726394,0.4973251554125817,-0.10000000000000002,True,True,,,0.5145312045041024
dirichlet_16,0.003266691436240095,0.7482358288497472,0.006528503219455429,0.10144699691613053,0.14052197957842674,Fair,"alpha=0.5,eps=0.01",OK,0.003945087024206894,0.7486870331324497,0.006598975994131946,0.10120340986366244,0.13956549398554902,0.001281784549752906,0.0012985545795777993,0.5955165235307056,-0.0009594213406465309,True,True,,,1.0004473972112282
dirichlet_16,0.003266691436240095,0.7482358288497472,0.006528503219455429,0.10144699691613053,0.14052197957842674,Fair,"alpha=0.5,eps=0.02",OK,0.004623482695640334,0.7491382375037409,0.0066694486463322435,0.10095982276726963,0.13860900838701698,0.0025635691806984947,0.0025971092393068215,0.595724791240206,-0.0019188426878020816,True,True,,,1.414846277576982
dirichlet_16,0.003266691436240095,0.7482358288497472,0.006528503219455429,0.10144699691613053,0.14052197957842674,Fair,"alpha=0.5,eps=0.05",OK,0.006658669189006781,0.7504918501413801,0.0068808671930945375,0.10022906119131479,0.1357395522852037,0.006408922199420981,0.006492772357878357,0.5963495940749279,-0.004797106052316477,True,True,,,2.2370683880770397
dirichlet_16,0.003266691436240095,0.7482358288497472,0.006528503219455429,0.10144699691613053,0.14052197957842674,Fair,"alpha=0.5,eps=0.1",OK,0.010050648995466883,0.7527478734896842,0.0072332328828504,0.09901112496386118,0.13095711966813733,0.01281785037235018,0.012985550793361878,0.5973909331497503,-0.009594217424520483,True,True,,,3.163692454374668
dirichlet_16,0.003266691436240095,0.7482358288497472,0.006528503219455429,0.10144699691613053,0.14052197957842674,Fair,"alpha=1.0,eps=0.01",OK,0.003604275802181291,0.7484629666012858,0.006568016658681023,0.10132899130900827,0.14003574962884366,0.000646112189457237,0.000654573268886953,0.5954129077911985,-0.0004875503303745458,True,True,,,-23.02360145026797
dirichlet_16,0.003266691436240095,0.7482358288497472,0.006528503219455429,0.10144699691613053,0.14052197957842674,Fair,"alpha=1.0,eps=0.02",OK,0.003941860212975702,0.7486901043306351,0.006607530083265827,0.10121098559395252,0.13954951977917082,0.0012922243381794881,0.001309146498509889,0.5955175596882195,-0.0009751005649105098,True,True,,,-19.557865547468246
dirichlet_16,0.003266691436240095,0.7482358288497472,0.006528503219455429,0.10144699691613053,0.14052197957842674,Fair,"alpha=1.0,eps=0.05",OK,0.004954613326948178,0.7493715174162646,0.0067260706604376054,0.100856968531725,0.13809083006462458,0.003230560814448627,0.0032728662226732597,0.5958315152939508,-0.002437751431853459,True,True,,,-14.976411888097472
dirichlet_16,0.003266691436240095,0.7482358288497472,0.006528503219455429,0.10144699691613053,0.14052197957842674,Fair,"alpha=1.0,eps=0.1",OK,0.006642537743638238,0.7505072039852829,0.006923636775852945,0.10026694195902956,0.13565967953619645,0.0064611225980743,0.006545733310717722,0.596354773357218,-0.004875503796055054,True,True,,,-11.510675985297745
dirichlet_16,0.003266691436240095,0.7482358288497472,0.006528503219455429,0.10144699691613053,0.14052197957842674,Fair,"alpha=2.0,eps=0.01",OK,0.0034350574280170997,0.7483497599632447,0.006549330377301885,0.10138897130463617,0.14027688092680013,0.00032434780241630517,0.0003285951871641876,0.5953606994566188,-0.0002457210153645845,True,True,,,-499.8872199961882
dirichlet_16,0.003266691436240095,0.7482358288497472,0.006528503219455429,0.10144699691613053,0.14052197957842674,Fair,"alpha=2.0,eps=0.02",OK,0.003603423446227219,0.7484636910755743,0.006570157604193912,0.10133094563133734,0.14003178224266724,0.0006486956581978032,0.0006571904310333794,0.595413143023294,-0.0004914420654767592,True,True,,,-249.94360999809413
dirichlet_16,0.003266691436240095,0.7482358288497472,0.006528503219455429,0.10144699691613053,0.14052197957842674,Fair,"alpha=2.0,eps=0.05",OK,0.004108521429089112,0.7488054843735323,0.0066326391082996,0.1011568688752874,0.1392964862137915,0.0016217390982624096,0.0016429760239151682,0.5955704737179973,-0.0012286051825336705,True,True,,,-99.97744399923764
dirichlet_16,0.003266691436240095,0.7482358288497472,0.006528503219455429,0.10144699691613053,0.14052197957842674,Fair,"alpha=2.0,eps=0.1",OK,0.004950351404667844,0.7493751398700237,0.006736775010912702,0.10086674086494773,0.13807099284944796,0.0032434781731793525,0.0032859520237418314,0.5958326915377045,-0.0024572103637855664,True,True,,,-49.98872199961882
dirichlet_17,0.1746015249700055,0.43130918208822927,0.3853925893886305,0.008177715613737731,0.0005189879393968516,Avg,rho=0.0,OK,0.0,0.9999999999999998,0.0,1.6554544908854232e-16,0.0,0.7088649598025167,0.6909623122178583,0.4595220450807881,-0.36961621942713246,True,True,,,
dirichlet_17,0.1746015249700055,0.43130918208822927,0.3853925893886305,0.008177715613737731,0.0005189879393968516,Avg,rho=0.1,OK,0.0,0.6450361258213236,0.35496387417867614,1.3977519098546822e-16,0.0,0.2777731990128091,0.2689261630551079,0.4431106287334911,-0.16252752495779757,True,True,,,
dirichlet_17,0.1746015249700055,0.43130918208822927,0.3853925893886305,0.008177715613737731,0.0005189879393968516,Avg,rho=0.2,OK,0.0,0.5846044067291055,0.4153955932708944,0.0,5.572213807085349e-17,0.23441937429028284,0.22664125670442797,0.4403166258088272,-0.1633294958098247,True,True,,,
dirichlet_17,0.1746015249700055,0.43130918208822927,0.3853925893886305,0.008177715613737731,0.0005189879393968516,Avg,rho=0.5,OK,0.0249058524099017,0.5357196433642506,0.4393745042258476,0.0,0.0,0.1905033603843416,0.18422822993846455,0.4332969743295459,-0.14034507441548877,True,True,,,
dirichlet_17,0.1746015249700055,0.43130918208822927,0.3853925893886305,0.008177715613737731,0.0005189879393968516,Cert,,FLOOR_COLLAPSED,0.17460152497000553,0.4313091820882293,0.3853925893886306,0.008177715613737733,0.0005189879393968517,8.328486549353166e-17,8.700267632868454e-17,0.3964730070670259,6.273858555884182e-19,False,True,6.273858555884182e-19,-0.0,
dirichlet_17,0.1746015249700055,0.43130918208822927,0.3853925893886305,0.008177715613737731,0.0005189879393968516,MaxMin,c=0.0,INFEASIBLE_BALL_MISSES_SIMPLEX,,,,,,,,,,False,False,,,
dirichlet_17,0.1746015249700055,0.43130918208822927,0.3853925893886305,0.008177715613737731,0.0005189879393968516,MaxMin,c=0.1,INFEASIBLE_BALL_MISSES_SIMPLEX,,,,,,,,,,False,False,,,
dirichlet_17,0.1746015249700055,0.43130918208822927,0.3853925893886305,0.008177715613737731,0.0005189879393968516,MaxMin,c=0.25,INFEASIBLE_BALL_MISSES_SIMPLEX,,,,,,,,,,False,False,,,
dirichlet_17,0.1746015249700055,0.43130918208822927,0.3853925893886305,0.008177715613737731,0.0005189879393968516,MaxMin,c=0.5,INFEASIBLE_BALL_MISSES_SIMPLEX,,,,,,,,,,False,False,,,
dirichlet_17,0.1746015249700055,0.43130918208822927,0.3853925893886305,0.008177715613737731,0.0005189879393968516,MaxMin,c=0.75,INFEASIBLE_BALL_MISSES_SIMPLEX,,,,,,,,,,False,False,,,
dirichlet_17,0.1746015249700055,0.43130918208822927,0.3853925893886305,0.008177715613737731,0.0005189879393968516,MaxMin,c=0.9,OK,0.05548338647625005,0.5189084628970647,0.4256081506266852,0.0,4.3368086899419927e-19,0.15345097152926354,0.1483810332273865,0.4266763554128756,-0.11155315723771358,True,True,-0.11155315723771358,,
dirichlet_17,0.1746015249700055,0.43130918208822927,0.3853925893886305,0.008177715613737731,0.0005189879393968516,MaxMin,c=0.95,OK,0.1471039990234956,0.47341129080022404,0.3794847101762804,3.2959746043559335e-17,3.2526065174565133e-19,0.05129082675395024,0.04973534125843051,0.40706412822636395,-0.025218163605990187,True,True,-0.025218163605990187,,
dirichlet_17,0.1746015249700055,0.43130918208822927,0.3853925893886305,0.008177715613737731,0.0005189879393968516,MaxMin,c=1.0,OK,0.17460152497000553,0.4313091820882293,0.3853925893886306,0.008177715613737733,0.0005189879393968517,8.328486549353166e-17,8.700267632868454e-17,0.3964730070670259,6.273858555884182e-19,False,True,6.273858555884182e-19,,
dirichlet_17,0.1746015249700055,0.43130918208822927,0.3853925893886305,0.008177715613737731,0.0005189879393968516,Fair,"alpha=0.0,eps=0.01",OK,0.2056255458390661,0.41993321118739946,0.3744412429735345,0.0,0.0,0.03576281524522754,0.0347605414361523,0.39340814637161775,-0.009999999999999941,True,True,,,0.05083217189921025
dirichlet_17,0.1746015249700055,0.43130918208822927,0.3853925893886305,0.008177715613737731,0.0005189879393968516,Fair,"alpha=0.0,eps=0.02",OK,0.22717261448631723,0.4090101756003303,0.3638172099133525,0.0,0.0,0.06159226025989044,0.059731573195345646,0.38878548312287287,-0.01999999999999996,True,True,,,0.10120659447303244
dirichlet_17,0.1746015249700055,0.43130918208822927,0.3853925893886305,0.008177715613737731,0.0005189879393968516,Fair,"alpha=0.0,eps=0.05",OK,0.29181382042807064,0.376241068839123,0.3319451107328064,0.0,0.0,0.1403388636806296,0.13594610518935227,0.3749174933766381,-0.04999999999999994,True,True,,,0.252329862194499
dirichlet_17,0.1746015249700055,0.43130918208822927,0.3853925893886305,0.008177715613737731,0.0005189879393968516,Fair,"alpha=0.0,eps=0.1",OK,0.3995491636643264,0.3216258909037773,0.27882494543189634,0.0,0.0,0.2721317174436558,0.26353956241977644,0.3518041771329135,-0.09999999999999996,True,True,,,0.5042019750636099
dirichlet_17,0.1746015249700055,0.43130918208822927,0.3853925893886305,0.008177715613737731,0.0005189879393968516,Fair,"alpha=0.5,eps=0.01",OK,0.17517356326893307,0.43166015192164536,0.38536916190954223,0.007797122899879279,0.0,0.0009301375066440641,0.0009423070500667095,0.396740200875196,-0.0005286106776734127,True,True,,,1.0003818412938699
dirichlet_17,0.1746015249700055,0.43130918208822927,0.3853925893886305,0.008177715613737731,0.0005189879393968516,Fair,"alpha=0.5,eps=0.02",OK,0.1756191974851075,0.4318917817609422,0.3852337527438547,0.0072552680100956765,0.0,0.001587629323572473,0.0015994188599815268,0.39687628247448353,-0.0009202155899026434,True,True,,,1.4146133559879224
dirichlet_17,0.1746015249700055,0.43130918208822927,0.3853925893886305,0.008177715613737731,0.0005189879393968516,Fair,"alpha=0.5,eps=0.05",OK,0.17695590642037412,0.43258630681725413,0.38482703302623555,0.00563075373613632,0.0,0.0037749671354286502,0.003778061184779613,0.3972841393181405,-0.0025191365102575766,True,True,,,2.2365204811479678
dirichlet_17,0.1746015249700055,0.43130918208822927,0.3853925893886305,0.008177715613737731,0.0005189879393968516,Fair,"alpha=0.5,eps=0.1",OK,0.17918369132900358,0.43374373293109886,0.3841490084342912,0.002923567305606414,0.0,0.007506344174305152,0.007493321179467601,0.3979637763991128,-0.005183672962728601,True,True,,,3.162822122757613
dirichlet_17,0.1746015249700055,0.43130918208822927,0.3853925893886305,0.008177715613737731,0.0005189879393968516,Fair,"alpha=1.0,eps=0.01",OK,0.17493910935551854,0.43153631981968466,0.3854321027955989,0.008059710009409665,3.275801978834461e-05,0.00064611216758276,0.0006545732457023538,0.39666384681133265,-0.00048755030024027975,True,True,,,-23.023601450267968
dirichlet_17,0.1746015249700055,0.43130918208822927,0.3853925893886305,0.008177715613737731,0.0005189879393968516,Fair,"alpha=1.0,eps=0.02",OK,0.17516902507130097,0.43166071921709237,0.38537327017779344,0.007796985533813181,0.0,0.0009275299590017526,0.0009398584839301462,0.3967411477260403,-0.0005286451144706035,True,True,,,-19.558206216585006
dirichlet_17,0.1746015249700055,0.43130918208822927,0.3853925893886305,0.008177715613737731,0.0005189879393968516,Fair,"alpha=1.0,eps=0.05",OK,0.17583518971788323,0.43201119631384205,0.385174832655915,0.0069787813123596285,0.0,0.001941381626064863,0.001952352058236317,0.39694795393507837,-0.0011923291728021287,True,True,,,-14.977373570994196
dirichlet_17,0.1746015249700055,0.43130918208822927,0.3853925893886305,0.008177715613737731,0.0005189879393968516,Fair,"alpha=1.0,eps=0.1",OK,0.17694537809885674,0.43259516639734574,0.384843885318654,0.005615570185143498,0.0,0.003779208510764398,0.0037829376729825973,0.3972924603367919,-0.002534046446395722,True,True,,,-11.511913227436601
dirichlet_17,0.1746015249700055,0.43130918208822927,0.3853925893886305,0.008177715613737731,0.0005189879393968516,Fair,"alpha=2.0,eps=0.01",OK,0.17476989096667234,0.4314231131942235,0.38541341656996136,0.008119690008207845,0.00027388926093500947,0.00032434782303836034,0.00032859520823541334,0.39656895733325337,-0.00024572104194354083,True,True,,,-499.8872199961882
dirichlet_17,0.1746015249700055,0.43130918208822927,0.3853925893886305,0.008177715613737731,0.0005189879393968516,Fair,"alpha=2.0,eps=0.02",OK,0.1749382569577629,0.431537044307492,0.38543424374752455,0.008061664399038998,2.8790588181458942e-05,0.0006486956418328319,0.0006571904123017148,0.39666490759996037,-0.0004914420783381943,True,True,,,-249.9436099980941
dirichlet_17,0.1746015249700055,0.43130918208822927,0.3853925893886305,0.008177715613737731,0.0005189879393968516,Fair,"alpha=2.0,eps=0.05",OK,0.17527757743984765,0.43171964911858757,0.3853426769748341,0.007660096466730736,3.252606517456295e-19,0.0010794903596741624,0.0010923706265980888,0.3967763150205024,-0.0005330944066798451,True,True,,,-99.98264163072014
dirichlet_17,0.1746015249700055,0.43130918208822927,0.3853925893886305,0.008177715613737731,0.0005189879393968516,Fair,"alpha=2.0,eps=0.1",OK,0.175831729904872,0.43201295379181603,0.38517929224290565,0.006976024060406387,1.3118846287074414e-17,0.00194103207997729,0.001952183636079533,0.3969497676680906,-0.0011950344293864075,True,True,,,-49.99356210805815
dirichlet_18,0.43643368638229163,0.08604259514475139,0.06551338575188821,0.016330835010806878,0.39567949771026184,Avg,rho=0.0,OK,1.0,0.0,2.7755575615628914e-17,2.949029909160572e-17,0.0,0.6972311545082935,0.6884399404841653,0.4484710097486977,-0.3925702054526042,True,True,,,
dirichlet_18,0.43643368638229163,0.08604259514475139,0.06551338575188821,0.016330835010806878,0.39567949771026184,Avg,rho=0.1,OK,0.6467826705316628,0.0,4.510281037539699e-17,4.1633363423443376e-17,0.3532173294683372,0.24085630348518475,0.23388161341486774,0.43131566056858556,-0.07581120790337323,True,True,,,
dirichlet_18,0.43643368638229163,0.08604259514475139,0.06551338575188821,0.016330835010806878,0.39567949771026184,Avg,rho=0.2,OK,0.5856232244768036,0.0,1.1275702593849246e-16,2.3418766925686896e-17,0.4143767755231964,0.18592776699174704,0.18006191372366387,0.4283452183926237,-0.07950788978992662,True,True,,,
dirichlet_18,0.43643368638229163,0.08604259514475139,0.06551338575188821,0.016330835010806878,0.39567949771026184,Avg,rho=0.5,OK,0.5489275568438877,0.0,0.0,1.1387510942886811e-16,0.45107244315611217,0.16638893400904645,0.1618158342199809,0.42656295308704656,-0.08172589892185868,True,True,,,
dirichlet_18,0.43643368638229163,0.08604259514475139,0.06551338575188821,0.016330835010806878,0.39567949771026184,Cert,,FLOOR_COLLAPSED,0.43643368638229163,0.08604259514475139,0.06551338575188821,0.016330835010806878,0.39567949771026184,0.0,0.0,0.37089157115123644,0.0,False,True,0.0,-0.0,
dirichlet_18,0.43643368638229163,0.08604259514475139,0.06551338575188821,0.016330835010806878,0.39567949771026184,MaxMin,c=0.0,INFEASIBLE_BALL_MISSES_SIMPLEX,,,,,,,,,,False,False,,,
dirichlet_18,0.43643368638229163,0.08604259514475139,0.06551338575188821,0.016330835010806878,0.39567949771026184,MaxMin,c=0.1,INFEASIBLE_BALL_MISSES_SIMPLEX,,,,,,,,,,False,False,,,
dirichlet_18,0.43643368638229163,0.08604259514475139,0.06551338575188821,0.016330835010806878,0.39567949771026184,MaxMin,c=0.25,INFEASIBLE_BALL_MISSES_SIMPLEX,,,,,,,,,,False,False,,,
dirichlet_18,0.43643368638229163,0.08604259514475139,0.06551338575188821,0.016330835010806878,0.39567949771026184,MaxMin,c=0.5,INFEASIBLE_BALL_MISSES_SIMPLEX,,,,,,,,,,False,False,,,
dirichlet_18,0.43643368638229163,0.08604259514475139,0.06551338575188821,0.016330835010806878,0.39567949771026184,MaxMin,c=0.75,OK,0.5262244296905789,0.037981742138093404,0.018766804873704676,0.0,0.41702702329762303,0.1152383574172945,0.11176090745360305,0.4090073265020378,-0.044519717564782124,True,True,-0.044519717564782124,,
dirichlet_18,0.43643368638229163,0.08604259514475139,0.06551338575188821,0.016330835010806878,0.39567949771026184,MaxMin,c=0.9,OK,0.4891697360089717,0.0711081839309489,0.05126441808553482,0.004051884856876262,0.3844057771176684,0.05903414301037979,0.05763331743196154,0.3864395154103816,-0.012417668675965061,True,True,-0.012417668675965061,,
dirichlet_18,0.43643368638229163,0.08604259514475139,0.06551338575188821,0.016330835010806878,0.39567949771026184,MaxMin,c=0.95,OK,0.46225519688026834,0.07884568553336009,0.05865086629692473,0.0104505066493459,0.38979774464010103,0.028893137012764095,0.028216333646471005,0.3783894683964358,-0.005958778406710948,True,True,-0.005958778406710948,,
dirichlet_18,0.43643368638229163,0.08604259514475139,0.06551338575188821,0.016330835010806878,0.39567949771026184,MaxMin,c=1.0,OK,0.43643368638229163,0.08604259514475139,0.06551338575188821,0.016330835010806878,0.39567949771026184,0.0,0.0,0.37089157115123644,0.0,False,True,0.0,,
dirichlet_18,0.43643368638229163,0.08604259514475139,0.06551338575188821,0.016330835010806878,0.39567949771026184,Fair,"alpha=0.0,eps=0.01",OK,0.4797672503035425,0.07396476791209802,0.05399673084954289,0.006462489588129802,0.38580876134668673,0.04848835623795829,0.04735254731858163,0.3834745147236226,-0.010000000000000005,True,True,,,0.05174427244510352
dirichlet_18,0.43643368638229163,0.08604259514475139,0.06551338575188821,0.016330835010806878,0.39567949771026184,Fair,"alpha=0.0,eps=0.02",OK,0.5195193874496473,0.062054099181458724,0.04259882058680644,0.0,0.3758276927820875,0.09308356078382563,0.09083930408311754,0.39457886516796675,-0.02000000000000002,True,True,,,0.10332677135731876
dirichlet_18,0.43643368638229163,0.08604259514475139,0.06551338575188821,0.016330835010806878,0.39567949771026184,Fair,"alpha=0.0,eps=0.05",OK,0.6183889113894414,0.02727362481999209,0.00908103091389724,0.0,0.34525643287666924,0.20628933101922342,0.20087110084541746,0.41947518382711974,-0.050000000000000024,True,True,,,0.2571533896222564
dirichlet_18,0.43643368638229163,0.08604259514475139,0.06551338575188821,0.016330835010806878,0.39567949771026184,Fair,"alpha=0.0,eps=0.1",OK,0.7052688304781037,0.0,0.0,0.0,0.29473116952189626,0.3072863936608836,0.2998295334110169,0.4341562643905875,-0.09999999999999998,True,True,,,0.5120006271124073
dirichlet_18,0.43643368638229163,0.08604259514475139,0.06551338575188821,0.016330835010806878,0.39567949771026184,Fair,"alpha=0.5,eps=0.01",OK,0.43711208203010954,0.08649379946670037,0.06558385848636637,0.016087247934216748,0.3947230120826069,0.0012817846235700938,0.0012985546535106036,0.37086333858790965,-0.0009594213758135409,True,True,,,1.0004473972112282
dirichlet_18,0.43643368638229163,0.08604259514475139,0.06551338575188821,0.016330835010806878,0.39567949771026184,Fair,"alpha=0.5,eps=0.02",OK,0.43779047758052325,0.08694500363067133,0.0656543312552033,0.01584366099890971,0.39376652653469263,0.0025635690555143014,0.002597109110595358,0.37083510600302294,-0.001918842667567206,True,True,,,1.414846277576982
dirichlet_18,0.43643368638229163,0.08604259514475139,0.06551338575188821,0.016330835010806878,0.39567949771026184,Fair,"alpha=0.5,eps=0.05",OK,0.43982566482851526,0.08829861676296458,0.06586575017661292,0.015112898645228275,0.3908970695866791,0.006408923447595286,0.006492773639861397,0.3707504084629764,-0.004797106901642496,True,True,,,2.2370683880770397
dirichlet_18,0.43643368638229163,0.08604259514475139,0.06551338575188821,0.016330835010806878,0.39567949771026184,Fair,"alpha=0.5,eps=0.1",OK,0.44321764296592764,0.09055463825864746,0.06621811300987435,0.013894964217866297,0.3861146415476842,0.012817846169663766,0.012985546465351388,0.3706092455891839,-0.009594213644928065,True,True,,,3.163692454374668
dirichlet_18,0.43643368638229163,0.08604259514475139,0.06551338575188821,0.016330835010806878,0.39567949771026184,Fair,"alpha=1.0,eps=0.01",OK,0.43677127044739783,0.0862697328459482,0.06555289923689231,0.01621282939665255,0.39519326807310906,0.0006461117835432444,0.0006545728627576519,0.3708742700750291,-0.00048755002060494283,True,True,,,-23.02360145026797
dirichlet_18,0.43643368638229163,0.08604259514475139,0.06551338575188821,0.016330835010806878,0.39567949771026184,Fair,"alpha=1.0,eps=0.02",OK,0.4371088552453362,0.08649687039256049,0.065592412878006,0.016094823689517673,0.39470703779457955,0.0012922244048325549,0.0013091465690573218,0.37085696906314103,-0.0009751006814506601,True,True,,,-19.557865547468246
dirichlet_18,0.43643368638229163,0.08604259514475139,0.06551338575188821,0.016330835010806878,0.39567949771026184,Fair,"alpha=1.0,eps=0.05",OK,0.43812160817500634,0.08717828367048427,0.06571095300898393,0.015740806755654715,0.3932483483898707,0.003230560568507425,0.003272865967701604,0.37080506595371115,-0.0024377512342581343,True,True,,,-14.97641188809747
dirichlet_18,0.43643368638229163,0.08604259514475139,0.06551338575188821,0.016330835010806878,0.39567949771026184,Fair,"alpha=1.0,eps=0.1",OK,0.43980952986017563,0.08831397226571107,0.06590852046701043,0.015150778198833776,0.3908171992082691,0.0064611210681932724,0.006545731879522365,0.3707185607777302,-0.004875502342175048,True,True,,,-11.510675985297745
dirichlet_18,0.43643368638229163,0.08604259514475139,0.06551338575188821,0.016330835010806878,0.39567949771026184,Fair,"alpha=2.0,eps=0.01",OK,0.43660205237899424,0.08615652625253836,0.06553421292802665,0.01627280939865063,0.3954343990417902,0.0003243478169894526,0.0003285952022011938,0.37088211820799705,-0.00024572103221305586,True,True,,,-499.8872199961882
dirichlet_18,0.43643368638229163,0.08604259514475139,0.06551338575188821,0.016330835010806878,0.39567949771026184,Fair,"alpha=2.0,eps=0.02",OK,0.4367704184330805,0.08627045736987016,0.06555504012544179,0.016214783662369336,0.39518930040923833,0.0006486956635477115,0.0006571904374594288,0.3708726653028146,-0.0004914420329891265,True,True,,,-249.94360999809413
dirichlet_18,0.43643368638229163,0.08604259514475139,0.06551338575188821,0.016330835010806878,0.39567949771026184,Fair,"alpha=2.0,eps=0.05",OK,0.4372755167656986,0.08661225017732041,0.06561752176598508,0.01604070718051867,0.3944540041104772,0.0016217392765210889,0.001642976194100094,0.37084430647307737,-0.0012286054082851858,True,True,,,-99.97744399923764
dirichlet_18,0.43643368638229163,0.08604259514475139,0.06551338575188821,0.016330835010806878,0.39567949771026184,Fair,"alpha=2.0,eps=0.1",OK,0.43811734635852917,0.0871819062001043,0.06572165753682231,0.01575057892247458,0.3932285109820696,0.0032434781951871158,0.0032859520469493745,0.37079704170645433,-0.0024572103642893435,True,True,,,-49.98872199961882
dirichlet_19,0.42704454918173507,0.3088590247225328,0.20972752905813435,0.014692586751762425,0.0396763102858355,Avg,rho=0.0,OK,1.0,0.0,0.0,1.734723475976807e-18,1.3877787807814457e-17,0.6851624361588293,0.6632207258216738,0.4581589005718089,-0.2815452476895125,True,True,,,
dirichlet_19,0.42704454918173507,0.3088590247225328,0.20972752905813435,0.014692586751762425,0.0396763102858355,Avg,rho=0.1,OK,0.8598947884402073,0.1401052115597927,0.0,1.2143064331837652e-16,6.93889390390723e-18,0.5114810819876608,0.49585491670341764,0.4424331176953881,-0.1952447061720149,True,True,,,
dirichlet_19,0.42704454918173507,0.3088590247225328,0.20972752905813435,0.014692586751762425,0.0396763102858355,Avg,rho=0.2,OK,0.709938626590121,0.290061373409879,0.0,3.903127820947816e-17,9.584347204771859e-17,0.35518745596628337,0.3458843733174866,0.42560163786689176,-0.19635865717448459,True,True,,,
dirichlet_19,0.42704454918173507,0.3088590247225328,0.20972752905813435,0.014692586751762425,0.0396763102858355,Avg,rho=0.5,OK,0.5602053749769724,0.3212169739471975,0.11857765107582995,1.8835789285449094e-17,3.653533681171575e-17,0.16728092059483018,0.16371777895990705,0.3968648424251835,-0.08407179817268688,True,True,,,
dirichlet_19,0.42704454918173507,0.3088590247225328,0.20972752905813435,0.014692586751762425,0.0396763102858355,Cert,,FLOOR_COLLAPSED,0.42704454918173496,0.30885902472253274,0.2097275290581343,0.014692586751762422,0.039676310285835494,1.3619512758127423e-16,1.4241858436695923e-16,0.35617953230304555,-1.1753619284473846e-16,False,True,0.0,-0.0,
dirichlet_19,0.42704454918173507,0.3088590247225328,0.20972752905813435,0.014692586751762425,0.0396763102858355,MaxMin,c=0.0,INFEASIBLE_BALL_MISSES_SIMPLEX,,,,,,,,,,False,False,,,
dirichlet_19,0.42704454918173507,0.3088590247225328,0.20972752905813435,0.014692586751762425,0.0396763102858355,MaxMin,c=0.1,INFEASIBLE_BALL_MISSES_SIMPLEX,,,,,,,,,,False,False,,,
dirichlet_19,0.42704454918173507,0.3088590247225328,0.20972752905813435,0.014692586751762425,0.0396763102858355,MaxMin,c=0.25,INFEASIBLE_BALL_MISSES_SIMPLEX,,,,,,,,,,False,False,,,
dirichlet_19,0.42704454918173507,0.3088590247225328,0.20972752905813435,0.014692586751762425,0.0396763102858355,MaxMin,c=0.5,INFEASIBLE_BALL_MISSES_SIMPLEX,,,,,,,,,,False,False,,,
dirichlet_19,0.42704454918173507,0.3088590247225328,0.20972752905813435,0.014692586751762425,0.0396763102858355,MaxMin,c=0.75,INFEASIBLE_BALL_MISSES_SIMPLEX,,,,,,,,,,False,False,,,
dirichlet_19,0.42704454918173507,0.3088590247225328,0.20972752905813435,0.014692586751762425,0.0396763102858355,MaxMin,c=0.9,OK,0.48258599613135145,0.2933786455474408,0.19496641505287804,0.002044142124171463,0.027024801144158173,0.062148441576575564,0.06069265384226638,0.37168462592300583,-0.012817188784783853,True,True,-0.012817188784783853,,
dirichlet_19,0.42704454918173507,0.3088590247225328,0.20972752905813435,0.014692586751762425,0.0396763102858355,MaxMin,c=0.95,OK,0.4536704883073819,0.3014379066891506,0.20265121858161375,0.008629065990521826,0.033611320431332026,0.029793257342985865,0.029095369230190717,0.3636124981607233,-0.006144414794507603,True,True,-0.006144414794507603,,
dirichlet_19,0.42704454918173507,0.3088590247225328,0.20972752905813435,0.014692586751762425,0.0396763102858355,MaxMin,c=1.0,OK,0.42704454918173496,0.30885902472253274,0.2097275290581343,0.014692586751762422,0.039676310285835494,1.3619512758127423e-16,1.4241858436695923e-16,0.35617953230304555,-1.1753619284473846e-16,False,True,-1.1753619284473846e-16,,
dirichlet_19,0.42704454918173507,0.3088590247225328,0.20972752905813435,0.014692586751762425,0.0396763102858355,Fair,"alpha=0.0,eps=0.01",OK,0.47037811310298583,0.29678119748987936,0.19821087415578897,0.004824241329085348,0.029805573922260364,0.04848835623795823,0.04735254731858156,0.3682766418021017,-0.010000000000000085,True,True,,,0.05174427244510352
dirichlet_19,0.42704454918173507,0.3088590247225328,0.20972752905813435,0.014692586751762425,0.0396763102858355,Fair,"alpha=0.0,eps=0.02",OK,0.5084075507385114,0.2849509335497575,0.18687008116652518,0.0,0.019771434545206124,0.09124732299459154,0.08901605576436289,0.3782246634267916,-0.02,True,True,,,0.10324895678691759
dirichlet_19,0.42704454918173507,0.3088590247225328,0.20972752905813435,0.014692586751762425,0.0396763102858355,Fair,"alpha=0.0,eps=0.05",OK,0.5951853304094625,0.25088100951841114,0.1539336600721263,0.0,0.0,0.19114342802896378,0.18588908883022595,0.3972338468997761,-0.05000000000000003,True,True,,,0.2561205698002807
dirichlet_19,0.42704454918173507,0.3088590247225328,0.20972752905813435,0.014692586751762425,0.0396763102858355,Fair,"alpha=0.0,eps=0.1",OK,0.7029206736457183,0.19626583158306551,0.10081349477121626,0.0,0.0,0.32005813809152933,0.310403891826969,0.4146708758922422,-0.10000000000000002,True,True,,,0.5079926826693917
dirichlet_19,0.42704454918173507,0.3088590247225328,0.20972752905813435,0.014692586751762425,0.0396763102858355,Fair,"alpha=0.5,eps=0.01",OK,0.42772294478722306,0.30931022911013906,0.20979800181710753,0.014448999738628752,0.03871982454690149,0.0012817846966044566,0.0012985547271200284,0.35661323774039105,-0.0009594214846010941,True,True,,,1.0004473972112282
dirichlet_19,0.42704454918173507,0.3088590247225328,0.20972752905813435,0.014692586751762425,0.0396763102858355,Fair,"alpha=0.5,eps=0.02",OK,0.4284013403178332,0.3097614333454084,0.20986847450271454,0.014205412777796406,0.037763339056247326,0.0025635691007118598,0.0025971091555720216,0.3570469430854936,-0.0019188427200204508,True,True,,,1.4148462775769817
dirichlet_19,0.42704454918173507,0.3088590247225328,0.20972752905813435,0.014692586751762425,0.0396763102858355,Fair,"alpha=0.5,eps=0.05",OK,0.430436527032552,0.31111504610020646,0.2100798929228063,0.013474651799578317,0.03489388214485686,0.00640892276138945,0.006492772903345062,0.3583480592604854,-0.004797106868247061,True,True,,,2.2370683880770397
dirichlet_19,0.42704454918173507,0.3088590247225328,0.20972752905813435,0.014692586751762425,0.0396763102858355,Fair,"alpha=0.5,eps=0.1",OK,0.4338285056514226,0.3133710673787945,0.21043225666760026,0.01225671632814454,0.03011145397403817,0.012817846008751622,0.012985546299384152,0.3605165864883729,-0.009594213781868045,True,True,,,3.163692454374668
dirichlet_19,0.42704454918173507,0.3088590247225328,0.20972752905813435,0.014692586751762425,0.0396763102858355,Fair,"alpha=1.0,eps=0.01",OK,0.4273821336761323,0.3090861624662074,0.20976704257981818,0.01457458080362033,0.039190080474221935,0.00064611221730716,0.000654573306252344,0.35639698894358435,-0.00048755020505689275,True,True,,,-23.02360145026797
dirichlet_19,0.42704454918173507,0.3088590247225328,0.20972752905813435,0.014692586751762425,0.0396763102858355,Fair,"alpha=1.0,eps=0.02",OK,0.4277197179138077,0.3093133001081662,0.20980655613931526,0.014456575424550354,0.0387038504141604,0.0012922243500691681,0.0013091465151418606,0.35661444544748855,-0.0009751006381215748,True,True,,,-19.557865547468246
dirichlet_19,0.42704454918173507,0.3088590247225328,0.20972752905813435,0.014692586751762425,0.0396763102858355,Fair,"alpha=1.0,eps=0.05",OK,0.4287324716859622,0.3099947127754438,0.20992509667845938,0.01410255830248734,0.03724516055764737,0.0032305611385988727,0.0032728665461094542,0.3572668153041296,-0.0024377516462550965,True,True,,,-14.976411888097472
dirichlet_19,0.42704454918173507,0.3088590247225328,0.20972752905813435,0.014692586751762425,0.0396763102858355,Fair,"alpha=1.0,eps=0.1",OK,0.4304203926924532,0.3111304020578946,0.2101226635330318,0.013512530459166623,0.03481401125745372,0.0064611214473033135,0.0065457322449290894,0.35835409789479505,-0.004875502846883199,True,True,,,-11.510675985297745
dirichlet_19,0.42704454918173507,0.3088590247225328,0.20972752905813435,0.014692586751762425,0.0396763102858355,Fair,"alpha=2.0,eps=0.01",OK,0.4272129151629757,0.30897295577837797,0.2097483563178483,0.014634561125853578,0.03943121161494439,0.0003243478003733304,0.00032859518736841684,0.3562883954277257,-0.000245721035456027,True,True,,,-499.8872199961882
dirichlet_19,0.42704454918173507,0.3088590247225328,0.20972752905813435,0.014692586751762425,0.0396763102858355,Fair,"alpha=2.0,eps=0.02",OK,0.42738128124955727,0.30908688690929176,0.20976918340275186,0.014576535422887282,0.03918611301551174,0.0006486956303586899,0.0006571904024045029,0.3563972585845118,-0.0004914420015494401,True,True,,,-249.9436099980941
dirichlet_19,0.42704454918173507,0.3088590247225328,0.20972752905813435,0.014692586751762425,0.0396763102858355,Fair,"alpha=2.0,eps=0.05",OK,0.4278863791662839,0.3094286802478901,0.20983166495742803,0.014402458709195917,0.03845081691920213,0.0016217390969953214,0.0016429760229933685,0.3567238479517447,-0.001228605184649929,True,True,,,-99.97744399923764
dirichlet_19,0.42704454918173507,0.3088590247225328,0.20972752905813435,0.014692586751762425,0.0396763102858355,Fair,"alpha=2.0,eps=0.1",OK,0.42872820911331594,0.30999833571987295,0.2099358010414271,0.014112330659435148,0.03722532346594881,0.0032434782343707825,0.0032859520908909887,0.3572681636060005,-0.002457210456597595,True,True,,,-49.98872199961882
dirichlet_20,0.49635533264561205,0.18182391409745344,0.017940541661388847,0.11654973105284337,0.1873304805427022,Avg,rho=0.0,OK,0.9999999999999999,0.0,0.0,1.5265566588595902e-16,4.163336342344337e-17,0.5794103023559246,0.5682618750039934,0.5121326170315477,-0.18901069717507626,True,True,,,
dirichlet_20,0.49635533264561205,0.18182391409745344,0.017940541661388847,0.11654973105284337,0.1873304805427022,Avg,rho=0.1,OK,0.9999999999999999,0.0,0.0,0.0,1.6653345369377348e-16,0.5794103023559246,0.5682618750039933,0.5121326170315477,-0.18901069717507613,True,True,,,
dirichlet_20,0.49635533264561205,0.18182391409745344,0.017940541661388847,0.11654973105284337,0.1873304805427022,Avg,rho=0.2,OK,1.0,7.632783294297951e-17,0.0,0.0,6.071532165918825e-17,0.5794103023559247,0.5682618750039934,0.5121326170315478,-0.18901069717507624,True,True,,,
dirichlet_20,0.49635533264561205,0.18182391409745344,0.017940541661388847,0.11654973105284337,0.1873304805427022,Avg,rho=0.5,OK,0.7528443548599214,0.12306268948573341,0.0,0.0,0.1240929556543452,0.2952019434758539,0.29085641090015324,0.4366624604649025,-0.11646100564129949,True,True,,,
dirichlet_20,0.49635533264561205,0.18182391409745344,0.017940541661388847,0.11654973105284337,0.1873304805427022,Cert,,FLOOR_COLLAPSED,0.4963553326456121,0.18182391409745347,0.01794054166138885,0.11654973105284339,0.18733048054270224,6.947562107041945e-17,7.177208746280202e-17,0.34718679264614977,7.764684826992257e-18,False,True,7.764684826992257e-18,-0.0,
dirichlet_20,0.49635533264561205,0.18182391409745344,0.017940541661388847,0.11654973105284337,0.1873304805427022,MaxMin,c=0.0,INFEASIBLE_BALL_MISSES_SIMPLEX,,,,,,,,,,False,False,,,
dirichlet_20,0.49635533264561205,0.18182391409745344,0.017940541661388847,0.11654973105284337,0.1873304805427022,MaxMin,c=0.1,INFEASIBLE_BALL_MISSES_SIMPLEX,,,,,,,,,,False,False,,,
dirichlet_20,0.49635533264561205,0.18182391409745344,0.017940541661388847,0.11654973105284337,0.1873304805427022,MaxMin,c=0.25,INFEASIBLE_BALL_MISSES_SIMPLEX,,,,,,,,,,False,False,,,
dirichlet_20,0.49635533264561205,0.18182391409745344,0.017940541661388847,0.11654973105284337,0.1873304805427022,MaxMin,c=0.5,OK,0.7354318652226115,0.12720425887922293,2.0816681711721676e-17,0.020874857294245795,0.11648901860391997,0.27319398309379184,0.2691890822473859,0.42997101147042444,-0.09608456245817283,True,True,-0.09608456245817283,,
dirichlet_20,0.49635533264561205,0.18182391409745344,0.017940541661388847,0.11654973105284337,0.1873304805427022,MaxMin,c=0.75,OK,0.5852245500765451,0.15499233028719445,4.510281037539699e-17,0.09446990149970812,0.16531321813655242,0.09955809082447388,0.09732777775082381,0.37860830086844105,-0.022361042106058132,True,True,-0.022361042106058132,,
dirichlet_20,0.49635533264561205,0.18182391409745344,0.017940541661388847,0.11654973105284337,0.1873304805427022,MaxMin,c=0.9,OK,0.5301010537820093,0.17241838746070165,0.008972024198460524,0.10886482349904797,0.17964371105978058,0.037759980945532075,0.03687547739703162,0.3594002481543754,-0.007787432669448374,True,True,-0.007787432669448374,,
dirichlet_20,0.49635533264561205,0.18182391409745344,0.017940541661388847,0.11654973105284337,0.1873304805427022,MaxMin,c=0.95,OK,0.5131497332586995,0.17714301895000026,0.013477135039580333,0.1127251449486878,0.18350496780303202,0.018792197226386434,0.018352001953119854,0.3532651236987355,-0.003875610287584098,True,True,-0.003875610287584098,,
dirichlet_20,0.49635533264561205,0.18182391409745344,0.017940541661388847,0.11654973105284337,0.1873304805427022,MaxMin,c=1.0,OK,0.4963553326456121,0.18182391409745347,0.01794054166138885,0.11654973105284339,0.18733048054270224,6.947562107041945e-17,7.177208746280202e-17,0.34718679264614977,7.764684826992257e-18,False,True,7.764684826992257e-18,,
dirichlet_20,0.49635533264561205,0.18182391409745344,0.017940541661388847,0.11654973105284337,0.1873304805427022,Fair,"alpha=0.0,eps=0.01",OK,0.539688896566863,0.1697460868648001,0.006423886759043528,0.10668138563016633,0.1774597441791271,0.04848835623795837,0.04735254731858171,0.36287033820814435,-0.009999999999999992,True,True,,,0.05174427244510352
dirichlet_20,0.49635533264561205,0.18182391409745344,0.017940541661388847,0.11654973105284337,0.1873304805427022,Fair,"alpha=0.0,eps=0.02",OK,0.5777880627568586,0.15778280049531318,0.0,0.0968044473200746,0.16762468942775374,0.09115548335048027,0.08908563794536903,0.3761753150894719,-0.019999999999999973,True,True,,,0.10335205775142807
dirichlet_20,0.49635533264561205,0.18182391409745344,0.017940541661388847,0.11654973105284337,0.1873304805427022,Fair,"alpha=0.0,eps=0.05",OK,0.6722779572903624,0.1223263780838864,0.0,0.06714111584822613,0.13825454877752513,0.19914880874297422,0.1950360258360032,0.4070894496497126,-0.04999999999999999,True,True,,,0.25765892957045194
dirichlet_20,0.49635533264561205,0.18182391409745344,0.017940541661388847,0.11654973105284337,0.1873304805427022,Fair,"alpha=0.0,eps=0.1",OK,0.8297611148462021,0.06323234073150846,0.0,0.01770223006181204,0.08930431436047745,0.38069042228805644,0.3731635970607283,0.4586130072501139,-0.1,True,True,,,0.5148370492688251
dirichlet_20,0.49635533264561205,0.18182391409745344,0.017940541661388847,0.11654973105284337,0.1873304805427022,Fair,"alpha=0.5,eps=0.01",OK,0.4970337282511002,0.1822751184850598,0.018011014420362098,0.11630614403970976,0.18637399480376815,0.0012817846966046119,0.0012985547271201897,0.3474153292032724,-0.0009594214846011384,True,True,,,1.0004473972112282
dirichlet_20,0.49635533264561205,0.18182391409745344,0.017940541661388847,0.11654973105284337,0.1873304805427022,Fair,"alpha=0.5,eps=0.02",OK,0.4977121237397237,0.18272632272676856,0.01808148717908282,0.11606255708703317,0.18541750926739178,0.002563569117345404,0.0025971091742642088,0.3476438657167631,-0.0019188427656627043,True,True,,,1.414846277576982
dirichlet_20,0.49635533264561205,0.18182391409745344,0.017940541661388847,0.11654973105284337,0.1873304805427022,Fair,"alpha=0.5,eps=0.05",OK,0.4997473105948701,0.1840799354422071,0.01829290549704251,0.11533179590856744,0.18254805255731274,0.006408922720708401,0.006492772865187859,0.34832947539362386,-0.004797106719743542,True,True,,,2.2370683880770397
dirichlet_20,0.49635533264561205,0.18182391409745344,0.017940541661388847,0.11654973105284337,0.1873304805427022,Fair,"alpha=0.5,eps=0.1",OK,0.5031392891922617,0.18633595653165058,0.018645268429739827,0.11411386033818505,0.17776562550816283,0.012817845027271166,0.012985545294315096,0.3494721584957092,-0.009594212516956588,True,True,,,3.163692454374668
dirichlet_20,0.49635533264561205,0.18182391409745344,0.017940541661388847,0.11654973105284337,0.1873304805427022,Fair,"alpha=1.0,eps=0.01",OK,0.4966929169946327,0.1820510518884429,0.017980055132871636,0.11643172540965557,0.1868442505743973,0.0006461122171340275,0.0006545732988903587,0.34729973956923094,-0.0004875503504878938,True,True,,,-23.02360145026797
dirichlet_20,0.49635533264561205,0.18182391409745344,0.017940541661388847,0.11654973105284337,0.1873304805427022,Fair,"alpha=1.0,eps=0.02",OK,0.49703050144132505,0.18227818949031904,0.018019568643194234,0.11631371973364471,0.1863580206915169,0.001292224362902292,0.0013091465251734162,0.34741268651564844,-0.0009751006168676013,True,True,,,-19.557865547468246
dirichlet_20,0.49635533264561205,0.18182391409745344,0.017940541661388847,0.11654973105284337,0.1873304805427022,Fair,"alpha=1.0,eps=0.05",OK,0.4980432537758828,0.18295960263798883,0.018138108891296086,0.1159597031280359,0.18489933156679647,0.00323055990635545,0.0032728652965369827,0.34775152705910733,-0.0024377508814065942,True,True,,,-14.97641188809747
dirichlet_20,0.49635533264561205,0.18182391409745344,0.017940541661388847,0.11654973105284337,0.1873304805427022,Fair,"alpha=1.0,eps=0.1",OK,0.49973117432643266,0.18409529187002394,0.01833567686768785,0.11536967307457832,0.1824681838612771,0.006461119231310822,0.006545730087132883,0.3483162613271807,-0.004875500578502754,True,True,,,-11.510675985297745
dirichlet_20,0.49635533264561205,0.18182391409745344,0.017940541661388847,0.11654973105284337,0.1873304805427022,Fair,"alpha=2.0,eps=0.01",OK,0.49652369864670864,0.18193784521508505,0.017961368829284143,0.11649170544168133,0.18708538186724089,0.0003243478273030523,0.0003285952124363529,0.3472429260916457,-0.0002457210390963606,True,True,,,-499.88721999618826
dirichlet_20,0.49635533264561205,0.18182391409745344,0.017940541661388847,0.11654973105284337,0.1873304805427022,Fair,"alpha=2.0,eps=0.02",OK,0.49669206463668314,0.1820517763105282,0.017982196017869448,0.11643367983539404,0.18684028319952525,0.0006486956356420694,0.0006571904059983528,0.34729905952990586,-0.000491442070410727,True,True,,,-249.9436099980941
dirichlet_20,0.49635533264561205,0.18182391409745344,0.017940541661388847,0.11654973105284337,0.1873304805427022,Fair,"alpha=2.0,eps=0.05",OK,0.49719716243832723,0.18239356965981707,0.018044677626809114,0.11625960317240326,0.18610498710264334,0.0016217390411421718,0.0016429759658658839,0.34746745977713284,-0.001228605252835058,True,True,,,-99.97744399923764
dirichlet_20,0.49635533264561205,0.18182391409745344,0.017940541661388847,0.11654973105284337,0.1873304805427022,Fair,"alpha=2.0,eps=0.1",OK,0.4980389926683551,0.18296322515191663,0.018148813448548285,0.11596947497703321,0.18487949375414683,0.0032434782625322743,0.003285952114218575,0.34774812708460023,-0.002457210423814326,True,True,,,-49.98872199961882
dirichlet_21,0.632775498878638,0.15287301528472802,0.1014888057157034,0.09324645200272964,0.019616228118200903,Avg,rho=0.0,OK,0.9999999999999992,5.342948306008566e-16,2.949029909160572e-17,1.3357370765021415e-16,1.0928757898653885e-16,0.42143050189605347,0.409571013363275,0.649372383943954,-0.13534881612405172,True,True,,,
dirichlet_21,0.632775498878638,0.15287301528472802,0.1014888057157034,0.09324645200272964,0.019616228118200903,Avg,rho=0.1,OK,0.9999999999999998,5.551115123125783e-17,1.700029006457271e-16,3.469446951953614e-17,0.0,0.42143050189605413,0.40957101336327567,0.6493723839439544,-0.13534881612405217,True,True,,,
dirichlet_21,0.632775498878638,0.15287301528472802,0.1014888057157034,0.09324645200272964,0.019616228118200903,Avg,rho=0.2,OK,1.0,0.0,0.0,0.0,1.9081958235744878e-17,0.4214305018960544,0.4095710133632759,0.6493723839439545,-0.1353488161240522,True,True,,,
dirichlet_21,0.632775498878638,0.15287301528472802,0.1014888057157034,0.09324645200272964,0.019616228118200903,Avg,rho=0.5,OK,0.9805885411365703,0.019411458863429737,2.568881522432842e-17,0.0,5.366800753803247e-17,0.3977003574418761,0.3867641281595113,0.6406439713093809,-0.11718689196761824,True,True,,,
dirichlet_21,0.632775498878638,0.15287301528472802,0.1014888057157034,0.09324645200272964,0.019616228118200903,Cert,,FLOOR_COLLAPSED,0.6327754988786382,0.15287301528472805,0.10148880571570341,0.09324645200272966,0.019616228118200907,1.1616172636829685e-16,1.1898955597889756e-16,0.46649318287532976,4.953176305318262e-18,False,True,4.953176305318262e-18,-0.0,
dirichlet_21,0.632775498878638,0.15287301528472802,0.1014888057157034,0.09324645200272964,0.019616228118200903,MaxMin,c=0.0,INFEASIBLE_BALL_MISSES_SIMPLEX,,,,,,,,,,False,False,,,
dirichlet_21,0.632775498878638,0.15287301528472802,0.1014888057157034,0.09324645200272964,0.019616228118200903,MaxMin,c=0.1,INFEASIBLE_BALL_MISSES_SIMPLEX,,,,,,,,,,False,False,,,
dirichlet_21,0.632775498878638,0.15287301528472802,0.1014888057157034,0.09324645200272964,0.019616228118200903,MaxMin,c=0.25,INFEASIBLE_BALL_MISSES_SIMPLEX,,,,,,,,,,False,False,,,
dirichlet_21,0.632775498878638,0.15287301528472802,0.1014888057157034,0.09324645200272964,0.019616228118200903,MaxMin,c=0.5,OK,0.9145307233332618,0.060110209137287055,0.01252606109702965,0.012833006432421534,0.0,0.320556443198362,0.3121133399758487,0.6090422556415483,-0.07997240335945549,True,True,-0.07997240335945549,,
dirichlet_21,0.632775498878638,0.15287301528472802,0.1014888057157034,0.09324645200272964,0.019616228118200903,MaxMin,c=0.75,OK,0.7535341889645883,0.11669527957268172,0.06690169550297716,0.0628688359597529,0.0,0.13562947300433023,0.13226944066352295,0.5289277556463141,-0.03051483175331297,True,True,-0.03051483175331297,,
dirichlet_21,0.632775498878638,0.15287301528472802,0.1014888057157034,0.09324645200272964,0.019616228118200903,MaxMin,c=0.9,OK,0.6793774357891444,0.139884234954198,0.08910352334764136,0.08263380053389524,0.009001005375120944,0.052145522173110574,0.05092404646667269,0.49095101228674315,-0.010754235907112587,True,True,-0.010754235907112587,,
dirichlet_21,0.632775498878638,0.15287301528472802,0.1014888057157034,0.09324645200272964,0.019616228118200903,MaxMin,c=0.95,OK,0.6560118433260904,0.14639663696826294,0.09531333949557788,0.08795484308303694,0.014323337127031866,0.026000449657994588,0.025391405654019147,0.4786881813306945,-0.005362204800343766,True,True,-0.005362204800343766,,
dirichlet_21,0.632775498878638,0.15287301528472802,0.1014888057157034,0.09324645200272964,0.019616228118200903,MaxMin,c=1.0,OK,0.6327754988786382,0.15287301528472805,0.10148880571570341,0.09324645200272966,0.019616228118200907,1.1616172636829685e-16,1.1898955597889756e-16,0.46649318287532976,4.953176305318262e-18,False,True,4.953176305318262e-18,,
dirichlet_21,0.632775498878638,0.15287301528472802,0.1014888057157034,0.09324645200272964,0.019616228118200903,Fair,"alpha=0.0,eps=0.01",OK,0.6761090627998889,0.14079518805207467,0.08997215081335808,0.08337810658005257,0.009745491754625774,0.04848835623795829,0.047352547318581635,0.4892356906858922,-0.010000000000000004,True,True,,,0.05174427244510352
dirichlet_21,0.632775498878638,0.15287301528472802,0.1014888057157034,0.09324645200272964,0.019616228118200903,Fair,"alpha=0.0,eps=0.02",OK,0.7193058308633425,0.1287254394866315,0.07846212252538239,0.07350660712464357,0.0,0.0968260801150785,0.09455567337580258,0.5118951666797735,-0.020000000000000007,True,True,,,0.10347762862704524
dirichlet_21,0.632775498878638,0.15287301528472802,0.1014888057157034,0.09324645200272964,0.019616228118200903,Fair,"alpha=0.0,eps=0.05",OK,0.8169631940174269,0.09440203746883008,0.04547892138544147,0.04315584712830135,0.0,0.2082664988236163,0.20289950715991298,0.5604910625518329,-0.05000000000000006,True,True,,,0.2561294592839872
dirichlet_21,0.632775498878638,0.15287301528472802,0.1014888057157034,0.09324645200272964,0.019616228118200903,Fair,"alpha=0.0,eps=0.1",OK,0.9622191963718832,0.03778080362811677,0.0,0.0,0.0,0.3757113811216178,0.3656477376440076,0.6323841479719914,-0.09999999999999999,True,True,,,0.5099327660669415
dirichlet_21,0.632775498878638,0.15287301528472802,0.1014888057157034,0.09324645200272964,0.019616228118200903,Fair,"alpha=0.5,eps=0.01",OK,0.633453894724956,0.15332421932743082,0.10155927830975445,0.09300286482904514,0.01865974280881367,0.0012817844035648942,0.001298554426654909,0.466980141907659,-0.0009594210611321421,True,True,,,1.0004473972112282
dirichlet_21,0.632775498878638,0.15287301528472802,0.1014888057157034,0.09324645200272964,0.019616228118200903,Fair,"alpha=0.5,eps=0.02",OK,0.6341322901978936,0.15377542391078988,0.10162975139300678,0.09275927760640632,0.017703256891903343,0.002563569289374501,0.0025971093600277995,0.46746710085232573,-0.0019188427321057174,True,True,,,1.414846277576982
dirichlet_21,0.632775498878638,0.15287301528472802,0.1014888057157034,0.09324645200272964,0.019616228118200903,Fair,"alpha=0.5,eps=0.05",OK,0.6361674770191401,0.15512903684113377,0.10184116963239705,0.09202851694949506,0.014833799557834136,0.00640892331264061,0.00649277346211318,0.4689279777615502,-0.004797107288814106,True,True,,,2.2370683880770397
dirichlet_21,0.632775498878638,0.15287301528472802,0.1014888057157034,0.09324645200272964,0.019616228118200903,Fair,"alpha=0.5,eps=0.1",OK,0.6395594547498162,0.15738505807272704,0.10219353343328856,0.09081058178664235,0.010051371957525812,0.012817845592094845,0.012985545882742578,0.47136277231595874,-0.009594213626282379,True,True,,,3.163692454374668
dirichlet_21,0.632775498878638,0.15287301528472802,0.1014888057157034,0.09324645200272964,0.019616228118200903,Fair,"alpha=1.0,eps=0.01",OK,0.6331130831800572,0.15310015299772964,0.10152831922856126,0.09312844631778835,0.01912999827586353,0.0006461120802063162,0.0006545731625270439,0.4667367095139785,-0.0004875502268203619,True,True,,,-23.02360145026797
dirichlet_21,0.632775498878638,0.15287301528472802,0.1014888057157034,0.09324645200272964,0.019616228118200903,Fair,"alpha=1.0,eps=0.02",OK,0.6334506677585354,0.15332729100031367,0.10156783232083044,0.09301044081620859,0.018643768104111908,0.0012922245956627238,0.001309146750010147,0.46698023634100355,-0.0009751007727850072,True,True,,,-19.557865547468246
dirichlet_21,0.632775498878638,0.15287301528472802,0.1014888057157034,0.09324645200272964,0.019616228118200903,Fair,"alpha=1.0,eps=0.05",OK,0.6344634211402027,0.15400870432632904,0.1016863730067691,0.09265642320668835,0.017185078320010774,0.003230561455257447,0.003272866876684344,0.4677108165579639,-0.002437751728154518,True,True,,,-14.976411888097472
dirichlet_21,0.632775498878638,0.15287301528472802,0.1014888057157034,0.09324645200272964,0.019616228118200903,Fair,"alpha=1.0,eps=0.1",OK,0.6361513426628297,0.15514439258029158,0.1018839402459021,0.09206639551277647,0.014753928998200192,0.006461121684573249,0.006545732487859744,0.46892844972877823,-0.004875502944498649,True,True,,,-11.510675985297745
dirichlet_21,0.632775498878638,0.15287301528472802,0.1014888057157034,0.09324645200272964,0.019616228118200903,Fair,"alpha=2.0,eps=0.01",OK,0.6329438648763857,0.15298694638971874,0.10150963289469406,0.09318842639398339,0.019371129445218172,0.0003243478195316456,0.00032859520471154453,0.46661494267629855,-0.0002457210365899518,True,True,,,-499.8872199961882
dirichlet_21,0.632775498878638,0.15287301528472802,0.1014888057157034,0.09324645200272964,0.019616228118200903,Fair,"alpha=2.0,eps=0.02",OK,0.6331122308531215,0.15310087754825288,0.10153046003915066,0.09313040080674023,0.019126030752734734,0.0006486956556356818,0.0006571904254153551,0.46673670247117516,-0.0004914420917840799,True,True,,,-249.94360999809413
dirichlet_21,0.632775498878638,0.15287301528472802,0.1014888057157034,0.09324645200272964,0.019616228118200903,Fair,"alpha=2.0,eps=0.05",OK,0.6336173286636704,0.1534426707345588,0.1015929417087747,0.09295632398602012,0.018390734906975997,0.0016217388508574923,0.001642975777201885,0.4671019817541482,-0.0012286050299217222,True,True,,,-99.97744399923764
dirichlet_21,0.632775498878638,0.15287301528472802,0.1014888057157034,0.09324645200272964,0.019616228118200903,Fair,"alpha=2.0,eps=0.1",OK,0.63445915894563,0.15401232633319423,0.1016970774743383,0.09266619585226006,0.017165241394577382,0.0032434782458530377,0.0032859520982507686,0.4677107809317867,-0.0024572103615745837,True,True,,,-49.98872199961882
dirichlet_22,0.07969936724846238,0.013664113895498048,0.37725546566094154,0.13008504765809048,0.3992960055370076,Avg,rho=0.0,OK,0.0,2.5231436423832883e-17,0.0,8.408087957372788e-17,1.0,0.7256912512270013,0.7246246570312099,0.4053155264267788,-0.3837973631589047,True,True,,,
dirichlet_22,0.07969936724846238,0.013664113895498048,0.37725546566094154,0.13008504765809048,0.3992960055370076,Avg,rho=0.1,OK,2.0116042125555907e-17,0.0,0.4369390392925031,6.8968222958045e-17,0.5630609607074968,0.23203858790293574,0.227253912089286,0.39613559856461583,-0.12400684938257998,True,True,,,
dirichlet_22,0.07969936724846238,0.013664113895498048,0.37725546566094154,0.13008504765809048,0.3992960055370076,Avg,rho=0.2,OK,1.074668791620256e-17,0.0,0.46321443958729347,0.0,0.5367855604127065,0.22305411825597654,0.21795427761578445,0.3955835621074337,-0.12461516634575362,True,True,,,
dirichlet_22,0.07969936724846238,0.013664113895498048,0.37725546566094154,0.13008504765809048,0.3992960055370076,Avg,rho=0.5,OK,0.0,1.0712887063180401e-16,0.47897972796667176,0.0,0.5210202720333282,0.22051176696102723,0.21527839776788293,0.39525233922040753,-0.12498015763962177,True,True,,,
dirichlet_22,0.07969936724846238,0.013664113895498048,0.37725546566094154,0.13008504765809048,0.3992960055370076,Cert,,FLOOR_COLLAPSED,0.07969936724846238,0.013664113895498048,0.37725546566094154,0.13008504765809048,0.3992960055370076,0.0,0.0,0.33571194643115615,0.0,False,True,0.0,-0.0,
dirichlet_22,0.07969936724846238,0.013664113895498048,0.37725546566094154,0.13008504765809048,0.3992960055370076,MaxMin,c=0.0,INFEASIBLE_BALL_MISSES_SIMPLEX,,,,,,,,,,False,False,,,
dirichlet_22,0.07969936724846238,0.013664113895498048,0.37725546566094154,0.13008504765809048,0.3992960055370076,MaxMin,c=0.1,INFEASIBLE_BALL_MISSES_SIMPLEX,,,,,,,,,,False,False,,,
dirichlet_22,0.07969936724846238,0.013664113895498048,0.37725546566094154,0.13008504765809048,0.3992960055370076,MaxMin,c=0.25,INFEASIBLE_BALL_MISSES_SIMPLEX,,,,,,,,,,False,False,,,
dirichlet_22,0.07969936724846238,0.013664113895498048,0.37725546566094154,0.13008504765809048,0.3992960055370076,MaxMin,c=0.5,INFEASIBLE_BALL_MISSES_SIMPLEX,,,,,,,,,,False,False,,,
dirichlet_22,0.07969936724846238,0.013664113895498048,0.37725546566094154,0.13008504765809048,0.3992960055370076,MaxMin,c=0.75,OK,0.03392721814938612,0.0,0.4181945821690297,0.08291547436952709,0.4649627253120572,0.10244459786831157,0.10031496553999422,0.36547713916319957,-0.044799793546667174,True,True,-0.044799793546667174,,
dirichlet_22,0.07969936724846238,0.013664113895498048,0.37725546566094154,0.13008504765809048,0.3992960055370076,MaxMin,c=0.9,OK,0.06733009582671311,0.0015152749661196535,0.3901405812097897,0.1167581778593072,0.42425587013807037,0.0355980289493837,0.035047811416154616,0.3469601884148276,-0.012513723152489454,True,True,-0.012513723152489454,,
dirichlet_22,0.07969936724846238,0.013664113895498048,0.37725546566094154,0.13008504765809048,0.3992960055370076,MaxMin,c=0.95,OK,0.07366513148076075,0.007726844775317691,0.3808209897764797,0.1233915745949191,0.4143954593725226,0.018899000394263978,0.018694701782628286,0.3413086372834738,-0.006225903581516239,True,True,-0.006225903581516239,,
dirichlet_22,0.07969936724846238,0.013664113895498048,0.37725546566094154,0.13008504765809048,0.3992960055370076,MaxMin,c=1.0,OK,0.07969936724846238,0.013664113895498048,0.37725546566094154,0.13008504765809048,0.3992960055370076,0.0,0.0,0.33571194643115615,0.0,False,True,0.0,,
dirichlet_22,0.07969936724846238,0.013664113895498048,0.37725546566094154,0.13008504765809048,0.3992960055370076,Fair,"alpha=0.0,eps=0.01",OK,0.12303293116971328,0.001586286662844683,0.3657388107585962,0.1202167022354134,0.3894252691734325,0.048488356237958316,0.047352547318581656,0.32983593220376295,-0.010000000000000002,True,True,,,0.05174427244510352
dirichlet_22,0.07969936724846238,0.013664113895498048,0.37725546566094154,0.13008504765809048,0.3992960055370076,Fair,"alpha=0.0,eps=0.02",OK,0.1557758366957111,0.0,0.35430549806175154,0.11032687416385718,0.37959179107868024,0.08532103909446463,0.08357602689485977,0.32330409827401646,-0.020000000000000004,True,True,,,0.10339066635946655
dirichlet_22,0.07969936724846238,0.013664113895498048,0.37725546566094154,0.13008504765809048,0.3992960055370076,Fair,"alpha=0.0,eps=0.05",OK,0.24920073441087381,0.0,0.3200433631789042,0.08064764563018043,0.35010825678004165,0.1924945128982603,0.18914189705356393,0.3034111230946247,-0.05000000000000001,True,True,,,0.2582854513601918
dirichlet_22,0.07969936724846238,0.013664113895498048,0.37725546566094154,0.13008504765809048,0.3992960055370076,Fair,"alpha=0.0,eps=0.1",OK,0.40490889726947826,0.0,0.26293980504082526,0.03118226474071918,0.30096903294897737,0.3721101593549694,0.3660614188683627,0.2702561644623051,-0.10000000000000003,True,True,,,0.5164434263614005
dirichlet_22,0.07969936724846238,0.013664113895498048,0.37725546566094154,0.13008504765809048,0.3992960055370076,Fair,"alpha=0.5,eps=0.01",OK,0.08037776263570166,0.014115318406396486,0.37732593839671574,0.12984146046415398,0.39833952009703216,0.0012817844344916282,0.001298554469450614,0.335402601316172,-0.0009594211939832842,True,True,,,1.0004473972112282
dirichlet_22,0.07969936724846238,0.013664113895498048,0.37725546566094154,0.13008504765809048,0.3992960055370076,Fair,"alpha=0.5,eps=0.02",OK,0.08105615807622786,0.014566522778599465,0.37739641154161685,0.12959787382073717,0.3973830337828187,0.0025635694186064853,0.0025971094878655286,0.3350932560889005,-0.0019188432401879769,True,True,,,1.414846277576982
dirichlet_22,0.07969936724846238,0.013664113895498048,0.37725546566094154,0.13008504765809048,0.3992960055370076,Fair,"alpha=0.5,eps=0.05",OK,0.0830913452364283,0.01592013531709828,0.3776078293247021,0.1288671127299877,0.39451357739178367,0.0064089228369848695,0.006492772973544627,0.3341652206933721,-0.004797106870455727,True,True,,,2.2370683880770397
dirichlet_22,0.07969936724846238,0.013664113895498048,0.37725546566094154,0.13008504765809048,0.3992960055370076,Fair,"alpha=0.5,eps=0.1",OK,0.08648332295995065,0.018176157060099164,0.3779601940240419,0.12764917628084488,0.38973114967506345,0.012817845673383187,0.012985546012463696,0.3326184952781855,-0.009594213373238477,True,True,,,3.163692454374668
dirichlet_22,0.07969936724846238,0.013664113895498048,0.37725546566094154,0.13008504765809048,0.3992960055370076,Fair,"alpha=1.0,eps=0.01",OK,0.08003695165907453,0.013891251609193475,0.3772949790667703,0.12996704202307977,0.398809775641882,0.0006461121615628712,0.0006545732400230281,0.3355561537426027,-0.000487550276867733,True,True,,,-23.02360145026797
dirichlet_22,0.07969936724846238,0.013664113895498048,0.37725546566094154,0.13008504765809048,0.3992960055370076,Fair,"alpha=1.0,eps=0.02",OK,0.08037453589576031,0.014118389374871379,0.3773344924370611,0.12984903650438964,0.3983235457879177,0.0012922241961320399,0.0013091463500946047,0.33540036105877186,-0.0009751005090228254,True,True,,,-19.557865547468246
dirichlet_22,0.07969936724846238,0.013664113895498048,0.37725546566094154,0.13008504765809048,0.3992960055370076,Fair,"alpha=1.0,eps=0.05",OK,0.08138728859657088,0.014799802976172489,0.3774530327602607,0.12949501965355745,0.39686485601343857,0.003230560628773304,0.003272866026775459,0.3349329829683046,-0.0024377514285982512,True,True,,,-14.976411888097472
dirichlet_22,0.07969936724846238,0.013664113895498048,0.37725546566094154,0.13008504765809048,0.3992960055370076,Fair,"alpha=1.0,eps=0.1",OK,0.08307521117961901,0.01593549131477101,0.377650600153477,0.12890499114473652,0.3944337062073965,0.006461121964562141,0.006545732769780875,0.33415401952674817,-0.004875503153498349,True,True,,,-11.510675985297745
dirichlet_22,0.07969936724846238,0.013664113895498048,0.37725546566094154,0.13008504765809048,0.3992960055370076,Fair,"alpha=2.0,eps=0.01",OK,0.07986773321852414,0.013778045005329856,0.37727629286987446,0.13002702204872532,0.3990509068575463,0.00032434781378970387,0.00032859519986556604,0.33563377722900495,-0.00024572104326198277,True,True,,,-499.8872199961882
dirichlet_22,0.07969936724846238,0.013664113895498048,0.37725546566094154,0.13008504765809048,0.3992960055370076,Fair,"alpha=2.0,eps=0.02",OK,0.08003609924336555,0.013891976106208383,0.3772971200179524,0.12996899644171336,0.39880580819076034,0.0006486956389630956,0.0006571904092826612,0.33555560801435586,-0.0004914420734191939,True,True,,,-249.9436099980941
dirichlet_22,0.07969936724846238,0.013664113895498048,0.37725546566094154,0.13008504765809048,0.3992960055370076,Fair,"alpha=2.0,eps=0.05",OK,0.08054119722723341,0.01423376950563628,0.3773596015478468,0.1297949195781446,0.398070512141139,0.0016217391517601913,0.0016429760796160746,0.3353211003711042,-0.0012286052150920948,True,True,,,-99.97744399923764
dirichlet_22,0.07969936724846238,0.013664113895498048,0.37725546566094154,0.13008504765809048,0.3992960055370076,Fair,"alpha=2.0,eps=0.1",OK,0.08138302719787205,0.014803424941281288,0.37746373744801914,0.12950479158968758,0.39684501882314,0.00324347816364722,0.0032859520148232507,0.33493025435411145,-0.0024572103494028747,True,True,,,-49.98872199961882
dirichlet_23,0.33493582699630764,0.44559289581784395,0.12898054513390741,0.06739982157712732,0.023090910474813858,Avg,rho=0.0,OK,0.0,0.9999999999999998,0.0,3.018418848199644e-16,2.7755575615628907e-17,0.6642749073174213,0.6444839841990315,0.47403677974280395,-0.307039338196595,True,True,,,
dirichlet_23,0.33493582699630764,0.44559289581784395,0.12898054513390741,0.06739982157712732,0.023090910474813858,Avg,rho=0.1,OK,0.17093862257363213,0.8290613774263678,0.0,0.0,7.112366251504908e-17,0.4423291382712922,0.4304104662335743,0.45649395444215357,-0.14710420295354207,True,True,,,
dirichlet_23,0.33493582699630764,0.44559289581784395,0.12898054513390741,0.06739982157712732,0.023090910474813858,Avg,rho=0.2,OK,0.30804752983461886,0.691952470165381,1.7347234759768066e-16,0.0,2.2551405187698486e-17,0.2883191417772661,0.2823484700118523,0.44242295298543777,-0.12073578316272648,True,True,,,
dirichlet_23,0.33493582699630764,0.44559289581784395,0.12898054513390741,0.06739982157712732,0.023090910474813858,Avg,rho=0.5,OK,0.3903128741912109,0.6096871258087891,1.2664836627346299e-17,0.0,7.997346274796202e-17,0.2273883039880727,0.22399007892969444,0.43398035211140834,-0.12012467414470475,True,True,,,
dirichlet_23,0.33493582699630764,0.44559289581784395,0.12898054513390741,0.06739982157712732,0.023090910474813858,Cert,,FLOOR_COLLAPSED,0.3349358269963076,0.44559289581784384,0.1289805451339074,0.0673998215771273,0.023090910474813854,1.27993912314e-16,1.3304807235834862e-16,0.36343316537466586,-1.1606026671126436e-16,False,True,0.0,-0.0,
dirichlet_23,0.33493582699630764,0.44559289581784395,0.12898054513390741,0.06739982157712732,0.023090910474813858,MaxMin,c=0.0,INFEASIBLE_BALL_MISSES_SIMPLEX,,,,,,,,,,False,False,,,
dirichlet_23,0.33493582699630764,0.44559289581784395,0.12898054513390741,0.06739982157712732,0.023090910474813858,MaxMin,c=0.1,INFEASIBLE_BALL_MISSES_SIMPLEX,,,,,,,,,,False,False,,,
dirichlet_23,0.33493582699630764,0.44559289581784395,0.12898054513390741,0.06739982157712732,0.023090910474813858,MaxMin,c=0.25,INFEASIBLE_BALL_MISSES_SIMPLEX,,,,,,,,,,False,False,,,
dirichlet_23,0.33493582699630764,0.44559289581784395,0.12898054513390741,0.06739982157712732,0.023090910474813858,MaxMin,c=0.5,INFEASIBLE_BALL_MISSES_SIMPLEX,,,,,,,,,,False,False,,,
dirichlet_23,0.33493582699630764,0.44559289581784395,0.12898054513390741,0.06739982157712732,0.023090910474813858,MaxMin,c=0.75,OK,0.3384900777536223,0.551581367748628,0.08380148362970542,0.02612707086804429,0.0,0.1245952108899813,0.12288951390962395,0.4033336448287853,-0.0410714939134802,True,True,-0.0410714939134802,,
dirichlet_23,0.33493582699630764,0.44559289581784395,0.12898054513390741,0.06739982157712732,0.023090910474813858,MaxMin,c=0.9,OK,0.3202693318262438,0.49795814927795334,0.11538965646384819,0.055159291936986946,0.01122357049496775,0.05858841548826319,0.05736163381585574,0.3791674368893481,-0.0122644417958989,True,True,-0.0122644417958989,,
dirichlet_23,0.33493582699630764,0.44559289581784395,0.12898054513390741,0.06739982157712732,0.023090910474813858,MaxMin,c=0.95,OK,0.3278401115961285,0.47092743764959577,0.12240521292808525,0.06147779905799347,0.01734943876819697,0.028345335216875718,0.027751812803741418,0.37104547570530366,-0.005933591326126021,True,True,-0.005933591326126021,,
dirichlet_23,0.33493582699630764,0.44559289581784395,0.12898054513390741,0.06739982157712732,0.023090910474813858,MaxMin,c=1.0,OK,0.3349358269963076,0.44559289581784384,0.1289805451339074,0.0673998215771273,0.023090910474813854,1.27993912314e-16,1.3304807235834862e-16,0.36343316537466586,-1.1606026671126436e-16,False,True,-1.1606026671126436e-16,,
dirichlet_23,0.33493582699630764,0.44559289581784395,0.12898054513390741,0.06739982157712732,0.023090910474813858,Fair,"alpha=0.0,eps=0.01",OK,0.3782693909175585,0.43351506858519057,0.11746389023156209,0.05753147615445024,0.013220174111238728,0.0484883562379583,0.047352547318581635,0.37076417605838896,-0.01000000000000002,True,True,,,0.05174427244510352
dirichlet_23,0.33493582699630764,0.44559289581784395,0.12898054513390741,0.06739982157712732,0.023090910474813858,Fair,"alpha=0.0,eps=0.02",OK,0.42160295483880933,0.42143724135253713,0.10594723532921674,0.047663130731773154,0.003349437747663597,0.09697671247591658,0.09470509463716324,0.3780951867421119,-0.0200000000000001,True,True,,,0.10348854489020703
dirichlet_23,0.33493582699630764,0.44559289581784395,0.12898054513390741,0.06739982157712732,0.023090910474813858,Fair,"alpha=0.0,eps=0.05",OK,0.5229186727410454,0.38689779017196746,0.07278681752106937,0.017396719565917745,0.0,0.21207050974002872,0.20666374135778626,0.39120314114751487,-0.05000000000000014,True,True,,,0.25643231101809816
dirichlet_23,0.33493582699630764,0.44559289581784395,0.12898054513390741,0.06739982157712732,0.023090910474813858,Fair,"alpha=0.0,eps=0.1",OK,0.6495785117143568,0.3313917074057426,0.019029780879900815,0.0,0.0,0.3594537899877292,0.3493527873322072,0.40152420849421405,-0.10000000000000002,True,True,,,0.5091805792365488
dirichlet_23,0.33493582699630764,0.44559289581784395,0.12898054513390741,0.06739982157712732,0.023090910474813858,Fair,"alpha=0.5,eps=0.01",OK,0.3356142223835469,0.44604410032874225,0.1290510178696816,0.0671562343831908,0.022134425034838423,0.0012817844344915506,0.001298554469450532,0.3638617353129766,-0.0009594211939832688,True,True,,,1.0004473972112282
dirichlet_23,0.33493582699630764,0.44559289581784395,0.12898054513390741,0.06739982157712732,0.023090910474813858,Fair,"alpha=0.5,eps=0.02",OK,0.3362926180295901,0.4464953043411635,0.12912149063237494,0.06691264758408695,0.021177939412784404,0.002563568892803691,0.002597108947604632,0.36429030514300836,-0.0019188425543401472,True,True,,,1.414846277576982
dirichlet_23,0.33493582699630764,0.44559289581784395,0.12898054513390741,0.06739982157712732,0.023090910474813858,Fair,"alpha=0.5,eps=0.05",OK,0.33832780504700216,0.4478489172645205,0.12933290894142138,0.06618188656752133,0.01830848217953465,0.0064089230143772775,0.0064927731574886075,0.36557601502348624,-0.004797107023130982,True,True,,,2.2370683880770397
dirichlet_23,0.33493582699630764,0.44559289581784395,0.12898054513390741,0.06739982157712732,0.023090910474813858,Fair,"alpha=0.5,eps=0.1",OK,0.3417197838166093,0.45010493656070594,0.1296852712391717,0.06496394994831947,0.013526058435193585,0.0128178424791485,0.012985542714239486,0.3677188636709579,-0.009594209563480569,True,True,,,3.163692454374668
dirichlet_23,0.33493582699630764,0.44559289581784395,0.12898054513390741,0.06739982157712732,0.023090910474813858,Fair,"alpha=1.0,eps=0.01",OK,0.3352734114393625,0.4458200335883502,0.12902005840443326,0.06728181603230929,0.022604680535544687,0.0006461122069581812,0.0006545732806848768,0.36364836742073053,-0.00048755031702094417,True,True,,,-23.02360145026797
dirichlet_23,0.33493582699630764,0.44559289581784395,0.12898054513390741,0.06739982157712732,0.023090910474813858,Fair,"alpha=1.0,eps=0.02",OK,0.33561099572703335,0.44604717130622074,0.12905957210333668,0.0671638102121338,0.022118450651275396,0.0012922243493254035,0.0013091465136491757,0.36386356943426396,-0.0009751005911553653,True,True,,,-19.557865547468246
dirichlet_23,0.33493582699630764,0.44559289581784395,0.12898054513390741,0.06739982157712732,0.023090910474813858,Fair,"alpha=1.0,eps=0.05",OK,0.336623748797345,0.44672858400242194,0.12917811297034118,0.06680979318905764,0.020659761040834133,0.003230560598111184,0.003272866011165903,0.3645091753344386,-0.002437751354133683,True,True,,,-14.97641188809747
dirichlet_23,0.33493582699630764,0.44559289581784395,0.12898054513390741,0.06739982157712732,0.023090910474813858,Fair,"alpha=1.0,eps=0.1",OK,0.3383116704728557,0.44786427340348417,0.12937567997070717,0.06621976524630838,0.018228610906644738,0.006461121952763095,0.006545732766174536,0.36558518570092025,-0.0048755033872789144,True,True,,,-11.510675985297745
dirichlet_23,0.33493582699630764,0.44559289581784395,0.12898054513390741,0.06739982157712732,0.023090910474813858,Fair,"alpha=2.0,eps=0.01",OK,0.3351041929692362,0.4457068269535722,0.12900137225856168,0.06734179592651085,0.022845811892118987,0.00032434775321926084,0.0003285951381284049,0.363540980010047,-0.00024572094806135305,True,True,,,-499.8872199961882
dirichlet_23,0.33493582699630764,0.44559289581784395,0.12898054513390741,0.06739982157712732,0.023090910474813858,Fair,"alpha=2.0,eps=0.02",OK,0.3352725589900656,0.4458207580349511,0.12902219948685104,0.06728377036030636,0.022600713127825894,0.0006486956409935192,0.0006571904113109319,0.36364879465630284,-0.0004914420741629267,True,True,,,-249.94360999809413
dirichlet_23,0.33493582699630764,0.44559289581784395,0.12898054513390741,0.06739982157712732,0.023090910474813858,Fair,"alpha=2.0,eps=0.05",OK,0.33577765697988826,0.44616255132998367,0.12908468105056184,0.06710969352845449,0.021865417111111726,0.0016217390918420403,0.0016429760182411143,0.3639722385692158,-0.0012286051820124824,True,True,,,-99.97744399923764
dirichlet_23,0.33493582699630764,0.44559289581784395,0.12898054513390741,0.06739982157712732,0.023090910474813858,Fair,"alpha=2.0,eps=0.1",OK,0.33661948699240984,0.44673220687919757,0.1291888168882872,0.06681956548164153,0.020639923758463838,0.003243478197975545,0.003285952049149225,0.36451131177941903,-0.0024572103525788516,True,True,,,-49.98872199961882
dirichlet_24,0.28356743031879594,0.25931316112899694,0.40856504305184216,0.042033046211393796,0.0065213192889710505,Avg,rho=0.0,OK,5.689893001203927e-16,9.71445146547012e-17,0.999999999999999,3.0184188481996443e-16,7.28583859910259e-17,0.7065822074972338,0.6914876320038174,0.4350871520154461,-0.2707279580454729,True,True,,,
dirichlet_24,0.28356743031879594,0.25931316112899694,0.40856504305184216,0.042033046211393796,0.0065213192889710505,Avg,rho=0.1,OK,0.14192558132661615,0.0,0.8580744186733836,2.0426368929626899e-16,0.0,0.5396051447784598,0.528379275778424,0.41901281622223374,-0.24954909004638498,True,True,,,
dirichlet_24,0.28356743031879594,0.25931316112899694,0.40856504305184216,0.042033046211393796,0.0065213192889710505,Avg,rho=0.2,OK,0.22342241196182092,0.1325111034348572,0.6440664846033219,4.703362197866317e-17,1.7213827070575522e-17,0.27742822246579696,0.27176156594086726,0.39137300085436066,-0.12113806261849343,True,True,,,
dirichlet_24,0.28356743031879594,0.25931316112899694,0.40856504305184216,0.042033046211393796,0.0065213192889710505,Avg,rho=0.5,OK,0.269108107286219,0.21830579712776566,0.5125860955860153,8.219395961918917e-17,7.662747084807072e-17,0.12050045590903366,0.11843392863052336,0.37427935785200617,-0.04147870235739463,True,True,,,
dirichlet_24,0.28356743031879594,0.25931316112899694,0.40856504305184216,0.042033046211393796,0.0065213192889710505,Cert,,FLOOR_COLLAPSED,0.283567430318796,0.259313161128997,0.4085650430518422,0.0420330462113938,0.006521319288971051,9.640209695879514e-17,1.015564677581087e-16,0.3483294492451411,1.797447543848321e-18,False,True,1.797447543848321e-18,-0.0,
dirichlet_24,0.28356743031879594,0.25931316112899694,0.40856504305184216,0.042033046211393796,0.0065213192889710505,MaxMin,c=0.0,INFEASIBLE_BALL_MISSES_SIMPLEX,,,,,,,,,,False,False,,,
dirichlet_24,0.28356743031879594,0.25931316112899694,0.40856504305184216,0.042033046211393796,0.0065213192889710505,MaxMin,c=0.1,INFEASIBLE_BALL_MISSES_SIMPLEX,,,,,,,,,,False,False,,,
dirichlet_24,0.28356743031879594,0.25931316112899694,0.40856504305184216,0.042033046211393796,0.0065213192889710505,MaxMin,c=0.25,INFEASIBLE_BALL_MISSES_SIMPLEX,,,,,,,,,,False,False,,,
dirichlet_24,0.28356743031879594,0.25931316112899694,0.40856504305184216,0.042033046211393796,0.0065213192889710505,MaxMin,c=0.5,INFEASIBLE_BALL_MISSES_SIMPLEX,,,,,,,,,,False,False,,,
dirichlet_24,0.28356743031879594,0.25931316112899694,0.40856504305184216,0.042033046211393796,0.0065213192889710505,MaxMin,c=0.75,INFEASIBLE_BALL_MISSES_SIMPLEX,,,,,,,,,,False,False,,,
dirichlet_24,0.28356743031879594,0.25931316112899694,0.40856504305184216,0.042033046211393796,0.0065213192889710505,MaxMin,c=0.9,OK,0.2610384302831056,0.23737361319856973,0.4804120968743853,0.021175859643939435,0.0,0.08141528471827243,0.07989106915905024,0.36455774043667855,-0.020636725906586,True,True,-0.020636725906586,,
dirichlet_24,0.28356743031879594,0.25931316112899694,0.40856504305184216,0.042033046211393796,0.0065213192889710505,MaxMin,c=0.95,OK,0.27602537481085976,0.2519836721627611,0.43653859826532454,0.03532754018343465,0.00012481457762005164,0.03128902179177296,0.030788367412815338,0.35544037833140274,-0.006733876495020537,True,True,-0.006733876495020537,,
dirichlet_24,0.28356743031879594,0.25931316112899694,0.40856504305184216,0.042033046211393796,0.0065213192889710505,MaxMin,c=1.0,OK,0.283567430318796,0.259313161128997,0.4085650430518422,0.0420330462113938,0.006521319288971051,9.640209695879514e-17,1.015564677581087e-16,0.3483294492451411,1.797447543848321e-18,False,True,1.797447543848321e-18,,
dirichlet_24,0.28356743031879594,0.25931316112899694,0.40856504305184216,0.042033046211393796,0.0065213192889710505,Fair,"alpha=0.0,eps=0.01",OK,0.32324266207162106,0.24745138172563513,0.39722560372390464,0.03208035247883922,0.0,0.044553253835484495,0.04345115831787186,0.3519998171302539,-0.009999999999999988,True,True,,,0.051452338776008855
dirichlet_24,0.28356743031879594,0.25931316112899694,0.40856504305184216,0.042033046211393796,0.0065213192889710505,Fair,"alpha=0.0,eps=0.02",OK,0.3557951164563159,0.2360102477197013,0.38623120334392436,0.021963432480058474,0.0,0.08187784691132209,0.07974666290242456,0.3537180777647721,-0.019999999999999997,True,True,,,0.10233628232832288
dirichlet_24,0.28356743031879594,0.25931316112899694,0.40856504305184216,0.042033046211393796,0.0065213192889710505,Fair,"alpha=0.0,eps=0.05",OK,0.44432857879532,0.20211636981845027,0.3535550513862297,0.0,0.0,0.18425803525990897,0.17916894076765097,0.3566832527276016,-0.049999999999999975,True,True,,,0.2545656999066259
dirichlet_24,0.28356743031879594,0.25931316112899694,0.40856504305184216,0.042033046211393796,0.0065213192889710505,Fair,"alpha=0.0,eps=0.1",OK,0.5520639220315757,0.14750119188310462,0.3004348860853196,0.0,0.0,0.3131991665911611,0.30379099596992937,0.3520688725612009,-0.1,True,True,,,0.5064378127757369
dirichlet_24,0.28356743031879594,0.25931316112899694,0.40856504305184216,0.042033046211393796,0.0065213192889710505,Fair,"alpha=0.5,eps=0.01",OK,0.28424582611466415,0.2597643653539571,0.4086355154983749,0.04178945923825607,0.005564833794747891,0.0012817845327259842,0.0012985545505932298,0.3486869505922763,-0.0009594212376964681,True,True,,,1.000447397211228
dirichlet_24,0.28356743031879594,0.25931316112899694,0.40856504305184216,0.042033046211393796,0.0065213192889710505,Fair,"alpha=0.5,eps=0.02",OK,0.2849242213171837,0.2602155698450011,0.4087059887502786,0.041545871939419714,0.00460834814811694,0.0025635690649850303,0.0025971091346241836,0.3490444521570422,-0.0019188426436900323,True,True,,,1.414846277576982
dirichlet_24,0.28356743031879594,0.25931316112899694,0.40856504305184216,0.042033046211393796,0.0065213192889710505,Fair,"alpha=0.5,eps=0.05",OK,0.28695940808602294,0.261569182277391,0.408917406676055,0.04081511153041623,0.0017388914301149302,0.006408922361155811,0.006492772486225633,0.3501169562093985,-0.004797106576940629,True,True,,,2.2370683880770397
dirichlet_24,0.28356743031879594,0.25931316112899694,0.40856504305184216,0.042033046211393796,0.0065213192889710505,Fair,"alpha=0.5,eps=0.1",OK,0.2896117643098656,0.263128407912713,0.4086172209714642,0.038642606805957054,8.673617379884035e-19,0.010252584483055797,0.010394522592736433,0.3511558625412424,-0.006597250122769644,True,True,,,3.163591591566526
dirichlet_24,0.28356743031879594,0.25931316112899694,0.40856504305184216,0.042033046211393796,0.0065213192889710505,Fair,"alpha=1.0,eps=0.01",OK,0.28390501481396163,0.2595402989710349,0.40860455674194224,0.041915040277730506,0.006035089195330573,0.0006461124721816175,0.0006545735675519303,0.34851012412026583,-0.00048755048602856777,True,True,,,-23.02360145026797
dirichlet_24,0.28356743031879594,0.25931316112899694,0.40856504305184216,0.042033046211393796,0.0065213192889710505,Fair,"alpha=1.0,eps=0.02",OK,0.28424259915422817,0.25976743660580187,0.40864406998065683,0.04179703500370818,0.0055488592556050004,0.0012922245266557431,0.0013091466866983978,0.3486907987277496,-0.0009751007940056622,True,True,,,-19.557865547468246
dirichlet_24,0.28356743031879594,0.25931316112899694,0.40856504305184216,0.042033046211393796,0.0065213192889710505,Fair,"alpha=1.0,eps=0.05",OK,0.285255352781799,0.26044885020550856,0.4087626106489531,0.04144301768576803,0.0040901686779712815,0.0032305621537842147,0.003272867580002886,0.3492328232703081,-0.0024377525284064263,True,True,,,-14.97641188809747
dirichlet_24,0.28356743031879594,0.25931316112899694,0.40856504305184216,0.042033046211393796,0.0065213192889710505,Fair,"alpha=1.0,eps=0.1",OK,0.28694327365071526,0.26158453880520033,0.408960177605891,0.04085298947362162,0.0016590204645718872,0.006461121406345617,0.006545732220760568,0.35013619640845006,-0.0048755026605925775,True,True,,,-11.510675985297745
dirichlet_24,0.28356743031879594,0.25931316112899694,0.40856504305184216,0.042033046211393796,0.0065213192889710505,Fair,"alpha=2.0,eps=0.01",OK,0.2837357963107951,0.25942709223750926,0.4085858702340157,0.041975020605196436,0.006276220612483541,0.0003243478201815075,0.00032859520544753273,0.34842025626128115,-0.000245721040019741,True,True,,,-499.8872199961882
dirichlet_24,0.28356743031879594,0.25931316112899694,0.40856504305184216,0.042033046211393796,0.0065213192889710505,Fair,"alpha=2.0,eps=0.02",OK,0.28390416229509036,0.2595410233623448,0.40860669739671845,0.04191699502353835,0.006031121922308142,0.0006486956468008717,0.0006571904165227477,0.348511063272569,-0.0004914420927506698,True,True,,,-249.9436099980941
dirichlet_24,0.28356743031879594,0.25931316112899694,0.40856504305184216,0.042033046211393796,0.0065213192889710505,Fair,"alpha=2.0,eps=0.05",OK,0.2844092602926249,0.25988281658541684,0.40866917899746286,0.04174291820672174,0.005295825917773681,0.0016217390668599758,0.0016429759922124492,0.3487834843215565,-0.0012286051880279548,True,True,,,-99.97744399923764
dirichlet_24,0.28356743031879594,0.25931316112899694,0.40856504305184216,0.042033046211393796,0.0065213192889710505,Fair,"alpha=2.0,eps=0.1",OK,0.285251090298604,0.2604524721851275,0.40877331483535,0.04145279011912503,0.004070332561793448,0.0032434781971596507,0.003285952048984165,0.3492375193992529,-0.0024572103634032632,True,True,,,-49.98872199961882
dirichlet_25,0.1522338181206526,0.5475804929740837,0.24739436144658847,0.00581048234519229,0.046980845113482626,Avg,rho=0.0,OK,0.0,1.0,0.0,5.898059818321144e-17,0.0,0.5397253721156632,0.5258001587588657,0.5684686316891439,-0.23553676359593526,True,True,,,
dirichlet_25,0.1522338181206526,0.5475804929740837,0.24739436144658847,0.00581048234519229,0.046980845113482626,Avg,rho=0.1,OK,1.9081958235744873e-16,0.9999999999999998,0.0,0.0,1.049507702965968e-16,0.539725372115663,0.5258001587588655,0.5684686316891437,-0.23553676359593526,True,True,,,
dirichlet_25,0.1522338181206526,0.5475804929740837,0.24739436144658847,0.00581048234519229,0.046980845113482626,Avg,rho=0.2,OK,0.0,0.9999999999999999,1.3877787807814457e-16,0.0,2.680871212618e-17,0.5397253721156631,0.5258001587588655,0.5684686316891437,-0.23553676359593514,True,True,,,
dirichlet_25,0.1522338181206526,0.5475804929740837,0.24739436144658847,0.00581048234519229,0.046980845113482626,Avg,rho=0.5,OK,0.00961681328855039,0.797594337454765,0.1927888492566846,9.563658425035173e-17,0.0,0.2967646474455351,0.28826831273723097,0.5091643781568965,-0.12974706930192653,True,True,,,
dirichlet_25,0.1522338181206526,0.5475804929740837,0.24739436144658847,0.00581048234519229,0.046980845113482626,Cert,,FLOOR_COLLAPSED,0.15223381812065262,0.5475804929740838,0.24739436144658852,0.005810482345192291,0.04698084511348264,1.2794982158516685e-16,1.3224520473366641e-16,0.4134030703291363,4.6861417091745585e-18,False,True,4.6861417091745585e-18,-0.0,
dirichlet_25,0.1522338181206526,0.5475804929740837,0.24739436144658847,0.00581048234519229,0.046980845113482626,MaxMin,c=0.0,INFEASIBLE_BALL_MISSES_SIMPLEX,,,,,,,,,,False,False,,,
dirichlet_25,0.1522338181206526,0.5475804929740837,0.24739436144658847,0.00581048234519229,0.046980845113482626,MaxMin,c=0.1,INFEASIBLE_BALL_MISSES_SIMPLEX,,,,,,,,,,False,False,,,
dirichlet_25,0.1522338181206526,0.5475804929740837,0.24739436144658847,0.00581048234519229,0.046980845113482626,MaxMin,c=0.25,INFEASIBLE_BALL_MISSES_SIMPLEX,,,,,,,,,,False,False,,,
dirichlet_25,0.1522338181206526,0.5475804929740837,0.24739436144658847,0.00581048234519229,0.046980845113482626,MaxMin,c=0.5,INFEASIBLE_BALL_MISSES_SIMPLEX,,,,,,,,,,False,False,,,
dirichlet_25,0.1522338181206526,0.5475804929740837,0.24739436144658847,0.00581048234519229,0.046980845113482626,MaxMin,c=0.75,OK,0.10301123219020716,0.6916604411862316,0.2010167449943511,3.816391647148976e-17,0.004311581629210062,0.16488543144153214,0.16098785614190547,0.4701907089335436,-0.0427196592338022,True,True,-0.0427196592338022,,
dirichlet_25,0.1522338181206526,0.5475804929740837,0.24739436144658847,0.00581048234519229,0.046980845113482626,MaxMin,c=0.9,OK,0.1362349182059321,0.5979319738297035,0.23240522012564985,0.0,0.033427887838714504,0.056862598747767786,0.05557184354909276,0.4338096414521839,-0.013711926429388234,True,True,-0.013711926429388234,,
dirichlet_25,0.1522338181206526,0.5475804929740837,0.24739436144658847,0.00581048234519229,0.046980845113482626,MaxMin,c=0.95,OK,0.14563297819703458,0.5711481314345251,0.24127761170573106,0.00030147860585373615,0.04163980005685538,0.02636845050791863,0.025816322044581407,0.42336864091348925,-0.0055197657046587205,True,True,-0.0055197657046587205,,
dirichlet_25,0.1522338181206526,0.5475804929740837,0.24739436144658847,0.00581048234519229,0.046980845113482626,MaxMin,c=1.0,OK,0.15223381812065262,0.5475804929740838,0.24739436144658852,0.005810482345192291,0.04698084511348264,1.2794982158516685e-16,1.3224520473366641e-16,0.4134030703291363,4.6861417091745585e-18,False,True,4.6861417091745585e-18,,
dirichlet_25,0.1522338181206526,0.5475804929740837,0.24739436144658847,0.00581048234519229,0.046980845113482626,Fair,"alpha=0.0,eps=0.01",OK,0.19130033722803733,0.5357018245861855,0.23601918331605204,0.0,0.03697865486972509,0.04393740855005962,0.04283384734439616,0.4106662670132807,-0.009999999999999988,True,True,,,0.051551529452472176
dirichlet_25,0.1522338181206526,0.5475804929740837,0.24739436144658847,0.00581048234519229,0.046980845113482626,Fair,"alpha=0.0,eps=0.02",OK,0.22425684520796868,0.5241083331323633,0.22484658675841565,0.0,0.026788234901252334,0.08178119633577761,0.07961958714922601,0.4070502277589895,-0.01999999999999999,True,True,,,0.10282706887411804
dirichlet_25,0.1522338181206526,0.5475804929740837,0.24739436144658847,0.00581048234519229,0.046980845113482626,Fair,"alpha=0.0,eps=0.05",OK,0.31889080335041786,0.4895767544313271,0.19153244221825494,0.0,0.0,0.1910510401524796,0.18577249755853542,0.39574242607463334,-0.049999999999999954,True,True,,,0.256319162401357
dirichlet_25,0.1522338181206526,0.5475804929740837,0.24739436144658847,0.00581048234519229,0.046980845113482626,Fair,"alpha=0.0,eps=0.1",OK,0.4266261465866737,0.4349615764959815,0.13841227691734487,0.0,0.0,0.31951874206485387,0.30984537827448144,0.3714709249512341,-0.09999999999999994,True,True,,,0.5081912752704679
dirichlet_25,0.1522338181206526,0.5475804929740837,0.24739436144658847,0.00581048234519229,0.046980845113482626,Fair,"alpha=0.5,eps=0.01",OK,0.1529122136257229,0.5480316969548588,0.24746483433557676,0.005566895394793862,0.046024359689047806,0.0012817842607903496,0.0012985542864511314,0.41376115205890224,-0.0009594211698671522,True,True,,,1.0004473972112282
dirichlet_25,0.1522338181206526,0.5475804929740837,0.24739436144658847,0.00581048234519229,0.046980845113482626,Fair,"alpha=0.5,eps=0.02",OK,0.15359060927936233,0.5484829015081373,0.24753530697997755,0.005323308283781208,0.04506787394874153,0.0025635690545235132,0.002597109112235874,0.4141192340558518,-0.001918842658799842,True,True,,,1.4148462775769817
dirichlet_25,0.1522338181206526,0.5475804929740837,0.24739436144658847,0.00581048234519229,0.046980845113482626,Fair,"alpha=0.5,eps=0.05",OK,0.15562579655274786,0.5498365138906554,0.24774672498462355,0.004592548528559113,0.04219841604341422,0.006408923366266658,0.006492773469542853,0.41519347940577395,-0.004797107749750035,True,True,,,2.2370683880770397
dirichlet_25,0.1522338181206526,0.5475804929740837,0.24739436144658847,0.00581048234519229,0.046980845113482626,Fair,"alpha=0.5,eps=0.1",OK,0.15901777490171531,0.552092536235686,0.24809908876877756,0.003374611898563277,0.03741598819525796,0.01281784682774014,0.012985547121820715,0.416983889341984,-0.00959421438469893,True,True,,,3.163692454374668
dirichlet_25,0.1522338181206526,0.5475804929740837,0.24739436144658847,0.00581048234519229,0.046980845113482626,Fair,"alpha=1.0,eps=0.01",OK,0.1525714025223661,0.5478076307356029,0.24743387476532216,0.005692476718160165,0.046494615258548755,0.0006461121366959521,0.000654573213231901,0.41358353993380537,-0.000487550236279416,True,True,,,-23.02360145026797
dirichlet_25,0.1522338181206526,0.5475804929740837,0.24739436144658847,0.00581048234519229,0.046980845113482626,Fair,"alpha=1.0,eps=0.02",OK,0.152908986900449,0.5480347684377003,0.24747338837395363,0.00557447103529664,0.0460083852526006,0.0012922243817270703,0.0013091465433975613,0.41376400957193904,-0.0009751006260596949,True,True,,,-19.557865547468246
dirichlet_25,0.1522338181206526,0.5475804929740837,0.24739436144658847,0.00581048234519229,0.046980845113482626,Fair,"alpha=1.0,eps=0.05",OK,0.153921739881708,0.5487161819284017,0.24759192851271147,0.005220454124682408,0.04454969555249642,0.003230560865686025,0.0032728662659669773,0.4143054185016599,-0.002437751472117107,True,True,,,-14.976411888097472
dirichlet_25,0.1522338181206526,0.5475804929740837,0.24739436144658847,0.00581048234519229,0.046980845113482626,Fair,"alpha=1.0,eps=0.1",OK,0.155609662076292,0.5498518703522018,0.24778949573571976,0.0046304257114177395,0.042118546124368744,0.006461121716200244,0.0065457325171624425,0.4152077665055299,-0.004875502817890768,True,True,,,-11.510675985297745
dirichlet_25,0.1522338181206526,0.5475804929740837,0.24739436144658847,0.00581048234519229,0.046980845113482626,Fair,"alpha=2.0,eps=0.01",OK,0.15240218411817166,0.547694424083185,0.24741518863018683,0.005752456733410096,0.046735746435046445,0.0003243478258168896,0.0003285952112645644,0.4134936471238492,-0.00024572104214770645,True,True,,,-499.88721999618826
dirichlet_25,0.1522338181206526,0.5475804929740837,0.24739436144658847,0.00581048234519229,0.046980845113482626,Fair,"alpha=2.0,eps=0.02",OK,0.1525705501361627,0.5478083552782554,0.2474360158205067,0.005694430982468454,0.04649064778260659,0.0006486956981408986,0.0006571904736294502,0.41358422397144934,-0.0004914420633595855,True,True,,,-249.9436099980941
dirichlet_25,0.1522338181206526,0.5475804929740837,0.24739436144658847,0.00581048234519229,0.046980845113482626,Fair,"alpha=2.0,eps=0.05",OK,0.1530756481463865,0.5481501486272926,0.2474984972454783,0.0055203542120164945,0.04575535176882618,0.0016217391564390701,0.0016429760836856996,0.4138559543389747,-0.0012286051655347326,True,True,,,-99.97744399923764
dirichlet_25,0.1522338181206526,0.5475804929740837,0.24739436144658847,0.00581048234519229,0.046980845113482626,Fair,"alpha=2.0,eps=0.1",OK,0.15391747812706982,0.5487198039692919,0.24760263326159532,0.00523022625114203,0.04452985839090099,0.003243478188440801,0.00328595204024078,0.41430883822589626,-0.002457210358906533,True,True,,,-49.98872199961882
dirichlet_26,0.030099609448743837,0.012994274629629415,0.3463617676071789,0.23751605438909834,0.37302829392534964,Avg,rho=0.0,OK,1.4895204919483636e-16,0.0,3.330669073875469e-16,0.0,0.9999999999999996,0.7553467468870232,0.7501293027652041,0.38295169387409334,-0.352125179773673,True,True,,,
dirichlet_26,0.030099609448743837,0.012994274629629415,0.3463617676071789,0.23751605438909834,0.37302829392534964,Avg,rho=0.1,OK,0.0,4.0544564952534984e-17,0.4089997787714934,0.0,0.5910002212285066,0.33003635449682783,0.3229581873964372,0.37055164612679453,-0.22845559685766736,True,True,,,
dirichlet_26,0.030099609448743837,0.012994274629629415,0.3463617676071789,0.23751605438909834,0.37302829392534964,Avg,rho=0.2,OK,0.0,1.144752117163157e-16,0.41662517362600576,0.06201930298454352,0.5213555233894507,0.24251156805713794,0.23716355413639867,0.362625675920474,-0.1690870505786351,True,True,,,
dirichlet_26,0.030099609448743837,0.012994274629629415,0.3463617676071789,0.23751605438909834,0.37302829392534964,Avg,rho=0.5,OK,4.5874758315255415e-17,1.3923592027124683e-17,0.38391489178709753,0.17557078925691574,0.44051431895598675,0.10429119926686864,0.10201997930818667,0.34952896356663926,-0.05930832694053009,True,True,,,
dirichlet_26,0.030099609448743837,0.012994274629629415,0.3463617676071789,0.23751605438909834,0.37302829392534964,Cert,,FLOOR_COLLAPSED,0.030099609448743837,0.012994274629629415,0.3463617676071789,0.23751605438909834,0.37302829392534964,0.0,0.0,0.3285973586151986,0.0,False,True,0.0,-0.0,
dirichlet_26,0.030099609448743837,0.012994274629629415,0.3463617676071789,0.23751605438909834,0.37302829392534964,MaxMin,c=0.0,INFEASIBLE_BALL_MISSES_SIMPLEX,,,,,,,,,,False,False,,,
dirichlet_26,0.030099609448743837,0.012994274629629415,0.3463617676071789,0.23751605438909834,0.37302829392534964,MaxMin,c=0.1,INFEASIBLE_BALL_MISSES_SIMPLEX,,,,,,,,,,False,False,,,
dirichlet_26,0.030099609448743837,0.012994274629629415,0.3463617676071789,0.23751605438909834,0.37302829392534964,MaxMin,c=0.25,INFEASIBLE_BALL_MISSES_SIMPLEX,,,,,,,,,,False,False,,,
dirichlet_26,0.030099609448743837,0.012994274629629415,0.3463617676071789,0.23751605438909834,0.37302829392534964,MaxMin,c=0.5,INFEASIBLE_BALL_MISSES_SIMPLEX,,,,,,,,,,False,False,,,
dirichlet_26,0.030099609448743837,0.012994274629629415,0.3463617676071789,0.23751605438909834,0.37302829392534964,MaxMin,c=0.75,INFEASIBLE_BALL_MISSES_SIMPLEX,,,,,,,,,,False,False,,,
dirichlet_26,0.030099609448743837,0.012994274629629415,0.3463617676071789,0.23751605438909834,0.37302829392534964,MaxMin,c=0.9,OK,0.015466600046921995,3.642919299551295e-17,0.3513218803876036,0.22114282848614458,0.4120686910793299,0.04690217470979609,0.04647595175894373,0.33979071572619834,-0.015180213641052164,True,True,-0.015180213641052164,,
dirichlet_26,0.030099609448743837,0.012994274629629415,0.3463617676071789,0.23751605438909834,0.37302829392534964,MaxMin,c=0.95,OK,0.023440435389501895,0.006423985356173714,0.3456316868090349,0.22979998755185013,0.3947039048934393,0.02484785939546579,0.02471587911236535,0.3340428192244347,-0.007078522720650482,True,True,-0.007078522720650482,,
dirichlet_26,0.030099609448743837,0.012994274629629415,0.3463617676071789,0.23751605438909834,0.37302829392534964,MaxMin,c=1.0,OK,0.030099609448743837,0.012994274629629415,0.3463617676071789,0.23751605438909834,0.37302829392534964,0.0,0.0,0.3285973586151986,0.0,False,True,0.0,,
dirichlet_26,0.030099609448743837,0.012994274629629415,0.3463617676071789,0.23751605438909834,0.37302829392534964,Fair,"alpha=0.0,eps=0.01",OK,0.07343317336999472,0.0009164473969760498,0.3348451127048335,0.2276477089664212,0.3631575575617745,0.048488356237958344,0.04735254731858168,0.3201548410070056,-0.01000000000000007,True,True,,,0.05174427244510352
dirichlet_26,0.030099609448743837,0.012994274629629415,0.3463617676071789,0.23751605438909834,0.37302829392534964,Fair,"alpha=0.0,eps=0.02",OK,0.10549991138776635,0.0,0.32341712104557885,0.2177565093211044,0.3533264582455505,0.08461155631431577,0.08289992962052575,0.3115306136495761,-0.02000000000000002,True,True,,,0.10338441724068945
dirichlet_26,0.030099609448743837,0.012994274629629415,0.3463617676071789,0.23751605438909834,0.37302829392534964,Fair,"alpha=0.0,eps=0.05",OK,0.198924809102929,0.0,0.28915498616273144,0.1880772807874276,0.3238429239469119,0.19185100471410504,0.188530815235986,0.2856131716741722,-0.050000000000000065,True,True,,,0.2582792022414147
dirichlet_26,0.030099609448743837,0.012994274629629415,0.3463617676071789,0.23751605438909834,0.37302829392534964,Fair,"alpha=0.0,eps=0.1",OK,0.3546329719615335,0.0,0.2320514280246525,0.13861189989796638,0.2747037001158476,0.37149342634276816,0.3654765589538148,0.24241743504849908,-0.10000000000000009,True,True,,,0.5164371772426235
dirichlet_26,0.030099609448743837,0.012994274629629415,0.3463617676071789,0.23751605438909834,0.37302829392534964,Fair,"alpha=0.5,eps=0.01",OK,0.030778004835983128,0.013445479140527848,0.34643224034295306,0.23727246719516176,0.37207180848537413,0.0012817844344916861,0.0012985544694506703,0.32824624421935056,-0.000959421193983343,True,True,,,1.0004473972112282
dirichlet_26,0.030099609448743837,0.012994274629629415,0.3463617676071789,0.23751605438909834,0.37302829392534964,Fair,"alpha=0.5,eps=0.02",OK,0.03145640046667703,0.013896683033719253,0.34650271342941136,0.23702888031015615,0.37111532276003634,0.0025635689539066945,0.002597109017994868,0.32789512990925507,-0.001918842661467177,True,True,,,1.414846277576982
dirichlet_26,0.030099609448743837,0.012994274629629415,0.3463617676071789,0.23751605438909834,0.37302829392534964,Fair,"alpha=0.5,eps=0.05",OK,0.033491587155029194,0.01525029599856629,0.34671413124006784,0.2362981195045545,0.3682458661017821,0.0064089224193651295,0.006492772552449759,0.3268417866619599,-0.004797106549349368,True,True,,,2.2370683880770397
dirichlet_26,0.030099609448743837,0.012994274629629415,0.3463617676071789,0.23751605438909834,0.37302829392534964,Fair,"alpha=0.5,eps=0.1",OK,0.03688356535739322,0.017506317275006976,0.3470664952625495,0.23508018411380477,0.3634634379912457,0.012817845400482523,0.0129855456879361,0.3250862146291546,-0.00959421340239029,True,True,,,3.163692454374668
dirichlet_26,0.030099609448743837,0.012994274629629415,0.3463617676071789,0.23751605438909834,0.37302829392534964,Fair,"alpha=1.0,eps=0.01",OK,0.03043719379127071,0.013221412363447123,0.34640128110093893,0.2373980487387234,0.37254206400561984,0.0006461121597626292,0.0006545732413013892,0.328421197532637,-0.0004875503024603373,True,True,,,-23.02360145026797
dirichlet_26,0.030099609448743837,0.012994274629629415,0.3463617676071789,0.23751605438909834,0.37302829392534964,Fair,"alpha=1.0,eps=0.02",OK,0.030774778226351326,0.013448550088937167,0.34644079448147397,0.23728004305326292,0.3720558341499746,0.0012922243162126958,0.0013091464767516921,0.328245036430401,-0.0009751005416475,True,True,,,-19.557865547468246
dirichlet_26,0.030099609448743837,0.012994274629629415,0.3463617676071789,0.23751605438909834,0.37302829392534964,Fair,"alpha=1.0,eps=0.05",OK,0.03178753183877699,0.014129963107587245,0.3465593345998064,0.2369260261113229,0.37059714434250657,0.003230561049268376,0.0032728664418920734,0.3277165530642765,-0.0024377514935552272,True,True,,,-14.97641188809747
dirichlet_26,0.030099609448743837,0.012994274629629415,0.3463617676071789,0.23751605438909834,0.37302829392534964,Fair,"alpha=1.0,eps=0.1",OK,0.03347545316696049,0.015265652388457084,0.34675690135070963,0.23633599724780566,0.36816599584606713,0.0064611211006223,0.00654573190166633,0.32683574766270473,-0.004875501928829427,True,True,,,-11.510675985297745
dirichlet_26,0.030099609448743837,0.012994274629629415,0.3463617676071789,0.23751605438909834,0.37302829392534964,Fair,"alpha=2.0,eps=0.01",OK,0.030267975450923596,0.013108205728462097,0.34638259479355726,0.2374580287642634,0.3727831952627938,0.00032434781514264203,0.0003285952007734006,0.32850913832212336,-0.0002457210267928439,True,True,,,-499.8872199961882
dirichlet_26,0.030099609448743837,0.012994274629629415,0.3463617676071789,0.23751605438909834,0.37302829392534964,Fair,"alpha=2.0,eps=0.02",OK,0.03043634144232263,0.013222136846721761,0.3464034219596628,0.23740000317295396,0.37253809657833903,0.0006486956407618847,0.0006571904110512399,0.32842091802229095,-0.0004914420741601893,True,True,,,-249.9436099980941
dirichlet_26,0.030099609448743837,0.012994274629629415,0.3463617676071789,0.23751605438909834,0.37302829392534964,Fair,"alpha=2.0,eps=0.05",OK,0.030941439429884105,0.013563930150497524,0.34646590349194295,0.23722592636933987,0.3718028005583357,0.0016217390889233297,0.0016429760139419073,0.3281562571387797,-0.0012286051841706015,True,True,,,-99.97744399923764
dirichlet_26,0.030099609448743837,0.012994274629629415,0.3463617676071789,0.23751605438909834,0.37302829392534964,Fair,"alpha=2.0,eps=0.1",OK,0.03178326943406774,0.014133585729400908,0.3465700396026275,0.2369357980900829,0.3705773071438211,0.0032434783070195445,0.0032859521700523238,0.3277151556599925,-0.002457210425682602,True,True,,,-49.98872199961882
dirichlet_27,0.18418611410119867,0.06078553309529848,0.19270023192552205,0.05303530820915666,0.5092928126688242,Avg,rho=0.0,OK,2.7755575615628907e-17,2.0816681711721682e-17,0.0,1.1796119636642286e-16,0.9999999999999998,0.5642331722442797,0.5669838233372323,0.5130958063862897,-0.20540522309340226,True,True,,,
dirichlet_27,0.18418611410119867,0.06078553309529848,0.19270023192552205,0.05303530820915666,0.5092928126688242,Avg,rho=0.1,OK,0.0,0.0,8.326672684688674e-17,0.0,1.0,0.5642331722442799,0.5669838233372324,0.5130958063862898,-0.20540522309340217,True,True,,,
dirichlet_27,0.18418611410119867,0.06078553309529848,0.19270023192552205,0.05303530820915666,0.5092928126688242,Avg,rho=0.2,OK,1.3675434078164198e-16,0.0,0.0,9.034293768012642e-17,0.9999999999999998,0.5642331722442797,0.5669838233372323,0.5130958063862897,-0.20540522309340226,True,True,,,
dirichlet_27,0.18418611410119867,0.06078553309529848,0.19270023192552205,0.05303530820915666,0.5092928126688242,Avg,rho=0.5,OK,0.1183066821513747,5.837793424124001e-17,0.13091777871825358,0.0,0.7507755391303716,0.27014570736578847,0.2705184303400751,0.43613363424591983,-0.07199007699245605,True,True,,,
dirichlet_27,0.18418611410119867,0.06078553309529848,0.19270023192552205,0.05303530820915666,0.5092928126688242,Cert,,FLOOR_COLLAPSED,0.18418611410119867,0.06078553309529848,0.19270023192552205,0.05303530820915666,0.5092928126688242,0.0,0.0,0.3476622686986857,0.0,False,True,0.0,-0.0,
dirichlet_27,0.18418611410119867,0.06078553309529848,0.19270023192552205,0.05303530820915666,0.5092928126688242,MaxMin,c=0.0,INFEASIBLE_BALL_MISSES_SIMPLEX,,,,,,,,,,False,False,,,
dirichlet_27,0.18418611410119867,0.06078553309529848,0.19270023192552205,0.05303530820915666,0.5092928126688242,MaxMin,c=0.1,INFEASIBLE_BALL_MISSES_SIMPLEX,,,,,,,,,,False,False,,,
dirichlet_27,0.18418611410119867,0.06078553309529848,0.19270023192552205,0.05303530820915666,0.5092928126688242,MaxMin,c=0.25,INFEASIBLE_BALL_MISSES_SIMPLEX,,,,,,,,,,False,False,,,
dirichlet_27,0.18418611410119867,0.06078553309529848,0.19270023192552205,0.05303530820915666,0.5092928126688242,MaxMin,c=0.5,OK,0.14222354192797837,0.019239610996362025,0.1511769280391006,0.0018056876212020484,0.685554231415357,0.1972401268408994,0.1969092180398685,0.4134442674023804,-0.04625007656401556,True,True,-0.04625007656401556,,
dirichlet_27,0.18418611410119867,0.06078553309529848,0.19270023192552205,0.05303530820915666,0.5092928126688242,MaxMin,c=0.75,OK,0.16414854725544054,0.040946921015237045,0.17287242027836416,0.02857262887728604,0.5934594825736723,0.09418422230948319,0.0940262098980148,0.37907386069623356,-0.022084895009470328,True,True,-0.022084895009470328,,
dirichlet_27,0.18418611410119867,0.06078553309529848,0.19270023192552205,0.05303530820915666,0.5092928126688242,MaxMin,c=0.9,OK,0.17627775847338867,0.05295570022691795,0.18487466173359207,0.04338046492131146,0.5425114146447899,0.03717229393596785,0.03710993015931177,0.3600596841266408,-0.008716387827033961,True,True,-0.008716387827033961,,
dirichlet_27,0.18418611410119867,0.06078553309529848,0.19270023192552205,0.05303530820915666,0.5092928126688242,MaxMin,c=0.95,OK,0.1802454488518611,0.056883995058232474,0.18880081794328518,0.04822438325550178,0.5258453548911195,0.018522632750163828,0.01849155741932997,0.35383979364290324,-0.0043433007095624535,True,True,-0.0043433007095624535,,
dirichlet_27,0.18418611410119867,0.06078553309529848,0.19270023192552205,0.05303530820915666,0.5092928126688242,MaxMin,c=1.0,OK,0.18418611410119867,0.06078553309529848,0.19270023192552205,0.05303530820915666,0.5092928126688242,0.0,0.0,0.3476622686986857,0.0,False,True,0.0,,
dirichlet_27,0.18418611410119867,0.06078553309529848,0.19270023192552205,0.05303530820915666,0.5092928126688242,Fair,"alpha=0.0,eps=0.01",OK,0.22751967802244952,0.0487077058626451,0.1811835770231767,0.04316696278647958,0.499422076305249,0.048488356237958295,0.047352547318581635,0.347192845167343,-0.010000000000000087,True,True,,,0.05174427244510352
dirichlet_27,0.18418611410119867,0.06078553309529848,0.19270023192552205,0.05303530820915666,0.5092928126688242,Fair,"alpha=0.0,eps=0.02",OK,0.2708532419437005,0.03662987862999175,0.1696669221208314,0.033298617363802505,0.48955133994167394,0.09697671247591663,0.09470509463716333,0.3467234216360004,-0.020000000000000007,True,True,,,0.10348854489020703
dirichlet_27,0.18418611410119867,0.06078553309529848,0.19270023192552205,0.05303530820915666,0.5092928126688242,Fair,"alpha=0.0,eps=0.05",OK,0.40085393370745304,0.0003963969320316534,0.13511695741379542,0.0036935810957712803,0.45993913085094845,0.24244178118979148,0.2367627365929082,0.34531515104197236,-0.05000000000000009,True,True,,,0.25872136222551756
dirichlet_27,0.18418611410119867,0.06078553309529848,0.19270023192552205,0.05303530820915666,0.5092928126688242,Fair,"alpha=0.0,eps=0.1",OK,0.5111040277961784,0.0,0.07958804522315925,0.0,0.40930792698066243,0.3690180095765829,0.360862473084246,0.32989660867285014,-0.10000000000000003,True,True,,,0.5147301493822474
dirichlet_27,0.18418611410119867,0.06078553309529848,0.19270023192552205,0.05303530820915666,0.5092928126688242,Fair,"alpha=0.5,eps=0.01",OK,0.18486450948843794,0.061236737606196905,0.19277070466129623,0.05279172101522014,0.5083363272288487,0.0012817844344916612,0.0012985544694506452,0.34734167349969625,-0.000959421193983341,True,True,,,1.0004473972112282
dirichlet_27,0.18418611410119867,0.06078553309529848,0.19270023192552205,0.05303530820915666,0.5092928126688242,Fair,"alpha=0.5,eps=0.02",OK,0.1855429053142624,0.06168794167764338,0.19284117733353587,0.05254813427536829,0.5073798413991901,0.002563569147416375,0.002597109199866146,0.34702107817611616,-0.0019188427580769704,True,True,,,1.4148462775769817
dirichlet_27,0.18418611410119867,0.06078553309529848,0.19270023192552205,0.05303530820915666,0.5092928126688242,Fair,"alpha=0.5,eps=0.05",OK,0.18757809203281084,0.0630415544920754,0.19305259556726376,0.05181737307290956,0.5045103848349405,0.006408922604439192,0.00649277274378029,0.34605929254218043,-0.004797106567941147,True,True,,,2.2370683880770397
dirichlet_27,0.18418611410119867,0.06078553309529848,0.19270023192552205,0.05303530820915666,0.5092928126688242,Fair,"alpha=0.5,eps=0.1",OK,0.19097007026374224,0.06529757601480449,0.1934049597804263,0.05059943697143268,0.4997279569695944,0.012817845649956755,0.012985545967742967,0.3444563164807349,-0.009594213202871966,True,True,,,3.163692454374668
dirichlet_27,0.18418611410119867,0.06078553309529848,0.19270023192552205,0.05303530820915666,0.5092928126688242,Fair,"alpha=1.0,eps=0.01",OK,0.18452369848177916,0.06101267082750709,0.1927397453823591,0.052917302559797756,0.508806582748557,0.0006461121770402665,0.000654573257541782,0.34749886057976054,-0.00048755030270334975,True,True,,,-23.02360145026797
dirichlet_27,0.18418611410119867,0.06078553309529848,0.19270023192552205,0.05303530820915666,0.5092928126688242,Fair,"alpha=1.0,eps=0.02",OK,0.18486128274840874,0.06123980849050729,0.19277925914531613,0.05279929677194305,0.5083203528438248,0.0012922243025378522,0.001309146473861743,0.3473354524918141,-0.0009751005963484036,True,True,,,-19.557865547468246
dirichlet_27,0.18418611410119867,0.06078553309529848,0.19270023192552205,0.05303530820915666,0.5092928126688242,Fair,"alpha=1.0,eps=0.05",OK,0.18587403623537752,0.06192122171410289,0.19289779915023197,0.052445280031006354,0.5068616628692814,0.0032305611241765556,0.0032728665234376367,0.34684522803892065,-0.0024377517074852264,True,True,,,-14.97641188809747
dirichlet_27,0.18418611410119867,0.06078553309529848,0.19270023192552205,0.05303530820915666,0.5092928126688242,Fair,"alpha=1.0,eps=0.1",OK,0.18756195856615135,0.06305691008006321,0.19309536629428128,0.05185525205284089,0.5044305130066633,0.006461122268194128,0.006545733056407569,0.34602818736484764,-0.0048755034696600745,True,True,,,-11.510675985297745
dirichlet_27,0.18418611410119867,0.06078553309529848,0.19270023192552205,0.05303530820915666,0.5092928126688242,Fair,"alpha=2.0,eps=0.01",OK,0.18435448009919203,0.06089946420259288,0.19272105910213083,0.05297728260083518,0.5090477139952492,0.00032434782068704757,0.0003285952058292033,0.3475797899520762,-0.0002457210371556643,True,True,,,-499.8872199961882
dirichlet_27,0.18418611410119867,0.06078553309529848,0.19270023192552205,0.05303530820915666,0.5092928126688242,Fair,"alpha=2.0,eps=0.02",OK,0.18452284610072114,0.06101339530691881,0.1927418862806143,0.05291925698985365,0.5088026153218922,0.0006486956425982505,0.0006571904129502241,0.3474973112062173,-0.0004914420741841833,True,True,,,-249.9436099980941
dirichlet_27,0.18418611410119867,0.06078553309529848,0.19270023192552205,0.05303530820915666,0.5092928126688242,Fair,"alpha=2.0,eps=0.05",OK,0.1850279440869571,0.0613551886207291,0.19280436782182414,0.05274518017024368,0.5080673193002461,0.0016217390982728372,0.001642976024113223,0.34724987496644494,-0.0012286051864413025,True,True,,,-99.97744399923764
dirichlet_27,0.18418611410119867,0.06078553309529848,0.19270023192552205,0.05303530820915666,0.5092928126688242,Fair,"alpha=2.0,eps=0.1",OK,0.1858697739890913,0.061924844110645375,0.19290850375045857,0.05245505216541895,0.5068418259843859,0.0032434780968028576,0.003285951947882077,0.34683748125073804,-0.002457210319540914,True,True,,,-49.988721999618825
dirichlet_28,0.16272172114595412,0.24607378484734208,0.4983077122411494,0.011027463914329658,0.08186931785122468,Avg,rho=0.0,OK,6.849587172334054e-16,1.6653345369377348e-16,0.999999999999999,2.1413513008251453e-16,0.0,0.5878350175723733,0.5761300572586222,0.517595582304661,-0.23514992883005617,True,True,,,
dirichlet_28,0.16272172114595412,0.24607378484734208,0.4983077122411494,0.011027463914329658,0.08186931785122468,Avg,rho=0.1,OK,1.1070663000640419e-16,1.6653345369377346e-16,0.9999999999999997,0.0,0.0,0.5878350175723741,0.576130057258623,0.5175955823046612,-0.23514992883005617,True,True,,,
dirichlet_28,0.16272172114595412,0.24607378484734208,0.4983077122411494,0.011027463914329658,0.08186931785122468,Avg,rho=0.2,OK,0.0,0.06306394472205153,0.9369360552779484,0.0,0.0,0.509107035500788,0.4990280344506021,0.5025375598787222,-0.17484009875977188,True,True,,,
dirichlet_28,0.16272172114595412,0.24607378484734208,0.4983077122411494,0.011027463914329658,0.08186931785122468,Avg,rho=0.5,OK,0.057304012639901064,0.2212726520860717,0.7214233352740271,6.939740936854483e-17,0.0,0.26140535736680154,0.25678940818344476,0.4468366880611336,-0.09638185737209343,True,True,,,
dirichlet_28,0.16272172114595412,0.24607378484734208,0.4983077122411494,0.011027463914329658,0.08186931785122468,Cert,,FLOOR_COLLAPSED,0.16272172114595415,0.2460737848473421,0.49830771224114945,0.01102746391432966,0.0818693178512247,6.941061969544858e-17,7.22965143366368e-17,0.367117007486147,4.120134955563829e-18,False,True,4.120134955563829e-18,-0.0,
dirichlet_28,0.16272172114595412,0.24607378484734208,0.4983077122411494,0.011027463914329658,0.08186931785122468,MaxMin,c=0.0,INFEASIBLE_BALL_MISSES_SIMPLEX,,,,,,,,,,False,False,,,
dirichlet_28,0.16272172114595412,0.24607378484734208,0.4983077122411494,0.011027463914329658,0.08186931785122468,MaxMin,c=0.1,INFEASIBLE_BALL_MISSES_SIMPLEX,,,,,,,,,,False,False,,,
dirichlet_28,0.16272172114595412,0.24607378484734208,0.4983077122411494,0.011027463914329658,0.08186931785122468,MaxMin,c=0.25,INFEASIBLE_BALL_MISSES_SIMPLEX,,,,,,,,,,False,False,,,
dirichlet_28,0.16272172114595412,0.24607378484734208,0.4983077122411494,0.011027463914329658,0.08186931785122468,MaxMin,c=0.5,INFEASIBLE_BALL_MISSES_SIMPLEX,,,,,,,,,,False,False,,,
dirichlet_28,0.16272172114595412,0.24607378484734208,0.4983077122411494,0.011027463914329658,0.08186931785122468,MaxMin,c=0.75,OK,0.12215087213661333,0.20640591621968277,0.6257896846060145,0.0,0.045653527037689504,0.14458345456333438,0.14206675699269616,0.410340102730529,-0.03704416066297987,True,True,-0.03704416066297987,,
dirichlet_28,0.16272172114595412,0.24607378484734208,0.4983077122411494,0.011027463914329658,0.08186931785122468,MaxMin,c=0.9,OK,0.15131336825202593,0.23498696686105316,0.5406214010276345,0.000884502354469019,0.07219376150481749,0.04732876891860089,0.046571463191133214,0.38247322515854165,-0.010185875630123251,True,True,-0.010185875630123251,,
dirichlet_28,0.16272172114595412,0.24607378484734208,0.4983077122411494,0.011027463914329658,0.08186931785122468,MaxMin,c=0.95,OK,0.15708812405346376,0.24059896598845434,0.5192027771410915,0.006018733970213112,0.07709139884677713,0.02337157847850875,0.022997610791494205,0.3747001129559024,-0.0050299214854118215,True,True,-0.0050299214854118215,,
dirichlet_28,0.16272172114595412,0.24607378484734208,0.4983077122411494,0.011027463914329658,0.08186931785122468,MaxMin,c=1.0,OK,0.16272172114595415,0.2460737848473421,0.49830771224114945,0.01102746391432966,0.0818693178512247,6.941061969544858e-17,7.22965143366368e-17,0.367117007486147,4.120134955563829e-18,False,True,4.120134955563829e-18,,
dirichlet_28,0.16272172114595412,0.24607378484734208,0.4983077122411494,0.011027463914329658,0.08186931785122468,Fair,"alpha=0.0,eps=0.01",OK,0.20605528506720502,0.23399595761468872,0.48679105733880407,0.0011591184916525821,0.07199858148764955,0.048488356237958316,0.047352547318581656,0.36553692455785947,-0.010000000000000002,True,True,,,0.05174427244510352
dirichlet_28,0.16272172114595412,0.24607378484734208,0.4983077122411494,0.011027463914329658,0.08186931785122468,Fair,"alpha=0.0,eps=0.02",OK,0.24023066378131808,0.2223455769323924,0.475578048293311,0.0,0.06184571099297851,0.08723446253909249,0.08503198486346832,0.36258945867963466,-0.019999999999999997,True,True,,,0.10307486842302775
dirichlet_28,0.16272172114595412,0.24607378484734208,0.4983077122411494,0.011027463914329658,0.08186931785122468,Fair,"alpha=0.0,eps=0.05",OK,0.3391001877211122,0.18756510257092576,0.4420602586204018,0.0,0.03127445108756026,0.2009424069607004,0.1955660740885197,0.35320110253165204,-0.04999999999999999,True,True,,,0.25690148668796536
dirichlet_28,0.16272172114595412,0.24607378484734208,0.4983077122411494,0.011027463914329658,0.08186931785122468,Fair,"alpha=0.0,eps=0.1",OK,0.481851158718573,0.13089229214584877,0.38725654913557833,0.0,0.0,0.366424514981281,0.35606068738949614,0.335618286305397,-0.09999999999999995,True,True,,,0.5115391317793622
dirichlet_28,0.16272172114595412,0.24607378484734208,0.4983077122411494,0.011027463914329658,0.08186931785122468,Fair,"alpha=0.5,eps=0.01",OK,0.16340011675144225,0.24652498923494845,0.4983781850001227,0.010783876901196027,0.08091283211229068,0.0012817846966045635,0.0012985547271201444,0.3673300333236286,-0.000959421484601084,True,True,,,1.0004473972112282
dirichlet_28,0.16272172114595412,0.24607378484734208,0.4983077122411494,0.011027463914329658,0.08186931785122468,Fair,"alpha=0.5,eps=0.02",OK,0.16407851236957194,0.2469761931955717,0.4984486577123347,0.010540289911938897,0.07995634681058268,0.002563568916223805,0.0025971089677429516,0.36754305905818735,-0.001918842532631751,True,True,,,1.414846277576982
dirichlet_28,0.16272172114595412,0.24607378484734208,0.4983077122411494,0.011027463914329658,0.08186931785122468,Fair,"alpha=0.5,eps=0.05",OK,0.16611369994267264,0.24832980546743388,0.4986600755375442,0.009809528197956259,0.07708689085439305,0.006408922255539982,0.006492772384052112,0.3681821363303606,-0.0047971057509160085,True,True,,,2.2370683880770397
dirichlet_28,0.16272172114595412,0.24607378484734208,0.4983077122411494,0.011027463914329658,0.08186931785122468,Fair,"alpha=0.5,eps=0.1",OK,0.16950567653305043,0.250585827656276,0.4990124396818472,0.008591593317446262,0.07230446281138,0.012817844564022504,0.012985544852775146,0.3692472655349107,-0.009594212524251425,True,True,,,3.163692454374668
dirichlet_28,0.16272172114595412,0.24607378484734208,0.4983077122411494,0.011027463914329658,0.08186931785122468,Fair,"alpha=1.0,eps=0.01",OK,0.16305930568679955,0.24630092274080062,0.49834722561302264,0.010909458147609097,0.08138308781176806,0.0006461124233975789,0.0006545735070161244,0.3672252664803883,-0.0004875504248095943,True,True,,,-23.02360145026797
dirichlet_28,0.16272172114595412,0.24607378484734208,0.4983077122411494,0.011027463914329658,0.08186931785122468,Fair,"alpha=1.0,eps=0.02",OK,0.16339688991839446,0.24652806029586374,0.4983867392038618,0.01079145263651992,0.08089685794536006,0.0012922244027301637,0.0013091465645167486,0.36733352545244735,-0.0009751006698574972,True,True,,,-19.557865547468246
dirichlet_28,0.16272172114595412,0.24607378484734208,0.4983077122411494,0.011027463914329658,0.08186931785122468,Fair,"alpha=1.0,eps=0.05",OK,0.16440964311719872,0.24720947355792436,0.4985052794142352,0.010437435676975958,0.07943816823366567,0.003230560942014166,0.003272866342100126,0.3676583023252576,-0.0024377515287236874,True,True,,,-14.97641188809747
dirichlet_28,0.16272172114595412,0.24607378484734208,0.4983077122411494,0.011027463914329658,0.08186931785122468,Fair,"alpha=1.0,eps=0.1",OK,0.16609756506391787,0.2483451621695859,0.4987028467251949,0.009847407396234225,0.07700701864506707,0.006461121831001087,0.006545732634323704,0.36819959720430673,-0.004875503030716138,True,True,,,-11.510675985297745
dirichlet_28,0.16272172114595412,0.24607378484734208,0.4983077122411494,0.011027463914329658,0.08186931785122468,Fair,"alpha=2.0,eps=0.01",OK,0.16289008710087777,0.2461877159441822,0.49832853944711913,0.010969438302383111,0.0816242192054378,0.00032434777619306447,0.0003285951619668632,0.3671715653851477,-0.000245721009854053,True,True,,,-499.8872199961882
dirichlet_28,0.16272172114595412,0.24607378484734208,0.4983077122411494,0.011027463914329658,0.08186931785122468,Fair,"alpha=2.0,eps=0.02",OK,0.16305845311750936,0.2463016470881196,0.49834936659274687,0.010911412696621632,0.08137912050500247,0.0006486956372764162,0.0006571904079213741,0.36722612327423654,-0.0004914420735030729,True,True,,,-249.9436099980941
dirichlet_28,0.16272172114595412,0.24607378484734208,0.4983077122411494,0.011027463914329658,0.08186931785122468,Fair,"alpha=2.0,eps=0.05",OK,0.1635635512372607,0.2466434401060688,0.4984118484925786,0.010737335753541898,0.08064382441055012,0.0016217391584667582,0.0016429760928636907,0.3673897970769224,-0.0012286052634928818,True,True,,,-99.97744399923764
dirichlet_28,0.16272172114595412,0.24607378484734208,0.4983077122411494,0.011027463914329658,0.08186931785122468,Fair,"alpha=2.0,eps=0.1",OK,0.16440538112076603,0.24721309589852,0.49851598401533687,0.010447207827829276,0.07941833113754786,0.003243478180993984,0.0032859520323275564,0.3676625864179063,-0.0024572103497331873,True,True,,,-49.98872199961882
dirichlet_29,0.33812575644571324,0.24319566034786871,0.12246812139369438,0.16456645550625318,0.13164400630647047,Avg,rho=0.0,OK,0.9999999999999991,6.106226635438361e-16,1.3530843112619095e-16,8.326672684688674e-17,3.122502256758253e-17,0.7460779764371844,0.7277814131704262,0.36352119650663667,-0.20928849077091985,True,True,,,
dirichlet_29,0.33812575644571324,0.24319566034786871,0.12246812139369438,0.16456645550625318,0.13164400630647047,Avg,rho=0.1,OK,0.7881325404892061,0.2118674595107939,0.0,9.020562075079397e-17,4.163336342344337e-17,0.5127360581087166,0.505253742070314,0.3444824218051975,-0.1655244102210675,True,True,,,
dirichlet_29,0.33812575644571324,0.24319566034786871,0.12246812139369438,0.16456645550625318,0.13164400630647047,Avg,rho=0.2,OK,0.656271890008451,0.32006848693750745,5.783540963852363e-18,0.023659623054041644,8.922221549903173e-18,0.3991362102774369,0.39659835565523904,0.33044628825052497,-0.14201923130822347,True,True,,,
dirichlet_29,0.33812575644571324,0.24319566034786871,0.12246812139369438,0.16456645550625318,0.13164400630647047,Avg,rho=0.5,OK,0.4829934016958443,0.2912056371786085,0.0462171959483378,0.12654655616570562,0.05303720901150371,0.19165160441205986,0.18997556436766125,0.29279889336368103,-0.07891161797514236,True,True,,,
dirichlet_29,0.33812575644571324,0.24319566034786871,0.12246812139369438,0.16456645550625318,0.13164400630647047,Cert,,FLOOR_COLLAPSED,0.3381257564457133,0.24319566034786874,0.1224681213936944,0.1645664555062532,0.1316440063064705,7.473417450352271e-17,7.792940542003202e-17,0.25670817836961773,1.8405377658702612e-17,False,True,1.8405377658702612e-17,-0.0,
dirichlet_29,0.33812575644571324,0.24319566034786871,0.12246812139369438,0.16456645550625318,0.13164400630647047,MaxMin,c=0.0,OK_EXACT_D0,0.4789862755457013,0.29419445766481256,0.052996912752266076,0.12313316030656876,0.05068919373065134,0.18851846495578056,0.18727860889027195,0.29224738999890154,-0.08141000178767038,True,True,-0.08141000178767038,,
dirichlet_29,0.33812575644571324,0.24319566034786871,0.12246812139369438,0.16456645550625318,0.13164400630647047,MaxMin,c=0.1,OK,0.47469551610502086,0.28986090139716136,0.04936620143260034,0.11863529264542941,0.06744208841978803,0.18001220141885843,0.17844124788592666,0.29050434917151546,-0.06488687311728557,True,True,-0.06488687311728557,,
dirichlet_29,0.33812575644571324,0.24319566034786871,0.12246812139369438,0.16456645550625318,0.13164400630647047,MaxMin,c=0.25,OK,0.4584525998468291,0.2734559760244444,0.06737814999019877,0.11657513513304982,0.0841381390054779,0.15162161836672103,0.15028682204604077,0.28486215372376994,-0.04844737672841188,True,True,-0.04844737672841188,,
dirichlet_29,0.33812575644571324,0.24319566034786871,0.12246812139369438,0.16456645550625318,0.13164400630647047,MaxMin,c=0.5,OK,0.43018646484296474,0.24490791107971768,0.08808600965571828,0.13476800986788848,0.10205160455371085,0.10688261338821423,0.10533387683899129,0.27578208226146744,-0.030116961671170638,True,True,-0.030116961671170638,,
dirichlet_29,0.33812575644571324,0.24319566034786871,0.12246812139369438,0.16456645550625318,0.13164400630647047,MaxMin,c=0.75,OK,0.3953723456793512,0.2272400279960262,0.10725383590962385,0.15152969910527314,0.11860409130972564,0.06405642095843055,0.06255594002006094,0.2666109990375648,-0.013210681064144941,True,True,-0.013210681064144941,,
dirichlet_29,0.33812575644571324,0.24319566034786871,0.12246812139369438,0.16456645550625318,0.13164400630647047,MaxMin,c=0.9,OK,0.3595670887021699,0.2372195835335541,0.11676971115693476,0.15968362441916298,0.1267599921881784,0.023991909794376425,0.023429914559817393,0.2604172145071418,-0.0049479734220388896,True,True,-0.0049479734220388896,,
dirichlet_29,0.33812575644571324,0.24319566034786871,0.12246812139369438,0.16456645550625318,0.13164400630647047,MaxMin,c=0.95,OK,0.34868706919280457,0.2402520365337465,0.1196612672322175,0.1621613294821249,0.1292382975591065,0.011817645457273788,0.01154082462526764,0.2585351306396595,-0.0024372130495162857,True,True,-0.0024372130495162857,,
dirichlet_29,0.33812575644571324,0.24319566034786871,0.12246812139369438,0.16456645550625318,0.13164400630647047,MaxMin,c=1.0,OK,0.3381257564457133,0.24319566034786874,0.1224681213936944,0.1645664555062532,0.1316440063064705,7.473417450352271e-17,7.792940542003202e-17,0.25670817836961773,1.8405377658702612e-17,False,True,1.8405377658702612e-17,,
dirichlet_29,0.33812575644571324,0.24319566034786871,0.12246812139369438,0.16456645550625318,0.13164400630647047,Fair,"alpha=0.0,eps=0.01",OK,0.3814593203669642,0.23111783311521542,0.11095146649134909,0.15469811008357612,0.12177326994289536,0.04848835623795836,0.0473525473185817,0.2642042496318514,-0.009999999999999981,True,True,,,0.05174427244510352
dirichlet_29,0.33812575644571324,0.24319566034786871,0.12246812139369438,0.16456645550625318,0.13164400630647047,Fair,"alpha=0.0,eps=0.02",OK,0.42479288428821504,0.21904000588256198,0.09943481158900375,0.14482976466089903,0.1119025335793202,0.09697671247591663,0.09470509463716333,0.2717003208940851,-0.020000000000000007,True,True,,,0.10348854489020703
dirichlet_29,0.33812575644571324,0.24319566034786871,0.12246812139369438,0.16456645550625318,0.13164400630647047,Fair,"alpha=0.0,eps=0.05",OK,0.5547935760519678,0.1828065241846019,0.06488484688196777,0.11522472839286779,0.0822903244885948,0.24244178118979162,0.2367627365929083,0.2941885346807862,-0.05000000000000001,True,True,,,0.25872136222551756
dirichlet_29,0.33812575644571324,0.24319566034786871,0.12246812139369438,0.16456645550625318,0.13164400630647047,Fair,"alpha=0.0,eps=0.1",OK,0.7714613956582221,0.12241738802133506,0.007301572370241177,0.06588300127948242,0.03293664267071915,0.4848835623795831,0.4735254731858165,0.33166889099195473,-0.10000000000000002,True,True,,,0.5174427244510351
dirichlet_29,0.33812575644571324,0.24319566034786871,0.12246812139369438,0.16456645550625318,0.13164400630647047,Fair,"alpha=0.5,eps=0.01",OK,0.338804152061646,0.24364686463945323,0.12253859411448469,0.16432286845387384,0.1306875207305424,0.0012817845520530892,0.0012985545804790033,0.25690937730413743,-0.0009594213234807982,True,True,,,1.0004473972112282
dirichlet_29,0.33812575644571324,0.24319566034786871,0.12246812139369438,0.16456645550625318,0.13164400630647047,Fair,"alpha=0.5,eps=0.02",OK,0.33948254774549375,0.24409806852645202,0.12260906706452593,0.1640792815027928,0.1297310351607356,0.002563568986417568,0.0025971090411571495,0.25711057620697125,-0.001918842637773632,True,True,,,1.414846277576982
dirichlet_29,0.33812575644571324,0.24319566034786871,0.12246812139369438,0.16456645550625318,0.13164400630647047,Fair,"alpha=0.5,eps=0.05",OK,0.3415177343899132,0.2454516816964384,0.12282048524806544,0.16334852033655967,0.1268615783290233,0.00640892271930735,0.006492772864902191,0.25771417300425864,-0.004797106712827825,True,True,,,2.2370683880770397
dirichlet_29,0.33812575644571324,0.24319566034786871,0.12246812139369438,0.16456645550625318,0.13164400630647047,Fair,"alpha=0.5,eps=0.1",OK,0.344909712463151,0.24770770295672986,0.12317284891225463,0.16213058518510037,0.1220791504827641,0.012817845364018367,0.012985545647855274,0.25872016765441025,-0.009594213293237593,True,True,,,3.163692454374668
dirichlet_29,0.33812575644571324,0.24319566034786871,0.12246812139369438,0.16456645550625318,0.13164400630647047,Fair,"alpha=1.0,eps=0.01",OK,0.3384633408251535,0.2434227981829112,0.12250763477338154,0.16444844987356466,0.13115777634498907,0.0006461122358480596,0.0006545733155323461,0.2568088214123285,-0.00048755034289613917,True,True,,,-23.02360145026797
dirichlet_29,0.33812575644571324,0.24319566034786871,0.12246812139369438,0.16456645550625318,0.13164400630647047,Fair,"alpha=1.0,eps=0.02",OK,0.33880092544726054,0.24364993538726065,0.12254714799436736,0.16433044478078773,0.1306715463903237,0.0012922242633249725,0.0013091463967299084,0.25690946444516,-0.0009751006582154691,True,True,,,-19.557865547468246
dirichlet_29,0.33812575644571324,0.24319566034786871,0.12246812139369438,0.16456645550625318,0.13164400630647047,Fair,"alpha=1.0,eps=0.05",OK,0.33981367849245275,0.24433134879535937,0.12266568885291913,0.1639764269814277,0.12921285687784104,0.003230560816794893,0.00327286622672328,0.25721139351247374,-0.002437751351596882,True,True,,,-14.976411888097472
dirichlet_29,0.33812575644571324,0.24319566034786871,0.12246812139369438,0.16456645550625318,0.13164400630647047,Fair,"alpha=1.0,eps=0.1",OK,0.3415016007209215,0.24546703798084304,0.12286325578871501,0.16338639832809077,0.12678170718142964,0.006461122180957902,0.006545733001358628,0.2577146087819312,-0.004875502972137781,True,True,,,-11.510675985297745
dirichlet_29,0.33812575644571324,0.24319566034786871,0.12246812139369438,0.16456645550625318,0.13164400630647047,Fair,"alpha=2.0,eps=0.01",OK,0.33829412244312373,0.24330959145572828,0.12248894857266471,0.16450842989627684,0.13139890763220657,0.0003243478215512537,0.00032859520680459265,0.25675850406105877,-0.00024572103791140217,True,True,,,-499.88721999618826
dirichlet_29,0.33812575644571324,0.24319566034786871,0.12246812139369438,0.16456645550625318,0.13164400630647047,Fair,"alpha=2.0,eps=0.02",OK,0.3384624884394713,0.24342352256497593,0.12250977574663804,0.16445040428943222,0.1311538089594825,0.0006486956409936088,0.0006571904113110264,0.2568088297525136,-0.0004914420741629255,True,True,,,-249.94360999809413
dirichlet_29,0.33812575644571324,0.24319566034786871,0.12246812139369438,0.16456645550625318,0.13164400630647047,Fair,"alpha=2.0,eps=0.05",OK,0.33896758642435615,0.24376531587377065,0.12257225728937465,0.1642763274630996,0.13041851294939893,0.0016217390867683513,0.0016429760126654824,0.25695980682346564,-0.0012286051751545137,True,True,,,-99.97744399923764
dirichlet_29,0.33812575644571324,0.24319566034786871,0.12246812139369438,0.16456645550625318,0.13164400630647047,Fair,"alpha=2.0,eps=0.1",OK,0.3398094164266146,0.24433497140801036,0.1226763931668633,0.16398619940133435,0.12919301959717738,0.0032434781872205795,0.0032859520390737446,0.2572114352827076,-0.002457210346004899,True,True,,,-49.98872199961882
dirichlet_30,0.2062477770181575,0.5461684488819272,0.08614666318590462,0.053251294200991874,0.10818581671301866,Avg,rho=0.0,OK,1.3877787807814452e-16,0.9999999999999996,0.0,1.110223024625156e-16,0.0,0.5200599399734384,0.5068344699416164,0.564548590803275,-0.18304410004989394,True,True,,,
dirichlet_30,0.2062477770181575,0.5461684488819272,0.08614666318590462,0.053251294200991874,0.10818581671301866,Avg,rho=0.1,OK,0.0,1.0,0.0,1.0408340855860843e-16,0.0,0.5200599399734387,0.5068344699416168,0.5645485908032752,-0.18304410004989405,True,True,,,
dirichlet_30,0.2062477770181575,0.5461684488819272,0.08614666318590462,0.053251294200991874,0.10818581671301866,Avg,rho=0.2,OK,1.3877787807814457e-16,0.9999999999999999,0.0,0.0,7.28583859910259e-17,0.5200599399734386,0.5068344699416167,0.5645485908032752,-0.18304410004989394,True,True,,,
dirichlet_30,0.2062477770181575,0.5461684488819272,0.08614666318590462,0.053251294200991874,0.10818581671301866,Avg,rho=0.5,OK,0.1610478070245449,0.8389521929754552,0.0,1.7401444868392346e-17,4.594306705907325e-18,0.3312498708571177,0.3258836889106985,0.5134749349990175,-0.10953550675005452,True,True,,,
dirichlet_30,0.2062477770181575,0.5461684488819272,0.08614666318590462,0.053251294200991874,0.10818581671301866,Cert,,FLOOR_COLLAPSED,0.20624777701815755,0.5461684488819274,0.08614666318590465,0.053251294200991894,0.1081858167130187,2.3520701021126763e-16,2.4082282914285916e-16,0.38597836152755033,2.7613774453173054e-17,False,True,2.7613774453173054e-17,-0.0,
dirichlet_30,0.2062477770181575,0.5461684488819272,0.08614666318590462,0.053251294200991874,0.10818581671301866,MaxMin,c=0.0,INFEASIBLE_BALL_MISSES_SIMPLEX,,,,,,,,,,False,False,,,
dirichlet_30,0.2062477770181575,0.5461684488819272,0.08614666318590462,0.053251294200991874,0.10818581671301866,MaxMin,c=0.1,INFEASIBLE_BALL_MISSES_SIMPLEX,,,,,,,,,,False,False,,,
dirichlet_30,0.2062477770181575,0.5461684488819272,0.08614666318590462,0.053251294200991874,0.10818581671301866,MaxMin,c=0.25,INFEASIBLE_BALL_MISSES_SIMPLEX,,,,,,,,,,False,False,,,
dirichlet_30,0.2062477770181575,0.5461684488819272,0.08614666318590462,0.053251294200991874,0.10818581671301866,MaxMin,c=0.5,OK,0.14652505334589247,0.7594024578365444,0.030803864576513497,0.003407227106324234,0.05986139713472553,0.23857504523258036,0.23357952708200436,0.4757830194235047,-0.04994143862441622,True,True,-0.04994143862441622,,
dirichlet_30,0.2062477770181575,0.5461684488819272,0.08614666318590462,0.053251294200991874,0.10818581671301866,MaxMin,c=0.75,OK,0.17818404995782575,0.6463671782654253,0.06014106432119419,0.029829551043433784,0.08547815641212093,0.11210649048015064,0.10975909489464415,0.4281775991538967,-0.02346749807070164,True,True,-0.02346749807070164,,
dirichlet_30,0.2062477770181575,0.5461684488819272,0.08614666318590462,0.053251294200991874,0.10818581671301866,MaxMin,c=0.9,OK,0.19521424450337618,0.5855625726993346,0.07592230417531083,0.04404280367775427,0.09925807494422406,0.04407577814492122,0.043152876298631876,0.40256941015941317,-0.00922647952094958,True,True,-0.00922647952094958,,
dirichlet_30,0.2062477770181575,0.5461684488819272,0.08614666318590462,0.053251294200991874,0.10818581671301866,MaxMin,c=0.95,OK,0.20075506377965416,0.5657796318934635,0.08105677270726913,0.04866712338028172,0.1037414082393316,0.021941804203650526,0.021482365199672285,0.3942377174807594,-0.004593126103684931,True,True,-0.004593126103684931,,
dirichlet_30,0.2062477770181575,0.5461684488819272,0.08614666318590462,0.053251294200991874,0.10818581671301866,MaxMin,c=1.0,OK,0.20624777701815755,0.5461684488819274,0.08614666318590465,0.053251294200991894,0.1081858167130187,2.3520701021126763e-16,2.4082282914285916e-16,0.38597836152755033,2.7613774453173054e-17,False,True,2.7613774453173054e-17,,
dirichlet_30,0.2062477770181575,0.5461684488819272,0.08614666318590462,0.053251294200991874,0.10818581671301866,Fair,"alpha=0.0,eps=0.01",OK,0.24958134093940845,0.5340906216492739,0.07463000828355931,0.043382948778314806,0.09831508034944356,0.04848835623795834,0.04735254731858168,0.3866505026927748,-0.009999999999999988,True,True,,,0.05174427244510352
dirichlet_30,0.2062477770181575,0.5461684488819272,0.08614666318590462,0.053251294200991874,0.10818581671301866,Fair,"alpha=0.0,eps=0.02",OK,0.29291490486065935,0.5220127944166205,0.063113353381214,0.033514603355637725,0.08844434398586841,0.09697671247591666,0.09470509463716335,0.38732264385799925,-0.01999999999999999,True,True,,,0.10348854489020703
dirichlet_30,0.2062477770181575,0.5461684488819272,0.08614666318590462,0.053251294200991874,0.10818581671301866,Fair,"alpha=0.0,eps=0.05",OK,0.422915596624412,0.4857793127186604,0.028563388674178024,0.003909567087606495,0.05883213489514301,0.24244178118979162,0.2367627365929083,0.3893390673536728,-0.05,True,True,,,0.25872136222551756
dirichlet_30,0.2062477770181575,0.5461684488819272,0.08614666318590462,0.053251294200991874,0.10818581671301866,Fair,"alpha=0.0,eps=0.1",OK,0.563563332787547,0.428239268180437,0.0,0.0,0.008197399032015997,0.4022888634280215,0.3923555477357162,0.38213054166154936,-0.1,True,True,,,0.5145473157827823
dirichlet_30,0.2062477770181575,0.5461684488819272,0.08614666318590462,0.053251294200991874,0.10818581671301866,Fair,"alpha=0.5,eps=0.01",OK,0.20692617240539682,0.5466196533928257,0.08621713592167884,0.053007707007055406,0.10722933127304324,0.0012817844344916569,0.0012985544694506456,0.38628301211043536,-0.0009594211939832546,True,True,,,1.0004473972112282
dirichlet_30,0.2062477770181575,0.5461684488819272,0.08614666318590462,0.053251294200991874,0.10818581671301866,Fair,"alpha=0.5,eps=0.02",OK,0.20760456821661044,0.5470708573939783,0.08628760872807577,0.05276412013427894,0.1062728455270566,0.002563569085138605,0.0025971091429304064,0.3865876625071168,-0.0019188426800228798,True,True,,,1.414846277576982
dirichlet_30,0.2062477770181575,0.5461684488819272,0.08614666318590462,0.053251294200991874,0.10818581671301866,Fair,"alpha=0.5,eps=0.05",OK,0.20963975474612603,0.5484244706267667,0.08649902646175271,0.05203335951210675,0.10340338865324782,0.0064089226826092235,0.00649277280789262,0.3875016141254468,-0.0047971067762932005,True,True,,,2.2370683880770397
dirichlet_30,0.2062477770181575,0.5461684488819272,0.08614666318590462,0.053251294200991874,0.10818581671301866,Fair,"alpha=0.5,eps=0.1",OK,0.21303173290097963,0.5506804912825459,0.08685139067570628,0.05081542387087216,0.09862096126989603,0.012817844935593922,0.012985545214637658,0.38902486633706246,-0.009594212914831115,True,True,,,3.163692454374668
dirichlet_30,0.2062477770181575,0.5461684488819272,0.08614666318590462,0.053251294200991874,0.10818581671301866,Fair,"alpha=1.0,eps=0.01",OK,0.2065853613671781,0.5463955866729168,0.08618617665738743,0.053133288557804054,0.10769958674471375,0.0006461122171340519,0.0006545732988903868,0.3861310345931162,-0.0004875503504878945,True,True,,,-23.02360145026797
dirichlet_30,0.2062477770181575,0.5461684488819272,0.08614666318590462,0.053251294200991874,0.10818581671301866,Fair,"alpha=1.0,eps=0.02",OK,0.2069229459964704,0.5466227242794153,0.08622569010561414,0.05301528286436889,0.10721335675413138,0.001292224540368842,0.0013091467017355897,0.3862837076149102,-0.0009751007239393213,True,True,,,-19.557865547468246
dirichlet_30,0.2062477770181575,0.5461684488819272,0.08614666318590462,0.053251294200991874,0.10818581671301866,Fair,"alpha=1.0,eps=0.05",OK,0.20793569903439235,0.5473041374747711,0.08634423054243355,0.05266126592562848,0.10575466702277445,0.003230560996990293,0.003272866401329139,0.38674172673092416,-0.002437751602964541,True,True,,,-14.97641188809747
dirichlet_30,0.2062477770181575,0.5461684488819272,0.08614666318590462,0.053251294200991874,0.10818581671301866,Fair,"alpha=1.0,eps=0.1",OK,0.20962362104050233,0.5484398261600093,0.08654179751283443,0.05207123771415053,0.10332351757250345,0.006461121805298112,0.006545732602851758,0.3875050919689771,-0.004875502963314899,True,True,,,-11.510675985297745
dirichlet_30,0.2062477770181575,0.5461684488819272,0.08614666318590462,0.053251294200991874,0.10818581671301866,Fair,"alpha=2.0,eps=0.01",OK,0.20641614299173713,0.5462823799765967,0.08616749037136993,0.053193268617592174,0.10794071804270396,0.0003243477972259559,0.00032859518183008766,0.38605477090867074,-0.00024572103312518783,True,True,,,-499.8872199961882
dirichlet_30,0.2062477770181575,0.5461684488819272,0.08614666318590462,0.053251294200991874,0.10818581671301866,Fair,"alpha=2.0,eps=0.02",OK,0.2065845089226601,0.5463963110686948,0.08618831751724541,0.05313524308671982,0.1076956194046799,0.0006486955350657764,0.0006571903018761376,0.38613118028041676,-0.0004914420322071819,True,True,,,-249.9436099980941
dirichlet_30,0.2062477770181575,0.5461684488819272,0.08614666318590462,0.053251294200991874,0.10818581671301866,Fair,"alpha=2.0,eps=0.05",OK,0.20708960632203385,0.5467381044719545,0.08625079918427118,0.05296116646159798,0.10696032356014255,0.0016217385569758612,0.0016429754788895277,0.3863604084034712,-0.0012286049634841051,True,True,,,-99.97744399923764
dirichlet_30,0.2062477770181575,0.5461684488819272,0.08614666318590462,0.053251294200991874,0.10818581671301866,Fair,"alpha=2.0,eps=0.1",OK,0.20793143702370392,0.5473077599998226,0.08635493495684894,0.05267103808784361,0.10573482993178103,0.0032434782759957854,0.0032859521290242283,0.38674245546309594,-0.0024572104178713526,True,True,,,-49.98872199961882
dirichlet_31,0.285730318848621,0.038243238762633025,0.2996966558293978,0.14874614360515878,0.22758364295418942,Avg,rho=0.0,OK,1.1102230246251563e-16,0.0,0.9999999999999998,1.4571677198205177e-16,2.7755575615628907e-17,0.8046420720137777,0.7922342975057456,0.31857385760953605,-0.25635033827589304,True,True,,,
dirichlet_31,0.285730318848621,0.038243238762633025,0.2996966558293978,0.14874614360515878,0.22758364295418942,Avg,rho=0.1,OK,0.445160291542215,0.0,0.5157746400974702,0.0,0.03906506836031491,0.36226347455105373,0.3653146404431605,0.3103931772217006,-0.19332408290359102,True,True,,,
dirichlet_31,0.285730318848621,0.038243238762633025,0.2996966558293978,0.14874614360515878,0.22758364295418942,Avg,rho=0.2,OK,0.39589089452807197,0.0,0.43811239900985244,9.978048118655658e-18,0.16599670646207562,0.24222960531110055,0.24264211634147229,0.30044923191780126,-0.14785888472441766,True,True,,,
dirichlet_31,0.285730318848621,0.038243238762633025,0.2996966558293978,0.14874614360515878,0.22758364295418942,Avg,rho=0.5,OK,0.34495744398377315,0.0,0.3698667805783666,0.06715964038540931,0.21801613505245085,0.12900441382058442,0.12792551674521307,0.2865948612507779,-0.08054569815458981,True,True,,,
dirichlet_31,0.285730318848621,0.038243238762633025,0.2996966558293978,0.14874614360515878,0.22758364295418942,Cert,,FLOOR_COLLAPSED,0.285730318848621,0.038243238762633025,0.2996966558293978,0.14874614360515878,0.22758364295418942,0.0,0.0,0.26478289736349503,0.0,False,True,0.0,-0.0,
dirichlet_31,0.285730318848621,0.038243238762633025,0.2996966558293978,0.14874614360515878,0.22758364295418942,MaxMin,c=0.0,INFEASIBLE_BALL_MISSES_SIMPLEX,,,,,,,,,,False,False,,,
dirichlet_31,0.285730318848621,0.038243238762633025,0.2996966558293978,0.14874614360515878,0.22758364295418942,MaxMin,c=0.1,INFEASIBLE_BALL_MISSES_SIMPLEX,,,,,,,,,,False,False,,,
dirichlet_31,0.285730318848621,0.038243238762633025,0.2996966558293978,0.14874614360515878,0.22758364295418942,MaxMin,c=0.25,INFEASIBLE_BALL_MISSES_SIMPLEX,,,,,,,,,,False,False,,,
dirichlet_31,0.285730318848621,0.038243238762633025,0.2996966558293978,0.14874614360515878,0.22758364295418942,MaxMin,c=0.5,INFEASIBLE_BALL_MISSES_SIMPLEX,,,,,,,,,,False,False,,,
dirichlet_31,0.285730318848621,0.038243238762633025,0.2996966558293978,0.14874614360515878,0.22758364295418942,MaxMin,c=0.75,OK,0.31619794340390606,0.01228404179912759,0.3396942294370997,0.1262082332639684,0.2056155520958981,0.06474964375223304,0.06423996311092565,0.27602661015530083,-0.022725455053739435,True,True,-0.022725455053739435,,
dirichlet_31,0.285730318848621,0.038243238762633025,0.2996966558293978,0.14874614360515878,0.22758364295418942,MaxMin,c=0.9,OK,0.29454313451344,0.028496734551621238,0.31742751468822156,0.14022854000636645,0.2193040762403508,0.025062805433229994,0.0248698131587447,0.2690446088947511,-0.008584019111678172,True,True,-0.008584019111678172,,
dirichlet_31,0.285730318848621,0.038243238762633025,0.2996966558293978,0.14874614360515878,0.22758364295418942,MaxMin,c=0.95,OK,0.2878590398228268,0.03350103481825399,0.3105545466773422,0.14455612615620902,0.22352925252536798,0.013375652241061192,0.013255046091701328,0.2668895054097101,-0.004219044546039029,True,True,-0.004219044546039029,,
dirichlet_31,0.285730318848621,0.038243238762633025,0.2996966558293978,0.14874614360515878,0.22758364295418942,MaxMin,c=1.0,OK,0.285730318848621,0.038243238762633025,0.2996966558293978,0.14874614360515878,0.22758364295418942,0.0,0.0,0.26478289736349503,0.0,False,True,0.0,,
dirichlet_31,0.285730318848621,0.038243238762633025,0.2996966558293978,0.14874614360515878,0.22758364295418942,Fair,"alpha=0.0,eps=0.01",OK,0.3290638827698719,0.026165411529979664,0.28818000092705254,0.13887779818248172,0.21771290659061432,0.048488356237958316,0.04735254731858166,0.2695678048278244,-0.009999999999999992,True,True,,,0.05174427244510352
dirichlet_31,0.285730318848621,0.038243238762633025,0.2996966558293978,0.14874614360515878,0.22758364295418942,Fair,"alpha=0.0,eps=0.02",OK,0.37239744669112274,0.014087584297326292,0.2766633460247071,0.1290094527598046,0.2078421702270391,0.09697671247591663,0.0947050946371633,0.2743527122921537,-0.020000000000000063,True,True,,,0.10348854489020703
dirichlet_31,0.285730318848621,0.038243238762633025,0.2996966558293978,0.14874614360515878,0.22758364295418942,Fair,"alpha=0.0,eps=0.05",OK,0.4800430198080139,0.0,0.24228930285368197,0.09935907019255207,0.17830860714575214,0.21767564727147046,0.21310916584678496,0.28352193225041916,-0.05000000000000001,True,True,,,0.2585147569243151
dirichlet_31,0.285730318848621,0.038243238762633025,0.2996966558293978,0.14874614360515878,0.22758364295418942,Fair,"alpha=0.0,eps=0.1",OK,0.6357511826666182,0.0,0.18518574471560306,0.04989368930309081,0.12916938331468789,0.395660300516741,0.3884233412472886,0.2933062427417704,-0.1,True,True,,,0.5166727319255238
dirichlet_31,0.285730318848621,0.038243238762633025,0.2996966558293978,0.14874614360515878,0.22758364295418942,Fair,"alpha=0.5,eps=0.01",OK,0.28640871422735825,0.03869444353043804,0.29976712829223623,0.1485025563840684,0.22662715756589907,0.0012817844720123762,0.0012985545038274092,0.2647803985857632,-0.0009594211425735678,True,True,,,1.000447397211228
dirichlet_31,0.285730318848621,0.038243238762633025,0.2996966558293978,0.14874614360515878,0.22758364295418942,Fair,"alpha=0.5,eps=0.02",OK,0.2870871101186801,0.03914564727143723,0.2998376018883582,0.14825896923327775,0.22567067148824674,0.0025635694172258913,0.002597109496720654,0.2647779001006903,-0.0019188429714029035,True,True,,,1.414846277576982
dirichlet_31,0.285730318848621,0.038243238762633025,0.2996966558293978,0.14874614360515878,0.22758364295418942,Fair,"alpha=0.5,eps=0.05",OK,0.2891222969340521,0.040499259919266825,0.30004902067773775,0.14752820777487285,0.22280121469407047,0.006408923117610997,0.006492773303054249,0.2647704041873568,-0.004797107021066384,True,True,,,2.2370683880770397
dirichlet_31,0.285730318848621,0.038243238762633025,0.2996966558293978,0.14874614360515878,0.22758364295418942,Fair,"alpha=0.5,eps=0.1",OK,0.29251427310137623,0.042755280941434805,0.3004013843114692,0.14631027440691674,0.2180187872388031,0.012817844037407674,0.012985544316182157,0.26475791062794646,-0.009594213154257568,True,True,,,3.163692454374668
dirichlet_31,0.285730318848621,0.038243238762633025,0.2996966558293978,0.14874614360515878,0.22758364295418942,Fair,"alpha=1.0,eps=0.01",OK,0.28606790322631265,0.03847037648412464,0.2997361693019312,0.1486281379644975,0.22709741302313402,0.000646112179253366,0.0006545732598486186,0.2647813785153197,-0.0004875503131998034,True,True,,,-23.02360145026797
dirichlet_31,0.285730318848621,0.038243238762633025,0.2996966558293978,0.14874614360515878,0.22758364295418942,Fair,"alpha=1.0,eps=0.02",OK,0.28640548772301794,0.038697514148329046,0.2997756828638295,0.14851013227297089,0.22661118299185265,0.0012922244907305866,0.0013091466549120243,0.2647798596958285,-0.0009751007279617625,True,True,,,-19.557865547468246
dirichlet_31,0.285730318848621,0.038243238762633025,0.2996966558293978,0.14874614360515878,0.22758364295418942,Fair,"alpha=1.0,eps=0.05",OK,0.287418240245799,0.039378927733303905,0.29989422302896973,0.14815611586214994,0.22515249312977745,0.003230560800505073,0.0032728661944199326,0.26477530298356505,-0.0024377517190291554,True,True,,,-14.97641188809747
dirichlet_31,0.285730318848621,0.038243238762633025,0.2996966558293978,0.14874614360515878,0.22758364295418942,Fair,"alpha=1.0,eps=0.1",OK,0.2891061625092159,0.04051461618079563,0.30009178989150387,0.1475660870120374,0.22272134440644725,0.006461121222659354,0.006545732015972236,0.264767708798214,-0.004875502377018658,True,True,,,-11.510675985297745
dirichlet_31,0.285730318848621,0.038243238762633025,0.2996966558293978,0.14874614360515878,0.22758364295418942,Fair,"alpha=2.0,eps=0.01",OK,0.2858986848460314,0.03835716987049251,0.29971748300836815,0.14868811799518244,0.2273385442799255,0.0003243478215512174,0.00032859520680455405,0.26478207048956043,-0.0002457210379114307,True,True,,,-499.88721999618826
dirichlet_31,0.285730318848621,0.038243238762633025,0.2996966558293978,0.14874614360515878,0.22758364295418942,Fair,"alpha=2.0,eps=0.02",OK,0.28606705084237904,0.038471100979740255,0.2997383101823415,0.14863009238833783,0.22709344560720146,0.0006486956409936145,0.000657190411311033,0.2647812436146978,-0.0004914420741629254,True,True,,,-249.94360999809413
dirichlet_31,0.285730318848621,0.038243238762633025,0.2996966558293978,0.14874614360515878,0.22758364295418942,Fair,"alpha=2.0,eps=0.05",OK,0.2865721488222947,0.03881289428918967,0.29980079172781743,0.1484560155568723,0.22635814960382594,0.0016217390804439897,0.0016429760065237516,0.26477876299512487,-0.0012286051686837057,True,True,,,-99.97744399923764
dirichlet_31,0.285730318848621,0.038243238762633025,0.2996966558293978,0.14874614360515878,0.22758364295418942,Fair,"alpha=2.0,eps=0.1",OK,0.287413978776326,0.03938254982047624,0.2999049277165082,0.14816588751381982,0.22513265617286982,0.0032434782181145387,0.0032859520728377003,0.26477462863168544,-0.0024572104178307826,True,True,,,-49.98872199961882
dirichlet_32,0.11635336138859033,0.06076807475784333,0.02424956108772191,0.40843428151630873,0.39019472124953564,Avg,rho=0.0,OK,2.715271730114205e-16,0.0,4.2742582475225635e-18,0.9999999999999996,3.3306690738754696e-16,0.7211246942140269,0.707084700036123,0.427232729248371,-0.3676987272694041,True,True,,,
dirichlet_32,0.11635336138859033,0.06076807475784333,0.02424956108772191,0.40843428151630873,0.39019472124953564,Avg,rho=0.1,OK,0.0,0.0,2.4615016713045903e-16,0.5613673065866642,0.43863269341333555,0.20869511765649174,0.210657461684899,0.4186181146311663,-0.11880970082037483,True,True,,,
dirichlet_32,0.11635336138859033,0.06076807475784333,0.02424956108772191,0.40843428151630873,0.39019472124953564,Avg,rho=0.2,OK,0.0,1.1808267761484565e-16,0.0,0.5357975955088874,0.4642024044911126,0.1987899790208341,0.20151973899902711,0.4181159331701946,-0.11901335697559619,True,True,,,
dirichlet_32,0.11635336138859033,0.06076807475784333,0.02424956108772191,0.40843428151630873,0.39019472124953564,Avg,rho=0.5,OK,3.693193814163148e-17,0.0,1.0633086755553566e-16,0.5204557688622214,0.47954423113777844,0.19583424974606858,0.19888595761942363,0.41781462429361144,-0.11913555066872895,True,True,,,
dirichlet_32,0.11635336138859033,0.06076807475784333,0.02424956108772191,0.40843428151630873,0.39019472124953564,Cert,,FLOOR_COLLAPSED,0.11635336138859033,0.06076807475784333,0.02424956108772191,0.40843428151630873,0.39019472124953564,0.0,0.0,0.35443423152191694,0.0,False,True,0.0,-0.0,
dirichlet_32,0.11635336138859033,0.06076807475784333,0.02424956108772191,0.40843428151630873,0.39019472124953564,MaxMin,c=0.0,INFEASIBLE_BALL_MISSES_SIMPLEX,,,,,,,,,,False,False,,,
dirichlet_32,0.11635336138859033,0.06076807475784333,0.02424956108772191,0.40843428151630873,0.39019472124953564,MaxMin,c=0.1,INFEASIBLE_BALL_MISSES_SIMPLEX,,,,,,,,,,False,False,,,
dirichlet_32,0.11635336138859033,0.06076807475784333,0.02424956108772191,0.40843428151630873,0.39019472124953564,MaxMin,c=0.25,INFEASIBLE_BALL_MISSES_SIMPLEX,,,,,,,,,,False,False,,,
dirichlet_32,0.11635336138859033,0.06076807475784333,0.02424956108772191,0.40843428151630873,0.39019472124953564,MaxMin,c=0.5,INFEASIBLE_BALL_MISSES_SIMPLEX,,,,,,,,,,False,False,,,
dirichlet_32,0.11635336138859033,0.06076807475784333,0.02424956108772191,0.40843428151630873,0.39019472124953564,MaxMin,c=0.75,OK,0.07528712885340863,0.019536035719599283,0.0,0.4718942136493011,0.43328262177769106,0.09928891110834215,0.10110018665838899,0.3895665659368731,-0.04367289011573721,True,True,-0.04367289011573721,,
dirichlet_32,0.11635336138859033,0.06076807475784333,0.02424956108772191,0.40843428151630873,0.39019472124953564,MaxMin,c=0.9,OK,0.10274719103400395,0.04700942690372533,0.010345474663763813,0.4422328722904673,0.3976650351080395,0.04202263924648403,0.04240251603723651,0.36851569975716375,-0.014630550915053749,True,True,-0.014630550915053749,,
dirichlet_32,0.11635336138859033,0.06076807475784333,0.02424956108772191,0.40843428151630873,0.39019472124953564,MaxMin,c=0.95,OK,0.1095936187548363,0.05389341356380721,0.017281837415994507,0.43209132512558734,0.3871398051397746,0.026655064902226674,0.026536477067428153,0.36159990921803725,-0.0072188473283295316,True,True,-0.0072188473283295316,,
dirichlet_32,0.11635336138859033,0.06076807475784333,0.02424956108772191,0.40843428151630873,0.39019472124953564,MaxMin,c=1.0,OK,0.11635336138859033,0.06076807475784333,0.02424956108772191,0.40843428151630873,0.39019472124953564,0.0,0.0,0.35443423152191694,0.0,False,True,0.0,,
dirichlet_32,0.11635336138859033,0.06076807475784333,0.02424956108772191,0.40843428151630873,0.39019472124953564,Fair,"alpha=0.0,eps=0.01",OK,0.15968692530984122,0.04869024752518997,0.012732906185376588,0.39856593609363167,0.38032398488596053,0.048488356237958295,0.047352547318581635,0.35045485155351175,-0.009999999999999998,True,True,,,0.05174427244510352
dirichlet_32,0.11635336138859033,0.06076807475784333,0.02424956108772191,0.40843428151630873,0.39019472124953564,Fair,"alpha=0.0,eps=0.02",OK,0.20302048923109214,0.036612420292536606,0.0012162512830312668,0.3886975906709546,0.3704532485223854,0.09697671247591663,0.09470509463716331,0.3464754715851066,-0.019999999999999997,True,True,,,0.10348854489020703
dirichlet_32,0.11635336138859033,0.06076807475784333,0.02424956108772191,0.40843428151630873,0.39019472124953564,Fair,"alpha=0.0,eps=0.05",OK,0.2987604589255688,0.0011286433132469966,0.0,0.359036311346396,0.34107458641478827,0.20559717734185456,0.20123675137472655,0.3315215351226319,-0.05,True,True,,,0.25782801247110076
dirichlet_32,0.11635336138859033,0.06076807475784333,0.02424956108772191,0.40843428151630873,0.39019472124953564,Fair,"alpha=0.0,eps=0.1",OK,0.3981934967853481,0.0,0.0,0.3094794905332761,0.29232701268137573,0.3210682187356181,0.31648314791311494,0.30337939950790804,-0.10000000000000003,True,True,,,0.5144776027767562
dirichlet_32,0.11635336138859033,0.06076807475784333,0.02424956108772191,0.40843428151630873,0.39019472124953564,Fair,"alpha=0.5,eps=0.01",OK,0.11703175680152851,0.06121927910283439,0.024320033882116964,0.40819069451788736,0.3892382356956327,0.0012817844407735455,0.0012985544707984035,0.3540668642710362,-0.0009594213005442118,True,True,,,1.0004473972112282
dirichlet_32,0.11635336138859033,0.06076807475784333,0.02424956108772191,0.40843428151630873,0.39019472124953564,Fair,"alpha=0.5,eps=0.02",OK,0.11771015260165409,0.06167048334018825,0.024390506495735723,0.4079471075825203,0.3882817499799016,0.0025635691474163685,0.0025971091998661412,0.3536994970161126,-0.0019188427580769172,True,True,,,1.414846277576982
dirichlet_32,0.11635336138859033,0.06076807475784333,0.02424956108772191,0.40843428151630873,0.39019472124953564,Fair,"alpha=0.5,eps=0.05",OK,0.11974533938311333,0.06302409575539591,0.02460192417131831,0.4072163460940993,0.38541229459607335,0.006408921640013005,0.00649277176101387,0.35259739556801817,-0.004797105400318568,True,True,,,2.2370683880770397
dirichlet_32,0.11635336138859033,0.06076807475784333,0.02424956108772191,0.40843428151630873,0.39019472124953564,Fair,"alpha=0.5,eps=0.1",OK,0.12313731644215975,0.06528011811423232,0.024954289942726048,0.4059984108556367,0.3806298646452451,0.01281784583750414,0.012985546179248339,0.35076055843967624,-0.009594214090818055,True,True,,,3.163692454374668
dirichlet_32,0.11635336138859033,0.06076807475784333,0.02424956108772191,0.40843428151630873,0.39019472124953564,Fair,"alpha=1.0,eps=0.01",OK,0.11669094579001615,0.06099521248739366,0.02428907453187861,0.40831627585181185,0.3897084913388997,0.0006461121817384663,0.0006545732621796561,0.3542489901482745,-0.0004875502935400243,True,True,,,-23.02360145026797
dirichlet_32,0.11635336138859033,0.06076807475784333,0.02424956108772191,0.40843428151630873,0.39019472124953564,Fair,"alpha=1.0,eps=0.02",OK,0.11702853024301971,0.06122235001585425,0.02432858818928958,0.40819827018318444,0.38922226136865196,0.0012922243783902085,0.001309146542281442,0.3540637487481516,-0.0009751006471597861,True,True,,,-19.557865547468246
dirichlet_32,0.11635336138859033,0.06076807475784333,0.02424956108772191,0.40843428151630873,0.39019472124953564,Fair,"alpha=1.0,eps=0.05",OK,0.11804128326331768,0.061903763457022754,0.024447128276914244,0.40784425326172213,0.3877635717410231,0.003230560809646453,0.003272866210089936,0.35350802468637066,-0.00243775142110896,True,True,,,-14.976411888097472
dirichlet_32,0.11635336138859033,0.06076807475784333,0.02424956108772191,0.40843428151630873,0.39019472124953564,Fair,"alpha=1.0,eps=0.1",OK,0.11972920530682314,0.06303945202754448,0.02464469549802285,0.40725422497521196,0.38533242219239766,0.006461121700217269,0.006545732500896929,0.3525818178341335,-0.004875502882856013,True,True,,,-11.510675985297745
dirichlet_32,0.11635336138859033,0.06076807475784333,0.02424956108772191,0.40843428151630873,0.39019472124953564,Fair,"alpha=2.0,eps=0.01",OK,0.11652172738600076,0.06088200586570285,0.024270388266692235,0.40837625590633236,0.3899496225752717,0.00032434782155123617,0.0003285952068045736,0.35434123502645587,-0.0002457210379114316,True,True,,,-499.88721999618826
dirichlet_32,0.11635336138859033,0.06076807475784333,0.02424956108772191,0.40843428151630873,0.39019472124953564,Fair,"alpha=2.0,eps=0.02",OK,0.11669009338234837,0.06099593697495055,0.02429121544066557,0.40831823029948777,0.3897045239025477,0.000648695640993604,0.0006571904113110216,0.35424823853273046,-0.0004914420741629256,True,True,,,-249.94360999809413
dirichlet_32,0.11635336138859033,0.06076807475784333,0.02424956108772191,0.40843428151630873,0.39019472124953564,Fair,"alpha=2.0,eps=0.05",OK,0.11719519145539115,0.06133773017220672,0.024353697015578442,0.4081441534705362,0.38896922788628757,0.0016217391005531041,0.001642976025756202,0.3539692490516599,-0.0012286051812108742,True,True,,,-99.97744399923764
dirichlet_32,0.11635336138859033,0.06076807475784333,0.02424956108772191,0.40843428151630873,0.39019472124953564,Fair,"alpha=2.0,eps=0.1",OK,0.11803702170093476,0.06190738572471582,0.024457832742024944,0.4078540251797035,0.3877437346526211,0.003243478275402991,0.0032859521278229393,0.3535042665555932,-0.0024572102408659826,True,True,,,-49.98872199961882
dirichlet_33,0.27712460413756357,0.024887617953328757,0.26512961856619055,0.13601595170674205,0.2968422076361751,Avg,rho=0.0,OK,6.383782391594646e-16,8.326672684688669e-17,0.0,0.0,0.9999999999999993,0.812799098466222,0.8131896519532488,0.3045329185367943,-0.2891999023457691,True,True,,,
dirichlet_33,0.27712460413756357,0.024887617953328757,0.26512961856619055,0.13601595170674205,0.2968422076361751,Avg,rho=0.1,OK,0.34081458458824654,6.961594386893645e-17,0.25691620785629915,2.7912276710870965e-17,0.4022692075554543,0.18536034819604505,0.181495264854322,0.2962240226441689,-0.13140170183205274,True,True,,,
dirichlet_33,0.27712460413756357,0.024887617953328757,0.26512961856619055,0.13601595170674205,0.2968422076361751,Avg,rho=0.2,OK,0.3350225655602717,0.0,0.2871116406968099,0.0,0.37786579374291834,0.17181367054322225,0.1684270400532477,0.29561430757319684,-0.1319583041032081,True,True,,,
dirichlet_33,0.27712460413756357,0.024887617953328757,0.26512961856619055,0.13601595170674205,0.2968422076361751,Avg,rho=0.5,OK,0.3202649858031774,2.885925954590127e-17,0.2937999335026372,0.035455404820992215,0.3504796758731932,0.12763962787880154,0.1251769910181002,0.29035497843122793,-0.09770921173742157,True,True,,,
dirichlet_33,0.27712460413756357,0.024887617953328757,0.26512961856619055,0.13601595170674205,0.2968422076361751,Cert,,FLOOR_COLLAPSED,0.27712460413756357,0.024887617953328757,0.26512961856619055,0.13601595170674205,0.2968422076361751,0.0,0.0,0.27034324711743585,0.0,False,True,0.0,-0.0,
dirichlet_33,0.27712460413756357,0.024887617953328757,0.26512961856619055,0.13601595170674205,0.2968422076361751,MaxMin,c=0.0,INFEASIBLE_BALL_MISSES_SIMPLEX,,,,,,,,,,False,False,,,
dirichlet_33,0.27712460413756357,0.024887617953328757,0.26512961856619055,0.13601595170674205,0.2968422076361751,MaxMin,c=0.1,INFEASIBLE_BALL_MISSES_SIMPLEX,,,,,,,,,,False,False,,,
dirichlet_33,0.27712460413756357,0.024887617953328757,0.26512961856619055,0.13601595170674205,0.2968422076361751,MaxMin,c=0.25,INFEASIBLE_BALL_MISSES_SIMPLEX,,,,,,,,,,False,False,,,
dirichlet_33,0.27712460413756357,0.024887617953328757,0.26512961856619055,0.13601595170674205,0.2968422076361751,MaxMin,c=0.5,INFEASIBLE_BALL_MISSES_SIMPLEX,,,,,,,,,,False,False,,,
dirichlet_33,0.27712460413756357,0.024887617953328757,0.26512961856619055,0.13601595170674205,0.2968422076361751,MaxMin,c=0.75,OK,0.3004914445663204,1.0408340855860843e-17,0.27749694685949894,0.08687501520550003,0.33513659336868074,0.07210856528164553,0.07049837850752748,0.28327950630652754,-0.04747712976226396,True,True,-0.04747712976226396,,
dirichlet_33,0.27712460413756357,0.024887617953328757,0.26512961856619055,0.13601595170674205,0.2968422076361751,MaxMin,c=0.9,OK,0.2897615761190014,0.012520815924372701,0.26222745345240944,0.12365183307175741,0.31183832143245904,0.02643498201705,0.025811720841490932,0.27518088789381046,-0.011834029369948491,True,True,-0.011834029369948491,,
dirichlet_33,0.27712460413756357,0.024887617953328757,0.26512961856619055,0.13601595170674205,0.2968422076361751,MaxMin,c=0.95,OK,0.2850990501955846,0.018915447118966786,0.2593005805064101,0.12991908391907292,0.30676583825996556,0.01639776023386152,0.016056463442795585,0.2727792517233219,-0.005779388565954698,True,True,-0.005779388565954698,,
dirichlet_33,0.27712460413756357,0.024887617953328757,0.26512961856619055,0.13601595170674205,0.2968422076361751,MaxMin,c=1.0,OK,0.27712460413756357,0.024887617953328757,0.26512961856619055,0.13601595170674205,0.2968422076361751,0.0,0.0,0.27034324711743585,0.0,False,True,0.0,,
dirichlet_33,0.27712460413756357,0.024887617953328757,0.26512961856619055,0.13601595170674205,0.2968422076361751,Fair,"alpha=0.0,eps=0.01",OK,0.32045816805881444,0.012809790720675392,0.2536129636638452,0.12614760628406496,0.2869714712726,0.048488356237958295,0.04735254731858163,0.2746828581351714,-0.010000000000000012,True,True,,,0.05174427244510352
dirichlet_33,0.27712460413756357,0.024887617953328757,0.26512961856619055,0.13601595170674205,0.2968422076361751,Fair,"alpha=0.0,eps=0.02",OK,0.36379173198006537,0.0007319634880220277,0.2420963087614999,0.1162792608613879,0.2771007349090248,0.09697671247591663,0.09470509463716333,0.27902246915290696,-0.020000000000000004,True,True,,,0.10348854489020703
dirichlet_33,0.27712460413756357,0.024887617953328757,0.26512961856619055,0.13601595170674205,0.2968422076361751,Fair,"alpha=0.0,eps=0.05",OK,0.4579555083382508,0.0,0.20782835934159463,0.08660153110803812,0.24761460121211643,0.2036364062428449,0.1997343019579426,0.28357368051335813,-0.05,True,True,,,0.2583901585840386
dirichlet_33,0.27712460413756357,0.024887617953328757,0.26512961856619055,0.13601595170674205,0.2968422076361751,Fair,"alpha=0.0,eps=0.1",OK,0.6136636711968553,0.0,0.1507248012035157,0.037136150218576844,0.19847537738105214,0.38264820378135245,0.37606104648583094,0.29086805978290714,-0.10000000000000002,True,True,,,0.5165481335852474
dirichlet_33,0.27712460413756357,0.024887617953328757,0.26512961856619055,0.13601595170674205,0.2968422076361751,Fair,"alpha=0.5,eps=0.01",OK,0.27780299974305167,0.02533882234093508,0.26520009132516376,0.1357723646936084,0.29588572189724105,0.0012817846966045488,0.001298554727120124,0.270260912378883,-0.0009594214846011129,True,True,,,1.0004473972112282
dirichlet_33,0.27712460413756357,0.024887617953328757,0.26512961856619055,0.13601595170674205,0.2968422076361751,Fair,"alpha=0.5,eps=0.02",OK,0.2784813953506273,0.02579002653567366,0.2652705639742044,0.1355287777729537,0.294929236366541,0.002563569147416389,0.0025971091998661607,0.27017857767663955,-0.0019188427580769695,True,True,,,1.4148462775769817
dirichlet_33,0.27712460413756357,0.024887617953328757,0.26512961856619055,0.13601595170674205,0.2968422076361751,Fair,"alpha=0.5,eps=0.05",OK,0.28051658212938996,0.027143639436041617,0.26548198235580867,0.1347980164319164,0.2920597796468433,0.006408922817021515,0.006492772965233754,0.26993157356827224,-0.0047971067280634695,True,True,,,2.2370683880770397
dirichlet_33,0.27712460413756357,0.024887617953328757,0.26512961856619055,0.13601595170674205,0.2968422076361751,Fair,"alpha=0.5,eps=0.1",OK,0.2839085601744927,0.02939966070403541,0.26583434622432206,0.1335800808809376,0.28727735201621224,0.01281784537580583,0.01298554567626931,0.2695199001106952,-0.009594213108855793,True,True,,,3.163692454374668
dirichlet_33,0.27712460413756357,0.024887617953328757,0.26512961856619055,0.13601595170674205,0.2968422076361751,Fair,"alpha=1.0,eps=0.01",OK,0.27746218848170057,0.025114755740979336,0.2651691321333775,0.13589794615512787,0.29635597748881476,0.0006461123372841999,0.0006545734199607603,0.27030106188286157,-0.0004875505258902895,True,True,,,-23.02360145026797
dirichlet_33,0.27712460413756357,0.024887617953328757,0.26512961856619055,0.13601595170674205,0.2968422076361751,Fair,"alpha=1.0,eps=0.02",OK,0.277799772937441,0.025341893405824777,0.26520864546594924,0.13577994037760402,0.2958697478131809,0.0012922243616234784,0.0013091465227235075,0.27025887671612747,-0.000975100588849965,True,True,,,-19.557865547468246
dirichlet_33,0.27712460413756357,0.024887617953328757,0.26512961856619055,0.13601595170674205,0.2968422076361751,Fair,"alpha=1.0,eps=0.05",OK,0.2788125262368785,0.026023306771585257,0.2653271856574979,0.13542592324590738,0.2944110580881309,0.003230561030283545,0.003272866434685609,0.27013232109102475,-0.0024377514668041528,True,True,,,-14.97641188809747
dirichlet_33,0.27712460413756357,0.024887617953328757,0.26512961856619055,0.13601595170674205,0.2968422076361751,Fair,"alpha=1.0,eps=0.1",OK,0.28050044806207947,0.027158995298692427,0.2655247531393804,0.1348358950332736,0.2919799084665741,0.0064611218488705,0.006545732658381469,0.26992139509352686,-0.0048755030001737965,True,True,,,-11.510675985297745
dirichlet_33,0.27712460413756357,0.024887617953328757,0.26512961856619055,0.13601595170674205,0.2968422076361751,Fair,"alpha=2.0,eps=0.01",OK,0.27729297017949417,0.02500154905014727,0.2651504457286072,0.13595792610527072,0.29659710893648067,0.00032434785741542545,0.00032859524194314243,0.2703219010907505,-0.00024572106272798244,True,True,,,-499.8872199961882
dirichlet_33,0.27712460413756357,0.024887617953328757,0.26512961856619055,0.13601595170674205,0.2968422076361751,Fair,"alpha=2.0,eps=0.02",OK,0.2774613361273595,0.02511548016310258,0.2651712729262061,0.13589990048880737,0.29635201029452435,0.0006486956329811549,0.0006571904033899811,0.27030055506228434,-0.0004914420689243826,True,True,,,-249.9436099980941
dirichlet_33,0.27712460413756357,0.024887617953328757,0.26512961856619055,0.13601595170674205,0.2968422076361751,Fair,"alpha=2.0,eps=0.05",OK,0.2779664337659287,0.025457273822337943,0.2652337547508366,0.13572582400455138,0.2956167136563454,0.001621739453617595,0.0016429763859806966,0.27023651684056554,-0.0012286057853838695,True,True,,,-99.97744399923764
dirichlet_33,0.27712460413756357,0.024887617953328757,0.26512961856619055,0.13601595170674205,0.2968422076361751,Fair,"alpha=2.0,eps=0.1",OK,0.2788082641136582,0.026026929019765138,0.26533789033510585,0.13543569563666524,0.2943912208948055,0.003243478204669324,0.0032859520557812147,0.2701297868349125,-0.0024572103767040634,True,True,,,-49.98872199961882
dirichlet_34,0.15540390492777603,0.42502770899418624,0.14101880307507145,0.1663811136456864,0.11216846935727992,Avg,rho=0.0,OK,5.551115123125783e-17,0.9999999999999998,0.0,5.551115123125783e-17,2.1163626406917047e-16,0.6441228550578955,0.630940402877132,0.44449442436680375,-0.16569652927059497,True,True,,,
dirichlet_34,0.15540390492777603,0.42502770899418624,0.14101880307507145,0.1663811136456864,0.11216846935727992,Avg,rho=0.1,OK,1.1102230246251565e-16,0.9999999999999999,2.7755575615628914e-17,0.0,9.020562075079397e-17,0.6441228550578958,0.6309404028771323,0.4444944243668038,-0.165696529270595,True,True,,,
dirichlet_34,0.15540390492777603,0.42502770899418624,0.14101880307507145,0.1663811136456864,0.11216846935727992,Avg,rho=0.2,OK,0.017254294050449863,0.9567325937522904,0.0,0.026013112197259814,0.0,0.5949509590130028,0.5828117648095882,0.433356273151233,-0.1401642958257887,True,True,,,
dirichlet_34,0.15540390492777603,0.42502770899418624,0.14101880307507145,0.1663811136456864,0.11216846935727992,Avg,rho=0.5,OK,0.11754975103756816,0.6548697227038303,0.08331856891343899,0.13017586007471474,0.01408609727044786,0.26176435463117026,0.2577929045227554,0.35353182016653456,-0.09893090889020388,True,True,,,
dirichlet_34,0.15540390492777603,0.42502770899418624,0.14101880307507145,0.1663811136456864,0.11216846935727992,Cert,,FLOOR_COLLAPSED,0.15540390492777603,0.42502770899418624,0.14101880307507145,0.1663811136456864,0.11216846935727992,0.0,0.0,0.28707464071636585,0.0,False,True,0.0,-0.0,
dirichlet_34,0.15540390492777603,0.42502770899418624,0.14101880307507145,0.1663811136456864,0.11216846935727992,MaxMin,c=0.0,OK_EXACT_D0,0.12618224168346293,0.6469635080174932,0.08882459599084211,0.1267331983851857,0.011296455923015966,0.25412744838528434,0.25076593693707405,0.35165540073918117,-0.10182285225547819,True,True,-0.10182285225547819,,
dirichlet_34,0.15540390492777603,0.42502770899418624,0.14101880307507145,0.1663811136456864,0.11216846935727992,MaxMin,c=0.1,OK,0.12069276524442497,0.6414192787611932,0.08318000211264384,0.12097875335834983,0.03372920052338821,0.2441098006962738,0.2402662180841643,0.3488452801569891,-0.07968457212720374,True,True,-0.07968457212720374,,
dirichlet_34,0.15540390492777603,0.42502770899418624,0.14101880307507145,0.1663811136456864,0.11216846935727992,MaxMin,c=0.25,OK,0.10465458105700504,0.6252211273888961,0.08710917407571947,0.11789495224202887,0.06512016523635053,0.22388299959814845,0.2193782759701638,0.34246970936284227,-0.0485958474836714,True,True,-0.0485958474836714,,
dirichlet_34,0.15540390492777603,0.42502770899418624,0.14101880307507145,0.1663811136456864,0.11216846935727992,MaxMin,c=0.5,OK,0.12118340681112091,0.5472085733814384,0.10930795636325927,0.13782098277322863,0.08447908067095283,0.136701014020462,0.13383863419328593,0.3207714848878328,-0.02861592374400628,True,True,-0.02861592374400628,,
dirichlet_34,0.15540390492777603,0.42502770899418624,0.14101880307507145,0.1663811136456864,0.11216846935727992,MaxMin,c=0.75,OK,0.13868951716559821,0.48470475804019797,0.1255302094724483,0.15243143061320985,0.09864408470854567,0.06676915537675485,0.06537107735372422,0.3035332591129653,-0.01397693405863791,True,True,-0.01397693405863791,,
dirichlet_34,0.15540390492777603,0.42502770899418624,0.14101880307507145,0.1663811136456864,0.11216846935727992,MaxMin,c=0.9,OK,0.14876665647348875,0.4487253404703072,0.1348683149201464,0.16084172366248775,0.1067979644735699,0.026513892080525757,0.025958718218978095,0.293610323690033,-0.005550211308744031,True,True,-0.005550211308744031,,
dirichlet_34,0.15540390492777603,0.42502770899418624,0.14101880307507145,0.1663811136456864,0.11216846935727992,MaxMin,c=0.95,OK,0.15209153264341765,0.4368542027961079,0.13794935243751308,0.1636166364713012,0.10948827565166021,0.013231971333131939,0.012954907347256472,0.2903363259298137,-0.0027698776440323305,True,True,-0.0027698776440323305,,
dirichlet_34,0.15540390492777603,0.42502770899418624,0.14101880307507145,0.1663811136456864,0.11216846935727992,MaxMin,c=1.0,OK,0.15540390492777603,0.42502770899418624,0.14101880307507145,0.1663811136456864,0.11216846935727992,0.0,0.0,0.28707464071636585,0.0,False,True,0.0,,
dirichlet_34,0.15540390492777603,0.42502770899418624,0.14101880307507145,0.1663811136456864,0.11216846935727992,Fair,"alpha=0.0,eps=0.01",OK,0.19873746884902693,0.41294988176153286,0.12950214817272612,0.1565127682230093,0.10229773299370479,0.04848835623795833,0.04735254731858166,0.2851159027119816,-0.010000000000000018,True,True,,,0.05174427244510352
dirichlet_34,0.15540390492777603,0.42502770899418624,0.14101880307507145,0.1663811136456864,0.11216846935727992,Fair,"alpha=0.0,eps=0.02",OK,0.2420710327702778,0.40087205452887953,0.1179854932703808,0.14664442280033224,0.09242699663012965,0.0969767124759166,0.0947050946371633,0.28315716470759744,-0.020000000000000004,True,True,,,0.10348854489020703
dirichlet_34,0.15540390492777603,0.42502770899418624,0.14101880307507145,0.1663811136456864,0.11216846935727992,Fair,"alpha=0.0,eps=0.05",OK,0.3720717245340305,0.3646385728309194,0.08343552856334485,0.117039386532301,0.06281478753940425,0.24244178118979157,0.23676273659290825,0.27728095069444486,-0.05000000000000004,True,True,,,0.25872136222551756
dirichlet_34,0.15540390492777603,0.42502770899418624,0.14101880307507145,0.1663811136456864,0.11216846935727992,Fair,"alpha=0.0,eps=0.1",OK,0.588739544140285,0.3042494366676526,0.025852254051618243,0.06769765941891563,0.013461105721528602,0.48488356237958313,0.4735254731858165,0.2674872606725239,-0.10000000000000002,True,True,,,0.5174427244510351
dirichlet_34,0.15540390492777603,0.42502770899418624,0.14101880307507145,0.1663811136456864,0.11216846935727992,Fair,"alpha=0.5,eps=0.01",OK,0.15608230031501535,0.4254789135050847,0.1410892758108457,0.1661375264517499,0.1112119839173045,0.0012817844344916447,0.0012985544694506341,0.2872574173764725,-0.0009594211939832559,True,True,,,1.0004473972112282
dirichlet_34,0.15540390492777603,0.42502770899418624,0.14101880307507145,0.1663811136456864,0.11216846935727992,Fair,"alpha=0.5,eps=0.02",OK,0.1567606961260075,0.4259301174801062,0.14115974857838648,0.16589393963378918,0.11025549818171072,0.0025635690555142086,0.0025971091105952623,0.2874401939185209,-0.0019188426675671951,True,True,,,1.414846277576982
dirichlet_34,0.15540390492777603,0.42502770899418624,0.14101880307507145,0.1663811136456864,0.11216846935727992,Fair,"alpha=0.5,eps=0.05",OK,0.15879588290895855,0.42728373025535227,0.14137116684961465,0.165163178450443,0.10738604153563158,0.006408922592320733,0.0064927727345246,0.28798852372634803,-0.004797106558161029,True,True,,,2.2370683880770397
dirichlet_34,0.15540390492777603,0.42502770899418624,0.14101880307507145,0.1663811136456864,0.11216846935727992,Fair,"alpha=0.5,eps=0.1",OK,0.16218786089286047,0.4295397516462988,0.14172353070044577,0.16394524335191588,0.10260361340847911,0.012817845445551194,0.012985545732726717,0.2889024067880542,-0.009594213417399305,True,True,,,3.163692454374668
dirichlet_34,0.15540390492777603,0.42502770899418624,0.14101880307507145,0.1663811136456864,0.11216846935727992,Fair,"alpha=1.0,eps=0.01",OK,0.15574148931230472,0.4252548467213137,0.14105831652335915,0.16626310800275393,0.11168223944026856,0.0006461121731701114,0.0006545732532108799,0.2871668492274726,-0.00048755029918643215,True,True,,,-23.02360145026797
dirichlet_34,0.15540390492777603,0.42502770899418624,0.14101880307507145,0.1663811136456864,0.11216846935727992,Fair,"alpha=1.0,eps=0.02",OK,0.15607907373075977,0.4254819840917054,0.14109783046406957,0.16614510239755637,0.11119600931590903,0.0012922244179194883,0.0013091465856528526,0.28725905765213344,-0.0009751008051175897,True,True,,,-19.557865547468246
dirichlet_34,0.15540390492777603,0.42502770899418624,0.14101880307507145,0.1663811136456864,0.11216846935727992,Fair,"alpha=1.0,eps=0.05",OK,0.15709182667109653,0.4261633979750371,0.14121637042728633,0.16579108544581542,0.10973731948076464,0.003230561116924528,0.003272866525679021,0.28753568337678664,-0.0024377517867031403,True,True,,,-14.97641188809747
dirichlet_34,0.15540390492777603,0.42502770899418624,0.14101880307507145,0.1663811136456864,0.11216846935727992,Fair,"alpha=1.0,eps=0.1",OK,0.15877974885154222,0.42729908628953744,0.141413937524489,0.16520105711721325,0.10730617021721808,0.00646112177461629,0.006545732576665998,0.2879967258331295,-0.004875502965115058,True,True,,,-11.510675985297745
dirichlet_34,0.15540390492777603,0.42502770899418624,0.14101880307507145,0.1663811136456864,0.11216846935727992,Fair,"alpha=2.0,eps=0.01",OK,0.15557227092518647,0.4251416401020457,0.14103963025404176,0.16632308803571008,0.11192337068301603,0.00032434782155117995,0.0003285952068045147,0.2871209433064823,-0.00024572103791140195,True,True,,,-499.88721999618826
dirichlet_34,0.15540390492777603,0.42502770899418624,0.14101880307507145,0.1663811136456864,0.11216846935727992,Fair,"alpha=2.0,eps=0.02",OK,0.15574063692093743,0.42525557120390894,0.14106045743756238,0.16626506243076394,0.11167827200682712,0.0006486956409816622,0.0006571904114099256,0.2871672458950737,-0.0004914420775805486,True,True,,,-249.94360999809413
dirichlet_34,0.15540390492777603,0.42502770899418624,0.14101880307507145,0.1663811136456864,0.11216846935727992,Fair,"alpha=2.0,eps=0.05",OK,0.1562457347529035,0.4255973645660034,0.14112293898606973,0.1660909855795653,0.11094297611545814,0.0016217389412102987,0.0016429758683926493,0.2873061536656356,-0.0012286050617584764,True,True,,,-99.97744399923764
dirichlet_34,0.15540390492777603,0.42502770899418624,0.14101880307507145,0.1663811136456864,0.11216846935727992,Fair,"alpha=2.0,eps=0.1",OK,0.15708756454599496,0.42616702004045587,0.14122707489238384,0.16580085737464484,0.10971748314652051,0.003243477649911516,0.003285951505196827,0.28753766657245405,-0.0024572098567897938,True,True,,,-49.98872199961882
dirichlet_35,0.026033759442342187,0.0024289329437869444,0.1897098775210036,0.3020581068984774,0.4797693231943898,Avg,rho=0.0,OK,0.0,6.365489056964985e-17,0.0,1.9428902930940235e-16,0.9999999999999998,0.6313101860477909,0.6232523431584974,0.4921166131498168,-0.284920170859658,True,True,,,
dirichlet_35,0.026033759442342187,0.0024289329437869444,0.1897098775210036,0.3020581068984774,0.4797693231943898,Avg,rho=0.1,OK,0.0,0.0,0.0,6.245004513516506e-17,1.0,0.6313101860477911,0.6232523431584975,0.49211661314981686,-0.2849201708596581,True,True,,,
dirichlet_35,0.026033759442342187,0.0024289329437869444,0.1897098775210036,0.3020581068984774,0.4797693231943898,Avg,rho=0.2,OK,2.5601133455362484e-17,0.0,9.0511271715299e-18,0.19505571469360433,0.8049442853063957,0.3922521662108334,0.3901532034995051,0.4594833745534544,-0.19277243550463785,True,True,,,
dirichlet_35,0.026033759442342187,0.0024289329437869444,0.1897098775210036,0.3020581068984774,0.4797693231943898,Avg,rho=0.5,OK,3.320146994992325e-17,2.849559562990633e-17,0.059973958773671066,0.29525210217803854,0.6447739390482903,0.211631542810871,0.21219518957816125,0.424987859643639,-0.13120236806895036,True,True,,,
dirichlet_35,0.026033759442342187,0.0024289329437869444,0.1897098775210036,0.3020581068984774,0.4797693231943898,Cert,,FLOOR_COLLAPSED,0.026033759442342187,0.0024289329437869444,0.1897098775210036,0.3020581068984774,0.4797693231943898,0.0,0.0,0.37267670955219145,0.0,False,True,0.0,-0.0,
dirichlet_35,0.026033759442342187,0.0024289329437869444,0.1897098775210036,0.3020581068984774,0.4797693231943898,MaxMin,c=0.0,INFEASIBLE_BALL_MISSES_SIMPLEX,,,,,,,,,,False,False,,,
dirichlet_35,0.026033759442342187,0.0024289329437869444,0.1897098775210036,0.3020581068984774,0.4797693231943898,MaxMin,c=0.1,INFEASIBLE_BALL_MISSES_SIMPLEX,,,,,,,,,,False,False,,,
dirichlet_35,0.026033759442342187,0.0024289329437869444,0.1897098775210036,0.3020581068984774,0.4797693231943898,MaxMin,c=0.25,INFEASIBLE_BALL_MISSES_SIMPLEX,,,,,,,,,,False,False,,,
dirichlet_35,0.026033759442342187,0.0024289329437869444,0.1897098775210036,0.3020581068984774,0.4797693231943898,MaxMin,c=0.5,INFEASIBLE_BALL_MISSES_SIMPLEX,,,,,,,,,,False,False,,,
dirichlet_35,0.026033759442342187,0.0024289329437869444,0.1897098775210036,0.3020581068984774,0.4797693231943898,MaxMin,c=0.75,INFEASIBLE_BALL_MISSES_SIMPLEX,,,,,,,,,,False,False,,,
dirichlet_35,0.026033759442342187,0.0024289329437869444,0.1897098775210036,0.3020581068984774,0.4797693231943898,MaxMin,c=0.9,OK,0.009148029296746707,3.295974604355934e-17,0.17319789549106698,0.2826535381905523,0.5350005370216341,0.06317196701008763,0.06284251909605881,0.3895196318822963,-0.01777772203400189,True,True,-0.01777772203400189,,
dirichlet_35,0.026033759442342187,0.0024289329437869444,0.1897098775210036,0.3020581068984774,0.4797693231943898,MaxMin,c=0.95,OK,0.01861040950367094,1.3010426069826055e-18,0.18243207166847328,0.2934121383116068,0.5055453805162491,0.02920839265432861,0.02908677521695817,0.3807493978991631,-0.007894866113994337,True,True,-0.007894866113994337,,
dirichlet_35,0.026033759442342187,0.0024289329437869444,0.1897098775210036,0.3020581068984774,0.4797693231943898,MaxMin,c=1.0,OK,0.026033759442342187,0.0024289329437869444,0.1897098775210036,0.3020581068984774,0.4797693231943898,0.0,0.0,0.37267670955219145,0.0,False,True,0.0,,
dirichlet_35,0.026033759442342187,0.0024289329437869444,0.1897098775210036,0.3020581068984774,0.4797693231943898,Fair,"alpha=0.0,eps=0.01",OK,0.059627272069376354,0.0,0.17826987105034725,0.2921700042431327,0.46993285263714374,0.03820769923801981,0.037551872939087336,0.3638084290436103,-0.009999999999999976,True,True,,,0.0516542551983531
dirichlet_35,0.026033759442342187,0.0024289329437869444,0.1897098775210036,0.3020581068984774,0.4797693231943898,Fair,"alpha=0.0,eps=0.02",OK,0.09076890464109724,0.0,0.16684915942273143,0.2822769280652404,0.46010500787093084,0.07414264295458389,0.0729473457504908,0.35488593094317145,-0.020000000000000025,True,True,,,0.10328585019859485
dirichlet_35,0.026033759442342187,0.0024289329437869444,0.1897098775210036,0.3020581068984774,0.4797693231943898,Fair,"alpha=0.0,eps=0.05",OK,0.18419380235625993,0.0,0.13258702453988408,0.2525976995315637,0.43062147357229225,0.18205867801853798,0.17924249105217924,0.328118436641855,-0.05000000000000003,True,True,,,0.25818063519932016
dirichlet_35,0.026033759442342187,0.0024289329437869444,0.1897098775210036,0.3020581068984774,0.4797693231943898,Fair,"alpha=0.0,eps=0.1",OK,0.3399019652148644,0.0,0.07548346640180513,0.20313231864210243,0.381482249741228,0.361957847956654,0.3564392324411725,0.283505946139661,-0.10000000000000002,True,True,,,0.5163386102005288
dirichlet_35,0.026033759442342187,0.0024289329437869444,0.1897098775210036,0.3020581068984774,0.4797693231943898,Fair,"alpha=0.5,eps=0.01",OK,0.026712154869448064,0.002880137499169762,0.18978035038904803,0.301814519929403,0.47881283731293106,0.0012817847652314889,0.001298554800730761,0.3721793819221141,-0.0009594216259615788,True,True,,,1.0004473972112282
dirichlet_35,0.026033759442342187,0.0024289329437869444,0.1897098775210036,0.3020581068984774,0.4797693231943898,Fair,"alpha=0.5,eps=0.02",OK,0.027390550772985085,0.0033313406169197574,0.189850823166809,0.3015709334241158,0.4778563520191703,0.00256356874490434,0.002597108779615053,0.371682054707139,-0.001918842647921911,True,True,,,1.414846277576982
dirichlet_35,0.026033759442342187,0.0024289329437869444,0.1897098775210036,0.3020581068984774,0.4797693231943898,Fair,"alpha=0.5,eps=0.05",OK,0.029425737582110933,0.004684954252369953,0.19006224132638447,0.30084017144317043,0.47498689539596417,0.0064089227267334235,0.006492772876195671,0.37019007190598646,-0.004797106543948713,True,True,,,2.2370683880770397
dirichlet_35,0.026033759442342187,0.0024289329437869444,0.1897098775210036,0.3020581068984774,0.4797693231943898,Fair,"alpha=0.5,eps=0.1",OK,0.03281771426913659,0.006940973787620412,0.1904146046390817,0.29962223563640594,0.4702044716677553,0.012817841062804262,0.012985541317940597,0.367703435953371,-0.009594209049568836,True,True,,,3.163692454374668
dirichlet_35,0.026033759442342187,0.0024289329437869444,0.1897098775210036,0.3020581068984774,0.4797693231943898,Fair,"alpha=1.0,eps=0.01",OK,0.026371343768260586,0.0026560707073162077,0.1897493909493931,0.30194010125483234,0.4792830933201977,0.0006461121220337145,0.0006545732019774065,0.3724261446613921,-0.0004875502566924882,True,True,,,-23.02360145026797
dirichlet_35,0.026033759442342187,0.0024289329437869444,0.1897098775210036,0.3020581068984774,0.4797693231943898,Fair,"alpha=1.0,eps=0.02",OK,0.026708928230091432,0.0028832084037543945,0.1897889044734399,0.3018220954724862,0.47879686342022804,0.0012922243420753095,0.0013091465067807785,0.3721755797363235,-0.0009751005439142634,True,True,,,-19.557865547468246
dirichlet_35,0.026033759442342187,0.0024289329437869444,0.1897098775210036,0.3020581068984774,0.4797693231943898,Fair,"alpha=1.0,eps=0.05",OK,0.027721681486785145,0.003564621572588749,0.18990744459551798,0.3014680787403876,0.4773381736047206,0.0032305609100164085,0.00327286630435504,0.37142388501143586,-0.0024377514975063626,True,True,,,-14.97641188809747
dirichlet_35,0.026033759442342187,0.0024289329437869444,0.1897098775210036,0.3020581068984774,0.4797693231943898,Fair,"alpha=1.0,eps=0.1",OK,0.02940960341924103,0.00470031029625389,0.19010501196166776,0.30087805024405084,0.47490702407878643,0.006461121826518726,0.006545732631991454,0.37017106044638637,-0.004875502945071972,True,True,,,-11.510675985297745
dirichlet_35,0.026033759442342187,0.0024289329437869444,0.1897098775210036,0.3020581068984774,0.4797693231943898,Fair,"alpha=2.0,eps=0.01",OK,0.026202125464928734,0.0025428640141224286,0.18973070465818676,0.3020000813316858,0.4795242245310763,0.0003243478027553195,0.00032859518532066007,0.37255096688411204,-0.0002457210252222373,True,True,,,-499.8872199961882
dirichlet_35,0.026033759442342187,0.0024289329437869444,0.1897098775210036,0.3020581068984774,0.4797693231943898,Fair,"alpha=2.0,eps=0.02",OK,0.026370491438047296,0.002656795156035183,0.1897515318761241,0.301942055675803,0.4792791258539905,0.0006486956365056477,0.0006571904069275966,0.3724252241953971,-0.0004914420678114714,True,True,,,-249.94360999809413
dirichlet_35,0.026033759442342187,0.0024289329437869444,0.1897098775210036,0.3020581068984774,0.4797693231943898,Fair,"alpha=2.0,eps=0.05",OK,0.026875589405689872,0.0029985884855942887,0.1898140134231318,0.30176797887702866,0.4785438298085553,0.0016217391026819624,0.0016429760285573804,0.37204799615639916,-0.0012286052030979725,True,True,,,-99.97744399923764
dirichlet_35,0.026033759442342187,0.0024289329437869444,0.1897098775210036,0.3020581068984774,0.4797693231943898,Fair,"alpha=2.0,eps=0.1",OK,0.027717419428174066,0.003568243989831581,0.18991814930182394,0.3014778508023034,0.477318336477867,0.0032434781892183686,0.0032859520408857713,0.371419282767708,-0.0024572103529011016,True,True,,,-49.98872199961882
dirichlet_36,0.01461483306554485,0.273611317128226,0.40087098224103435,0.008586203435515563,0.30231666412967906,Avg,rho=0.0,OK,1.737773907273091e-16,0.0,0.9999999999999998,4.451994035282838e-17,0.0,0.7249147635597804,0.7151595324147944,0.41386439170126577,-0.3035363285567297,True,True,,,
dirichlet_36,0.01461483306554485,0.273611317128226,0.40087098224103435,0.008586203435515563,0.30231666412967906,Avg,rho=0.1,OK,0.0,0.04820712291467919,0.8045642368520627,0.0,0.14722864023325818,0.4879701896413033,0.47988863167852525,0.39188828202911635,-0.2094718960677795,True,True,,,
dirichlet_36,0.01461483306554485,0.273611317128226,0.40087098224103435,0.008586203435515563,0.30231666412967906,Avg,rho=0.2,OK,0.0,0.16485686374268407,0.6065761712657763,6.7824946849725545e-19,0.2285669649915397,0.24468038393142333,0.2406296355604869,0.36890290896947964,-0.10114917921320679,True,True,,,
dirichlet_36,0.01461483306554485,0.273611317128226,0.40087098224103435,0.008586203435515563,0.30231666412967906,Avg,rho=0.5,OK,7.291610704934211e-18,0.2348472791299188,0.4877824884385604,0.0,0.2773702324315207,0.09982936061548978,0.09814731844568414,0.35511158642316293,-0.03615501397549071,True,True,,,
dirichlet_36,0.01461483306554485,0.273611317128226,0.40087098224103435,0.008586203435515563,0.30231666412967906,Cert,,FLOOR_COLLAPSED,0.014614833065544853,0.27361131712822606,0.40087098224103446,0.008586203435515565,0.3023166641296791,1.3602931225955671e-16,1.3841011948311819e-16,0.33918194020627934,6.8167680719784786e-18,False,True,6.8167680719784786e-18,-0.0,
dirichlet_36,0.01461483306554485,0.273611317128226,0.40087098224103435,0.008586203435515563,0.30231666412967906,MaxMin,c=0.0,INFEASIBLE_BALL_MISSES_SIMPLEX,,,,,,,,,,False,False,,,
dirichlet_36,0.01461483306554485,0.273611317128226,0.40087098224103435,0.008586203435515563,0.30231666412967906,MaxMin,c=0.1,INFEASIBLE_BALL_MISSES_SIMPLEX,,,,,,,,,,False,False,,,
dirichlet_36,0.01461483306554485,0.273611317128226,0.40087098224103435,0.008586203435515563,0.30231666412967906,MaxMin,c=0.25,INFEASIBLE_BALL_MISSES_SIMPLEX,,,,,,,,,,False,False,,,
dirichlet_36,0.01461483306554485,0.273611317128226,0.40087098224103435,0.008586203435515563,0.30231666412967906,MaxMin,c=0.5,INFEASIBLE_BALL_MISSES_SIMPLEX,,,,,,,,,,False,False,,,
dirichlet_36,0.01461483306554485,0.273611317128226,0.40087098224103435,0.008586203435515563,0.30231666412967906,MaxMin,c=0.75,INFEASIBLE_BALL_MISSES_SIMPLEX,,,,,,,,,,False,False,,,
dirichlet_36,0.01461483306554485,0.273611317128226,0.40087098224103435,0.008586203435515563,0.30231666412967906,MaxMin,c=0.9,OK,0.0,0.25326852460980254,0.46271891821101385,5.0306980803327375e-17,0.28401255717918367,0.06972340322602795,0.06861242191890833,0.3521629153399925,-0.018802250582342393,True,True,-0.018802250582342393,,
dirichlet_36,0.01461483306554485,0.273611317128226,0.40087098224103435,0.008586203435515563,0.30231666412967906,MaxMin,c=0.95,OK,0.008263478836127804,0.2674389705184473,0.4244282151505565,0.0029393285184253558,0.29693000697644306,0.026349270524779728,0.025927656907123,0.34495066970049515,-0.005670766399427708,True,True,-0.005670766399427708,,
dirichlet_36,0.01461483306554485,0.273611317128226,0.40087098224103435,0.008586203435515563,0.30231666412967906,MaxMin,c=1.0,OK,0.014614833065544853,0.27361131712822606,0.40087098224103446,0.008586203435515565,0.3023166641296791,1.3602931225955671e-16,1.3841011948311819e-16,0.33918194020627934,6.8167680719784786e-18,False,True,6.8167680719784786e-18,,
dirichlet_36,0.01461483306554485,0.273611317128226,0.40087098224103435,0.008586203435515563,0.30231666412967906,Fair,"alpha=0.0,eps=0.01",OK,0.05660016092942026,0.2615964170846126,0.38939902902178697,0.0,0.2924043929641802,0.04701815924357496,0.04589267465630366,0.32992967778660676,-0.009999999999999948,True,True,,,0.05168337243964128
dirichlet_36,0.01461483306554485,0.273611317128226,0.40087098224103435,0.008586203435515563,0.30231666412967906,Fair,"alpha=0.0,eps=0.02",OK,0.08955666890935163,0.2500029256307904,0.3782264324641506,0.0,0.28221397299570744,0.08464190229193787,0.0824585114437391,0.3206205174857047,-0.01999999999999995,True,True,,,0.10295891186128715
dirichlet_36,0.01461483306554485,0.273611317128226,0.40087098224103435,0.008586203435515563,0.30231666412967906,Fair,"alpha=0.0,eps=0.05",OK,0.18842619284914575,0.21522245126932377,0.3447086427912413,0.0,0.2516427130902892,0.19853319375350198,0.1931763299437012,0.29269303658299844,-0.04999999999999997,True,True,,,0.2567855301262248
dirichlet_36,0.01461483306554485,0.273611317128226,0.40087098224103435,0.008586203435515563,0.30231666412967906,Fair,"alpha=0.0,eps=0.1",OK,0.3532087327488026,0.15725499400021267,0.28884566000305933,0.0,0.20069061324792542,0.38876197443212684,0.37811750942192657,0.24614723507848815,-0.1,True,True,,,0.5131632272344542
dirichlet_36,0.01461483306554485,0.273611317128226,0.40087098224103435,0.008586203435515563,0.30231666412967906,Fair,"alpha=0.5,eps=0.01",OK,0.015293228936988808,0.27406252141247583,0.4009414547998131,0.008342616209898415,0.30136017864082393,0.0012817846437419692,0.001298554671176885,0.3390821589635976,-0.0009594212415568595,True,True,,,1.0004473972112282
dirichlet_36,0.01461483306554485,0.273611317128226,0.40087098224103435,0.008586203435515563,0.30231666412967906,Fair,"alpha=0.5,eps=0.02",OK,0.015971624245114783,0.27451372566613735,0.401011927777767,0.008099029377170079,0.3004036929338108,0.0025635690897507215,0.002597109147629468,0.33898237780076423,-0.0019188426896348996,True,True,,,1.4148462775769817
dirichlet_36,0.01461483306554485,0.273611317128226,0.40087098224103435,0.008586203435515563,0.30231666412967906,Fair,"alpha=0.5,eps=0.05",OK,0.01800681102058802,0.27586733845395967,0.40122334608205235,0.007368268310258562,0.29753423613314145,0.0064089227220744645,0.006492772866020722,0.33868303418548185,-0.004797106730162493,True,True,,,2.2370683880770397
dirichlet_36,0.01461483306554485,0.273611317128226,0.40087098224103435,0.008586203435515563,0.30231666412967906,Fair,"alpha=0.5,eps=0.1",OK,0.02139878892871914,0.27812335977106434,0.40157570993594305,0.006150333173989614,0.2927518081902839,0.012817845379026423,0.012985545667242833,0.33818412818086285,-0.009594213407455542,True,True,,,3.163692454374668
dirichlet_36,0.01461483306554485,0.273611317128226,0.40087098224103435,0.008586203435515563,0.30231666412967906,Fair,"alpha=1.0,eps=0.01",OK,0.014952417462740182,0.2738384547627468,0.40091049576489246,0.008468197828003319,0.30183043418161726,0.0006461121687521813,0.0006545732487271451,0.33913187530156214,-0.0004875503290562305,True,True,,,-23.02360145026797
dirichlet_36,0.01461483306554485,0.273611317128226,0.40087098224103435,0.008586203435515563,0.30231666412967906,Fair,"alpha=1.0,eps=0.02",OK,0.01529000183075579,0.2740655925777381,0.400950009304928,0.008350192095865993,0.3013442041907122,0.0012922244416943222,0.0013091466077181464,0.33908181043783187,-0.000975100705424473,True,True,,,-19.557865547468246
dirichlet_36,0.01461483306554485,0.273611317128226,0.40087098224103435,0.008586203435515563,0.30231666412967906,Fair,"alpha=1.0,eps=0.05",OK,0.016302755080626875,0.27474700598688767,0.4010685494893574,0.00799617484490298,0.2998855145982251,0.0032305610212973552,0.003272866433436336,0.33893161577769304,-0.002437751455770373,True,True,,,-14.97641188809747
dirichlet_36,0.01461483306554485,0.273611317128226,0.40087098224103435,0.008586203435515563,0.30231666412967906,Fair,"alpha=1.0,eps=0.1",OK,0.017990678649887824,0.27588269177599456,0.40126611859712613,0.007406146618791011,0.29745436435820044,0.006461122355920701,0.006545733178309434,0.33868129109998246,-0.0048755036052852314,True,True,,,-11.510675985297745
dirichlet_36,0.01461483306554485,0.273611317128226,0.40087098224103435,0.008586203435515563,0.30231666412967906,Fair,"alpha=2.0,eps=0.01",OK,0.014783199037081904,0.2737252482468709,0.40089180940823405,0.00852817783422517,0.30207156547358804,0.0003243477958667019,0.00032859518071245546,0.3391568620131692,-0.0002457210195453313,True,True,,,-499.8872199961882
dirichlet_36,0.01461483306554485,0.273611317128226,0.40087098224103435,0.008586203435515563,0.30231666412967906,Fair,"alpha=2.0,eps=0.02",OK,0.014951565060904384,0.2738391793416097,0.40091263658886966,0.008470152212889027,0.30182646679572733,0.0006486956313765307,0.0006571904016029037,0.33913178381421843,-0.0004914420613637767,True,True,,,-249.9436099980941
dirichlet_36,0.01461483306554485,0.273611317128226,0.40087098224103435,0.008586203435515563,0.30231666412967906,Fair,"alpha=2.0,eps=0.05",OK,0.01545666304992818,0.274180972655826,0.4009751181376325,0.008296075391510994,0.30109117076510233,0.0016217390962272235,0.0016429760222142276,0.3390565492267417,-0.001228605182644429,True,True,,,-99.97744399923764
dirichlet_36,0.01461483306554485,0.273611317128226,0.40087098224103435,0.008586203435515563,0.30231666412967906,Fair,"alpha=2.0,eps=0.1",OK,0.016298493068014785,0.2747506281887079,0.40107925400431715,0.008005947337727025,0.2998656774012332,0.003243478211098818,0.0032859520625830385,0.3389311582381287,-0.0024572103647187544,True,True,,,-49.98872199961882
dirichlet_37,0.2687249079558859,0.10132402597062289,0.4083565808691536,0.09066210755254386,0.13093237765179383,Avg,rho=0.0,OK,2.359223927328457e-16,5.724587470723462e-17,0.9999999999999997,2.7755575615628907e-17,0.0,0.6766716153785776,0.6638215417590803,0.42809801609595427,-0.24736091235548957,True,True,,,
dirichlet_37,0.2687249079558859,0.10132402597062289,0.4083565808691536,0.09066210755254386,0.13093237765179383,Avg,rho=0.1,OK,0.09014589503187317,0.0,0.9098541049681268,2.4286128663675293e-17,0.0,0.5648182840849182,0.5553149729777943,0.4164117894878835,-0.1618214986976985,True,True,,,
dirichlet_37,0.2687249079558859,0.10132402597062289,0.4083565808691536,0.09066210755254386,0.13093237765179383,Avg,rho=0.2,OK,0.2609184387685927,1.9081958235744878e-17,0.7390815612314073,0.0,0.0,0.38087979350328066,0.37727530507384704,0.39427338103524834,-0.13483629515940337,True,True,,,
dirichlet_37,0.2687249079558859,0.10132402597062289,0.4083565808691536,0.09066210755254386,0.13093237765179383,Avg,rho=0.5,OK,0.3392241084931118,0.002388215184741944,0.6128398020742237,0.0,0.04554787424792244,0.26848082027221987,0.2663845981021019,0.37017734084022175,-0.09126954849594099,True,True,,,
dirichlet_37,0.2687249079558859,0.10132402597062289,0.4083565808691536,0.09066210755254386,0.13093237765179383,Cert,,FLOOR_COLLAPSED,0.2687249079558859,0.10132402597062289,0.4083565808691536,0.09066210755254386,0.13093237765179383,0.0,0.0,0.29685507149531154,0.0,False,True,0.0,-0.0,
dirichlet_37,0.2687249079558859,0.10132402597062289,0.4083565808691536,0.09066210755254386,0.13093237765179383,MaxMin,c=0.0,INFEASIBLE_BALL_MISSES_SIMPLEX,,,,,,,,,,False,False,,,
dirichlet_37,0.2687249079558859,0.10132402597062289,0.4083565808691536,0.09066210755254386,0.13093237765179383,MaxMin,c=0.1,OK,0.33768624524597524,0.010281637315626257,0.6067472864129202,0.0011739205256066781,0.04411091049987165,0.2606709753593192,0.2589123462543252,0.36813405303857233,-0.09014260542234406,True,True,-0.09014260542234406,,
dirichlet_37,0.2687249079558859,0.10132402597062289,0.4083565808691536,0.09066210755254386,0.13093237765179383,MaxMin,c=0.25,OK,0.31165861646500326,0.022881011842744974,0.5799841875036882,0.021516642008688077,0.06395954217987544,0.21614601834717206,0.21428515563615058,0.35558449323099706,-0.06963737341078786,True,True,-0.06963737341078786,,
dirichlet_37,0.2687249079558859,0.10132402597062289,0.4083565808691536,0.09066210755254386,0.13093237765179383,MaxMin,c=0.5,OK,0.2725390432511547,0.05216936131685023,0.539759203149432,0.04684442991233151,0.08868796237023165,0.15297698298656448,0.1513179455471545,0.33688683228235394,-0.04409076471028614,True,True,-0.04409076471028614,,
dirichlet_37,0.2687249079558859,0.10132402597062289,0.4083565808691536,0.09066210755254386,0.13093237765179383,MaxMin,c=0.75,OK,0.2467213928270656,0.07994066155685021,0.4899678265964077,0.07109917763544657,0.11227094138422998,0.09128392964449043,0.08982329915852906,0.3175801910506269,-0.019645699130413367,True,True,-0.019645699130413367,,
dirichlet_37,0.2687249079558859,0.10132402597062289,0.4083565808691536,0.09066210755254386,0.13093237765179383,MaxMin,c=0.9,OK,0.2604451866170496,0.09327766166945181,0.4390661456264624,0.0833007560895413,0.12391024999749477,0.03434930717866673,0.03379968529634627,0.3046537442813388,-0.007392496760364788,True,True,-0.007392496760364788,,
dirichlet_37,0.2687249079558859,0.10132402597062289,0.4083565808691536,0.09066210755254386,0.13093237765179383,MaxMin,c=0.95,OK,0.2646428385341921,0.09735700626966287,0.4234970149633955,0.0870328129809363,0.12747032725181323,0.016934900433510664,0.016663925772951674,0.30069997428936046,-0.003644649830654649,True,True,-0.003644649830654649,,
dirichlet_37,0.2687249079558859,0.10132402597062289,0.4083565808691536,0.09066210755254386,0.13093237765179383,MaxMin,c=1.0,OK,0.2687249079558859,0.10132402597062289,0.4083565808691536,0.09066210755254386,0.13093237765179383,0.0,0.0,0.29685507149531154,0.0,False,True,0.0,,
dirichlet_37,0.2687249079558859,0.10132402597062289,0.4083565808691536,0.09066210755254386,0.13093237765179383,Fair,"alpha=0.0,eps=0.01",OK,0.31205847187713676,0.08924619873796952,0.3968399259668083,0.08079376212986679,0.1210616412882187,0.048488356237958295,0.047352547318581635,0.30076004634536624,-0.010000000000000005,True,True,,,0.05174427244510352
dirichlet_37,0.2687249079558859,0.10132402597062289,0.4083565808691536,0.09066210755254386,0.13093237765179383,Fair,"alpha=0.0,eps=0.02",OK,0.3553920357983877,0.07716837150531616,0.38532327106446296,0.07092541670718971,0.11119090492464356,0.09697671247591663,0.09470509463716331,0.304665021195421,-0.020000000000000004,True,True,,,0.10348854489020703
dirichlet_37,0.2687249079558859,0.10132402597062289,0.4083565808691536,0.09066210755254386,0.13093237765179383,Fair,"alpha=0.0,eps=0.05",OK,0.48539272756214036,0.04093488980735606,0.350773306357427,0.041320380439158484,0.08157869583391816,0.24244178118979157,0.23676273659290825,0.31637994574558514,-0.05000000000000002,True,True,,,0.25872136222551756
dirichlet_37,0.2687249079558859,0.10132402597062289,0.4083565808691536,0.09066210755254386,0.13093237765179383,Fair,"alpha=0.0,eps=0.1",OK,0.6743459655596894,0.0,0.2936224526261619,0.0,0.032031581814148814,0.4538280577018034,0.4434915985203869,0.3313576339047537,-0.1,True,True,,,0.5168820642782714
dirichlet_37,0.2687249079558859,0.10132402597062289,0.4083565808691536,0.09066210755254386,0.13093237765179383,Fair,"alpha=0.5,eps=0.01",OK,0.26940330334312523,0.10177523048152133,0.4084270536049278,0.09041852035860734,0.12997589221181838,0.0012817844344916727,0.0012985544694506597,0.2969926148026498,-0.0009594211939832847,True,True,,,1.0004473972112282
dirichlet_37,0.2687249079558859,0.10132402597062289,0.4083565808691536,0.09066210755254386,0.13093237765179383,Fair,"alpha=0.5,eps=0.02",OK,0.27008169923251346,0.10222643451973103,0.40849752631911096,0.09017493344484738,0.12901940648379728,0.0025635691288700938,0.0025971091855400055,0.29713015817605765,-0.0019188426630205443,True,True,,,1.414846277576982
dirichlet_37,0.2687249079558859,0.10132402597062289,0.4083565808691536,0.09066210755254386,0.13093237765179383,Fair,"alpha=0.5,eps=0.05",OK,0.2721168855014372,0.10358004773323659,0.4087089452619295,0.08944417048314288,0.12614995102025384,0.006408922040350574,0.006492772245519832,0.2975427883683224,-0.004797105443731041,True,True,,,2.2370683880770397
dirichlet_37,0.2687249079558859,0.10132402597062289,0.4083565808691536,0.09066210755254386,0.13093237765179383,Fair,"alpha=0.5,eps=0.1",OK,0.2755088639837606,0.10583606864115327,0.4090613083688616,0.08822623722900613,0.1213675217772184,0.012817845428626509,0.012985545713074113,0.29823050490820396,-0.009594213343892646,True,True,,,3.163692454374668
dirichlet_37,0.2687249079558859,0.10132402597062289,0.4083565808691536,0.09066210755254386,0.13093237765179383,Fair,"alpha=1.0,eps=0.01",OK,0.2690624922478808,0.10155116371176746,0.40839609439943336,0.0905441018332636,0.13044614780765484,0.0006461120938687217,0.0006545731778641331,0.29692472140976095,-0.00048755022994160586,True,True,,,-23.02360145026797
dirichlet_37,0.2687249079558859,0.10132402597062289,0.4083565808691536,0.09066210755254386,0.13093237765179383,Fair,"alpha=1.0,eps=0.02",OK,0.2694000766777942,0.10177830167591807,0.40843560776262133,0.09042609599760525,0.1299599178860612,0.0012922244075195307,0.0013091465771985413,0.2969943713014782,-0.0009751005401785581,True,True,,,-19.557865547468246
dirichlet_37,0.2687249079558859,0.10132402597062289,0.4083565808691536,0.09066210755254386,0.13093237765179383,Fair,"alpha=1.0,eps=0.05",OK,0.2704128299721207,0.10245971456346673,0.4085541482256824,0.09007207927718047,0.12850122796154956,0.0032305609969902555,0.0032728664013290925,0.2972033210621808,-0.0024377516029645972,True,True,,,-14.97641188809747
dirichlet_37,0.2687249079558859,0.10132402597062289,0.4083565808691536,0.09066210755254386,0.13093237765179383,Fair,"alpha=1.0,eps=0.1",OK,0.2721007521590488,0.10359540332591627,0.4087517150542489,0.089482050731605,0.1260700787291811,0.006461121815279771,0.0065457326172061,0.2975515705109187,-0.004875502757184113,True,True,,,-11.510675985297745
dirichlet_37,0.2687249079558859,0.10132402597062289,0.4083565808691536,0.09066210755254386,0.13093237765179383,Fair,"alpha=2.0,eps=0.01",OK,0.2688932739734148,0.101437957081073,0.4083774081134035,0.09060408189498784,0.13068727893712093,0.0003243478761439667,0.00032859526438348504,0.29689011179515484,-0.0002457210800276908,True,True,,,-499.8872199961882
dirichlet_37,0.2687249079558859,0.10132402597062289,0.4083565808691536,0.09066210755254386,0.13093237765179383,Fair,"alpha=2.0,eps=0.02",OK,0.26906163994964394,0.10155188818773012,0.4083982352220973,0.09054605633572292,0.13044218030480584,0.0006486956409936331,0.0006571904113110511,0.2969251520460805,-0.0004914420741629526,True,True,,,-249.9436099980941
dirichlet_37,0.2687249079558859,0.10132402597062289,0.4083565808691536,0.09066210755254386,0.13093237765179383,Fair,"alpha=2.0,eps=0.05",OK,0.2695667379249383,0.1018936814690589,0.40846071680554696,0.09037197950012851,0.1297068843003274,0.0016217390721779028,0.0016429759989528424,0.2970302728857146,-0.0012286051700763948,True,True,,,-99.97744399923764
dirichlet_37,0.2687249079558859,0.10132402597062289,0.4083565808691536,0.09066210755254386,0.13093237765179383,Fair,"alpha=2.0,eps=0.1",OK,0.2704085679956426,0.10246333709950683,0.40856485271305587,0.09008185119778851,0.12848139099400602,0.0032434782522352047,0.003285952112628073,0.2972054742914334,-0.002457210303729189,True,True,,,-49.98872199961882
dirichlet_38,0.030338295587320614,0.2709192982557854,0.02929293456724884,0.598588153944794,0.07086131764485118,Avg,rho=0.0,OK,0.0,2.220446049250312e-16,0.0,0.9999999999999996,1.8583851896652987e-16,0.49125202376572896,0.4863899459738061,0.607033290630225,-0.267519819879429,True,True,,,
dirichlet_38,0.030338295587320614,0.2709192982557854,0.02929293456724884,0.598588153944794,0.07086131764485118,Avg,rho=0.1,OK,8.673617379884033e-17,0.0,1.7184882514590657e-16,0.9999999999999998,2.7755575615628907e-17,0.4912520237657293,0.4863899459738064,0.6070332906302252,-0.26751981987942924,True,True,,,
dirichlet_38,0.030338295587320614,0.2709192982557854,0.02929293456724884,0.598588153944794,0.07086131764485118,Avg,rho=0.2,OK,8.989822167059908e-17,8.326672684688673e-17,1.9855360283608904e-17,0.9999999999999998,0.0,0.49125202376572924,0.48638994597380636,0.6070332906302252,-0.2675198198794292,True,True,,,
dirichlet_38,0.030338295587320614,0.2709192982557854,0.02929293456724884,0.598588153944794,0.07086131764485118,Avg,rho=0.5,OK,0.0,0.1720554126383129,2.986020484591201e-17,0.827944587361687,5.789036616636012e-17,0.2630175962976082,0.25977213070111616,0.5515799533068394,-0.09842620022402453,True,True,,,
dirichlet_38,0.030338295587320614,0.2709192982557854,0.02929293456724884,0.598588153944794,0.07086131764485118,Cert,,FLOOR_COLLAPSED,0.030338295587320614,0.2709192982557854,0.02929293456724884,0.598588153944794,0.07086131764485118,0.0,0.0,0.45064176080485296,0.0,False,True,0.0,-0.0,
dirichlet_38,0.030338295587320614,0.2709192982557854,0.02929293456724884,0.598588153944794,0.07086131764485118,MaxMin,c=0.0,INFEASIBLE_BALL_MISSES_SIMPLEX,,,,,,,,,,False,False,,,
dirichlet_38,0.030338295587320614,0.2709192982557854,0.02929293456724884,0.598588153944794,0.07086131764485118,MaxMin,c=0.1,INFEASIBLE_BALL_MISSES_SIMPLEX,,,,,,,,,,False,False,,,
dirichlet_38,0.030338295587320614,0.2709192982557854,0.02929293456724884,0.598588153944794,0.07086131764485118,MaxMin,c=0.25,INFEASIBLE_BALL_MISSES_SIMPLEX,,,,,,,,,,False,False,,,
dirichlet_38,0.030338295587320614,0.2709192982557854,0.02929293456724884,0.598588153944794,0.07086131764485118,MaxMin,c=0.5,INFEASIBLE_BALL_MISSES_SIMPLEX,,,,,,,,,,False,False,,,
dirichlet_38,0.030338295587320614,0.2709192982557854,0.02929293456724884,0.598588153944794,0.07086131764485118,MaxMin,c=0.75,OK,0.0027539259639537683,0.2427431645087962,0.000671795946041099,0.7166540792633054,0.037177034317903576,0.132091465284429,0.13067809369937425,0.5079184805893481,-0.02930159410270068,True,True,-0.02930159410270068,,
dirichlet_38,0.030338295587320614,0.2709192982557854,0.02929293456724884,0.598588153944794,0.07086131764485118,MaxMin,c=0.9,OK,0.019541056136728442,0.25989042694163217,0.01808987677541979,0.6448022267702894,0.05767641337593013,0.05170403382527752,0.05115080343992294,0.4730613580949708,-0.01146940575879283,True,True,-0.01146940575879283,,
dirichlet_38,0.030338295587320614,0.2709192982557854,0.02929293456724884,0.598588153944794,0.07086131764485118,MaxMin,c=0.95,OK,0.024968943458920437,0.2654347580697987,0.02372177330196365,0.6215699199251717,0.06430460524414555,0.025711865087089385,0.025436749511419117,0.4617907876443908,-0.005703613271175692,True,True,-0.005703613271175692,,
dirichlet_38,0.030338295587320614,0.2709192982557854,0.02929293456724884,0.598588153944794,0.07086131764485118,MaxMin,c=1.0,OK,0.030338295587320614,0.2709192982557854,0.02929293456724884,0.598588153944794,0.07086131764485118,0.0,0.0,0.45064176080485296,0.0,False,True,0.0,,
dirichlet_38,0.030338295587320614,0.2709192982557854,0.02929293456724884,0.598588153944794,0.07086131764485118,Fair,"alpha=0.0,eps=0.01",OK,0.07367185950857151,0.25884147102313204,0.01777627966490352,0.5887198085221169,0.060990581281276046,0.04848835623795833,0.04735254731858167,0.4422115938372434,-0.010000000000000042,True,True,,,0.05174427244510352
dirichlet_38,0.030338295587320614,0.2709192982557854,0.02929293456724884,0.598588153944794,0.07086131764485118,Fair,"alpha=0.0,eps=0.02",OK,0.1170054234298224,0.2467636437904787,0.006259624762558199,0.5788514630994399,0.05111984491770092,0.09697671247591662,0.0947050946371633,0.43378142686963383,-0.020000000000000007,True,True,,,0.10348854489020703
dirichlet_38,0.030338295587320614,0.2709192982557854,0.02929293456724884,0.598588153944794,0.07086131764485118,Fair,"alpha=0.0,eps=0.05",OK,0.21792902252903246,0.21116643687773026,0.0,0.5491986933200401,0.02170584727319703,0.21088940319800037,0.2063302405345105,0.4084398751948152,-0.05000000000000011,True,True,,,0.25796317582365186
dirichlet_38,0.030338295587320614,0.2709192982557854,0.02929293456724884,0.598588153944794,0.07086131764485118,Fair,"alpha=0.0,eps=0.1",OK,0.34712614198467495,0.15379796674514673,0.0,0.4990758912701784,0.0,0.36035265878920064,0.3525107806050665,0.36721045319396023,-0.10000000000000002,True,True,,,0.5128044528885292
dirichlet_38,0.030338295587320614,0.2709192982557854,0.02929293456724884,0.598588153944794,0.07086131764485118,Fair,"alpha=0.5,eps=0.01",OK,0.03101669111034817,0.2713705023939488,0.029363407644971067,0.5983445671286483,0.06990483172208382,0.001281784682423443,0.0012985547140626807,0.45057421290000554,-0.0009594216619979684,True,True,,,1.0004473972112282
dirichlet_38,0.030338295587320614,0.2709192982557854,0.02929293456724884,0.598588153944794,0.07086131764485118,Fair,"alpha=0.5,eps=0.02",OK,0.03169508678555201,0.2718217067417053,0.029433880070563877,0.5981009799328968,0.06894834646928197,0.0025635690555141735,0.0025971091105952255,0.45050666486333074,-0.0019188426675672107,True,True,,,1.414846277576982
dirichlet_38,0.030338295587320614,0.2709192982557854,0.02929293456724884,0.598588153944794,0.07086131764485118,Fair,"alpha=0.5,eps=0.05",OK,0.033730273564913524,0.2731753196021612,0.029645298362286018,0.5973702187798944,0.06607888969074498,0.006408922714618032,0.006492772858373159,0.4503040209058865,-0.004797106689089577,True,True,,,2.2370683880770397
dirichlet_38,0.030338295587320614,0.2709192982557854,0.02929293456724884,0.598588153944794,0.07086131764485118,Fair,"alpha=0.5,eps=0.1",OK,0.03712225152855831,0.2754313408422268,0.029997662293908003,0.5961522836622797,0.06129646167302716,0.012817845430422825,0.012985545719202974,0.44996628100562425,-0.009594213440354726,True,True,,,3.163692454374668
dirichlet_38,0.030338295587320614,0.2709192982557854,0.02929293456724884,0.598588153944794,0.07086131764485118,Fair,"alpha=1.0,eps=0.01",OK,0.03067587993634116,0.2711464360467748,0.029332448038731616,0.598470148301606,0.07037508767654624,0.0006461122171339986,0.0006545732988903282,0.45061008675119674,-0.00048755035048792986,True,True,,,-23.023601450267968
dirichlet_38,0.030338295587320614,0.2709192982557854,0.02929293456724884,0.598588153944794,0.07086131764485118,Fair,"alpha=1.0,eps=0.02",OK,0.03101346436365214,0.27137357372123333,0.02937196145709927,0.5983521426585823,0.06988885779943307,0.001292224362303346,0.0013091465224092903,0.45057841267503246,-0.0009751006096882095,True,True,,,-19.557865547468246
dirichlet_38,0.030338295587320614,0.2709192982557854,0.02929293456724884,0.598588153944794,0.07086131764485118,Fair,"alpha=1.0,eps=0.05",OK,0.03202621779590822,0.27205498672416484,0.02949050183428084,0.5979981256887916,0.06843016795685437,0.003230561043036323,0.003272866442679827,0.4504833904110117,-0.002437751599068773,True,True,,,-14.97641188809747
dirichlet_38,0.030338295587320614,0.2709192982557854,0.02929293456724884,0.598588153944794,0.07086131764485118,Fair,"alpha=1.0,eps=0.1",OK,0.033714139586933624,0.2731906755563309,0.029688068976032513,0.5974080973796926,0.06599901850101048,0.00646112182311976,0.006545732625002918,0.4503250200795962,-0.004875502969799339,True,True,,,-11.510675985297745
dirichlet_38,0.030338295587320614,0.2709192982557854,0.02929293456724884,0.598588153944794,0.07086131764485118,Fair,"alpha=2.0,eps=0.01",OK,0.030506661585008914,0.2710332293612923,0.029313761745646233,0.5985301283360377,0.07061621897201492,0.00032434781953519454,0.00032859520470672373,0.45062646091696645,-0.0002457210364425904,True,True,,,-499.8872199961882
dirichlet_38,0.030338295587320614,0.2709192982557854,0.02929293456724884,0.598588153944794,0.07086131764485118,Fair,"alpha=2.0,eps=0.02",OK,0.03067502758495495,0.27114716046323367,0.0293345889239032,0.5984721027234637,0.0703711203044445,0.0006486956356846527,0.0006571904060460804,0.45061116102637877,-0.0004914420677691603,True,True,,,-249.9436099980941
dirichlet_38,0.030338295587320614,0.2709192982557854,0.02929293456724884,0.598588153944794,0.07086131764485118,Fair,"alpha=2.0,eps=0.05",OK,0.031180125770823557,0.271488953688887,0.029397070508569566,0.5982980256611783,0.06963582437054153,0.0016217391439209594,0.001642976075035131,0.45056526121567686,-0.0012286051008249485,True,True,,,-99.97744399923764
dirichlet_38,0.030338295587320614,0.2709192982557854,0.02929293456724884,0.598588153944794,0.07086131764485118,Fair,"alpha=2.0,eps=0.1",OK,0.03202195566949508,0.2720586092962035,0.02950120628444492,0.5980078978427381,0.06841033090711848,0.003243478250246915,0.003285952100343802,0.45048876191480436,-0.002457210373693695,True,True,,,-49.98872199961882
dirichlet_39,0.08204354416032475,0.2051267167613925,0.1794166882604532,0.23232265725155227,0.30109039356627737,Avg,rho=0.0,OK,0.0,0.0,6.690026014987667e-17,0.0,1.0,0.789586547587918,0.7867032643094247,0.3118571872704653,-0.2194975704458361,True,True,,,
dirichlet_39,0.08204354416032475,0.2051267167613925,0.1794166882604532,0.23232265725155227,0.30109039356627737,Avg,rho=0.1,OK,9.914264698160426e-18,0.10706670900716826,1.169390421970171e-17,0.2590815422238957,0.633851748768936,0.399979266621118,0.40464188932620426,0.286913418229426,-0.18727435552011984,True,True,,,
dirichlet_39,0.08204354416032475,0.2051267167613925,0.1794166882604532,0.23232265725155227,0.30109039356627737,Avg,rho=0.2,OK,0.0,0.17535229849083447,0.07907251010828731,0.2620297442202443,0.48354544718063397,0.22772564813027554,0.2307002937882239,0.27158581646819413,-0.10524676695777045,True,True,,,
dirichlet_39,0.08204354416032475,0.2051267167613925,0.1794166882604532,0.23232265725155227,0.30109039356627737,Avg,rho=0.5,OK,2.327375768669318e-18,0.20693672076488412,0.15236241257430394,0.2554158080153668,0.3852850586454451,0.12283480095549255,0.12356017548251327,0.26074137238230755,-0.08233895026814629,True,True,,,
dirichlet_39,0.08204354416032475,0.2051267167613925,0.1794166882604532,0.23232265725155227,0.30109039356627737,Cert,,FLOOR_COLLAPSED,0.08204354416032474,0.20512671676139244,0.17941668826045318,0.2323226572515522,0.3010903935662773,1.0103182026100663e-16,1.0461709653870946e-16,0.24261640061603512,-5.935829750646736e-17,False,True,0.0,-0.0,
dirichlet_39,0.08204354416032475,0.2051267167613925,0.1794166882604532,0.23232265725155227,0.30109039356627737,MaxMin,c=0.0,INFEASIBLE_BALL_MISSES_SIMPLEX,,,,,,,,,,False,False,,,
dirichlet_39,0.08204354416032475,0.2051267167613925,0.1794166882604532,0.23232265725155227,0.30109039356627737,MaxMin,c=0.1,INFEASIBLE_BALL_MISSES_SIMPLEX,,,,,,,,,,False,False,,,
dirichlet_39,0.08204354416032475,0.2051267167613925,0.1794166882604532,0.23232265725155227,0.30109039356627737,MaxMin,c=0.25,OK,0.007441251088633692,0.20147263692586856,0.14879844754818886,0.25705538848899845,0.3852322759483103,0.11919687689100178,0.12029236057559176,0.26003662151367024,-0.07540685406805744,True,True,-0.07540685406805744,,
dirichlet_39,0.08204354416032475,0.2051267167613925,0.1794166882604532,0.23232265725155227,0.30109039356627737,MaxMin,c=0.5,OK,0.041500479994885583,0.1932322395525716,0.1404088772262831,0.24850254635850544,0.37635585686775436,0.09609113767237269,0.09742852684469519,0.2553740340979301,-0.042502689362466727,True,True,-0.042502689362466727,,
dirichlet_39,0.08204354416032475,0.2051267167613925,0.1794166882604532,0.23232265725155227,0.30109039356627737,MaxMin,c=0.75,OK,0.06744533595728812,0.1906132841705442,0.16487915854968296,0.2250481287802747,0.3520140925422101,0.05728201340971415,0.05755025032445578,0.24895395005002166,-0.016013228868728142,True,True,-0.016013228868728142,,
dirichlet_39,0.08204354416032475,0.2051267167613925,0.1794166882604532,0.23232265725155227,0.30109039356627737,MaxMin,c=0.9,OK,0.07717899200313917,0.2003104651709427,0.17460305870837667,0.22638381345727285,0.3215236706602687,0.02286525431631575,0.022826893390411544,0.24493289290483855,-0.005361585290595191,True,True,-0.005361585290595191,,
dirichlet_39,0.08204354416032475,0.2051267167613925,0.1794166882604532,0.23232265725155227,0.30109039356627737,MaxMin,c=0.95,OK,0.07969712929869577,0.20280359965954747,0.1770948358978086,0.22945805823205062,0.3109463769118976,0.011029046623228556,0.011010543245376096,0.24373375978038664,-0.002586158602320854,True,True,-0.002586158602320854,,
dirichlet_39,0.08204354416032475,0.2051267167613925,0.1794166882604532,0.23232265725155227,0.30109039356627737,MaxMin,c=1.0,OK,0.08204354416032474,0.20512671676139244,0.17941668826045318,0.2323226572515522,0.3010903935662773,1.0103182026100663e-16,1.0461709653870946e-16,0.24261640061603512,-5.935829750646736e-17,False,True,-5.935829750646736e-17,,
dirichlet_39,0.08204354416032475,0.2051267167613925,0.1794166882604532,0.23232265725155227,0.30109039356627737,Fair,"alpha=0.0,eps=0.01",OK,0.12537710808157565,0.19304888952873914,0.16790003335810788,0.22245431182887518,0.29121965720270226,0.048488356237958316,0.04735254731858165,0.2368616841174289,-0.010000000000000012,True,True,,,0.05174427244510352
dirichlet_39,0.08204354416032475,0.2051267167613925,0.1794166882604532,0.23232265725155227,0.30109039356627737,Fair,"alpha=0.0,eps=0.02",OK,0.16871067200282652,0.18097106229608576,0.15638337845576256,0.21258596640619812,0.2813489208391271,0.09697671247591662,0.0947050946371633,0.2311069676188226,-0.02000000000000001,True,True,,,0.10348854489020703
dirichlet_39,0.08204354416032475,0.2051267167613925,0.1794166882604532,0.23232265725155227,0.30109039356627737,Fair,"alpha=0.0,eps=0.05",OK,0.29871136376657925,0.14473758059812566,0.12183341374872661,0.18298093013816688,0.25173671174840173,0.2424417811897916,0.23676273659290828,0.2138428181230038,-0.05000000000000001,True,True,,,0.25872136222551756
dirichlet_39,0.08204354416032475,0.2051267167613925,0.1794166882604532,0.23232265725155227,0.30109039356627737,Fair,"alpha=0.0,eps=0.1",OK,0.5153791833728337,0.08434844443485884,0.064250139237,0.1336392030247815,0.20238302993052604,0.48488356237958313,0.4735254731858165,0.18506923562997238,-0.10000000000000002,True,True,,,0.5174427244510351
dirichlet_39,0.08204354416032475,0.2051267167613925,0.1794166882604532,0.23232265725155227,0.30109039356627737,Fair,"alpha=0.5,eps=0.01",OK,0.08272193976581284,0.2055779211489988,0.17948716101942644,0.23207907023841862,0.3001339078273434,0.0012817846966045004,0.0012985547271200768,0.2424461093553024,-0.0009594214846010575,True,True,,,1.0004473972112282
dirichlet_39,0.08204354416032475,0.2051267167613925,0.1794166882604532,0.23232265725155227,0.30109039356627737,Fair,"alpha=0.5,eps=0.02",OK,0.08340033555543326,0.206029125185721,0.17955763366733923,0.2318354834482337,0.2991774221432727,0.002563569277732557,0.002597109325260592,0.2422758180879452,-0.0019188429055290166,True,True,,,1.414846277576982
dirichlet_39,0.08204354416032475,0.2051267167613925,0.1794166882604532,0.23232265725155227,0.30109039356627737,Fair,"alpha=0.5,eps=0.05",OK,0.08543552210281749,0.2073827381034369,0.17976905212065403,0.23110472208760877,0.2963079655854829,0.006408922717832448,0.006492772863370352,0.2417649443805485,-0.004797106715980936,True,True,,,2.2370683880770397
dirichlet_39,0.08204354416032475,0.2051267167613925,0.1794166882604532,0.23232265725155227,0.30109039356627737,Fair,"alpha=0.5,eps=0.1",OK,0.08882750014967429,0.20963875940046828,0.18012141583171815,0.22988678692367986,0.2915255376944595,0.012817845399864544,0.012985545685895123,0.24091348814518102,-0.00959421334167765,True,True,,,3.163692454374668
dirichlet_39,0.08204354416032475,0.2051267167613925,0.1794166882604532,0.23232265725155227,0.30109039356627737,Fair,"alpha=1.0,eps=0.01",OK,0.08238112851789836,0.2053538545420918,0.17945620175259738,0.23220465157184625,0.3006041636155663,0.0006461122126784077,0.0006545732956238207,0.24253072540848863,-0.0004875503343181184,True,True,,,-23.02360145026797
dirichlet_39,0.08204354416032475,0.2051267167613925,0.1794166882604532,0.23232265725155227,0.30109039356627737,Fair,"alpha=1.0,eps=0.02",OK,0.08271871285214658,0.20558099213366812,0.17949571528997244,0.23208664627175088,0.30011793345246207,0.001292224439954479,0.00130914659616533,0.242445050194483,-0.0009751008667759193,True,True,,,-19.557865547468246
dirichlet_39,0.08204354416032475,0.2051267167613925,0.1794166882604532,0.23232265725155227,0.30109039356627737,Fair,"alpha=1.0,eps=0.05",OK,0.08373146617655956,0.20626240535423637,0.1796142556169821,0.23173262897618888,0.29865924387603315,0.0032305609969902407,0.0032728664013290825,0.24218802456436794,-0.0024377516029645413,True,True,,,-14.97641188809747
dirichlet_39,0.08204354416032475,0.2051267167613925,0.1794166882604532,0.23232265725155227,0.30109039356627737,Fair,"alpha=1.0,eps=0.1",OK,0.08541938813394362,0.20739809407182083,0.17981182259630082,0.23114260087931127,0.2962280943186235,0.006461121851452355,0.006545732647399174,0.2417596485463496,-0.004875503066107322,True,True,,,-11.510675985297745
dirichlet_39,0.08204354416032475,0.2051267167613925,0.1794166882604532,0.23232265725155227,0.30109039356627737,Fair,"alpha=2.0,eps=0.01",OK,0.08221191020215937,0.20524064785408752,0.1794375154074503,0.23226463164922495,0.30084529488707795,0.000324347839592815,0.00032859522361458946,0.24257343519168462,-0.00024572104229187726,True,True,,,-499.8872199961882
dirichlet_39,0.08204354416032475,0.2051267167613925,0.1794166882604532,0.23232265725155227,0.30109039356627737,Fair,"alpha=2.0,eps=0.02",OK,0.08238027615793816,0.20535457897203874,0.17945834261671015,0.23220660603220092,0.3006001962211121,0.0006486956400134771,0.0006571904103782767,0.24253046977615866,-0.0004914420724365891,True,True,,,-249.9436099980941
dirichlet_39,0.08204354416032475,0.2051267167613925,0.1794166882604532,0.23232265725155227,0.30109039356627737,Fair,"alpha=2.0,eps=0.05",OK,0.08288537415360472,0.20569637228605037,0.1795208241531809,0.23203252920344383,0.29986490020372025,0.001621739098771426,0.0016429760247028608,0.24240157351641253,-0.0012286051807368368,True,True,,,-99.97744399923764
dirichlet_39,0.08204354416032475,0.2051267167613925,0.1794166882604532,0.23232265725155227,0.30109039356627737,Fair,"alpha=2.0,eps=0.1",OK,0.08372720412567385,0.20626602783075915,0.17962496003395792,0.23174240115123565,0.29863940685837354,0.0032434781805363573,0.003285952032421837,0.24218674642091673,-0.002457210344509673,True,True,,,-49.98872199961882
dirichlet_40,0.09941500905385375,0.3628935886117226,0.00395986686591375,0.4625254406357025,0.07120609483280714,Avg,rho=0.0,OK,5.535783669802249e-16,0.0,0.0,0.9999999999999991,5.242717055911214e-16,0.6599545371701381,0.6551203956118998,0.4732000969942403,-0.3604934521267826,True,True,,,
dirichlet_40,0.09941500905385375,0.3628935886117226,0.00395986686591375,0.4625254406357025,0.07120609483280714,Avg,rho=0.1,OK,2.9413495189415616e-17,0.20850475599863544,3.4836848242648216e-17,0.7914952440013646,0.0,0.3834401852625603,0.380295521467229,0.45328946407673254,-0.15557793469815326,True,True,,,
dirichlet_40,0.09941500905385375,0.3628935886117226,0.00395986686591375,0.4625254406357025,0.07120609483280714,Avg,rho=0.2,OK,0.0,0.3299611076658705,9.331340615340011e-17,0.6700388923341293,0.0,0.24313723172142215,0.24008006254001654,0.4416912977808906,-0.09908506117859672,True,True,,,
dirichlet_40,0.09941500905385375,0.3628935886117226,0.00395986686591375,0.4625254406357025,0.07120609483280714,Avg,rho=0.5,OK,3.363386062408099e-17,0.4028349186662117,0.0,0.5971650813337882,6.751584914455378e-17,0.18625916140137522,0.18243433670214196,0.43473239800338564,-0.09550883295239343,True,True,,,
dirichlet_40,0.09941500905385375,0.3628935886117226,0.00395986686591375,0.4625254406357025,0.07120609483280714,Cert,,FLOOR_COLLAPSED,0.09941500905385378,0.36289358861172266,0.003959866865913751,0.4625254406357026,0.07120609483280715,1.2794982158516685e-16,1.3046266134429865e-16,0.3755829267351744,6.575823537531777e-18,False,True,6.575823537531777e-18,-0.0,
dirichlet_40,0.09941500905385375,0.3628935886117226,0.00395986686591375,0.4625254406357025,0.07120609483280714,MaxMin,c=0.0,INFEASIBLE_BALL_MISSES_SIMPLEX,,,,,,,,,,False,False,,,
dirichlet_40,0.09941500905385375,0.3628935886117226,0.00395986686591375,0.4625254406357025,0.07120609483280714,MaxMin,c=0.1,INFEASIBLE_BALL_MISSES_SIMPLEX,,,,,,,,,,False,False,,,
dirichlet_40,0.09941500905385375,0.3628935886117226,0.00395986686591375,0.4625254406357025,0.07120609483280714,MaxMin,c=0.25,INFEASIBLE_BALL_MISSES_SIMPLEX,,,,,,,,,,False,False,,,
dirichlet_40,0.09941500905385375,0.3628935886117226,0.00395986686591375,0.4625254406357025,0.07120609483280714,MaxMin,c=0.5,INFEASIBLE_BALL_MISSES_SIMPLEX,,,,,,,,,,False,False,,,
dirichlet_40,0.09941500905385375,0.3628935886117226,0.00395986686591375,0.4625254406357025,0.07120609483280714,MaxMin,c=0.75,OK,0.04495026123650739,0.37130066883882556,2.437286483747415e-16,0.5693445315908963,0.014404538333770677,0.13300189213524383,0.13056101873529904,0.4168488818619794,-0.05290841188443319,True,True,-0.05290841188443319,,
dirichlet_40,0.09941500905385375,0.3628935886117226,0.00395986686591375,0.4625254406357025,0.07120609483280714,MaxMin,c=0.9,OK,0.0833431492275855,0.3466099180661413,0.0,0.5174674454570181,0.052579487249255166,0.062487739230709154,0.06173036936221782,0.39149289463746184,-0.016618543272815835,True,True,-0.016618543272815835,,
dirichlet_40,0.09941500905385375,0.3628935886117226,0.00395986686591375,0.4625254406357025,0.07120609483280714,MaxMin,c=0.95,OK,0.09291318922955145,0.35628142376889577,0.0,0.4873199307358041,0.06348545626574863,0.027857672726546174,0.027541482238691004,0.38313101700126717,-0.006807134808702613,True,True,-0.006807134808702613,,
dirichlet_40,0.09941500905385375,0.3628935886117226,0.00395986686591375,0.4625254406357025,0.07120609483280714,MaxMin,c=1.0,OK,0.09941500905385378,0.36289358861172266,0.003959866865913751,0.4625254406357026,0.07120609483280715,1.2794982158516685e-16,1.3046266134429865e-16,0.3755829267351744,6.575823537531777e-18,False,True,6.575823537531777e-18,,
dirichlet_40,0.09941500905385375,0.3628935886117226,0.00395986686591375,0.4625254406357025,0.07120609483280714,Fair,"alpha=0.0,eps=0.01",OK,0.13498163109979086,0.35098572023054325,0.0,0.4526443448527134,0.06138830381695249,0.04020556619476206,0.039368444087559865,0.370022810689866,-0.00999999999999998,True,True,,,0.051541749112324606
dirichlet_40,0.09941500905385375,0.3628935886117226,0.00395986686591375,0.4625254406357025,0.07120609483280714,Fair,"alpha=0.0,eps=0.02",OK,0.1664782626109588,0.33916691276006766,0.0,0.44275656769543054,0.05159825693354296,0.07649438747151498,0.07497461905377382,0.3640936451588367,-0.01999999999999998,True,True,,,0.10297737305199925
dirichlet_40,0.09941500905385375,0.3628935886117226,0.00395986686591375,0.4625254406357025,0.07120609483280714,Fair,"alpha=0.0,eps=0.05",OK,0.26096815714446264,0.30371049034864095,0.0,0.41309323622358207,0.022228116283314357,0.18563438404410906,0.18206415417578367,0.34630614856574893,-0.04999999999999998,True,True,,,0.2572842448710231
dirichlet_40,0.09941500905385375,0.3628935886117226,0.00395986686591375,0.4625254406357025,0.07120609483280714,Fair,"alpha=0.0,eps=0.1",OK,0.39070751383380503,0.24630894146559712,0.0,0.36298354470059785,0.0,0.3368054049810576,0.3299102177261849,0.3158130085368414,-0.09999999999999994,True,True,,,0.5121703187038569
dirichlet_40,0.09941500905385375,0.3628935886117226,0.00395986686591375,0.4625254406357025,0.07120609483280714,Fair,"alpha=0.5,eps=0.01",OK,0.1000934043569266,0.3633447932295272,0.0040303394583192445,0.4622818537569072,0.07024960919831967,0.0012817845049546877,0.0012985545311478559,0.3756411488889899,-0.0009594213761930895,True,True,,,1.0004473972112282
dirichlet_40,0.09941500905385375,0.3628935886117226,0.00395986686591375,0.4625254406357025,0.07120609483280714,Fair,"alpha=0.5,eps=0.02",OK,0.1007718002052424,0.3637959971596789,0.004100812458591262,0.46203826652379454,0.06929312365269286,0.0025635690798703897,0.0025971091405884543,0.37569937070808856,-0.0019188426761564915,True,True,,,1.4148462775769817
dirichlet_40,0.09941500905385375,0.3628935886117226,0.00395986686591375,0.4625254406357025,0.07120609483280714,Fair,"alpha=0.5,eps=0.05",OK,0.10280698708817648,0.36514960976508204,0.0043122305774007386,0.4613075056587307,0.06642366691061012,0.006408922612580606,0.006492772746841375,0.37587403674306036,-0.004797106650067786,True,True,,,2.2370683880770397
dirichlet_40,0.09941500905385375,0.3628935886117226,0.00395986686591375,0.4625254406357025,0.07120609483280714,Fair,"alpha=0.5,eps=0.1",OK,0.10619896483288593,0.36740563124298176,0.004664594672836606,0.46008957036508674,0.061641238886209045,0.012817845343678361,0.012985545635030297,0.3761651466890215,-0.009594213415626558,True,True,,,3.163692454374668
dirichlet_40,0.09941500905385375,0.3628935886117226,0.00395986686591375,0.4625254406357025,0.07120609483280714,Fair,"alpha=1.0,eps=0.01",OK,0.09975259341891957,0.3631207263516338,0.003999380257995683,0.46240743505746296,0.07071986491398798,0.0006461121536027673,0.0006545732308490699,0.37561360591275617,-0.00048755029853443145,True,True,,,-23.02360145026797
dirichlet_40,0.09941500905385375,0.3628935886117226,0.00395986686591375,0.4625254406357025,0.07120609483280714,Fair,"alpha=1.0,eps=0.02",OK,0.10009017772965352,0.3633478640272111,0.0040388938639957465,0.4622894293319694,0.07023363504717015,0.001292224257044895,0.0013091464195540308,0.3756442850010265,-0.0009751005514843799,True,True,,,-19.557865547468246
dirichlet_40,0.09941500905385375,0.3628935886117226,0.00395986686591375,0.4625254406357025,0.07120609483280714,Fair,"alpha=1.0,eps=0.05",OK,0.10110293100396615,0.3640292772632916,0.004157434103860617,0.46193541239609986,0.06877494523278184,0.0032305609014094683,0.0032728663023668695,0.3757363224649091,-0.002437751511633436,True,True,,,-14.97641188809747
dirichlet_40,0.09941500905385375,0.3628935886117226,0.00395986686591375,0.4625254406357025,0.07120609483280714,Fair,"alpha=1.0,eps=0.1",OK,0.10279085224057777,0.3651649664455836,0.0043550014351529534,0.4613453840441109,0.06634379583457482,0.006461121490955239,0.0065457323052487346,0.3758897182703352,-0.004875502829031583,True,True,,,-11.510675985297745
dirichlet_40,0.09941500905385375,0.3628935886117226,0.00395986686591375,0.4625254406357025,0.07120609483280714,Fair,"alpha=2.0,eps=0.01",OK,0.09958337505137392,0.36300751971751505,0.003980694044502734,0.46246741502691086,0.07096099615969742,0.0003243478197734855,0.0003285952049558371,0.3755986627334914,-0.00024572103671747445,True,True,,,-499.8872199961882
dirichlet_40,0.09941500905385375,0.3628935886117226,0.00395986686591375,0.4625254406357025,0.07120609483280714,Fair,"alpha=2.0,eps=0.02",OK,0.09975174106668816,0.36312145084455744,0.004001521166818122,0.46240938940555004,0.07071589751638632,0.0006486956323653548,0.0006571904017580667,0.37561439873710806,-0.0004914420439524543,True,True,,,-249.9436099980941
dirichlet_40,0.09941500905385375,0.3628935886117226,0.00395986686591375,0.4625254406357025,0.07120609483280714,Fair,"alpha=2.0,eps=0.05",OK,0.1002568390640865,0.36346324411017383,0.00406400276169797,0.4622353125918326,0.06998060147220905,0.0016217390963236774,0.0016429760218503499,0.37566160671877963,-0.001228605178585792,True,True,,,-99.97744399923764
dirichlet_40,0.09941500905385375,0.3628935886117226,0.00395986686591375,0.4625254406357025,0.07120609483280714,Fair,"alpha=2.0,eps=0.1",OK,0.1010986690469235,0.3640328996445763,0.004168138674239467,0.4619451845371059,0.06875510809715475,0.0032434782049971436,0.0032859520573108028,0.3757402867064696,-0.0024572103721120613,True,True,,,-49.98872199961882
dirichlet_41,0.003789982460689766,0.13740485555936072,0.5637993826744262,0.2296135659561316,0.06539221334939185,Avg,rho=0.0,OK,1.325575128666318e-16,2.66770370790054e-16,0.9999999999999994,0.0,1.6088854874420688e-16,0.5159108140864809,0.5097345063768509,0.5738713770623881,-0.22734244229930178,True,True,,,
dirichlet_41,0.003789982460689766,0.13740485555936072,0.5637993826744262,0.2296135659561316,0.06539221334939185,Avg,rho=0.1,OK,0.0,8.54405507526408e-17,0.9999999999999997,1.665334536937735e-16,1.1449613329440706e-16,0.515910814086481,0.5097345063768511,0.5738713770623881,-0.22734244229930164,True,True,,,
dirichlet_41,0.003789982460689766,0.13740485555936072,0.5637993826744262,0.2296135659561316,0.06539221334939185,Avg,rho=0.2,OK,0.0,1.1848402166163486e-16,0.9999999999999998,0.0,0.0,0.5159108140864812,0.5097345063768514,0.5738713770623882,-0.22734244229930178,True,True,,,
dirichlet_41,0.003789982460689766,0.13740485555936072,0.5637993826744262,0.2296135659561316,0.06539221334939185,Avg,rho=0.5,OK,4.688371920409022e-17,0.0,0.8354017494508663,0.16459825054913377,0.0,0.3180651454358192,0.313028496433634,0.5195891437731123,-0.12716348392712126,True,True,,,
dirichlet_41,0.003789982460689766,0.13740485555936072,0.5637993826744262,0.2296135659561316,0.06539221334939185,Cert,,FLOOR_COLLAPSED,0.0037899824606897653,0.1374048555593607,0.5637993826744261,0.22961356595613155,0.06539221334939184,1.2794982158516685e-16,1.303087502107537e-16,0.40757202111602897,-1.1321522547112912e-16,False,True,0.0,-0.0,
dirichlet_41,0.003789982460689766,0.13740485555936072,0.5637993826744262,0.2296135659561316,0.06539221334939185,MaxMin,c=0.0,INFEASIBLE_BALL_MISSES_SIMPLEX,,,,,,,,,,False,False,,,
dirichlet_41,0.003789982460689766,0.13740485555936072,0.5637993826744262,0.2296135659561316,0.06539221334939185,MaxMin,c=0.1,INFEASIBLE_BALL_MISSES_SIMPLEX,,,,,,,,,,False,False,,,
dirichlet_41,0.003789982460689766,0.13740485555936072,0.5637993826744262,0.2296135659561316,0.06539221334939185,MaxMin,c=0.25,INFEASIBLE_BALL_MISSES_SIMPLEX,,,,,,,,,,False,False,,,
dirichlet_41,0.003789982460689766,0.13740485555936072,0.5637993826744262,0.2296135659561316,0.06539221334939185,MaxMin,c=0.5,INFEASIBLE_BALL_MISSES_SIMPLEX,,,,,,,,,,False,False,,,
dirichlet_41,0.003789982460689766,0.13740485555936072,0.5637993826744262,0.2296135659561316,0.06539221334939185,MaxMin,c=0.75,OK,6.245004513516506e-17,0.0969093096617393,0.67921635418745,0.19336798746359168,0.030506348687219118,0.13231060437970626,0.1307570333004451,0.45541496334276016,-0.036460003135244876,True,True,-0.036460003135244876,,
dirichlet_41,0.003789982460689766,0.13740485555936072,0.5637993826744262,0.2296135659561316,0.06539221334939185,MaxMin,c=0.9,OK,0.0,0.12313590360892764,0.6070035651948917,0.2167901290818734,0.05307040211430727,0.04899832557811487,0.048379587112240933,0.4257588014863275,-0.012895253851571645,True,True,-0.012895253851571645,,
dirichlet_41,0.003789982460689766,0.13740485555936072,0.5637993826744262,0.2296135659561316,0.06539221334939185,MaxMin,c=0.95,OK,6.587612400021925e-16,0.13125323137471023,0.5846531647458568,0.224039457792838,0.06005414608659438,0.02338059703605697,0.023046074324321215,0.41657999669953316,-0.005601786997307663,True,True,-0.005601786997307663,,
dirichlet_41,0.003789982460689766,0.13740485555936072,0.5637993826744262,0.2296135659561316,0.06539221334939185,MaxMin,c=1.0,OK,0.0037899824606897653,0.1374048555593607,0.5637993826744261,0.22961356595613155,0.06539221334939184,1.2794982158516685e-16,1.303087502107537e-16,0.40757202111602897,-1.1321522547112912e-16,False,True,-1.1321522547112912e-16,,
dirichlet_41,0.003789982460689766,0.13740485555936072,0.5637993826744262,0.2296135659561316,0.06539221334939185,Fair,"alpha=0.0,eps=0.01",OK,0.04712354638194065,0.12532702832670733,0.5522827277720808,0.21974522053345447,0.055521476985816706,0.04848835623795835,0.047352547318581684,0.3977681310010371,-0.010000000000000116,True,True,,,0.05174427244510352
dirichlet_41,0.003789982460689766,0.13740485555936072,0.5637993826744262,0.2296135659561316,0.06539221334939185,Fair,"alpha=0.0,eps=0.02",OK,0.09045711030319153,0.11324920109405395,0.5407660728697354,0.2098768751107774,0.04565074062224159,0.09697671247591666,0.09470509463716333,0.38796424088604514,-0.02000000000000012,True,True,,,0.10348854489020703
dirichlet_41,0.003789982460689766,0.13740485555936072,0.5637993826744262,0.2296135659561316,0.06539221334939185,Fair,"alpha=0.0,eps=0.05",OK,0.22045780206694424,0.07701571939609389,0.5062161081626996,0.18027183884274622,0.016038531531516194,0.24244178118979157,0.23676273659290825,0.3585525705410695,-0.05000000000000002,True,True,,,0.25872136222551756
dirichlet_41,0.003789982460689766,0.13740485555936072,0.5637993826744262,0.2296135659561316,0.06539221334939185,Fair,"alpha=0.0,eps=0.1",OK,0.40073783141780406,0.018775514148735625,0.450395517533862,0.13009113689959825,0.0,0.4457373750495498,0.4347145326735074,0.3115564806092591,-0.10000000000000016,True,True,,,0.514538991101946
dirichlet_41,0.003789982460689766,0.13740485555936072,0.5637993826744262,0.2296135659561316,0.06539221334939185,Fair,"alpha=0.5,eps=0.01",OK,0.004468377969266275,0.1378560598526072,0.5638698555560676,0.22936997893102357,0.06443572769103523,0.0012817845609893214,0.0012985545934986824,0.40758682301951216,-0.0009594214055202013,True,True,,,1.0004473972112282
dirichlet_41,0.003789982460689766,0.13740485555936072,0.5637993826744262,0.2296135659561316,0.06539221334939185,Fair,"alpha=0.5,eps=0.02",OK,0.005146773898045472,0.13830726412194685,0.5639403282878409,0.22912639162152407,0.06347924207064279,0.0025635693534348794,0.0025971094201297663,0.40760162478555,-0.0019188427815110048,True,True,,,1.414846277576982
dirichlet_41,0.003789982460689766,0.13740485555936072,0.5637993826744262,0.2296135659561316,0.06539221334939185,Fair,"alpha=0.5,eps=0.05",OK,0.007181960456277484,0.13966087682252007,0.5641517465248427,0.2283956308145736,0.06060978538178611,0.006408922703531248,0.0064927728470629414,0.40764603032064195,-0.004797106701824664,True,True,,,2.2370683880770397
dirichlet_41,0.003789982460689766,0.13740485555936072,0.5637993826744262,0.2296135659561316,0.06539221334939185,Fair,"alpha=0.5,eps=0.1",OK,0.010573938748115104,0.14191689847916544,0.5645041103306866,0.22717769443396346,0.0558273580080695,0.012817845492214694,0.012985545809851085,0.40772003932099327,-0.009594212855496413,True,True,,,3.163692454374668
dirichlet_41,0.003789982460689766,0.13740485555936072,0.5637993826744262,0.2296135659561316,0.06539221334939185,Fair,"alpha=1.0,eps=0.01",OK,0.004127566871319219,0.1376319932730578,0.5638388960802138,0.2294955603211304,0.06490598345427895,0.0006461121615587012,0.0006545732400175241,0.4075823811186554,-0.0004875502768545575,True,True,,,-23.02360145026797
dirichlet_41,0.003789982460689766,0.13740485555936072,0.5637993826744262,0.2296135659561316,0.06539221334939185,Fair,"alpha=1.0,eps=0.02",OK,0.004465151192087019,0.13785913101850028,0.5638784096194339,0.22937755465619253,0.06441975351378626,0.0012922243351041194,0.0013091464968849145,0.4075927411883278,-0.0009751006007495246,True,True,,,-19.557865547468246
dirichlet_41,0.003789982460689766,0.13740485555936072,0.5637993826744262,0.2296135659561316,0.06539221334939185,Fair,"alpha=1.0,eps=0.05",OK,0.005477904289456751,0.1385405439859076,0.5639969500536687,0.22902353779545703,0.06296106387550993,0.0032305606581995547,0.003272866057468286,0.4076238212999905,-0.002437751384042936,True,True,,,-14.976411888097472
dirichlet_41,0.003789982460689766,0.13740485555936072,0.5637993826744262,0.2296135659561316,0.06539221334939185,Fair,"alpha=1.0,eps=0.1",OK,0.0071658264770292825,0.13967623295651455,0.5641945170015659,0.228433509458744,0.06052991410614627,0.006461121923267974,0.0065457327231141825,0.40767562127804385,-0.004875503066042262,True,True,,,-11.510675985297745
dirichlet_41,0.003789982460689766,0.13740485555936072,0.5637993826744262,0.2296135659561316,0.06539221334939185,Fair,"alpha=2.0,eps=0.01",OK,0.003958348476045966,0.13751878662781533,0.563820209868313,0.22955554038460374,0.06514711464322187,0.00032434783521502074,0.0003285952194848631,0.4075779453204648,-0.00024572106829922133,True,True,,,-499.8872199961882
dirichlet_41,0.003789982460689766,0.13740485555936072,0.5637993826744262,0.2296135659561316,0.06539221334939185,Fair,"alpha=2.0,eps=0.02",OK,0.004126714437943219,0.1376327177867964,0.5638410370743621,0.22949751471337884,0.06490201598751943,0.0006486956549585683,0.0006571904273155835,0.40758386952399295,-0.0004914420901384598,True,True,,,-249.94360999809413
dirichlet_41,0.003789982460689766,0.13740485555936072,0.5637993826744262,0.2296135659561316,0.06539221334939185,Fair,"alpha=2.0,eps=0.05",OK,0.004631812426321839,0.13797451104844632,0.5639035186162439,0.2293234379197218,0.06416671998926611,0.0016217390711464705,0.0016429759975809546,0.40760164211098915,-0.0012286051781562192,True,True,,,-99.97744399923764
dirichlet_41,0.003789982460689766,0.13740485555936072,0.5637993826744262,0.2296135659561316,0.06539221334939185,Fair,"alpha=2.0,eps=0.1",OK,0.005473642446121249,0.13854416655963972,0.5640076545672343,0.2290333098189189,0.06294122660808571,0.0032434782061955187,0.003285952061185851,0.40763126310004993,-0.0024572103794473633,True,True,,,-49.98872199961882
dirichlet_42,0.053364043575813515,0.09330410607732292,0.2619580710700118,0.22285866790705927,0.3685151113697924,Avg,rho=0.0,OK,0.0,2.3057114461165236e-16,5.967448757360216e-16,2.782195504701059e-16,0.9999999999999989,0.7270588413505359,0.723532752794893,0.378296845051553,-0.2721698760883159,True,True,,,
dirichlet_42,0.053364043575813515,0.09330410607732292,0.2619580710700118,0.22285866790705927,0.3685151113697924,Avg,rho=0.1,OK,4.577172345049659e-17,1.0739421273300031e-16,0.18298347753724495,0.0,0.8170165224627548,0.5182758583949312,0.513131079487048,0.35897041626444315,-0.20871071602136748,True,True,,,
dirichlet_42,0.053364043575813515,0.09330410607732292,0.2619580710700118,0.22285866790705927,0.3685151113697924,Avg,rho=0.2,OK,0.0,0.0,0.2528981361625117,0.12729977018355357,0.6198020936539348,0.2896758708932798,0.28787022359142966,0.33453711236523354,-0.09779287074489122,True,True,,,
dirichlet_42,0.053364043575813515,0.09330410607732292,0.2619580710700118,0.22285866790705927,0.3685151113697924,Avg,rho=0.5,OK,0.0,1.935513136980986e-17,0.2903561875519237,0.21287371044674258,0.4967701020013337,0.17002609321733814,0.17002829667424982,0.3191200891772676,-0.09516715018630015,True,True,,,
dirichlet_42,0.053364043575813515,0.09330410607732292,0.2619580710700118,0.22285866790705927,0.3685151113697924,Cert,,FLOOR_COLLAPSED,0.053364043575813515,0.09330410607732292,0.2619580710700118,0.22285866790705927,0.3685151113697924,0.0,0.0,0.28009333447006385,0.0,False,True,0.0,-0.0,
dirichlet_42,0.053364043575813515,0.09330410607732292,0.2619580710700118,0.22285866790705927,0.3685151113697924,MaxMin,c=0.0,INFEASIBLE_BALL_MISSES_SIMPLEX,,,,,,,,,,False,False,,,
dirichlet_42,0.053364043575813515,0.09330410607732292,0.2619580710700118,0.22285866790705927,0.3685151113697924,MaxMin,c=0.1,INFEASIBLE_BALL_MISSES_SIMPLEX,,,,,,,,,,False,False,,,
dirichlet_42,0.053364043575813515,0.09330410607732292,0.2619580710700118,0.22285866790705927,0.3685151113697924,MaxMin,c=0.25,INFEASIBLE_BALL_MISSES_SIMPLEX,,,,,,,,,,False,False,,,
dirichlet_42,0.053364043575813515,0.09330410607732292,0.2619580710700118,0.22285866790705927,0.3685151113697924,MaxMin,c=0.5,OK,4.440892098500626e-16,0.035016688013590036,0.2712659081391104,0.2074242100405559,0.4862931938067432,0.14297440076587337,0.1431967760863765,0.3125926156478282,-0.06111912676624064,True,True,-0.06111912676624064,,
dirichlet_42,0.053364043575813515,0.09330410607732292,0.2619580710700118,0.22285866790705927,0.3685151113697924,MaxMin,c=0.75,OK,0.03146422809060342,0.07164450713595394,0.24614845611870323,0.19653631467828553,0.4542064939764539,0.09609663574775873,0.09585758500047349,0.2975820727589574,-0.023876299101706685,True,True,-0.023876299101706685,,
dirichlet_42,0.053364043575813515,0.09330410607732292,0.2619580710700118,0.22285866790705927,0.3685151113697924,MaxMin,c=0.9,OK,0.04586950937958278,0.0858839857710865,0.2545419903866672,0.21370903471080369,0.3999954797518598,0.03522717504961275,0.03516807458944738,0.28631118697962354,-0.008260284401930064,True,True,-0.008260284401930064,,
dirichlet_42,0.053364043575813515,0.09330410607732292,0.2619580710700118,0.22285866790705927,0.3685151113697924,MaxMin,c=0.95,OK,0.04972136370868636,0.08969759469936678,0.2583535231300217,0.21841153566869292,0.3838159827932322,0.01712198756708872,0.017093262091862974,0.283115489758211,-0.00401486882303997,True,True,-0.00401486882303997,,
dirichlet_42,0.053364043575813515,0.09330410607732292,0.2619580710700118,0.22285866790705927,0.3685151113697924,MaxMin,c=1.0,OK,0.053364043575813515,0.09330410607732292,0.2619580710700118,0.22285866790705927,0.3685151113697924,0.0,0.0,0.28009333447006385,0.0,False,True,0.0,,
dirichlet_42,0.053364043575813515,0.09330410607732292,0.2619580710700118,0.22285866790705927,0.3685151113697924,Fair,"alpha=0.0,eps=0.01",OK,0.09669760749706441,0.08122627884466956,0.25044141616766646,0.21299032248438218,0.3586443750062173,0.048488356237958316,0.04735254731858165,0.27285461807962313,-0.010000000000000012,True,True,,,0.05174427244510352
dirichlet_42,0.053364043575813515,0.09330410607732292,0.2619580710700118,0.22285866790705927,0.3685151113697924,Fair,"alpha=0.0,eps=0.02",OK,0.1400311714183153,0.06914845161201619,0.23892476126532114,0.20312197706170512,0.34877363864264216,0.09697671247591663,0.09470509463716333,0.26561590168918237,-0.020000000000000007,True,True,,,0.10348854489020703
dirichlet_42,0.053364043575813515,0.09330410607732292,0.2619580710700118,0.22285866790705927,0.3685151113697924,Fair,"alpha=0.0,eps=0.05",OK,0.270031863182068,0.0329149699140561,0.2043747965582852,0.17351694079367389,0.3191614295519168,0.2424417811897916,0.23676273659290828,0.24389975251786022,-0.05000000000000001,True,True,,,0.25872136222551756
dirichlet_42,0.053364043575813515,0.09330410607732292,0.2619580710700118,0.22285866790705927,0.3685151113697924,Fair,"alpha=0.0,eps=0.1",OK,0.45896595698287695,0.0,0.14700977003352153,0.12411895713122865,0.2699053158523728,0.45376767462834644,0.4437915929659184,0.20871886694114464,-0.1,True,True,,,0.5171864102321748
dirichlet_42,0.053364043575813515,0.09330410607732292,0.2619580710700118,0.22285866790705927,0.3685151113697924,Fair,"alpha=0.5,eps=0.01",OK,0.054042439120077175,0.09375531047230971,0.262028543768798,0.22261508084546275,0.36755862579335247,0.001281784551444313,0.001298554581049239,0.2797958885449192,-0.0009594213244909476,True,True,,,1.0004473972112282
dirichlet_42,0.053364043575813515,0.09330410607732292,0.2619580710700118,0.22285866790705927,0.3685151113697924,Fair,"alpha=0.5,eps=0.02",OK,0.054720834774266466,0.09420651458937393,0.2620990166121829,0.2223714938403464,0.36660214018383025,0.002563569085138626,0.0025971091429304208,0.27949844263762624,-0.0019188426800229887,True,True,,,1.414846277576982
dirichlet_42,0.053364043575813515,0.09330410607732292,0.2619580710700118,0.22285866790705927,0.3685151113697924,Fair,"alpha=0.5,eps=0.05",OK,0.05675602152948861,0.09556012742414303,0.2623104349083006,0.22164073276391433,0.3637326833741534,0.0064089227313519044,0.006492772875938002,0.27860610488266474,-0.004797106729906159,True,True,,,2.2370683880770397
dirichlet_42,0.053364043575813515,0.09330410607732292,0.2619580710700118,0.22285866790705927,0.3685151113697924,Fair,"alpha=0.5,eps=0.1",OK,0.06014799943990326,0.09781614879653817,0.26266279876232385,0.22042279758420122,0.35895025541703357,0.01281784542788138,0.012985545718584379,0.2771188753046817,-0.00959421342296067,True,True,,,3.163692454374668
dirichlet_42,0.053364043575813515,0.09330410607732292,0.2619580710700118,0.22285866790705927,0.3685151113697924,Fair,"alpha=1.0,eps=0.01",OK,0.053701627996371425,0.09353124377989251,0.2619975845339418,0.22274066221495648,0.3680288814748379,0.0006461121766999021,0.0006545732578607025,0.279943728898699,-0.000487550278915526,True,True,,,-23.02360145026797
dirichlet_42,0.053364043575813515,0.09330410607732292,0.2619580710700118,0.22285866790705927,0.3685151113697924,Fair,"alpha=1.0,eps=0.02",OK,0.054039212462379235,0.09375838143727869,0.2620370982480357,0.22262265616116705,0.36754265169113937,0.0012922243588947178,0.0013091465352295395,0.27979412334770914,-0.0009751004607213478,True,True,,,-19.557865547468246
dirichlet_42,0.053364043575813515,0.09330410607732292,0.2619580710700118,0.22285866790705927,0.3685151113697924,Fair,"alpha=1.0,eps=0.05",OK,0.05505196551802102,0.09443979475748669,0.2621556383088046,0.22226863964839036,0.36608396176729724,0.0032305609127243344,0.0032728663145705533,0.27934530659851853,-0.002437751514809176,True,True,,,-14.97641188809747
dirichlet_42,0.053364043575813515,0.09330410607732292,0.2619580710700118,0.22285866790705927,0.3685151113697924,Fair,"alpha=1.0,eps=0.1",OK,0.05673988619871777,0.09557548372928136,0.2623532063045663,0.22167861089607918,0.3636528128713553,0.006461120873585853,0.006545731711267906,0.27859727901363596,-0.004875502350477619,True,True,,,-11.510675985297745
dirichlet_42,0.053364043575813515,0.09330410607732292,0.2619580710700118,0.22285866790705927,0.3685151113697924,Fair,"alpha=2.0,eps=0.01",OK,0.053532409576657614,0.09341803718342956,0.26197889824504755,0.22280064229855917,0.36827001269630605,0.000324347821613581,0.0003285952067006893,0.28001831942864236,-0.0002457210370587024,True,True,,,-499.8872199961882
dirichlet_42,0.053364043575813515,0.09330410607732292,0.2619580710700118,0.22285866790705927,0.3685151113697924,Fair,"alpha=2.0,eps=0.02",OK,0.05370077543401265,0.09353196825267981,0.26199972538842264,0.22274261684622657,0.3680249140786584,0.0006486954836303622,0.0006571902486411711,0.27994330442237525,-0.0004914420132614073,True,True,,,-249.9436099980941
dirichlet_42,0.053364043575813515,0.09330410607732292,0.2619580710700118,0.22285866790705927,0.3685151113697924,Fair,"alpha=2.0,eps=0.05",OK,0.05420587373595333,0.09387376152534357,0.26206220685565834,0.2225685398916437,0.3672896179914011,0.001621739157707813,0.0016429760789716966,0.27971825924395033,-0.0012286051943988438,True,True,,,-99.97744399923764
dirichlet_42,0.053364043575813515,0.09330410607732292,0.2619580710700118,0.22285866790705927,0.3685151113697924,Fair,"alpha=2.0,eps=0.1",OK,0.055047703521448735,0.09444341722109113,0.2621663428748716,0.22227841180075203,0.3660641245818364,0.003243478260015351,0.003285952114178442,0.2793431840498493,-0.0024572104246372265,True,True,,,-49.98872199961882
dirichlet_43,0.12035621176243033,0.3629201991223497,0.08161577824412855,0.15801908631926456,0.2770887245518269,Avg,rho=0.0,OK,0.0,0.9999999999999998,1.5128116756312396e-16,0.0,5.5511151231257815e-17,0.7271627180827118,0.71799948067068,0.3780404249530171,-0.28181452430488324,True,True,,,
dirichlet_43,0.12035621176243033,0.3629201991223497,0.08161577824412855,0.15801908631926456,0.2770887245518269,Avg,rho=0.1,OK,2.482534153247274e-17,0.7779866335141071,1.2598484218038854e-17,6.528854519189558e-17,0.2220133664858927,0.47056373068283835,0.4608861875239063,0.3575489757423808,-0.15627877704772722,True,True,,,
dirichlet_43,0.12035621176243033,0.3629201991223497,0.08161577824412855,0.15801908631926456,0.2770887245518269,Avg,rho=0.2,OK,8.641192328308487e-18,0.6621588695498961,0.0,3.3422021737721417e-17,0.33784113045010394,0.37329803282504403,0.36364242437477534,0.3468582737363599,-0.15365178935518464,True,True,,,
dirichlet_43,0.12035621176243033,0.3629201991223497,0.08161577824412855,0.15801908631926456,0.2770887245518269,Avg,rho=0.5,OK,0.03788640256792399,0.5213564565530512,0.0,0.10494502790746597,0.33581211297155894,0.21173035771805207,0.20601944213298987,0.31755665114003845,-0.07976955777439833,True,True,,,
dirichlet_43,0.12035621176243033,0.3629201991223497,0.08161577824412855,0.15801908631926456,0.2770887245518269,Cert,,FLOOR_COLLAPSED,0.12035621176243033,0.3629201991223497,0.08161577824412855,0.15801908631926456,0.2770887245518269,0.0,0.0,0.27160410414940084,0.0,False,True,0.0,-0.0,
dirichlet_43,0.12035621176243033,0.3629201991223497,0.08161577824412855,0.15801908631926456,0.2770887245518269,MaxMin,c=0.0,INFEASIBLE_BALL_MISSES_SIMPLEX,,,,,,,,,,False,False,,,
dirichlet_43,0.12035621176243033,0.3629201991223497,0.08161577824412855,0.15801908631926456,0.2770887245518269,MaxMin,c=0.1,INFEASIBLE_BALL_MISSES_SIMPLEX,,,,,,,,,,False,False,,,
dirichlet_43,0.12035621176243033,0.3629201991223497,0.08161577824412855,0.15801908631926456,0.2770887245518269,MaxMin,c=0.25,OK,0.05044704292805158,0.5061661484252902,0.015276212949835152,0.10119987064361616,0.32691072505320695,0.1884629587112689,0.18334744147107004,0.31214085326166474,-0.06458211101967769,True,True,-0.06458211101967769,,
dirichlet_43,0.12035621176243033,0.3629201991223497,0.08161577824412855,0.15801908631926456,0.2770887245518269,MaxMin,c=0.5,OK,0.07896545190869712,0.47016294076890525,0.04270166144139832,0.1200412778275938,0.2881286680534056,0.12764287451332282,0.12428760172185456,0.29807477393622145,-0.036975953136911155,True,True,-0.036975953136911155,,
dirichlet_43,0.12035621176243033,0.3629201991223497,0.08161577824412855,0.15801908631926456,0.2770887245518269,MaxMin,c=0.75,OK,0.10133208178557739,0.4308439516306761,0.06398683352611,0.14214171247095317,0.2616954205866834,0.07599590893819139,0.07440463210494105,0.2852751173383488,-0.015908390662751293,True,True,-0.015908390662751293,,
dirichlet_43,0.12035621176243033,0.3629201991223497,0.08161577824412855,0.15801908631926456,0.2770887245518269,MaxMin,c=0.9,OK,0.11331062156205671,0.3880757739437766,0.07508689517303244,0.1521388978570619,0.2713878114640722,0.028145099509669702,0.02755576982804581,0.27666716651653284,-0.005891675545403397,True,True,-0.005891675545403397,,
dirichlet_43,0.12035621176243033,0.3629201991223497,0.08161577824412855,0.15801908631926456,0.2770887245518269,MaxMin,c=0.95,OK,0.11689319139377669,0.3752845668352446,0.07840672770091607,0.15512887956056767,0.27428663450949503,0.013833766953206669,0.013544101980752348,0.27409268035189005,-0.002895852843974299,True,True,-0.002895852843974299,,
dirichlet_43,0.12035621176243033,0.3629201991223497,0.08161577824412855,0.15801908631926456,0.2770887245518269,MaxMin,c=1.0,OK,0.12035621176243033,0.3629201991223497,0.08161577824412855,0.15801908631926456,0.2770887245518269,0.0,0.0,0.27160410414940084,0.0,False,True,0.0,,
dirichlet_43,0.12035621176243033,0.3629201991223497,0.08161577824412855,0.15801908631926456,0.2770887245518269,Fair,"alpha=0.0,eps=0.01",OK,0.16368977568368123,0.3508423718896963,0.07009912334178323,0.14815074089658747,0.2672179881882518,0.04848835623795832,0.047352547318581656,0.26783184876129656,-0.010000000000000018,True,True,,,0.05174427244510352
dirichlet_43,0.12035621176243033,0.3629201991223497,0.08161577824412855,0.15801908631926456,0.2770887245518269,Fair,"alpha=0.0,eps=0.02",OK,0.20702333960493213,0.338764544657043,0.05858246843943791,0.1382823954739104,0.25734725182467666,0.09697671247591663,0.09470509463716331,0.26405959337319235,-0.020000000000000004,True,True,,,0.10348854489020703
dirichlet_43,0.12035621176243033,0.3629201991223497,0.08161577824412855,0.15801908631926456,0.2770887245518269,Fair,"alpha=0.0,eps=0.05",OK,0.3370240313686848,0.30253106295908283,0.02403250373240195,0.10867735920587918,0.22773504273395126,0.24244178118979157,0.23676273659290828,0.25274282720887964,-0.05000000000000004,True,True,,,0.25872136222551756
dirichlet_43,0.12035621176243033,0.3629201991223497,0.08161577824412855,0.15801908631926456,0.2770887245518269,Fair,"alpha=0.0,eps=0.1",OK,0.519208035197827,0.24289651332652573,0.0,0.05927902280106932,0.17861642867457792,0.4467616709914403,0.43673274870677764,0.23254057976295472,-0.10000000000000005,True,True,,,0.5165435575188978
dirichlet_43,0.12035621176243033,0.3629201991223497,0.08161577824412855,0.15801908631926456,0.2770887245518269,Fair,"alpha=0.5,eps=0.01",OK,0.1210346073910336,0.36337140316607475,0.08168625106663294,0.15777549942115981,0.276132238955099,0.0012817844633049348,0.001298554487396168,0.2715687253989981,-0.0009594213389548865,True,True,,,1.0004473972112282
dirichlet_43,0.12035621176243033,0.3629201991223497,0.08161577824412855,0.15801908631926456,0.2770887245518269,Fair,"alpha=0.5,eps=0.02",OK,0.12171300297549406,0.3638226077046946,0.08175672365214237,0.1575319123854762,0.27517575328219285,0.002563569147416377,0.0025971091998661486,0.27153334675741525,-0.0019188427580769697,True,True,,,1.4148462775769817
dirichlet_43,0.12035621176243033,0.3629201991223497,0.08161577824412855,0.15801908631926456,0.2770887245518269,Fair,"alpha=0.5,eps=0.05",OK,0.12374818895517822,0.3651762213958142,0.08196814228594407,0.1568011509329289,0.27230629643013465,0.00640892280628313,0.006492772976368454,0.27142721082253984,-0.004797106867497393,True,True,,,2.2370683880770397
dirichlet_43,0.12035621176243033,0.3629201991223497,0.08161577824412855,0.15801908631926456,0.2770887245518269,Fair,"alpha=0.5,eps=0.1",OK,0.12714016990612598,0.36743224060473384,0.08232050387993894,0.15558321552708743,0.26752387008211387,0.01281784506845475,0.012985545289880239,0.27125031715254777,-0.009594211947827613,True,True,,,3.163692454374668
dirichlet_43,0.12035621176243033,0.3629201991223497,0.08161577824412855,0.15801908631926456,0.2770887245518269,Fair,"alpha=1.0,eps=0.01",OK,0.12069379616717267,0.36314733683557865,0.08165529169714558,0.15790108065812916,0.276602494641974,0.0006461121770722427,0.0006545732574307393,0.2715855986037796,-0.0004875502926581622,True,True,,,-23.02360145026797
dirichlet_43,0.12035621176243033,0.3629201991223497,0.08161577824412855,0.15801908631926456,0.2770887245518269,Fair,"alpha=1.0,eps=0.02",OK,0.12103138053004733,0.3633744744951145,0.0816948050765546,0.15778307520145635,0.27611626469682726,0.001292224298109436,0.00130914645147682,0.2715670930500677,-0.0009751006130085477,True,True,,,-19.557865547468246
dirichlet_43,0.12035621176243033,0.3629201991223497,0.08161577824412855,0.15801908631926456,0.2770887245518269,Fair,"alpha=1.0,eps=0.05",OK,0.12204413377819892,0.3640558877745082,0.08181334554010028,0.1574290579575097,0.274657574949683,0.0032305609633738754,0.00327286636869717,0.2715115764307667,-0.0024377515181120118,True,True,,,-14.97641188809747
dirichlet_43,0.12035621176243033,0.3629201991223497,0.08161577824412855,0.15801908631926456,0.2770887245518269,Fair,"alpha=1.0,eps=0.1",OK,0.12373205566983382,0.36519157652489914,0.082010912773235,0.15683902964889196,0.2722264253831401,0.0064611218560835845,0.006545732665183941,0.2714190487433315,-0.004875502999059413,True,True,,,-11.510675985297745
dirichlet_43,0.12035621176243033,0.3629201991223497,0.08161577824412855,0.15801908631926456,0.2770887245518269,Fair,"alpha=2.0,eps=0.01",OK,0.12052457776048682,0.3630341302262043,0.08163660542425355,0.1579610607106461,0.2768436258784093,0.0003243478196714959,0.0003285952048631361,0.2715946449220446,-0.0002457210370213414,True,True,,,-499.88721999618815
dirichlet_43,0.12035621176243033,0.3629201991223497,0.08161577824412855,0.15801908631926456,0.2770887245518269,Fair,"alpha=2.0,eps=0.02",OK,0.12069294380531621,0.3631480613190254,0.08165743262304268,0.15790303510036313,0.27659852715225264,0.0006486957010961284,0.0006571904719995744,0.2715851856842615,-0.000491442126539085,True,True,,,-249.9436099980941
dirichlet_43,0.12035621176243033,0.3629201991223497,0.08161577824412855,0.15801908631926456,0.2770887245518269,Fair,"alpha=2.0,eps=0.05",OK,0.12119804175976638,0.36348985462946015,0.08171991413769629,0.15772895827006866,0.27586323120300854,0.0016217390845797498,0.0016429760102646517,0.2715568080124762,-0.0012286051670802416,True,True,,,-99.97744399923764
dirichlet_43,0.12035621176243033,0.3629201991223497,0.08161577824412855,0.15801908631926456,0.2770887245518269,Fair,"alpha=2.0,eps=0.1",OK,0.12203987174941779,0.36405951019879323,0.08182404996836606,0.15743883022761385,0.27463773785580914,0.0032434781805587,0.0032859520310077345,0.27150951189287725,-0.0024572103321165114,True,True,,,-49.98872199961882
dirichlet_44,0.3034816053780615,0.09723936930500421,0.04376610324855616,0.5026870718166359,0.052825850251742267,Avg,rho=0.0,OK,4.718447854656914e-16,0.0,0.0,0.9999999999999996,2.7755575615628907e-17,0.5946282624736016,0.5918460693631014,0.5118434569639978,-0.30475751867396866,True,True,,,
dirichlet_44,0.3034816053780615,0.09723936930500421,0.04376610324855616,0.5026870718166359,0.052825850251742267,Avg,rho=0.1,OK,3.05311331771918e-16,0.0,0.0,0.9999999999999998,0.0,0.5946282624736019,0.5918460693631017,0.5118434569639979,-0.30475751867396883,True,True,,,
dirichlet_44,0.3034816053780615,0.09723936930500421,0.04376610324855616,0.5026870718166359,0.052825850251742267,Avg,rho=0.2,OK,0.15915506640928057,5.898059818321144e-17,7.28583859910259e-17,0.8408449335907193,8.673617379884035e-17,0.3864484784826367,0.3844150328451671,0.48131923208603794,-0.1480370036477063,True,True,,,
dirichlet_44,0.3034816053780615,0.09723936930500421,0.04376610324855616,0.5026870718166359,0.052825850251742267,Avg,rho=0.5,OK,0.3052314665195891,1.4135285823779764e-17,0.0,0.694768533480411,0.0,0.22596434922377628,0.22297835163319585,0.4533033543202398,-0.09593902812650706,True,True,,,
dirichlet_44,0.3034816053780615,0.09723936930500421,0.04376610324855616,0.5026870718166359,0.052825850251742267,Cert,,FLOOR_COLLAPSED,0.3034816053780615,0.09723936930500421,0.04376610324855616,0.5026870718166359,0.052825850251742267,0.0,0.0,0.3739686837485495,0.0,False,True,0.0,-0.0,
dirichlet_44,0.3034816053780615,0.09723936930500421,0.04376610324855616,0.5026870718166359,0.052825850251742267,MaxMin,c=0.0,INFEASIBLE_BALL_MISSES_SIMPLEX,,,,,,,,,,False,False,,,
dirichlet_44,0.3034816053780615,0.09723936930500421,0.04376610324855616,0.5026870718166359,0.052825850251742267,MaxMin,c=0.1,INFEASIBLE_BALL_MISSES_SIMPLEX,,,,,,,,,,False,False,,,
dirichlet_44,0.3034816053780615,0.09723936930500421,0.04376610324855616,0.5026870718166359,0.052825850251742267,MaxMin,c=0.25,INFEASIBLE_BALL_MISSES_SIMPLEX,,,,,,,,,,False,False,,,
dirichlet_44,0.3034816053780615,0.09723936930500421,0.04376610324855616,0.5026870718166359,0.052825850251742267,MaxMin,c=0.5,INFEASIBLE_BALL_MISSES_SIMPLEX,,,,,,,,,,False,False,,,
dirichlet_44,0.3034816053780615,0.09723936930500421,0.04376610324855616,0.5026870718166359,0.052825850251742267,MaxMin,c=0.75,OK,0.27891937487765284,0.07215020826368636,0.018280691995847125,0.607817713245567,0.022832011617246736,0.11761954548000407,0.1163610226596952,0.4126189724822146,-0.026091316140509746,True,True,-0.026091316140509746,,
dirichlet_44,0.3034816053780615,0.09723936930500421,0.04376610324855616,0.5026870718166359,0.052825850251742267,MaxMin,c=0.9,OK,0.29409598016707283,0.0876523954188977,0.03402771575309395,0.5428591888654668,0.041364719795468685,0.044944329113098404,0.04446342720515894,0.3887375836798746,-0.00996991354478856,True,True,-0.00996991354478856,,
dirichlet_44,0.3034816053780615,0.09723936930500421,0.04376610324855616,0.5026870718166359,0.052825850251742267,MaxMin,c=0.95,OK,0.29883959171797453,0.09249777109095017,0.03894961774386829,0.5225557019721387,0.0471573174750682,0.022228906971716127,0.021991058860840833,0.38127319822515643,-0.0049309954131362115,True,True,-0.0049309954131362115,,
dirichlet_44,0.3034816053780615,0.09723936930500421,0.04376610324855616,0.5026870718166359,0.052825850251742267,MaxMin,c=1.0,OK,0.3034816053780615,0.09723936930500421,0.04376610324855616,0.5026870718166359,0.052825850251742267,0.0,0.0,0.3739686837485495,0.0,False,True,0.0,,
dirichlet_44,0.3034816053780615,0.09723936930500421,0.04376610324855616,0.5026870718166359,0.052825850251742267,Fair,"alpha=0.0,eps=0.01",OK,0.3468151692993124,0.08516154207235084,0.03224944834621084,0.4928187263939588,0.04295511388816714,0.04848835623795829,0.04735254731858163,0.3796721186193093,-0.010000000000000005,True,True,,,0.05174427244510352
dirichlet_44,0.3034816053780615,0.09723936930500421,0.04376610324855616,0.5026870718166359,0.052825850251742267,Fair,"alpha=0.0,eps=0.02",OK,0.3901487332205633,0.07308371483969747,0.02073279344386552,0.4829503809712817,0.03308437752459201,0.09697671247591665,0.09470509463716333,0.3853755534900691,-0.020000000000000028,True,True,,,0.10348854489020703
dirichlet_44,0.3034816053780615,0.09723936930500421,0.04376610324855616,0.5026870718166359,0.052825850251742267,Fair,"alpha=0.0,eps=0.05",OK,0.5059479989862702,0.03716099355306371,0.0,0.45332203137075383,0.003568976089912399,0.22667304744430164,0.2215414253551013,0.39896998307662923,-0.049999999999999996,True,True,,,0.2583510594513358
dirichlet_44,0.3034816053780615,0.09723936930500421,0.04376610324855616,0.5026870718166359,0.052825850251742267,Fair,"alpha=0.0,eps=0.1",OK,0.5972931728195332,0.0,0.0,0.4027068271804669,0.0,0.3323895661285721,0.3250865020970482,0.3972890696199676,-0.1,True,True,,,0.5114685763426655
dirichlet_44,0.3034816053780615,0.09723936930500421,0.04376610324855616,0.5026870718166359,0.052825850251742267,Fair,"alpha=0.5,eps=0.01",OK,0.3041600007567988,0.09769057407280922,0.04383657571139459,0.5024434845955454,0.05186936486345193,0.001281784472012369,0.0012985545038274025,0.3740515260780529,-0.000959421142573555,True,True,,,1.000447397211228
dirichlet_44,0.3034816053780615,0.09723936930500421,0.04376610324855616,0.5026870718166359,0.052825850251742267,Fair,"alpha=0.5,eps=0.02",OK,0.304838396411344,0.09814177782832391,0.04390704874702372,0.5021998978235955,0.05091287918971285,0.00256356889280373,0.0025971089476046756,0.3741343686162712,-0.0019188425543401064,True,True,,,1.414846277576982
dirichlet_44,0.3034816053780615,0.09723936930500421,0.04376610324855616,0.5026870718166359,0.052825850251742267,Fair,"alpha=0.5,eps=0.05",OK,0.3068735828186623,0.09949539111379858,0.04411846728541198,0.5014691365750349,0.048043422207092346,0.006408922688623837,0.006492772848063417,0.3743828957949835,-0.004797106784691274,True,True,,,2.2370683880770397
dirichlet_44,0.3034816053780615,0.09723936930500421,0.04376610324855616,0.5026870718166359,0.052825850251742267,Fair,"alpha=0.5,eps=0.1",OK,0.31026556108199144,0.10175141169984811,0.044470831168637155,0.5002512011667376,0.043260994882785675,0.012817844867963848,0.012985545165664367,0.3747971079067923,-0.00959421285453792,True,True,,,3.163692454374668
dirichlet_44,0.3034816053780615,0.09723936930500421,0.04376610324855616,0.5026870718166359,0.052825850251742267,Fair,"alpha=1.0,eps=0.01",OK,0.30381918977350164,0.0974665070466975,0.04380561670233083,0.5025690661335845,0.05233962034388553,0.000646112184765299,0.0006545732660611711,0.3740114279230706,-0.0004875502914923222,True,True,,,-23.02360145026797
dirichlet_44,0.3034816053780615,0.09723936930500421,0.04376610324855616,0.5026870718166359,0.052825850251742267,Fair,"alpha=1.0,eps=0.02",OK,0.3041567742324909,0.09769364456301513,0.04384513035012383,0.5024510604835116,0.05185339037085857,0.0012922243783902011,0.0013091465422814337,0.37405417211510605,-0.0009751006471597979,True,True,,,-19.557865547468246
dirichlet_44,0.3034816053780615,0.09723936930500421,0.04376610324855616,0.5026870718166359,0.052825850251742267,Fair,"alpha=1.0,eps=0.05",OK,0.3051695269430553,0.09837505763005785,0.04396367108977368,0.5020970434303909,0.05039470090672242,0.00323056045717813,0.0032728658721545077,0.3741824045110297,-0.0024377512662775093,True,True,,,-14.97641188809747
dirichlet_44,0.3034816053780615,0.09723936930500421,0.04376610324855616,0.5026870718166359,0.052825850251742267,Fair,"alpha=1.0,eps=0.1",OK,0.3068574496997912,0.09951074687452774,0.044161237272418837,0.5015070161284051,0.04796355002485733,0.006461122717329704,0.0065457334957902645,0.37439612609176803,-0.004875504014638971,True,True,,,-11.510675985297745
dirichlet_44,0.3034816053780615,0.09723936930500421,0.04376610324855616,0.5026870718166359,0.052825850251742267,Fair,"alpha=2.0,eps=0.01",OK,0.3036499713733828,0.09735330041020493,0.04378693042861355,0.5026290462028109,0.05258075158498786,0.0003243478146164613,0.00032859519992830654,0.3739903930622722,-0.0002457210305806622,True,True,,,-499.8872199961882
dirichlet_44,0.3034816053780615,0.09723936930500421,0.04376610324855616,0.5026870718166359,0.052825850251742267,Fair,"alpha=2.0,eps=0.02",OK,0.3038183373997231,0.09746723153135121,0.0438077575868515,0.5025710206098237,0.05233565287225048,0.0006486956805545205,0.0006571904504769843,0.3740121023935799,-0.0004914421060340269,True,True,,,-249.9436099980941
dirichlet_44,0.3034816053780615,0.09723936930500421,0.04376610324855616,0.5026870718166359,0.052825850251742267,Fair,"alpha=2.0,eps=0.05",OK,0.30432343527048394,0.09780902477033177,0.043870239200739305,0.5023969438056644,0.05160035695278063,0.0016217389746937558,0.0016429759002936587,0.3740772303186094,-0.0012286051166020804,True,True,,,-99.97744399923764
dirichlet_44,0.3034816053780615,0.09723936930500421,0.04376610324855616,0.5026870718166359,0.052825850251742267,Fair,"alpha=2.0,eps=0.1",OK,0.3051652650030429,0.09837868028527165,0.04397437505562923,0.5021068159055365,0.05037486375051972,0.003243477784680021,0.003285951631177053,0.3741857769008671,-0.00245721013310814,True,True,,,-49.98872199961882
dirichlet_45,0.16643297853635433,0.04475254084632108,0.47674820015648056,0.17237927164822994,0.13968700881261398,Avg,rho=0.0,OK,1.6653345369377346e-16,0.0,0.9999999999999998,6.938893903907227e-17,0.0,0.5939042397736827,0.5857435340079833,0.49016453070665583,-0.17250758461348106,True,True,,,
dirichlet_45,0.16643297853635433,0.04475254084632108,0.47674820015648056,0.17237927164822994,0.13968700881261398,Avg,rho=0.1,OK,2.359223927328457e-16,1.040834085586084e-16,0.9999999999999996,0.0,0.0,0.5939042397736825,0.5857435340079832,0.4901645307066557,-0.17250758461348115,True,True,,,
dirichlet_45,0.16643297853635433,0.04475254084632108,0.47674820015648056,0.17237927164822994,0.13968700881261398,Avg,rho=0.2,OK,1.0928757898653885e-16,0.0,1.0,5.204170427930421e-18,0.0,0.5939042397736829,0.5857435340079835,0.4901645307066559,-0.17250758461348112,True,True,,,
dirichlet_45,0.16643297853635433,0.04475254084632108,0.47674820015648056,0.17237927164822994,0.13968700881261398,Avg,rho=0.5,OK,0.11000873230538843,2.4297537138683627e-18,0.7273489988967151,0.11746907252652622,0.045173196271370175,0.2827282025777485,0.2793844812752589,0.40715528182616006,-0.09716645111032146,True,True,,,
dirichlet_45,0.16643297853635433,0.04475254084632108,0.47674820015648056,0.17237927164822994,0.13968700881261398,Cert,,FLOOR_COLLAPSED,0.16643297853635436,0.04475254084632109,0.4767482001564806,0.17237927164822997,0.139687008812614,7.376145397762941e-17,7.625149411896051e-17,0.32342454904547363,1.173662154142449e-17,False,True,1.173662154142449e-17,-0.0,
dirichlet_45,0.16643297853635433,0.04475254084632108,0.47674820015648056,0.17237927164822994,0.13968700881261398,MaxMin,c=0.0,INFEASIBLE_BALL_MISSES_SIMPLEX,,,,,,,,,,False,False,,,
dirichlet_45,0.16643297853635433,0.04475254084632108,0.47674820015648056,0.17237927164822994,0.13968700881261398,MaxMin,c=0.1,INFEASIBLE_BALL_MISSES_SIMPLEX,,,,,,,,,,False,False,,,
dirichlet_45,0.16643297853635433,0.04475254084632108,0.47674820015648056,0.17237927164822994,0.13968700881261398,MaxMin,c=0.25,INFEASIBLE_BALL_MISSES_SIMPLEX,,,,,,,,,,False,False,,,
dirichlet_45,0.16643297853635433,0.04475254084632108,0.47674820015648056,0.17237927164822994,0.13968700881261398,MaxMin,c=0.5,OK,0.12472728482044101,0.0042222873102184325,0.6314350126111359,0.13529948878027875,0.10431592647792581,0.1730205191602133,0.17025202479360904,0.3755226174204681,-0.03723666450433793,True,True,-0.03723666450433793,,
dirichlet_45,0.16643297853635433,0.04475254084632108,0.47674820015648056,0.17237927164822994,0.13968700881261398,MaxMin,c=0.75,OK,0.14630254118578434,0.02518946307644024,0.551412182688191,0.15448166152620443,0.12261415152338001,0.08351326667871264,0.08217697425825907,0.34857116112804354,-0.01797333349865263,True,True,-0.01797333349865263,,
dirichlet_45,0.16643297853635433,0.04475254084632108,0.47674820015648056,0.17237927164822994,0.13968700881261398,MaxMin,c=0.9,OK,0.15846564921198328,0.03700976405133474,0.5062990999774617,0.16529566231187648,0.13292982444734391,0.03305331558355302,0.032524430810609274,0.33337720612713273,-0.007113579528686396,True,True,-0.007113579528686396,,
dirichlet_45,0.16643297853635433,0.04475254084632108,0.47674820015648056,0.17237927164822994,0.13968700881261398,MaxMin,c=0.95,OK,0.16246014738083783,0.040891680622150546,0.4914834684882694,0.1688470988561643,0.13631760465257797,0.01648171383374073,0.01621799059373332,0.3283873445475043,-0.003547117136524265,True,True,-0.003547117136524265,,
dirichlet_45,0.16643297853635433,0.04475254084632108,0.47674820015648056,0.17237927164822994,0.13968700881261398,MaxMin,c=1.0,OK,0.16643297853635436,0.04475254084632109,0.4767482001564806,0.17237927164822997,0.139687008812614,7.376145397762941e-17,7.625149411896051e-17,0.32342454904547363,1.173662154142449e-17,False,True,1.173662154142449e-17,,
dirichlet_45,0.16643297853635433,0.04475254084632108,0.47674820015648056,0.17237927164822994,0.13968700881261398,Fair,"alpha=0.0,eps=0.01",OK,0.20976654245760526,0.03267471361366773,0.4652315452541353,0.16251092622555288,0.12981627244903887,0.048488356237958316,0.04735254731858166,0.3220365024307088,-0.009999999999999985,True,True,,,0.05174427244510352
dirichlet_45,0.16643297853635433,0.04475254084632108,0.47674820015648056,0.17237927164822994,0.13968700881261398,Fair,"alpha=0.0,eps=0.02",OK,0.2531001063788561,0.020596886381014354,0.4537148903517899,0.1526425808028758,0.11994553608546371,0.09697671247591662,0.0947050946371633,0.320648455815944,-0.020000000000000004,True,True,,,0.10348854489020703
dirichlet_45,0.16643297853635433,0.04475254084632108,0.47674820015648056,0.17237927164822994,0.13968700881261398,Fair,"alpha=0.0,eps=0.05",OK,0.3673164775879006,0.0,0.41928913889366287,0.12300552678829685,0.09038885673013958,0.22478120095959764,0.21988852864769357,0.31468038340671495,-0.05,True,True,,,0.2585754840329659
dirichlet_45,0.16643297853635433,0.04475254084632108,0.47674820015648056,0.17237927164822994,0.13968700881261398,Fair,"alpha=0.0,eps=0.1",OK,0.5230246404465051,0.0,0.36218558075558394,0.0735401458988356,0.041249632899075336,0.4021741995400594,0.3946176573976892,0.3007732929649621,-0.09999999999999999,True,True,,,0.5167334590341748
dirichlet_45,0.16643297853635433,0.04475254084632108,0.47674820015648056,0.17237927164822994,0.13968700881261398,Fair,"alpha=0.5,eps=0.01",OK,0.16711137414184243,0.04520374523392745,0.4768186729154538,0.17213568463509632,0.13873052307367997,0.0012817846966045419,0.00129855472712012,0.32344111942611936,-0.0009594214846010839,True,True,,,1.0004473972112282
dirichlet_45,0.16643297853635433,0.04475254084632108,0.47674820015648056,0.17237927164822994,0.13968700881261398,Fair,"alpha=0.5,eps=0.02",OK,0.16778976995708378,0.045654949953918146,0.476889145673603,0.17189209706764677,0.13777403734774832,0.0025635697168192506,0.0025971097951190594,0.32345768977130074,-0.0019188429754708938,True,True,,,1.414846277576982
dirichlet_45,0.16643297853635433,0.04475254084632108,0.47674820015648056,0.17237927164822994,0.13968700881261398,Fair,"alpha=0.5,eps=0.05",OK,0.169824956018582,0.04700856203451946,0.4771005639878606,0.17116133686660953,0.13490458109242845,0.006408922151367113,0.006492772284619676,0.3235074009973479,-0.004797106444113035,True,True,,,2.2370683880770397
dirichlet_45,0.16643297853635433,0.04475254084632108,0.47674820015648056,0.17237927164822994,0.13968700881261398,Fair,"alpha=0.5,eps=0.1",OK,0.17321693518169803,0.0492645836069061,0.47745292716009763,0.16994340037145847,0.13012215367983967,0.012817845387460287,0.012985545678667621,0.3235902527097943,-0.009594212635491425,True,True,,,3.163692454374668
dirichlet_45,0.16643297853635433,0.04475254084632108,0.47674820015648056,0.17237927164822994,0.13968700881261398,Fair,"alpha=1.0,eps=0.01",OK,0.1667705629223369,0.044979678578263925,0.47678771360728384,0.1722612659903841,0.1392007789017313,0.0006461121738880678,0.0006545732543918032,0.3234342680101308,-0.00048755029362185774,True,True,,,-23.02360145026797
dirichlet_45,0.16643297853635433,0.04475254084632108,0.47674820015648056,0.17237927164822994,0.13968700881261398,Fair,"alpha=1.0,eps=0.02",OK,0.1671081473068241,0.04520681632660819,0.4768272270740954,0.17214326032429125,0.13871454896818108,0.0012922243723042814,0.0013091465342355074,0.3234439869787282,-0.0009751006101786635,True,True,,,-19.557865547468246
dirichlet_45,0.16643297853635433,0.04475254084632108,0.47674820015648056,0.17237927164822994,0.13968700881261398,Fair,"alpha=1.0,eps=0.05",OK,0.1681209005002545,0.04588822940066691,0.47694576743002665,0.17178924338934748,0.1372558592797046,0.003230560829625483,0.0032728662303555646,0.3234731438855604,-0.0024377514455493294,True,True,,,-14.97641188809747
dirichlet_45,0.16643297853635433,0.04475254084632108,0.47674820015648056,0.17237927164822994,0.13968700881261398,Fair,"alpha=1.0,eps=0.1",OK,0.1698088231688411,0.047023917730176314,0.4771433334350387,0.1711992167384163,0.1348247089275277,0.0064611221936836175,0.006545732923236111,0.3235217384078627,-0.004875503642579496,True,True,,,-11.510675985297745
dirichlet_45,0.16643297853635433,0.04475254084632108,0.47674820015648056,0.17237927164822994,0.13968700881261398,Fair,"alpha=2.0,eps=0.01",OK,0.16660134451152506,0.04486647193089287,0.476769027279341,0.17232124609661228,0.1394419101816288,0.0003243477550791426,0.0003285951370289986,0.32342976896060927,-0.0002457209925875706,True,True,,,-499.8872199961882
dirichlet_45,0.16643297853635433,0.04475254084632108,0.47674820015648056,0.17237927164822994,0.13968700881261398,Fair,"alpha=2.0,eps=0.02",OK,0.16676971053011239,0.04498040306342833,0.4767898545094243,0.17226322043140901,0.13919681146562604,0.0006486956409935971,0.0006571904113110177,0.32343498890660105,-0.0004914420741628964,True,True,,,-249.94360999809413
dirichlet_45,0.16643297853635433,0.04475254084632108,0.47674820015648056,0.17237927164822994,0.13968700881261398,Fair,"alpha=2.0,eps=0.05",OK,0.16727480856293733,0.045322196328578,0.4768523360624166,0.17208914355405047,0.13846151549201763,0.0016217390785467614,0.0016429760051642067,0.32345064871042656,-0.0012286051405296817,True,True,,,-99.97744399923764
dirichlet_45,0.16643297853635433,0.04475254084632108,0.47674820015648056,0.17237927164822994,0.13968700881261398,Fair,"alpha=2.0,eps=0.1",OK,0.16811663771096694,0.0458918520247049,0.4769564717699606,0.17179901507759013,0.13723602341677746,0.003243476890746052,0.003285950747239574,0.3234767482340493,-0.002457209056656438,True,True,,,-49.98872199961882
dirichlet_46,0.09770837993883308,0.2553375793815574,0.13214303520996767,0.2048825099152697,0.3099284955543722,Avg,rho=0.0,OK,0.0,0.0,4.308055123527589e-17,7.241035468531196e-17,0.9999999999999999,0.7812691679736503,0.7793804002517795,0.31988860768798894,-0.268214622593434,True,True,,,
dirichlet_46,0.09770837993883308,0.2553375793815574,0.13214303520996767,0.2048825099152697,0.3099284955543722,Avg,rho=0.1,OK,0.0,0.34058507982613523,1.0412023155064761e-16,0.03194822025211975,0.6274666999217449,0.40621746069190084,0.400479807189474,0.3006065520484708,-0.16250591153289426,True,True,,,
dirichlet_46,0.09770837993883308,0.2553375793815574,0.13214303520996767,0.2048825099152697,0.3099284955543722,Avg,rho=0.2,OK,9.557998924977904e-18,0.3402900032545433,0.0,0.15518224545466847,0.5045277512907883,0.2730652123711301,0.2703911132617772,0.2889701901752822,-0.1341590960537962,True,True,,,
dirichlet_46,0.09770837993883308,0.2553375793815574,0.13214303520996767,0.2048825099152697,0.3099284955543722,Avg,rho=0.5,OK,0.002158654928245177,0.31548948064940696,0.06556701938694541,0.20717864197578345,0.40960620305961903,0.16468541117702037,0.16307532420384185,0.2738045844718466,-0.09431378304372859,True,True,,,
dirichlet_46,0.09770837993883308,0.2553375793815574,0.13214303520996767,0.2048825099152697,0.3099284955543722,Cert,,FLOOR_COLLAPSED,0.09770837993883308,0.2553375793815574,0.13214303520996767,0.2048825099152697,0.3099284955543722,0.0,0.0,0.24721102367260211,0.0,False,True,0.0,-0.0,
dirichlet_46,0.09770837993883308,0.2553375793815574,0.13214303520996767,0.2048825099152697,0.3099284955543722,MaxMin,c=0.0,OK_EXACT_D0,0.004900296153164757,0.3083680700564137,0.06490617888132705,0.21112011618327162,0.41070533872582293,0.16168255334976533,0.16050440421644646,0.27335227173030185,-0.09199597267318257,True,True,-0.09199597267318257,,
dirichlet_46,0.09770837993883308,0.2553375793815574,0.13214303520996767,0.2048825099152697,0.3099284955543722,MaxMin,c=0.1,OK,0.01956746292087823,0.30481944928271865,0.061293319057230705,0.20743694540719024,0.4068828233319822,0.15159421973062293,0.1505794481561363,0.2716375771206212,-0.07782621937347482,True,True,-0.07782621937347482,,
dirichlet_46,0.09770837993883308,0.2553375793815574,0.13214303520996767,0.2048825099152697,0.3099284955543722,MaxMin,c=0.25,OK,0.03711145625895361,0.29541163958753136,0.07305558784745411,0.19767242905884896,0.396748887247212,0.12790234390475114,0.12695744520188978,0.2676374206800045,-0.06051042763618456,True,True,-0.06051042763618456,,
dirichlet_46,0.09770837993883308,0.2553375793815574,0.13214303520996767,0.2048825099152697,0.3099284955543722,MaxMin,c=0.5,OK,0.06039670986308377,0.2805947914812594,0.09592629299534366,0.18229378160712856,0.3807884240531847,0.09419723996469995,0.09321215579352563,0.2614484908270617,-0.03736251426251148,True,True,-0.03736251426251148,,
dirichlet_46,0.09770837993883308,0.2553375793815574,0.13214303520996767,0.2048825099152697,0.3099284955543722,MaxMin,c=0.75,OK,0.08212076979633026,0.25757547992953106,0.11696220230678983,0.1873491442191345,0.35599240374821434,0.05392348307719572,0.05353054015872355,0.25432987736587603,-0.016149762515254552,True,True,-0.016149762515254552,,
dirichlet_46,0.09770837993883308,0.2553375793815574,0.13214303520996767,0.2048825099152697,0.3099284955543722,MaxMin,c=0.9,OK,0.09251334052228848,0.250194121968849,0.12700237797130604,0.19854019378768767,0.33174996574986887,0.02441867074384555,0.024377703658759815,0.24992558489670316,-0.005725839916972699,True,True,-0.005725839916972699,,
dirichlet_46,0.09770837993883308,0.2553375793815574,0.13214303520996767,0.2048825099152697,0.3099284955543722,MaxMin,c=0.95,OK,0.09520000248612231,0.25285410782945916,0.1296609156963971,0.20182018035493418,0.3204647936330872,0.011790332701609214,0.011770552117807457,0.24852172482856508,-0.002764669638468245,True,True,-0.002764669638468245,,
dirichlet_46,0.09770837993883308,0.2553375793815574,0.13214303520996767,0.2048825099152697,0.3099284955543722,MaxMin,c=1.0,OK,0.09770837993883308,0.2553375793815574,0.13214303520996767,0.2048825099152697,0.3099284955543722,0.0,0.0,0.24721102367260211,0.0,False,True,0.0,,
dirichlet_46,0.09770837993883308,0.2553375793815574,0.13214303520996767,0.2048825099152697,0.3099284955543722,Fair,"alpha=0.0,eps=0.01",OK,0.14104194386008395,0.24325975214890397,0.12062638030762232,0.19501416449259257,0.300057759190797,0.04848835623795833,0.04735254731858167,0.24226687270432673,-0.01000000000000007,True,True,,,0.05174427244510352
dirichlet_46,0.09770837993883308,0.2553375793815574,0.13214303520996767,0.2048825099152697,0.3099284955543722,Fair,"alpha=0.0,eps=0.02",OK,0.18437550778133488,0.23118192491625064,0.10910972540527702,0.18514581906991556,0.2901870228272219,0.09697671247591663,0.09470509463716333,0.23732272173605143,-0.020000000000000007,True,True,,,0.10348854489020703
dirichlet_46,0.09770837993883308,0.2553375793815574,0.13214303520996767,0.2048825099152697,0.3099284955543722,Fair,"alpha=0.0,eps=0.05",OK,0.31437619954508755,0.19494844321829055,0.07455976069824108,0.15554078280188433,0.26057481373649655,0.24244178118979157,0.23676273659290825,0.22249026883122544,-0.05000000000000001,True,True,,,0.25872136222551756
dirichlet_46,0.09770837993883308,0.2553375793815574,0.13214303520996767,0.2048825099152697,0.3099284955543722,Fair,"alpha=0.0,eps=0.1",OK,0.531044019151342,0.13455930705502372,0.01697648618651447,0.10619905568849895,0.21122113191862085,0.48488356237958313,0.4735254731858165,0.19776951398984877,-0.10000000000000002,True,True,,,0.5174427244510351
dirichlet_46,0.09770837993883308,0.2553375793815574,0.13214303520996767,0.2048825099152697,0.3099284955543722,Fair,"alpha=0.5,eps=0.01",OK,0.09838677532607236,0.2557887838924558,0.1322135079457419,0.20463892272133322,0.30897201011439673,0.0012817844344916224,0.0012985544694506085,0.24706934134387284,-0.0009594211939832842,True,True,,,1.0004473972112282
dirichlet_46,0.09770837993883308,0.2553375793815574,0.13214303520996767,0.2048825099152697,0.3099284955543722,Fair,"alpha=0.5,eps=0.02",OK,0.09906517135956255,0.25623998848915447,0.13228398072709008,0.20439533533468646,0.3080155240895065,0.0025635697168193087,0.002597109795119117,0.24692765889650412,-0.0019188429754709246,True,True,,,1.414846277576982
dirichlet_46,0.09770837993883308,0.2553375793815574,0.13214303520996767,0.2048825099152697,0.3099284955543722,Fair,"alpha=0.5,eps=0.05",OK,0.10110035804182844,0.25759360068401904,0.13249539901348031,0.2036645744877653,0.3051460677729069,0.006408922687073691,0.006492772835731622,0.2465026117906623,-0.004797106526173787,True,True,,,2.2370683880770397
dirichlet_46,0.09770837993883308,0.2553375793815574,0.13214303520996767,0.2048825099152697,0.3099284955543722,Fair,"alpha=0.5,eps=0.1",OK,0.1044923364542472,0.25984962275602397,0.13284776280648242,0.20244663789179415,0.3003636400914523,0.012817845955646633,0.01298554628998239,0.24579419992431178,-0.009594212993666302,True,True,,,3.163692454374668
dirichlet_46,0.09770837993883308,0.2553375793815574,0.13214303520996767,0.2048825099152697,0.3099284955543722,Fair,"alpha=1.0,eps=0.01",OK,0.09804596432376245,0.25556471701524613,0.13218254876225138,0.2047645042674944,0.3094422656312456,0.0006461121523779716,0.0006545732339559885,0.24713934477637173,-0.00048755030580602336,True,True,,,-23.02360145026797
dirichlet_46,0.09770837993883308,0.2553375793815574,0.13214303520996767,0.2048825099152697,0.3099284955543722,Fair,"alpha=1.0,eps=0.02",OK,0.09838354872600709,0.2557918548394693,0.13222206210288817,0.20464649861066325,0.3089560357209722,0.001292224359822311,0.0013091465202866247,0.2470676659041078,-0.000975100598352485,True,True,,,-19.557865547468246
dirichlet_46,0.09770837993883308,0.2553375793815574,0.13214303520996767,0.2048825099152697,0.3099284955543722,Fair,"alpha=1.0,eps=0.05",OK,0.09939630174418093,0.25647326806291415,0.1323406024707031,0.20429248172556894,0.3074973459966329,0.003230560796701175,0.0032728661974542545,0.24685262926952764,-0.0024377514682894274,True,True,,,-14.97641188809747
dirichlet_46,0.09770837993883308,0.2553375793815574,0.13214303520996767,0.2048825099152697,0.3099284955543722,Fair,"alpha=1.0,eps=0.1",OK,0.10108422373432953,0.25760895676472556,0.13253817025148484,0.20370245299322112,0.305066196256239,0.006461121965517753,0.00654573279420419,0.24649423479362842,-0.004875503139182294,True,True,,,-11.510675985297745
dirichlet_46,0.09770837993883308,0.2553375793815574,0.13214303520996767,0.2048825099152697,0.3099284955543722,Fair,"alpha=2.0,eps=0.01",OK,0.09787674599741994,0.2554515104838362,0.1321638623696529,0.20482448426729485,0.30968339688179614,0.00032434785563116727,0.00032859524117146685,0.24717497719921036,-0.00024572103732266445,True,True,,,-499.8872199961882
dirichlet_46,0.09770837993883308,0.2553375793815574,0.13214303520996767,0.2048825099152697,0.3099284955543722,Fair,"alpha=2.0,eps=0.02",OK,0.09804511193214095,0.25556544159560035,0.13218468956889456,0.20476645869642268,0.30943829820694146,0.0006486956407648085,0.0006571904112444019,0.24713893073540905,-0.0004914420746988045,True,True,,,-249.9436099980941
dirichlet_46,0.09770837993883308,0.2553375793815574,0.13214303520996767,0.2048825099152697,0.3099284955543722,Fair,"alpha=2.0,eps=0.05",OK,0.0985502099078855,0.2559072348799934,0.13224717114636103,0.2045923818628544,0.3087030022029057,0.001621739072177947,0.001642975998952886,0.2470307913280581,-0.0012286051700764493,True,True,,,-99.97744399923764
dirichlet_46,0.09770837993883308,0.2553375793815574,0.13214303520996767,0.2048825099152697,0.3099284955543722,Fair,"alpha=2.0,eps=0.1",OK,0.09939203991250692,0.25647689042057603,0.13235130699385952,0.20430225382494988,0.3074775088481077,0.0032434781718373128,0.0032859520233188286,0.24685055898817987,-0.0024572103425243796,True,True,,,-49.98872199961882
dirichlet_47,0.018954343538994615,0.21654385651509303,0.11798406923523519,0.1440154527277217,0.5025022779829555,Avg,rho=0.0,OK,3.723801229870909e-17,0.0,0.0,5.551115123125783e-17,1.0,0.5739470215649239,0.57216164817091,0.5092971502912609,-0.22344166021930742,True,True,,,
dirichlet_47,0.018954343538994615,0.21654385651509303,0.11798406923523519,0.1440154527277217,0.5025022779829555,Avg,rho=0.1,OK,0.0,0.0,0.0,5.378818177373085e-17,1.0,0.5739470215649239,0.57216164817091,0.5092971502912609,-0.22344166021930742,True,True,,,
dirichlet_47,0.018954343538994615,0.21654385651509303,0.11798406923523519,0.1440154527277217,0.5025022779829555,Avg,rho=0.2,OK,4.887489114205569e-17,0.004680817653533238,1.3071542667630186e-17,3.0695204323179665e-17,0.9953191823464667,0.5681323849410087,0.5663276782726493,0.5079774973989738,-0.2187792270977753,True,True,,,
dirichlet_47,0.018954343538994615,0.21654385651509303,0.11798406923523519,0.1440154527277217,0.5025022779829555,Avg,rho=0.5,OK,3.501745944129704e-17,0.19313696107553413,0.0,0.048757190323911175,0.7581058486005547,0.29872179758945727,0.2969486569907593,0.43830598458276643,-0.12143976254291468,True,True,,,
dirichlet_47,0.018954343538994615,0.21654385651509303,0.11798406923523519,0.1440154527277217,0.5025022779829555,Cert,,FLOOR_COLLAPSED,0.018954343538994615,0.21654385651509303,0.11798406923523519,0.1440154527277217,0.5025022779829555,0.0,0.0,0.3459632522201739,0.0,False,True,0.0,-0.0,
dirichlet_47,0.018954343538994615,0.21654385651509303,0.11798406923523519,0.1440154527277217,0.5025022779829555,MaxMin,c=0.0,INFEASIBLE_BALL_MISSES_SIMPLEX,,,,,,,,,,False,False,,,
dirichlet_47,0.018954343538994615,0.21654385651509303,0.11798406923523519,0.1440154527277217,0.5025022779829555,MaxMin,c=0.1,INFEASIBLE_BALL_MISSES_SIMPLEX,,,,,,,,,,False,False,,,
dirichlet_47,0.018954343538994615,0.21654385651509303,0.11798406923523519,0.1440154527277217,0.5025022779829555,MaxMin,c=0.25,INFEASIBLE_BALL_MISSES_SIMPLEX,,,,,,,,,,False,False,,,
dirichlet_47,0.018954343538994615,0.21654385651509303,0.11798406923523519,0.1440154527277217,0.5025022779829555,MaxMin,c=0.5,OK,0.0,0.16410663486259008,0.041055477709604694,0.055498852530796096,0.7393390348970091,0.27009956587105827,0.2686403553123169,0.4286753488927279,-0.0815487605652989,True,True,-0.0815487605652989,,
dirichlet_47,0.018954343538994615,0.21654385651509303,0.11798406923523519,0.1440154527277217,0.5025022779829555,MaxMin,c=0.75,OK,3.4694469519536136e-17,0.19485588598106773,0.09633737853883598,0.11753937946930577,0.5912673560107905,0.09939032123631146,0.09919348261859907,0.3780507690916197,-0.02396055706651484,True,True,-0.02396055706651484,,
dirichlet_47,0.018954343538994615,0.21654385651509303,0.11798406923523519,0.1440154527277217,0.5025022779829555,MaxMin,c=0.9,OK,0.010767543293069642,0.20843834372973072,0.10988296921053528,0.13402067288684844,0.536890470879816,0.03848109005953122,0.038416530521987256,0.35850573944290104,-0.009023282381864218,True,True,-0.009023282381864218,,
dirichlet_47,0.018954343538994615,0.21654385651509303,0.11798406923523519,0.1440154527277217,0.5025022779829555,MaxMin,c=0.95,OK,0.014880917154205468,0.21251087553957965,0.11395328387402393,0.1390424475619678,0.5196124758702233,0.019146660826613638,0.019114538566912424,0.35220389531017415,-0.004489626646257899,True,True,-0.004489626646257899,,
dirichlet_47,0.018954343538994615,0.21654385651509303,0.11798406923523519,0.1440154527277217,0.5025022779829555,MaxMin,c=1.0,OK,0.018954343538994615,0.21654385651509303,0.11798406923523519,0.1440154527277217,0.5025022779829555,0.0,0.0,0.3459632522201739,0.0,False,True,0.0,,
dirichlet_47,0.018954343538994615,0.21654385651509303,0.11798406923523519,0.1440154527277217,0.5025022779829555,Fair,"alpha=0.0,eps=0.01",OK,0.0622879074602455,0.20446602928243962,0.10646741433288984,0.1341471073050446,0.49263154161938033,0.04848835623795835,0.047352547318581684,0.3369440309362737,-0.010000000000000087,True,True,,,0.05174427244510352
dirichlet_47,0.018954343538994615,0.21654385651509303,0.11798406923523519,0.1440154527277217,0.5025022779829555,Fair,"alpha=0.0,eps=0.02",OK,0.1056214713814964,0.1923882020497863,0.09495075943054454,0.12427876188236756,0.4827608052558053,0.09697671247591663,0.09470509463716331,0.32792480965237353,-0.020000000000000007,True,True,,,0.10348854489020703
dirichlet_47,0.018954343538994615,0.21654385651509303,0.11798406923523519,0.1440154527277217,0.5025022779829555,Fair,"alpha=0.0,eps=0.05",OK,0.23562216314524909,0.1561547203518262,0.06040079472350859,0.09467372561433632,0.4531485961650799,0.24244178118979157,0.23676273659290825,0.30086714580067303,-0.05000000000000001,True,True,,,0.25872136222551756
dirichlet_47,0.018954343538994615,0.21654385651509303,0.11798406923523519,0.1440154527277217,0.5025022779829555,Fair,"alpha=0.0,eps=0.1",OK,0.45228998275150356,0.09576558418855938,0.0028175202117819848,0.045331998500950946,0.4037949143472042,0.48488356237958313,0.4735254731858165,0.2557710393811721,-0.10000000000000002,True,True,,,0.5174427244510351
dirichlet_47,0.018954343538994615,0.21654385651509303,0.11798406923523519,0.1440154527277217,0.5025022779829555,Fair,"alpha=0.5,eps=0.01",OK,0.01963273892623389,0.21699506102599145,0.11805454197100941,0.1437718655337852,0.5015457925429802,0.0012817844344915766,0.0012985544694505626,0.34557691972040955,-0.0009594211939832288,True,True,,,1.0004473972112282
dirichlet_47,0.018954343538994615,0.21654385651509303,0.11798406923523519,0.1440154527277217,0.5025022779829555,Fair,"alpha=0.5,eps=0.02",OK,0.020311134934103144,0.2174462649394216,0.11812501464212126,0.14352827892440326,0.5005893065599508,0.002563569277732608,0.0025971093252606446,0.3451905869269647,-0.0019188429055290673,True,True,,,1.414846277576982
dirichlet_47,0.018954343538994615,0.21654385651509303,0.11798406923523519,0.1440154527277217,0.5025022779829555,Fair,"alpha=0.5,eps=0.05",OK,0.022346321497909886,0.21879987799213163,0.11833643259553095,0.14279751759816417,0.4977198503162635,0.006408922505636764,0.006492772637842469,0.3440315893855627,-0.004797106400110322,True,True,,,2.2370683880770397
dirichlet_47,0.018954343538994615,0.21654385651509303,0.11798406923523519,0.1440154527277217,0.5025022779829555,Fair,"alpha=0.5,eps=0.1",OK,0.025738298443620862,0.22105589746027643,0.11868879808021335,0.1415795832232607,0.49293742279262875,0.012817843634505874,0.012985543909797654,0.3420999265284376,-0.009594212641295577,True,True,,,3.163692454374668
dirichlet_47,0.018954343538994615,0.21654385651509303,0.11798406923523519,0.1440154527277217,0.5025022779829555,Fair,"alpha=1.0,eps=0.01",OK,0.019291928065037954,0.21677099427930063,0.11802358259060022,0.14389744701066595,0.5020160480543954,0.000646112276690991,0.000654573356511622,0.34576749971032267,-0.00048755031255638047,True,True,,,-23.02360145026797
dirichlet_47,0.018954343538994615,0.21654385651509303,0.11798406923523519,0.1440154527277217,0.5025022779829555,Fair,"alpha=1.0,eps=0.02",OK,0.01962951232083292,0.21699813198483295,0.11806309612846318,0.14377944141614427,0.5015298181497267,0.0012922243623557025,0.00130914652316231,0.3455717472319474,-0.0009751005984518999,True,True,,,-19.557865547468246
dirichlet_47,0.018954343538994615,0.21654385651509303,0.11798406923523519,0.1440154527277217,0.5025022779829555,Fair,"alpha=1.0,eps=0.05",OK,0.02064226548819555,0.21767954522347444,0.11818163647222382,0.14342542450410503,0.5000711283120013,0.0032305609713045,0.0032728663729071003,0.34498448972226775,-0.002437751581708676,True,True,,,-14.97641188809747
dirichlet_47,0.018954343538994615,0.21654385651509303,0.11798406923523519,0.1440154527277217,0.5025022779829555,Fair,"alpha=1.0,eps=0.1",OK,0.022330187646467305,0.2188152339244176,0.11837920351237202,0.14283539582258117,0.49763997909416197,0.006461121779834338,0.006545732586864758,0.3440057273591382,-0.004875502727166716,True,True,,,-11.510675985297745
dirichlet_47,0.018954343538994615,0.21654385651509303,0.11798406923523519,0.1440154527277217,0.5025022779829555,Fair,"alpha=2.0,eps=0.01",OK,0.019122709536405068,0.21665778762295257,0.11800489641420552,0.14395742711774534,0.5022571793086916,0.00032434782155125005,0.00032859520680458804,0.3458647354291948,-0.00024572103791143144,True,True,,,-499.88721999618826
dirichlet_47,0.018954343538994615,0.21654385651509303,0.11798406923523519,0.1440154527277217,0.5025022779829555,Fair,"alpha=2.0,eps=0.02",OK,0.01929107553275265,0.21677171873220027,0.11802572358817885,0.14389940151090075,0.5020120806359676,0.0006486956409936077,0.0006571904113110257,0.3457662186391456,-0.0004914420741629255,True,True,,,-249.9436099980941
dirichlet_47,0.018954343538994615,0.21654385651509303,0.11798406923523519,0.1440154527277217,0.5025022779829555,Fair,"alpha=2.0,eps=0.05",OK,0.019796173526490577,0.21711351203943272,0.11808820512895474,0.1437253246857817,0.5012767846193403,0.0016217390954169602,0.001642976021229546,0.34547066826702344,-0.0012286051815920034,True,True,,,-99.97744399923764
dirichlet_47,0.018954343538994615,0.21654385651509303,0.11798406923523519,0.1440154527277217,0.5025022779829555,Fair,"alpha=2.0,eps=0.1",OK,0.020638003410309406,0.21768316724901762,0.11819234100574338,0.1434351970779297,0.500051291257,0.0032434779467460624,0.003285951783240845,0.34497808430991067,-0.0024572103465965098,True,True,,,-49.98872199961882
dirichlet_48,0.22785181878188707,0.48678184254622847,0.09940534936128674,0.08408678409004172,0.10187420522055587,Avg,rho=0.0,OK,3.3306690738754696e-16,0.999999999999999,2.463307335887066e-16,3.0531133177191805e-16,1.249000902703301e-16,0.5853543310611288,0.5704800665227997,0.5076377063120374,-0.20192829563526726,True,True,,,
dirichlet_48,0.22785181878188707,0.48678184254622847,0.09940534936128674,0.08408678409004172,0.10187420522055587,Avg,rho=0.1,OK,0.0,0.9999999999999999,3.469446951953614e-17,5.551115123125783e-17,9.020562075079397e-17,0.5853543310611298,0.5704800665228007,0.5076377063120378,-0.20192829563526754,True,True,,,
dirichlet_48,0.22785181878188707,0.48678184254622847,0.09940534936128674,0.08408678409004172,0.10187420522055587,Avg,rho=0.2,OK,0.04860073862244524,0.9513992613775545,1.6653345369377346e-16,6.938893903907227e-18,0.0,0.5247196013580732,0.5122317896696885,0.4959084805152677,-0.15645603437877575,True,True,,,
dirichlet_48,0.22785181878188707,0.48678184254622847,0.09940534936128674,0.08408678409004172,0.10187420522055587,Avg,rho=0.5,OK,0.2420575649271116,0.7579424350728884,0.0,1.2102406750369443e-17,0.0,0.3178997241151941,0.31459724251857885,0.4492199144158625,-0.10411016413370304,True,True,,,
dirichlet_48,0.22785181878188707,0.48678184254622847,0.09940534936128674,0.08408678409004172,0.10187420522055587,Cert,,FLOOR_COLLAPSED,0.22785181878188707,0.48678184254622847,0.09940534936128674,0.08408678409004172,0.10187420522055587,0.0,0.0,0.34072291892393497,0.0,False,True,0.0,-0.0,
dirichlet_48,0.22785181878188707,0.48678184254622847,0.09940534936128674,0.08408678409004172,0.10187420522055587,MaxMin,c=0.0,INFEASIBLE_BALL_MISSES_SIMPLEX,,,,,,,,,,False,False,,,
dirichlet_48,0.22785181878188707,0.48678184254622847,0.09940534936128674,0.08408678409004172,0.10187420522055587,MaxMin,c=0.1,INFEASIBLE_BALL_MISSES_SIMPLEX,,,,,,,,,,False,False,,,
dirichlet_48,0.22785181878188707,0.48678184254622847,0.09940534936128674,0.08408678409004172,0.10187420522055587,MaxMin,c=0.25,OK,0.22788950037198225,0.7277329280866449,0.012105685112489953,0.006312924110979293,0.02595896231790354,0.2783712553802412,0.27490054407223147,0.43519866459057327,-0.07811572784142594,True,True,-0.07811572784142594,,
dirichlet_48,0.22785181878188707,0.48678184254622847,0.09940534936128674,0.08408678409004172,0.10187420522055587,MaxMin,c=0.5,OK,0.17899694878920666,0.6783527166523545,0.047924522435003794,0.03778153704503611,0.05694427507839894,0.2142413316689357,0.20992052763019362,0.40847558601573225,-0.046409208405980375,True,True,-0.046409208405980375,,
dirichlet_48,0.22785181878188707,0.48678184254622847,0.09940534936128674,0.08408678409004172,0.10187420522055587,MaxMin,c=0.75,OK,0.2028107177981541,0.5761885879703066,0.07620070423650765,0.06318769843536047,0.08161229155967126,0.10003197162694137,0.09793740415273997,0.37200593970316037,-0.02093991249845957,True,True,-0.02093991249845957,,
dirichlet_48,0.22785181878188707,0.48678184254622847,0.09940534936128674,0.08408678409004172,0.10187420522055587,MaxMin,c=0.9,OK,0.21808961092032242,0.5216368288993786,0.09035907902320954,0.07593933009390216,0.09397515106318736,0.03899720305663601,0.03818064139361209,0.3529185229264443,-0.00816337023462893,True,True,-0.00816337023462893,,
dirichlet_48,0.22785181878188707,0.48678184254622847,0.09940534936128674,0.08408678409004172,0.10187420522055587,MaxMin,c=0.95,OK,0.22300181912051675,0.5040982810411933,0.09491103734719013,0.08003901644540004,0.09794984604569992,0.01937434894863638,0.01896866983943134,0.3467818633882559,-0.004055675051693276,True,True,-0.004055675051693276,,
dirichlet_48,0.22785181878188707,0.48678184254622847,0.09940534936128674,0.08408678409004172,0.10187420522055587,MaxMin,c=1.0,OK,0.22785181878188707,0.48678184254622847,0.09940534936128674,0.08408678409004172,0.10187420522055587,0.0,0.0,0.34072291892393497,0.0,False,True,0.0,,
dirichlet_48,0.22785181878188707,0.48678184254622847,0.09940534936128674,0.08408678409004172,0.10187420522055587,Fair,"alpha=0.0,eps=0.01",OK,0.271185382703138,0.47470401531357515,0.08788869445894143,0.07421843866736466,0.09200346885698076,0.04848835623795835,0.04735254731858169,0.3425129455120974,-0.009999999999999988,True,True,,,0.05174427244510352
dirichlet_48,0.22785181878188707,0.48678184254622847,0.09940534936128674,0.08408678409004172,0.10187420522055587,Fair,"alpha=0.0,eps=0.02",OK,0.3145189466243889,0.4626261880809218,0.07637203955659612,0.06435009324468759,0.08213273249340562,0.09697671247591663,0.09470509463716331,0.3443029721002597,-0.01999999999999999,True,True,,,0.10348854489020703
dirichlet_48,0.22785181878188707,0.48678184254622847,0.09940534936128674,0.08408678409004172,0.10187420522055587,Fair,"alpha=0.0,eps=0.05",OK,0.4445196383881416,0.42639270638296173,0.041822074849560145,0.03474505697665635,0.05252052340268022,0.24244178118979162,0.2367627365929083,0.3496730518647467,-0.049999999999999996,True,True,,,0.25872136222551756
dirichlet_48,0.22785181878188707,0.48678184254622847,0.09940534936128674,0.08408678409004172,0.10187420522055587,Fair,"alpha=0.0,eps=0.1",OK,0.6301357415487477,0.36706425120506364,0.0,0.0,0.002800007246188716,0.45048014788415763,0.4398404869027827,0.35444516252449476,-0.09999999999999999,True,True,,,0.5163394399686001
dirichlet_48,0.22785181878188707,0.48678184254622847,0.09940534936128674,0.08408678409004172,0.10187420522055587,Fair,"alpha=0.5,eps=0.01",OK,0.22853021437026083,0.48723304681710455,0.09947582212790153,0.08384319705993173,0.10091771962480134,0.0012817845432598488,0.0012985545721951393,0.34101315763202233,-0.0009594213426789456,True,True,,,1.0004473972112282
dirichlet_48,0.22785181878188707,0.48678184254622847,0.09940534936128674,0.08408678409004172,0.10187420522055587,Fair,"alpha=0.5,eps=0.02",OK,0.22920860990153713,0.4876842510662181,0.09954629495760664,0.08359961000001281,0.09996123407462532,0.002563569023761889,0.002597109083578664,0.34130339632422735,-0.001918842641440614,True,True,,,1.414846277576982
dirichlet_48,0.22785181878188707,0.48678184254622847,0.09940534936128674,0.08408678409004172,0.10187420522055587,Fair,"alpha=0.5,eps=0.05",OK,0.23124379672853068,0.4890378638540581,0.09975771319542923,0.08286884882020468,0.09709177740177716,0.006408922605777918,0.006492772751980842,0.34217411244744345,-0.004797106558306924,True,True,,,2.2370683880770397
dirichlet_48,0.22785181878188707,0.48678184254622847,0.09940534936128674,0.08408678409004172,0.10187420522055587,Fair,"alpha=0.5,eps=0.1",OK,0.23463577483984188,0.49129388509824,0.10011007690182849,0.08165091379898472,0.09230934936110491,0.012817845387612938,0.012985545670617582,0.3436253059665286,-0.00959421332769658,True,True,,,3.163692454374668
dirichlet_48,0.22785181878188707,0.48678184254622847,0.09940534936128674,0.08408678409004172,0.10187420522055587,Fair,"alpha=1.0,eps=0.01",OK,0.2281894031678693,0.48700898027817185,0.09944486281209035,0.08396877843219482,0.1013879753096737,0.0006461121738879092,0.0006545732543916839,0.34086847594373204,-0.0004875502936214011,True,True,,,-23.02360145026797
dirichlet_48,0.22785181878188707,0.48678184254622847,0.09940534936128674,0.08408678409004172,0.10187420522055587,Fair,"alpha=1.0,eps=0.02",OK,0.22852698755153084,0.48723611802506295,0.09948437625412455,0.08385077278617002,0.10090174538311154,0.0012922243609225325,0.0013091465216887343,0.34101403296882116,-0.000975100602413904,True,True,,,-19.557865547468246
dirichlet_48,0.22785181878188707,0.48678184254622847,0.09940534936128674,0.08408678409004172,0.10187420522055587,Fair,"alpha=1.0,eps=0.05",OK,0.2295397407976557,0.48791753119838704,0.09960291665725847,0.08349675572828685,0.09944305561841194,0.003230560963373945,0.0032728663686972413,0.34145070403498895,-0.002437751518112039,True,True,,,-14.97641188809747
dirichlet_48,0.22785181878188707,0.48678184254622847,0.09940534936128674,0.08408678409004172,0.10187420522055587,Fair,"alpha=1.0,eps=0.1",OK,0.23122766439512674,0.48905321941368907,0.09980048400414307,0.08290672762514767,0.09701190456189338,0.006461123649955776,0.006545734453593294,0.3421784892202648,-0.004875504470374312,True,True,,,-11.510675985297745
dirichlet_48,0.22785181878188707,0.48678184254622847,0.09940534936128674,0.08408678409004172,0.10187420522055587,Fair,"alpha=2.0,eps=0.01",OK,0.22802018477886996,0.4868957736516045,0.099426176540651,0.0840287584810148,0.1016291065478597,0.0003243478191276981,0.00032859520432882637,0.3407957944286843,-0.0002457210363184967,True,True,,,-499.8872199961882
dirichlet_48,0.22785181878188707,0.48678184254622847,0.09940534936128674,0.08408678409004172,0.10187420522055587,Fair,"alpha=2.0,eps=0.02",OK,0.22818855077240408,0.48700970475853234,0.09944700372284394,0.08397073287239482,0.10138400787382484,0.0006486956381306784,0.0006571904086247295,0.34086866993357706,-0.0004914420739771917,True,True,,,-249.9436099980941
dirichlet_48,0.22785181878188707,0.48678184254622847,0.09940534936128674,0.08408678409004172,0.10187420522055587,Fair,"alpha=2.0,eps=0.05",OK,0.2286936487732889,0.4873514980719912,0.0995094852583081,0.08379665604296846,0.10064871185344323,0.0016217391017175596,0.0016429760277674869,0.3410872964482762,-0.0012286051852583096,True,True,,,-99.97744399923764
dirichlet_48,0.22785181878188707,0.48678184254622847,0.09940534936128674,0.08408678409004172,0.10187420522055587,Fair,"alpha=2.0,eps=0.1",OK,0.22953547940515612,0.48792115360734345,0.09961362022077015,0.0835065283490779,0.09942321841765238,0.0032434784679667905,0.0032859522874374705,0.341451674051463,-0.0024572104208465655,True,True,,,-49.98872199961882
dirichlet_49,0.5176423031611196,0.049203818418021364,0.25612625044691884,0.12893197266004738,0.04809565531389295,Avg,rho=0.0,OK,0.9999999999999998,4.1633363423443364e-17,0.0,5.5511151231257815e-17,1.3877787807814454e-16,0.5653558748688338,0.5519541589431693,0.5362226005900863,-0.23580958124233836,True,True,,,
dirichlet_49,0.5176423031611196,0.049203818418021364,0.25612625044691884,0.12893197266004738,0.04809565531389295,Avg,rho=0.1,OK,1.0,0.0,2.7755575615628914e-17,3.122502256758253e-17,0.0,0.565355874868834,0.5519541589431696,0.5362226005900864,-0.23580958124233833,True,True,,,
dirichlet_49,0.5176423031611196,0.049203818418021364,0.25612625044691884,0.12893197266004738,0.04809565531389295,Avg,rho=0.2,OK,0.9597928230169972,0.0,0.040207176983002885,0.0,5.204170427930421e-17,0.5132989283792987,0.5014624347258859,0.526198439555143,-0.19765700266130518,True,True,,,
dirichlet_49,0.5176423031611196,0.049203818418021364,0.25612625044691884,0.12893197266004738,0.04809565531389295,Avg,rho=0.5,OK,0.7627387560097126,0.0,0.2372612439902873,7.697835424647081e-18,1.572770776461785e-17,0.28598220407670294,0.28198629035216033,0.47707035227095995,-0.1282643970836112,True,True,,,
dirichlet_49,0.5176423031611196,0.049203818418021364,0.25612625044691884,0.12893197266004738,0.04809565531389295,Cert,,FLOOR_COLLAPSED,0.5176423031611195,0.04920381841802135,0.2561262504469188,0.12893197266004736,0.048095655313892934,1.2869730969111293e-16,1.329407879337735e-16,0.3770985947548345,-1.152785863781747e-16,False,True,0.0,-0.0,
dirichlet_49,0.5176423031611196,0.049203818418021364,0.25612625044691884,0.12893197266004738,0.04809565531389295,MaxMin,c=0.0,INFEASIBLE_BALL_MISSES_SIMPLEX,,,,,,,,,,False,False,,,
dirichlet_49,0.5176423031611196,0.049203818418021364,0.25612625044691884,0.12893197266004738,0.04809565531389295,MaxMin,c=0.1,INFEASIBLE_BALL_MISSES_SIMPLEX,,,,,,,,,,False,False,,,
dirichlet_49,0.5176423031611196,0.049203818418021364,0.25612625044691884,0.12893197266004738,0.04809565531389295,MaxMin,c=0.25,INFEASIBLE_BALL_MISSES_SIMPLEX,,,,,,,,,,False,False,,,
dirichlet_49,0.5176423031611196,0.049203818418021364,0.25612625044691884,0.12893197266004738,0.04809565531389295,MaxMin,c=0.5,OK,0.7349199163017002,6.245004513516504e-17,0.2268124839769643,0.03826759972133555,0.0,0.2470285295347059,0.24285054323662447,0.46466227771449303,-0.09059727522925098,True,True,-0.09059727522925098,,
dirichlet_49,0.5176423031611196,0.049203818418021364,0.25612625044691884,0.12893197266004738,0.04809565531389295,MaxMin,c=0.75,OK,0.6219469157558797,0.020132286411613815,0.22840546961846758,0.10517870029744728,0.024336627916591715,0.11671228385341093,0.11397837280163248,0.4175004289277566,-0.02407016713056679,True,True,-0.02407016713056679,,
dirichlet_49,0.5176423031611196,0.049203818418021364,0.25612625044691884,0.12893197266004738,0.04809565531389295,MaxMin,c=0.9,OK,0.5579777178163741,0.0379616281737822,0.24540640631474092,0.1197463952792367,0.038907852415866064,0.045133558789763356,0.044076333867865636,0.39272230202585423,-0.009308123081811627,True,True,-0.009308123081811627,,
dirichlet_49,0.5176423031611196,0.049203818418021364,0.25612625044691884,0.12893197266004738,0.04809565531389295,MaxMin,c=0.95,OK,0.5376442061274905,0.043628935890677276,0.25081039379888254,0.12437694256970613,0.043539521613243516,0.022381251591329396,0.02185698500123318,0.3848462249572481,-0.004615799199604389,True,True,-0.004615799199604389,,
dirichlet_49,0.5176423031611196,0.049203818418021364,0.25612625044691884,0.12893197266004738,0.04809565531389295,MaxMin,c=1.0,OK,0.5176423031611195,0.04920381841802135,0.2561262504469188,0.12893197266004736,0.048095655313892934,1.2869730969111293e-16,1.329407879337735e-16,0.3770985947548345,-1.152785863781747e-16,False,True,-1.152785863781747e-16,,
dirichlet_49,0.5176423031611196,0.049203818418021364,0.25612625044691884,0.12893197266004738,0.04809565531389295,Fair,"alpha=0.0,eps=0.01",OK,0.5609758670823705,0.037125991185367996,0.2446095955445735,0.11906362723737031,0.03822491895031782,0.048488356237958295,0.047352547318581635,0.3938836191187144,-0.010000000000000005,True,True,,,0.05174427244510352
dirichlet_49,0.5176423031611196,0.049203818418021364,0.25612625044691884,0.12893197266004738,0.04809565531389295,Fair,"alpha=0.0,eps=0.02",OK,0.6043094310036213,0.025048163952714635,0.23309294064222819,0.10919528181469323,0.028354182586742688,0.09697671247591659,0.09470509463716327,0.41066864348259424,-0.020000000000000007,True,True,,,0.10348854489020703
dirichlet_49,0.5176423031611196,0.049203818418021364,0.25612625044691884,0.12893197266004738,0.04809565531389295,Fair,"alpha=0.0,eps=0.05",OK,0.7217675048760422,0.0,0.19869567943644334,0.07953681568751454,0.0,0.2283406617338986,0.22323151642956818,0.45548148228433377,-0.05000000000000002,True,True,,,0.25851153336559884
dirichlet_49,0.5176423031611196,0.049203818418021364,0.25612625044691884,0.12893197266004738,0.04809565531389295,Fair,"alpha=0.0,eps=0.1",OK,0.8269923710243059,0.0,0.14416745821764843,0.028840170758045777,0.0,0.3506919050382698,0.3431533378025114,0.48896528848968795,-0.1,True,True,,,0.5124151518237087
dirichlet_49,0.5176423031611196,0.049203818418021364,0.25612625044691884,0.12893197266004738,0.04809565531389295,Fair,"alpha=0.5,eps=0.01",OK,0.5183206987666076,0.049655022805627655,0.256196723205892,0.1286883856469137,0.04713916957495898,0.0012817846966044347,0.0012985547271200067,0.37743603891931216,-0.0009594214846010526,True,True,,,1.0004473972112282
dirichlet_49,0.5176423031611196,0.049203818418021364,0.25612625044691884,0.12893197266004738,0.04809565531389295,Fair,"alpha=0.5,eps=0.02",OK,0.5189990941975351,0.05010622708507451,0.25626719577523477,0.1284447986382382,0.04618268430391753,0.002563568902326652,0.0025971089551251473,0.3777734829528625,-0.001918842502932844,True,True,,,1.414846277576982
dirichlet_49,0.5176423031611196,0.049203818418021364,0.25612625044691884,0.12893197266004738,0.04809565531389295,Fair,"alpha=0.5,eps=0.05",OK,0.521034281206885,0.05145983973537894,0.2564786142675295,0.12771403735852416,0.043313227431682526,0.006408922714204144,0.00649277286104762,0.3787858155474378,-0.004797106622245426,True,True,,,2.2370683880770397
dirichlet_49,0.5176423031611196,0.049203818418021364,0.25612625044691884,0.12893197266004738,0.04809565531389295,Fair,"alpha=0.5,eps=0.1",OK,0.5244262591213493,0.05371586098279338,0.2568309781729246,0.12649610238424405,0.0385307993386887,0.01281784543405774,0.012985545722349173,0.38047303632223844,-0.009594213443413413,True,True,,,3.163692454374668
dirichlet_49,0.5176423031611196,0.049203818418021364,0.25612625044691884,0.12893197266004738,0.04809565531389295,Fair,"alpha=1.0,eps=0.01",OK,0.5179798875525914,0.049430956156730016,0.25616576388803175,0.12881396700529352,0.047609425397353376,0.0006461121822343371,0.0006545732625228605,0.37726791338095317,-0.0004875502990935047,True,True,,,-23.02360145026797
dirichlet_49,0.5176423031611196,0.049203818418021364,0.25612625044691884,0.12893197266004738,0.04809565531389295,Fair,"alpha=1.0,eps=0.02",OK,0.5183174720155488,0.04965809367603227,0.25620527754848643,0.1286959613269231,0.04712319543300929,0.001292224378390089,0.001309146542281318,0.3774372320811057,-0.0009751006471597667,True,True,,,-19.557865547468246
dirichlet_49,0.5176423031611196,0.049203818418021364,0.25612625044691884,0.12893197266004738,0.04809565531389295,Fair,"alpha=1.0,eps=0.05",OK,0.5193302250830986,0.05033950662263446,0.25632381861826564,0.1283419439589213,0.04566450571708015,0.003230560868542703,0.003272866298495226,0.37794518803424504,-0.002437751528320174,True,True,,,-14.97641188809747
dirichlet_49,0.5176423031611196,0.049203818418021364,0.25612625044691884,0.12893197266004738,0.04809565531389295,Fair,"alpha=1.0,eps=0.1",OK,0.5210181470860069,0.05147519566421166,0.2565213851382404,0.12775191610959158,0.04323335600194934,0.006461121906077644,0.00654573271487239,0.37879178107949524,-0.0048755031379356635,True,True,,,-11.510675985297745
dirichlet_49,0.5176423031611196,0.049203818418021364,0.25612625044691884,0.12893197266004738,0.04809565531389295,Fair,"alpha=2.0,eps=0.01",OK,0.5178106691578995,0.04931774949785139,0.25614707767369843,0.12887394706649227,0.047850556604058424,0.00032434783838995897,0.0003285952242190166,0.3771833943281499,-0.00024572107291731895,True,True,,,-499.8872199961882
dirichlet_49,0.5176423031611196,0.049203818418021364,0.25612625044691884,0.12893197266004738,0.04809565531389295,Fair,"alpha=2.0,eps=0.02",OK,0.5179790351604614,0.04943168062957562,0.2561679048021428,0.1288159214408316,0.04760545796698869,0.0006486956424531465,0.0006571904128055387,0.37726819388089383,-0.0004914420741544722,True,True,,,-249.9436099980941
dirichlet_49,0.5176423031611196,0.049203818418021364,0.25612625044691884,0.12893197266004738,0.04809565531389295,Fair,"alpha=2.0,eps=0.05",OK,0.5184841331151685,0.049773473914018485,0.25623038639739093,0.1286418446485621,0.046870161924860154,0.0016217390855023295,0.0016429760117680856,0.37752259256498194,-0.0012286052061223033,True,True,,,-99.97744399923764
dirichlet_49,0.5176423031611196,0.049203818418021364,0.25612625044691884,0.12893197266004738,0.04809565531389295,Fair,"alpha=2.0,eps=0.1",OK,0.5193259631125593,0.05034312945239481,0.25633452228253645,0.12835171657834613,0.04564466857416346,0.0032434781857320497,0.0032859520384090884,0.3779465903774481,-0.0024572103758005166,True,True,,,-49.98872199961882
dirichlet_50,0.08001190607093547,0.09146176790124796,0.7193300267616313,0.04051847530433317,0.06867782396185222,Avg,rho=0.0,OK,2.7755575615628914e-17,0.0,1.0,1.3877787807814457e-17,0.0,0.31607148609685687,0.3106193164521042,0.7281262710408932,-0.08532208962230638,True,True,,,
dirichlet_50,0.08001190607093547,0.09146176790124796,0.7193300267616313,0.04051847530433317,0.06867782396185222,Avg,rho=0.1,OK,2.7755575615628914e-17,0.0,1.0,1.3877787807814457e-17,0.0,0.31607148609685687,0.3106193164521042,0.7281262710408932,-0.08532208962230638,True,True,,,
dirichlet_50,0.08001190607093547,0.09146176790124796,0.7193300267616313,0.04051847530433317,0.06867782396185222,Avg,rho=0.2,OK,2.7755575615628914e-17,0.0,1.0,1.3877787807814457e-17,0.0,0.31607148609685687,0.3106193164521042,0.7281262710408932,-0.08532208962230638,True,True,,,
dirichlet_50,0.08001190607093547,0.09146176790124796,0.7193300267616313,0.04051847530433317,0.06867782396185222,Avg,rho=0.5,OK,2.7755575615628914e-17,0.0,1.0,1.3877787807814457e-17,0.0,0.31607148609685687,0.3106193164521042,0.7281262710408932,-0.08532208962230638,True,True,,,
dirichlet_50,0.08001190607093547,0.09146176790124796,0.7193300267616313,0.04051847530433317,0.06867782396185222,Cert,,FLOOR_COLLAPSED,0.08001190607093546,0.09146176790124795,0.7193300267616312,0.04051847530433316,0.06867782396185221,1.138063217752167e-16,1.1538785781918602e-16,0.5527369018349587,-1.1246076241916783e-16,False,True,0.0,-0.0,
dirichlet_50,0.08001190607093547,0.09146176790124796,0.7193300267616313,0.04051847530433317,0.06867782396185222,MaxMin,c=0.0,INFEASIBLE_BALL_MISSES_SIMPLEX,,,,,,,,,,False,False,,,
dirichlet_50,0.08001190607093547,0.09146176790124796,0.7193300267616313,0.04051847530433317,0.06867782396185222,MaxMin,c=0.1,INFEASIBLE_BALL_MISSES_SIMPLEX,,,,,,,,,,False,False,,,
dirichlet_50,0.08001190607093547,0.09146176790124796,0.7193300267616313,0.04051847530433317,0.06867782396185222,MaxMin,c=0.25,INFEASIBLE_BALL_MISSES_SIMPLEX,,,,,,,,,,False,False,,,
dirichlet_50,0.08001190607093547,0.09146176790124796,0.7193300267616313,0.04051847530433317,0.06867782396185222,MaxMin,c=0.5,OK,0.00035708765485398237,0.013756446949135463,0.9858864653960107,0.0,0.0,0.2996560233396559,0.29458872287743393,0.7196685335904787,-0.07215901975248531,True,True,-0.07215901975248531,,
dirichlet_50,0.08001190607093547,0.09146176790124796,0.7193300267616313,0.04051847530433317,0.06867782396185222,MaxMin,c=0.75,OK,0.04510451795794023,0.057538215396880955,0.8488018594350776,0.009482943788326316,0.039072463421774804,0.14481702318580414,0.14249981182368213,0.6343888612948847,-0.031166840401706232,True,True,-0.031166840401706232,,
dirichlet_50,0.08001190607093547,0.09146176790124796,0.7193300267616313,0.04051847530433317,0.06867782396185222,MaxMin,c=0.9,OK,0.06608025621580371,0.07792276997326833,0.77100264784316,0.02813209575770773,0.05686223021006009,0.05779693552426049,0.05687212908406169,0.585324459102173,-0.012438785341424738,True,True,-0.012438785341424738,,
dirichlet_50,0.08001190607093547,0.09146176790124796,0.7193300267616313,0.04051847530433317,0.06867782396185222,MaxMin,c=0.95,OK,0.07305017410565462,0.08469624654281611,0.7451511564665696,0.03432892451024046,0.06277349837471927,0.02888148767149272,0.02841935614914053,0.5690211066101766,-0.006215738295258328,True,True,-0.006215738295258328,,
dirichlet_50,0.08001190607093547,0.09146176790124796,0.7193300267616313,0.04051847530433317,0.06867782396185222,MaxMin,c=1.0,OK,0.08001190607093546,0.09146176790124795,0.7193300267616312,0.04051847530433316,0.06867782396185221,1.138063217752167e-16,1.1538785781918602e-16,0.5527369018349587,-1.1246076241916783e-16,False,True,-1.1246076241916783e-16,,
dirichlet_50,0.08001190607093547,0.09146176790124796,0.7193300267616313,0.04051847530433317,0.06867782396185222,Fair,"alpha=0.0,eps=0.01",OK,0.12334546999218637,0.0793839406685946,0.707813371859286,0.030650129881656094,0.05880708759827709,0.048488356237958316,0.04735254731858166,0.5468770597015454,-0.010000000000000004,True,True,,,0.05174427244510352
dirichlet_50,0.08001190607093547,0.09146176790124796,0.7193300267616313,0.04051847530433317,0.06867782396185222,Fair,"alpha=0.0,eps=0.02",OK,0.16667903391343725,0.06730611343594123,0.6962967169569406,0.020781784458979016,0.04893635123470196,0.09697671247591662,0.0947050946371633,0.5410172175681319,-0.02000000000000001,True,True,,,0.10348854489020703
dirichlet_50,0.08001190607093547,0.09146176790124796,0.7193300267616313,0.04051847530433317,0.06867782396185222,Fair,"alpha=0.0,eps=0.05",OK,0.2874016376406196,0.03150567459914208,0.6620543735665841,0.0,0.019038314193654152,0.2323608446028088,0.22675265837616634,0.5230612559035844,-0.05000000000000007,True,True,,,0.2583022697312803
dirichlet_50,0.08001190607093547,0.09146176790124796,0.7193300267616313,0.04051847530433317,0.06867782396185222,Fair,"alpha=0.0,eps=0.1",OK,0.3918999289610573,0.0,0.6081000710389427,0.0,0.0,0.35266115068876697,0.3433619729391393,0.49128328768960094,-0.10000000000000005,True,True,,,0.5116357283939382
dirichlet_50,0.08001190607093547,0.09146176790124796,0.7193300267616313,0.04051847530433317,0.06867782396185222,Fair,"alpha=0.5,eps=0.01",OK,0.08069030169953871,0.09191297194497298,0.7194004995841355,0.0402748884062284,0.06772133836512428,0.001281784463304893,0.001298554487396121,0.5528477472722869,-0.000959421338954874,True,True,,,1.0004473972112282
dirichlet_50,0.08001190607093547,0.09146176790124796,0.7193300267616313,0.04051847530433317,0.06867782396185222,Fair,"alpha=0.5,eps=0.02",OK,0.08136869734099461,0.09236417641005215,0.7194709728205916,0.04003130093245211,0.06676485249590954,0.002563569417225901,0.002597109496720662,0.5529585930140086,-0.0019188429714029045,True,True,,,1.414846277576982
dirichlet_50,0.08001190607093547,0.09146176790124796,0.7193300267616313,0.04051847530433317,0.06867782396185222,Fair,"alpha=0.5,eps=0.05",OK,0.08340388417588929,0.0937177892835337,0.7196823906028229,0.03930053994959323,0.06389539598816082,0.00640892284789475,0.006492772997718113,0.5532911289199312,-0.004797106715149996,True,True,,,2.2370683880770397
dirichlet_50,0.08001190607093547,0.09146176790124796,0.7193300267616313,0.04051847530433317,0.06867782396185222,Fair,"alpha=0.5,eps=0.1",OK,0.08679586269863723,0.09597380987559735,0.7200347545761355,0.038082605016983795,0.05911296783264618,0.012817845701465096,0.012985545983833391,0.5538453560623916,-0.009594213595255897,True,True,,,3.163692454374668
dirichlet_50,0.08001190607093547,0.09146176790124796,0.7193300267616313,0.04051847530433317,0.06867782396185222,Fair,"alpha=1.0,eps=0.01",OK,0.08034949041995601,0.0916889056922374,0.7193695402331141,0.04040046966114535,0.0681915939935473,0.0006461122171339739,0.0006545732988903035,0.552795085325921,-0.0004875503504879094,True,True,,,-23.02360145026797
dirichlet_50,0.08001190607093547,0.09146176790124796,0.7193300267616313,0.04051847530433317,0.06867782396185222,Fair,"alpha=1.0,eps=0.02",OK,0.08068707487116467,0.09191604329891498,0.7194090536749786,0.04028246403149769,0.067705364123444,0.0012922243446801497,0.0013091465040884886,0.5528532687920098,-0.0009751006022237456,True,True,,,-19.557865547468246
dirichlet_50,0.08001190607093547,0.09146176790124796,0.7193300267616313,0.04051847530433317,0.06867782396185222,Fair,"alpha=1.0,eps=0.05",OK,0.08169982755440271,0.09259745727691387,0.719527594253398,0.03992844634442795,0.06624667457085744,0.003230560901920096,0.0032728663363088637,0.5530278193985163,-0.002437751331787262,True,True,,,-14.97641188809747
dirichlet_50,0.08001190607093547,0.09146176790124796,0.7193300267616313,0.04051847530433317,0.06867782396185222,Fair,"alpha=1.0,eps=0.1",OK,0.08338774981710999,0.09373314542664817,0.7197251605613636,0.03933841886220113,0.06381552533267712,0.006461121322732226,0.006545732107358011,0.5533187361352302,-0.0048755024515127416,True,True,,,-11.510675985297745
dirichlet_50,0.08001190607093547,0.09146176790124796,0.7193300267616313,0.04051847530433317,0.06867782396185222,Fair,"alpha=2.0,eps=0.01",OK,0.08018027200685707,0.09157569901316663,0.7193508539463959,0.04046044971096876,0.06843272532261177,0.0003243477619929097,0.0003285951469742731,0.5527666817017458,-0.0002457210026571848,True,True,,,-499.8872199961882
dirichlet_50,0.08001190607093547,0.09146176790124796,0.7193300267616313,0.04051847530433317,0.06867782396185222,Fair,"alpha=2.0,eps=0.02",OK,0.08034863800355754,0.09168963020344063,0.7193716810686245,0.04040242406162937,0.06818762666274802,0.0006486956046414747,0.0006571903754487919,0.5527964615359005,-0.0004914420274491681,True,True,,,-249.9436099980941
dirichlet_50,0.08001190607093547,0.09146176790124796,0.7193300267616313,0.04051847530433317,0.06867782396185222,Fair,"alpha=2.0,eps=0.05",OK,0.08085373651142436,0.09203142304364045,0.7194341627677766,0.04022834723497817,0.0674523304421804,0.0016217393264483404,0.0016429762507509807,0.5528858012400812,-0.0012286053368639567,True,True,,,-99.97744399923764
dirichlet_50,0.08001190607093547,0.09146176790124796,0.7193300267616313,0.04051847530433317,0.06867782396185222,Fair,"alpha=2.0,eps=0.1",OK,0.08169556629303855,0.09260107883193287,0.719538298070891,0.03993821945421543,0.06622683734992225,0.003243478118006477,0.0032859519494911325,0.5530347001824422,-0.002457210237452554,True,True,,,-49.98872199961882
dirichlet_51,0.10094539985351338,0.2664998756585719,0.062473832878192984,0.1645981428523424,0.4054827487573795,Avg,rho=0.0,OK,0.0,0.0,3.2968602110954407e-16,0.0,0.9999999999999998,0.682391711502736,0.6808914982084157,0.41386789031455673,-0.2762245506468373,True,True,,,
dirichlet_51,0.10094539985351338,0.2664998756585719,0.062473832878192984,0.1645981428523424,0.4054827487573795,Avg,rho=0.1,OK,0.0,0.09727110766504829,0.0,9.8263353344272e-17,0.9027288923349516,0.5630964441335884,0.560979028204438,0.40086121537566616,-0.17933548815509406,True,True,,,
dirichlet_51,0.10094539985351338,0.2664998756585719,0.062473832878192984,0.1645981428523424,0.4054827487573795,Avg,rho=0.2,OK,5.488727854445142e-17,0.26507481280461126,7.507801709168673e-17,2.2264142827092768e-17,0.7349251871953887,0.3869364976641999,0.38263891199501754,0.3784232242940042,-0.15406991434746248,True,True,,,
dirichlet_51,0.10094539985351338,0.2664998756585719,0.062473832878192984,0.1645981428523424,0.4054827487573795,Avg,rho=0.5,OK,0.0,0.31426072735610533,0.0,0.10539231357186749,0.5803469590720273,0.22462607767288723,0.22225892776946377,0.34803652687526454,-0.10068697163258111,True,True,,,
dirichlet_51,0.10094539985351338,0.2664998756585719,0.062473832878192984,0.1645981428523424,0.4054827487573795,Cert,,FLOOR_COLLAPSED,0.10094539985351335,0.26649987565857186,0.06247383287819297,0.16459814285234237,0.4054827487573794,1.3092278833360675e-16,1.3370240546981764e-16,0.29134901296161486,-1.1255817990700753e-16,False,True,0.0,-0.0,
dirichlet_51,0.10094539985351338,0.2664998756585719,0.062473832878192984,0.1645981428523424,0.4054827487573795,MaxMin,c=0.0,INFEASIBLE_BALL_MISSES_SIMPLEX,,,,,,,,,,False,False,,,
dirichlet_51,0.10094539985351338,0.2664998756585719,0.062473832878192984,0.1645981428523424,0.4054827487573795,MaxMin,c=0.1,INFEASIBLE_BALL_MISSES_SIMPLEX,,,,,,,,,,False,False,,,
dirichlet_51,0.10094539985351338,0.2664998756585719,0.062473832878192984,0.1645981428523424,0.4054827487573795,MaxMin,c=0.25,INFEASIBLE_BALL_MISSES_SIMPLEX,,,,,,,,,,False,False,,,
dirichlet_51,0.10094539985351338,0.2664998756585719,0.062473832878192984,0.1645981428523424,0.4054827487573795,MaxMin,c=0.5,OK,0.055204719944543686,0.27268232119455305,0.01792150973367015,0.11311522249052539,0.5410762266367077,0.15859200566644982,0.157447223580418,0.3300596706477278,-0.04741269740321184,True,True,-0.04741269740321184,,
dirichlet_51,0.10094539985351338,0.2664998756585719,0.062473832878192984,0.1645981428523424,0.4054827487573795,MaxMin,c=0.75,OK,0.0825664471232644,0.24830340916841126,0.044287272812665916,0.1421603673201866,0.48268250357547177,0.08638810206278559,0.08624316916431918,0.3101588234334684,-0.020256812843396203,True,True,-0.020256812843396203,,
dirichlet_51,0.10094539985351338,0.2664998756585719,0.062473832878192984,0.1645981428523424,0.4054827487573795,MaxMin,c=0.9,OK,0.0940240489847194,0.2596472474920401,0.055624935383465406,0.1561482752536461,0.43455549288612916,0.03253299434638981,0.03247841390008035,0.29843262104103224,-0.007628536360610566,True,True,-0.007628536360610566,,
dirichlet_51,0.10094539985351338,0.2664998756585719,0.062473832878192984,0.1645981428523424,0.4054827487573795,MaxMin,c=0.95,OK,0.09753249083116097,0.2631208537104391,0.05909665051942671,0.16043152423815002,0.41981848070082334,0.016041976780795764,0.01601506323441085,0.2948419308014042,-0.0037616212594937816,True,True,-0.0037616212594937816,,
dirichlet_51,0.10094539985351338,0.2664998756585719,0.062473832878192984,0.1645981428523424,0.4054827487573795,MaxMin,c=1.0,OK,0.10094539985351335,0.26649987565857186,0.06247383287819297,0.16459814285234237,0.4054827487573794,1.3092278833360675e-16,1.3370240546981764e-16,0.29134901296161486,-1.1255817990700753e-16,False,True,-1.1255817990700753e-16,,
dirichlet_51,0.10094539985351338,0.2664998756585719,0.062473832878192984,0.1645981428523424,0.4054827487573795,Fair,"alpha=0.0,eps=0.01",OK,0.14427896377476426,0.25442204842591853,0.05095717797584766,0.1547297974296653,0.3956120123938044,0.048488356237958316,0.04735254731858164,0.28657235923371505,-0.01000000000000002,True,True,,,0.05174427244510352
dirichlet_51,0.10094539985351338,0.2664998756585719,0.062473832878192984,0.1645981428523424,0.4054827487573795,Fair,"alpha=0.0,eps=0.02",OK,0.1876125276960151,0.24234422119326512,0.039440523073502334,0.14486145200698822,0.3857412760302291,0.09697671247591663,0.0947050946371633,0.28179570550581506,-0.02000000000000012,True,True,,,0.10348854489020703
dirichlet_51,0.10094539985351338,0.2664998756585719,0.062473832878192984,0.1645981428523424,0.4054827487573795,Fair,"alpha=0.0,eps=0.05",OK,0.3176132194597678,0.20611073949530503,0.00489055836646638,0.11525641573895698,0.3561290669395038,0.24244178118979154,0.23676273659290825,0.26746574432211545,-0.050000000000000065,True,True,,,0.25872136222551756
dirichlet_51,0.10094539985351338,0.2664998756585719,0.062473832878192984,0.1645981428523424,0.4054827487573795,Fair,"alpha=0.0,eps=0.1",OK,0.4801229415278114,0.1469067091566182,0.0,0.06582578165697071,0.30714456765859977,0.42591958228818944,0.416647775786337,0.24151728056118038,-0.10000000000000005,True,True,,,0.5160305498028297
dirichlet_51,0.10094539985351338,0.2664998756585719,0.062473832878192984,0.1645981428523424,0.4054827487573795,Fair,"alpha=0.5,eps=0.01",OK,0.10162379551891691,0.2669510798149532,0.06254430555872764,0.164354555961867,0.40452626314553525,0.0012817845244628026,0.0012985545462290944,0.29112558192948185,-0.0009594213531267215,True,True,,,1.0004473972112282
dirichlet_51,0.10094539985351338,0.2664998756585719,0.062473832878192984,0.1645981428523424,0.4054827487573795,Fair,"alpha=0.5,eps=0.02",OK,0.10230219106657708,0.2674022842409168,0.06261477828620679,0.164110968918554,0.4035697774877453,0.0025635691474164305,0.002597109199866199,0.29090215091406374,-0.0019188427580770823,True,True,,,1.4148462775769817
dirichlet_51,0.10094539985351338,0.2664998756585719,0.062473832878192984,0.1645981428523424,0.4054827487573795,Fair,"alpha=0.5,eps=0.05",OK,0.10433737815705932,0.2687558970151687,0.0628261979763414,0.1633802076983497,0.400700319153081,0.006408924191698799,0.006492774375736229,0.29023185732706996,-0.004797108335754024,True,True,,,2.2370683880770397
dirichlet_51,0.10094539985351338,0.2664998756585719,0.062473832878192984,0.1645981428523424,0.4054827487573795,Fair,"alpha=0.5,eps=0.1",OK,0.10772935576428905,0.2710119185849148,0.06317856040939056,0.162162272380658,0.39591789286074774,0.012817845503043481,0.012985545795603815,0.28911470278474793,-0.009594213371697,True,True,,,3.163692454374668
dirichlet_51,0.10094539985351338,0.2664998756585719,0.062473832878192984,0.1645981428523424,0.4054827487573795,Fair,"alpha=1.0,eps=0.01",OK,0.10128298435616477,0.26672701328816556,0.06251334625703027,0.16448013718277474,0.4049965189158646,0.0006461121444027194,0.0006545732215352588,0.2912352811460411,-0.0004875502243049032,True,True,,,-23.02360145026797
dirichlet_51,0.10094539985351338,0.2664998756585719,0.062473832878192984,0.1645981428523424,0.4054827487573795,Fair,"alpha=1.0,eps=0.02",OK,0.1016205683513974,0.2669541508723229,0.06255285977440578,0.16436213151626664,0.40451028948560724,0.0012922237061362765,0.0013091458622471574,0.2911215494355796,-0.0009751000410585561,True,True,,,-19.557865547468246
dirichlet_51,0.10094539985351338,0.2664998756585719,0.062473832878192984,0.1645981428523424,0.4054827487573795,Fair,"alpha=1.0,eps=0.05",OK,0.10263332184478643,0.2676355645014051,0.06267139967972701,0.1640081147170691,0.4030515992570125,0.0032305608694120063,0.003272866258820284,0.2907803539233904,-0.0024377514069819054,True,True,,,-14.976411888097472
dirichlet_51,0.10094539985351338,0.2664998756585719,0.062473832878192984,0.1645981428523424,0.4054827487573795,Fair,"alpha=1.0,eps=0.1",OK,0.10432124390522429,0.2687712529547852,0.06286896732691047,0.16341808605867,0.40062044975440997,0.006461121786993284,0.0065457325947230445,0.2902116947551208,-0.004875502837661569,True,True,,,-11.510675985297745
dirichlet_51,0.10094539985351338,0.2664998756585719,0.062473832878192984,0.1645981428523424,0.4054827487573795,Fair,"alpha=2.0,eps=0.01",OK,0.10111376584487514,0.26661380676250285,0.06249466006500062,0.16454011724640713,0.4052376500812142,0.0003243478182485605,0.0003285952035635803,0.2912916451968336,-0.000245721039707376,True,True,,,-499.8872199961882
dirichlet_51,0.10094539985351338,0.2664998756585719,0.062473832878192984,0.1645981428523424,0.4054827487573795,Fair,"alpha=2.0,eps=0.02",OK,0.10128213185112639,0.26672773786921844,0.06251548723444963,0.16448209163299068,0.404992551412215,0.0006486956400128243,0.0006571904103776264,0.29123427743485236,-0.0004914420724358283,True,True,,,-249.9436099980941
dirichlet_51,0.10094539985351338,0.2664998756585719,0.062473832878192984,0.1645981428523424,0.4054827487573795,Fair,"alpha=2.0,eps=0.05",OK,0.10178722992267959,0.26706953124223176,0.06257796866760183,0.16430801473236237,0.40425725543512436,0.0016217391346570224,0.0016429760602700602,0.2910621741652592,-0.001228605142566526,True,True,,,-99.97744399923764
dirichlet_51,0.10094539985351338,0.2664998756585719,0.062473832878192984,0.1645981428523424,0.4054827487573795,Fair,"alpha=2.0,eps=0.1",OK,0.1026290598236787,0.26763918681061455,0.06268210462275836,0.1640178868181144,0.4030317619248339,0.003243478292583428,0.003285952143719187,0.2907753353177787,-0.0024572104661695375,True,True,,,-49.98872199961882
dirichlet_52,0.4197187989821001,0.11565935475810692,0.3452402786471423,0.004241106318229782,0.11514046129442086,Avg,rho=0.0,OK,0.9999999999999993,7.632783294297951e-17,3.608224830031759e-16,0.0,2.914335439641036e-16,0.6946722402745685,0.6753791769986768,0.4457148667941672,-0.32076835113903285,True,True,,,
dirichlet_52,0.4197187989821001,0.11565935475810692,0.3452402786471423,0.004241106318229782,0.11514046129442086,Avg,rho=0.1,OK,0.7334690112816006,4.152494320619482e-17,0.2665309887183995,7.367153762039003e-17,0.0,0.3623351310486256,0.35284079215726594,0.426032559244302,-0.11350353958045072,True,True,,,
dirichlet_52,0.4197187989821001,0.11565935475810692,0.3452402786471423,0.004241106318229782,0.11514046129442086,Avg,rho=0.2,OK,0.6361902565809338,3.0704605524789486e-16,0.363809743419066,0.0,4.85722573273506e-17,0.271766657502048,0.2657425597111603,0.4188488903685251,-0.11416731639086693,True,True,,,
dirichlet_52,0.4197187989821001,0.11565935475810692,0.3452402786471423,0.004241106318229782,0.11514046129442086,Avg,rho=0.5,OK,0.5778230037605335,0.0,0.4221769962394664,9.961785086068373e-17,0.0,0.2399345686545772,0.23565526389772837,0.4145386890430588,-0.1145655824771167,True,True,,,
dirichlet_52,0.4197187989821001,0.11565935475810692,0.3452402786471423,0.004241106318229782,0.11514046129442086,Cert,,FLOOR_COLLAPSED,0.4197187989821001,0.11565935475810692,0.3452402786471423,0.004241106318229782,0.11514046129442086,0.0,0.0,0.3475667663117456,0.0,False,True,0.0,-0.0,
dirichlet_52,0.4197187989821001,0.11565935475810692,0.3452402786471423,0.004241106318229782,0.11514046129442086,MaxMin,c=0.0,INFEASIBLE_BALL_MISSES_SIMPLEX,,,,,,,,,,False,False,,,
dirichlet_52,0.4197187989821001,0.11565935475810692,0.3452402786471423,0.004241106318229782,0.11514046129442086,MaxMin,c=0.1,INFEASIBLE_BALL_MISSES_SIMPLEX,,,,,,,,,,False,False,,,
dirichlet_52,0.4197187989821001,0.11565935475810692,0.3452402786471423,0.004241106318229782,0.11514046129442086,MaxMin,c=0.25,INFEASIBLE_BALL_MISSES_SIMPLEX,,,,,,,,,,False,False,,,
dirichlet_52,0.4197187989821001,0.11565935475810692,0.3452402786471423,0.004241106318229782,0.11514046129442086,MaxMin,c=0.5,INFEASIBLE_BALL_MISSES_SIMPLEX,,,,,,,,,,False,False,,,
dirichlet_52,0.4197187989821001,0.11565935475810692,0.3452402786471423,0.004241106318229782,0.11514046129442086,MaxMin,c=0.75,OK,0.5214541203384203,0.05147158764675866,0.3691626293954181,2.96637714392034e-16,0.05791166261940257,0.13540881176690922,0.13252803460506218,0.38473922374950476,-0.05689201362598394,True,True,-0.05689201362598394,,
dirichlet_52,0.4197187989821001,0.11565935475810692,0.3452402786471423,0.004241106318229782,0.11514046129442086,MaxMin,c=0.9,OK,0.4801381003741133,0.0955143374441385,0.32660330865076587,2.5153490401663703e-17,0.09774425353098225,0.06873329165168869,0.06690727864997442,0.3622093997006463,-0.01721101015076395,True,True,-0.01721101015076395,,
dirichlet_52,0.4197187989821001,0.11565935475810692,0.3452402786471423,0.004241106318229782,0.11514046129442086,MaxMin,c=0.95,OK,0.44582328623215167,0.10783697760803981,0.33775461830954406,1.9949319973733285e-17,0.10858511785026452,0.029319421208974412,0.02859130648194368,0.3543022669775747,-0.00656767187514897,True,True,-0.00656767187514897,,
dirichlet_52,0.4197187989821001,0.11565935475810692,0.3452402786471423,0.004241106318229782,0.11514046129442086,MaxMin,c=1.0,OK,0.4197187989821001,0.11565935475810692,0.3452402786471423,0.004241106318229782,0.11514046129442086,0.0,0.0,0.3475667663117456,0.0,False,True,0.0,,
dirichlet_52,0.4197187989821001,0.11565935475810692,0.3452402786471423,0.004241106318229782,0.11514046129442086,Fair,"alpha=0.0,eps=0.01",OK,0.4571350411557921,0.1038577109298223,0.33391981657030434,0.0,0.10508743134408126,0.042266502470255755,0.04117521377919123,0.35687192155175224,-0.01,True,True,,,0.051476986219685675
dirichlet_52,0.4197187989821001,0.11565935475810692,0.3452402786471423,0.004241106318229782,0.11514046129442086,Fair,"alpha=0.0,eps=0.02",OK,0.4900915491357235,0.09226421947600008,0.3227472200126679,0.0,0.0948970113756085,0.08020834279053692,0.07805916050094741,0.3643585442775121,-0.02,True,True,,,0.10275252564133157
dirichlet_52,0.4197187989821001,0.11565935475810692,0.3452402786471423,0.004241106318229782,0.11514046129442086,Fair,"alpha=0.0,eps=0.05",OK,0.5889610730755176,0.05748374511453345,0.28922943033975873,0.0,0.06432575147019025,0.19433138126187674,0.18900957181301972,0.3868184124547916,-0.05,True,True,,,0.25657914390626924
dirichlet_52,0.4197187989821001,0.11565935475810692,0.3452402786471423,0.004241106318229782,0.11514046129442086,Fair,"alpha=0.0,eps=0.1",OK,0.7532543386520028,0.0,0.23337032418393072,0.0,0.013375337164066596,0.38407298362371806,0.37348712934122896,0.42411165319631394,-0.1,True,True,,,0.5129522817406889
dirichlet_52,0.4197187989821001,0.11565935475810692,0.3452402786471423,0.004241106318229782,0.11514046129442086,Fair,"alpha=0.5,eps=0.01",OK,0.42039719450741175,0.11611055893627543,0.3453107515573327,0.003997519402467186,0.11418397559651292,0.0012817845396412987,0.0012985545688689918,0.34784731355908005,-0.0009594214410240259,True,True,,,1.0004473972112282
dirichlet_52,0.4197187989821001,0.11565935475810692,0.3452402786471423,0.004241106318229782,0.11514046129442086,Fair,"alpha=0.5,eps=0.02",OK,0.42107559014941515,0.11656176331932291,0.34538122422149253,0.003753932222195207,0.11322749008757428,0.0025635691088909747,0.0025971091690263556,0.34812786081576275,-0.0019188427020959996,True,True,,,1.414846277576982
dirichlet_52,0.4197187989821001,0.11565935475810692,0.3452402786471423,0.004241106318229782,0.11514046129442086,Fair,"alpha=0.5,eps=0.05",OK,0.42311077661994606,0.11791537655500131,0.3455926426427447,0.0030231709947978708,0.11035803318751015,0.006408922848571287,0.006492773008662578,0.34896950251873493,-0.004797106848838169,True,True,,,2.2370683880770397
dirichlet_52,0.4197187989821001,0.11565935475810692,0.3452402786471423,0.004241106318229782,0.11514046129442086,Fair,"alpha=0.5,eps=0.1",OK,0.4265027549747549,0.12017139702297261,0.3459450066343769,0.0018052358290500457,0.10557560553884555,0.012817845236669923,0.012985545531714984,0.3503722388916374,-0.009594213233104314,True,True,,,3.163692454374668
dirichlet_52,0.4197187989821001,0.11565935475810692,0.3452402786471423,0.004241106318229782,0.11514046129442086,Fair,"alpha=1.0,eps=0.01",OK,0.4200563836122291,0.1158864922689379,0.3452797921203577,0.00412310077595208,0.11465423122252325,0.0006461123251549636,0.0006545734007878924,0.3477072910598547,-0.0004875504490932569,True,True,,,-23.02360145026797
dirichlet_52,0.4197187989821001,0.11565935475810692,0.3452402786471423,0.004241106318229782,0.11514046129442086,Fair,"alpha=1.0,eps=0.02",OK,0.42039396783387234,0.11611363029025365,0.3453193056665134,0.00400509460668496,0.1141680016026756,0.0012922243951252839,0.0013091465689991616,0.34784781577318363,-0.000975100472102773,True,True,,,-19.557865547468246
dirichlet_52,0.4197187989821001,0.11565935475810692,0.3452402786471423,0.004241106318229782,0.11514046129442086,Fair,"alpha=1.0,eps=0.05",OK,0.4214067205007059,0.11679504416326687,0.34543784538591504,0.0036510781710844937,0.11270931177902772,0.003230560829771545,0.0032728662261326293,0.34826938947499647,-0.00243775142377057,True,True,,,-14.976411888097472
dirichlet_52,0.4197187989821001,0.11565935475810692,0.3452402786471423,0.004241106318229782,0.11514046129442086,Fair,"alpha=1.0,eps=0.1",OK,0.42309464257224844,0.11793073191024384,0.3456354131638341,0.00306104977118474,0.11027816258248886,0.006461121235277649,0.00654573203625962,0.34897201304079795,-0.004875502540700497,True,True,,,-11.510675985297745
dirichlet_52,0.4197187989821001,0.11565935475810692,0.3452402786471423,0.004241106318229782,0.11514046129442086,Fair,"alpha=2.0,eps=0.01",OK,0.41988716497964823,0.11577328586390546,0.345261105825709,0.004183080709082235,0.11489536262165503,0.00032434781959250514,0.00032859520478166574,0.3476370805002231,-0.0002457210363875638,True,True,,,-499.8872199961882
dirichlet_52,0.4197187989821001,0.11565935475810692,0.3452402786471423,0.004241106318229782,0.11514046129442086,Fair,"alpha=2.0,eps=0.02",OK,0.42005553098709597,0.11588721700354451,0.3452819329824705,0.004125055104476577,0.11465026392241243,0.0006486956740056062,0.0006571904442679412,0.3477073946873139,-0.0004914420988763029,True,True,,,-249.9436099980941
dirichlet_52,0.4197187989821001,0.11565935475810692,0.3452402786471423,0.004241106318229782,0.11514046129442086,Fair,"alpha=2.0,eps=0.05",OK,0.42056062897368524,0.11622901028958545,0.3453444145378936,0.003950978273820197,0.11391496792501547,0.0016217391046738504,0.0016429760305854636,0.3479183372548324,-0.0012286051874241886,True,True,,,-99.97744399923764
dirichlet_52,0.4197187989821001,0.11565935475810692,0.3452402786471423,0.004241106318229782,0.11514046129442086,Fair,"alpha=2.0,eps=0.1",OK,0.4214024589587554,0.1167986653622471,0.3454485505604573,0.0036608503508174257,0.11268947476772272,0.003243477871258945,0.0032859517164728863,0.3482699081994515,-0.0024572101596751048,True,True,,,-49.98872199961882
dirichlet_53,0.046305319780660235,0.5006592653010226,0.08091385096812512,0.04929324295269622,0.32282832099749575,Avg,rho=0.0,OK,0.0,0.9999999999999991,9.771439458703633e-17,1.2861892779956658e-16,5.551115123125781e-16,0.6038876980756026,0.5984669116730629,0.5092901299427588,-0.32321427072517744,True,True,,,
dirichlet_53,0.046305319780660235,0.5006592653010226,0.08091385096812512,0.04929324295269622,0.32282832099749575,Avg,rho=0.1,OK,6.20633538311818e-17,0.9999999999999996,0.0,0.0,3.330669073875468e-16,0.6038876980756032,0.5984669116730634,0.5092901299427589,-0.32321427072517767,True,True,,,
dirichlet_53,0.046305319780660235,0.5006592653010226,0.08091385096812512,0.04929324295269622,0.32282832099749575,Avg,rho=0.2,OK,0.0,0.8200163030480664,0.0,1.1022911715824248e-16,0.17998369695193356,0.36539644483295053,0.36015314856384967,0.47650641872252114,-0.1439374836084943,True,True,,,
dirichlet_53,0.046305319780660235,0.5006592653010226,0.08091385096812512,0.04929324295269622,0.32282832099749575,Avg,rho=0.5,OK,2.9630099711151454e-18,0.6828664588846094,0.0,0.0,0.3171335411153906,0.21060139987850748,0.20560809148984344,0.4515248178269901,-0.07615095311927128,True,True,,,
dirichlet_53,0.046305319780660235,0.5006592653010226,0.08091385096812512,0.04929324295269622,0.32282832099749575,Cert,,FLOOR_COLLAPSED,0.04630531978066024,0.5006592653010227,0.08091385096812513,0.049293242952696235,0.3228283209974958,1.2586013583571652e-16,1.2752693674506927e-16,0.37674290425301327,1.5413959291792242e-17,False,True,1.5413959291792242e-17,-0.0,
dirichlet_53,0.046305319780660235,0.5006592653010226,0.08091385096812512,0.04929324295269622,0.32282832099749575,MaxMin,c=0.0,INFEASIBLE_BALL_MISSES_SIMPLEX,,,,,,,,,,False,False,,,
dirichlet_53,0.046305319780660235,0.5006592653010226,0.08091385096812512,0.04929324295269622,0.32282832099749575,MaxMin,c=0.1,INFEASIBLE_BALL_MISSES_SIMPLEX,,,,,,,,,,False,False,,,
dirichlet_53,0.046305319780660235,0.5006592653010226,0.08091385096812512,0.04929324295269622,0.32282832099749575,MaxMin,c=0.25,INFEASIBLE_BALL_MISSES_SIMPLEX,,,,,,,,,,False,False,,,
dirichlet_53,0.046305319780660235,0.5006592653010226,0.08091385096812512,0.04929324295269622,0.32282832099749575,MaxMin,c=0.5,INFEASIBLE_BALL_MISSES_SIMPLEX,,,,,,,,,,False,False,,,
dirichlet_53,0.046305319780660235,0.5006592653010226,0.08091385096812512,0.04929324295269622,0.32282832099749575,MaxMin,c=0.75,OK,0.015859184457774546,0.6093641449997463,0.05270056409836975,0.023883162526106616,0.2981929439180026,0.12162352393161101,0.11907685137101241,0.4165884055763433,-0.025459719602250686,True,True,-0.025459719602250686,,
dirichlet_53,0.046305319780660235,0.5006592653010226,0.08091385096812512,0.04929324295269622,0.32282832099749575,MaxMin,c=0.9,OK,0.03474375154642743,0.5419386878189341,0.07020018114443856,0.03964405839860444,0.3134733210915955,0.04618512845425862,0.04521805896358742,0.39187377316269156,-0.009668034457713654,True,True,-0.009668034457713654,,
dirichlet_53,0.046305319780660235,0.5006592653010226,0.08091385096812512,0.04929324295269622,0.32282832099749575,MaxMin,c=0.95,OK,0.04059463840512957,0.5210486817356993,0.07562197762653494,0.04452715781565103,0.3182075444169851,0.022812524005981667,0.022334853017294508,0.38421659376705786,-0.004775395793814541,True,True,-0.004775395793814541,,
dirichlet_53,0.046305319780660235,0.5006592653010226,0.08091385096812512,0.04929324295269622,0.32282832099749575,MaxMin,c=1.0,OK,0.04630531978066024,0.5006592653010227,0.08091385096812513,0.049293242952696235,0.3228283209974958,1.2586013583571652e-16,1.2752693674506927e-16,0.37674290425301327,1.5413959291792242e-17,False,True,1.5413959291792242e-17,,
dirichlet_53,0.046305319780660235,0.5006592653010226,0.08091385096812512,0.04929324295269622,0.32282832099749575,Fair,"alpha=0.0,eps=0.01",OK,0.08963888370191114,0.4885814380683693,0.0693971960657798,0.039424897530019154,0.3129575846339207,0.04848835623795828,0.04735254731858162,0.3691389393354014,-0.009999999999999988,True,True,,,0.05174427244510352
dirichlet_53,0.046305319780660235,0.5006592653010226,0.08091385096812512,0.04929324295269622,0.32282832099749575,Fair,"alpha=0.0,eps=0.02",OK,0.13297244762316204,0.4765036108357159,0.05788054116343448,0.029556552107342073,0.30308684827034554,0.0969767124759166,0.0947050946371633,0.36153497441778953,-0.019999999999999993,True,True,,,0.10348854489020703
dirichlet_53,0.046305319780660235,0.5006592653010226,0.08091385096812512,0.04929324295269622,0.32282832099749575,Fair,"alpha=0.0,eps=0.05",OK,0.26292215588094797,0.44027250872751705,0.023332266849200634,0.0,0.2734730685423344,0.24238567950049722,0.23670702832369656,0.3387231155834157,-0.049999999999999996,True,True,,,0.2587190592936423
dirichlet_53,0.046305319780660235,0.5006592653010226,0.08091385096812512,0.04929324295269622,0.32282832099749575,Fair,"alpha=0.0,eps=0.1",OK,0.3942135550246783,0.3830393467542656,0.0,0.0,0.2227470982210561,0.3922597501927334,0.38255191164655905,0.3017672422889612,-0.09999999999999996,True,True,,,0.5142223714530917
dirichlet_53,0.046305319780660235,0.5006592653010226,0.08091385096812512,0.04929324295269622,0.32282832099749575,Fair,"alpha=0.5,eps=0.01",OK,0.04698371547346795,0.5011104696272711,0.08098432358129187,0.04904965588830457,0.32187183542966463,0.001281784595265599,0.0012985546214939764,0.37670772384935564,-0.0009594213152180175,True,True,,,1.0004473972112282
dirichlet_53,0.046305319780660235,0.5006592653010226,0.08091385096812512,0.04929324295269622,0.32282832099749575,Fair,"alpha=0.5,eps=0.02",OK,0.04766211099372398,0.5015616738833676,0.08105479637613895,0.04880606901890786,0.32091534972786173,0.0025635691474163833,0.002597109199866158,0.37667254338482814,-0.0019188427580769138,True,True,,,1.4148462775769817
dirichlet_53,0.046305319780660235,0.5006592653010226,0.08091385096812512,0.04929324295269622,0.32282832099749575,Fair,"alpha=0.5,eps=0.05",OK,0.0496972975798911,0.5029152867270671,0.08126621463048726,0.04807530809112434,0.31804589297143027,0.006408922637021693,0.006492772771824687,0.3765670021088937,-0.00479710675001012,True,True,,,2.2370683880770397
dirichlet_53,0.046305319780660235,0.5006592653010226,0.08091385096812512,0.04929324295269622,0.32282832099749575,Fair,"alpha=0.5,eps=0.1",OK,0.053089275467981284,0.5051713088221491,0.08161857825032919,0.04685737249718002,0.3132634649623605,0.012817845680740509,0.012985545975535022,0.3763911002608228,-0.009594213508984364,True,True,,,3.163692454374668
dirichlet_53,0.046305319780660235,0.5006592653010226,0.08091385096812512,0.04929324295269622,0.32282832099749575,Fair,"alpha=1.0,eps=0.01",OK,0.046642904306703606,0.5008864030652302,0.08095336432349015,0.049175237235640455,0.3223420910689356,0.0006461122766910391,0.0006545733565116726,0.3767240746805655,-0.00048755031255638047,True,True,,,-23.02360145026797
dirichlet_53,0.046305319780660235,0.5006592653010226,0.08091385096812512,0.04929324295269622,0.32282832099749575,Fair,"alpha=1.0,eps=0.02",OK,0.04698048855392973,0.501113540764605,0.08099287787897706,0.049057231649059355,0.32185586115342874,0.0012922243634978074,0.001309146524534879,0.37670524508619535,-0.0009751006090513839,True,True,,,-19.557865547468246
dirichlet_53,0.046305319780660235,0.5006592653010226,0.08091385096812512,0.04929324295269622,0.32282832099749575,Fair,"alpha=1.0,eps=0.05",OK,0.047993242544691894,0.5017949535859311,0.08111141747742133,0.048703214601514735,0.3203971717904411,0.0032305608778617225,0.003272866255289613,0.3766487562604209,-0.002437751118957176,True,True,,,-14.97641188809747
dirichlet_53,0.046305319780660235,0.5006592653010226,0.08091385096812512,0.04929324295269622,0.32282832099749575,Fair,"alpha=1.0,eps=0.1",OK,0.04968116390911982,0.5029306426253023,0.0813089852119952,0.04811318625660431,0.3179660219969785,0.006461121804764911,0.006545732605170609,0.3765546084706606,-0.0048755028307476194,True,True,,,-11.510675985297745
dirichlet_53,0.046305319780660235,0.5006592653010226,0.08091385096812512,0.04929324295269622,0.32282832099749575,Fair,"alpha=2.0,eps=0.01",OK,0.046473685804270484,0.5007731963996015,0.0809346781659568,0.049235217307200575,0.3225832223229707,0.00032434783965423704,0.0003285952260986277,0.37673317323111555,-0.00024572103942433556,True,True,,,-499.8872199961882
dirichlet_53,0.046305319780660235,0.5006592653010226,0.08091385096812512,0.04929324295269622,0.32282832099749575,Fair,"alpha=2.0,eps=0.02",OK,0.04664205193873806,0.5008871274100315,0.08095550519514604,0.04917719174360196,0.32233812371248255,0.0006486956320193773,0.0006571903970745306,0.3767234421828518,-0.0004914420111637321,True,True,,,-249.9436099980941
dirichlet_53,0.046305319780660235,0.5006592653010226,0.08091385096812512,0.04929324295269622,0.32282832099749575,Fair,"alpha=2.0,eps=0.05",OK,0.04714714975757204,0.5012289208319036,0.08101798685978365,0.049003114913303246,0.32160282763743747,0.0016217390889446993,0.0016429760147287649,0.37669424915822874,-0.0012286051779864177,True,True,,,-99.97744399923764
dirichlet_53,0.046305319780660235,0.5006592653010226,0.08091385096812512,0.04929324295269622,0.32282832099749575,Fair,"alpha=2.0,eps=0.1",OK,0.04798897942763719,0.501798576204976,0.0811221230727301,0.04871298668311701,0.3203773346115398,0.003243477765425557,0.003285951626703435,0.3766455940862674,-0.0024572100321300348,True,True,,,-49.98872199961882
dirichlet_54,0.04800565314749985,0.04463260941610649,0.3058828529863052,0.34628989991184317,0.2551889845382452,Avg,rho=0.0,OK,0.0,0.0,6.938893903907228e-17,1.0,0.0,0.7683223575397108,0.756086081193034,0.36309444166387167,-0.29947002512696347,True,True,,,
dirichlet_54,0.04800565314749985,0.04463260941610649,0.3058828529863052,0.34628989991184317,0.2551889845382452,Avg,rho=0.1,OK,0.0,9.06738597443485e-17,0.33643682097814764,0.6208039517881215,0.04275922723373063,0.35456244017583466,0.34747916255201083,0.34332767589896845,-0.20198995035012973,True,True,,,
dirichlet_54,0.04800565314749985,0.04463260941610649,0.3058828529863052,0.34628989991184317,0.2551889845382452,Avg,rho=0.2,OK,0.0,0.0,0.33804670518469104,0.4983742633241761,0.16357903149113284,0.19197177666906423,0.18850602264322117,0.33196670964600505,-0.08605357434673047,True,True,,,
dirichlet_54,0.04800565314749985,0.04463260941610649,0.3058828529863052,0.34628989991184317,0.2551889845382452,Avg,rho=0.5,OK,0.0,8.239871857223465e-17,0.3390126448685033,0.4249164261380715,0.23607092899342505,0.10927866370790382,0.10805779674706763,0.3251501280685526,-0.04812320102971973,True,True,,,
dirichlet_54,0.04800565314749985,0.04463260941610649,0.3058828529863052,0.34628989991184317,0.2551889845382452,Cert,,FLOOR_COLLAPSED,0.04800565314749986,0.0446326094161065,0.30588285298630524,0.3462898999118432,0.25518898453824523,9.739201700399851e-17,1.0006656363546927e-16,0.2978550455015827,1.143009788591189e-17,False,True,1.143009788591189e-17,-0.0,
dirichlet_54,0.04800565314749985,0.04463260941610649,0.3058828529863052,0.34628989991184317,0.2551889845382452,MaxMin,c=0.0,INFEASIBLE_BALL_MISSES_SIMPLEX,,,,,,,,,,False,False,,,
dirichlet_54,0.04800565314749985,0.04463260941610649,0.3058828529863052,0.34628989991184317,0.2551889845382452,MaxMin,c=0.1,INFEASIBLE_BALL_MISSES_SIMPLEX,,,,,,,,,,False,False,,,
dirichlet_54,0.04800565314749985,0.04463260941610649,0.3058828529863052,0.34628989991184317,0.2551889845382452,MaxMin,c=0.25,INFEASIBLE_BALL_MISSES_SIMPLEX,,,,,,,,,,False,False,,,
dirichlet_54,0.04800565314749985,0.04463260941610649,0.3058828529863052,0.34628989991184317,0.2551889845382452,MaxMin,c=0.5,INFEASIBLE_BALL_MISSES_SIMPLEX,,,,,,,,,,False,False,,,
dirichlet_54,0.04800565314749985,0.04463260941610649,0.3058828529863052,0.34628989991184317,0.2551889845382452,MaxMin,c=0.75,OK,0.014181647709617305,0.010762640988690996,0.3302331310642162,0.41608721307288443,0.22873536716459114,0.09195451562734577,0.09067739454330136,0.3189670001590175,-0.03388622949875384,True,True,-0.03388622949875384,,
dirichlet_54,0.04800565314749985,0.04463260941610649,0.3058828529863052,0.34628989991184317,0.2551889845382452,MaxMin,c=0.9,OK,0.036373375554800254,0.032835691877020276,0.3019325872691331,0.38723588842839857,0.2416224568706477,0.04637570908576451,0.04582385045641239,0.30615471408559386,-0.012066646510859386,True,True,-0.012066646510859386,,
dirichlet_54,0.04800565314749985,0.04463260941610649,0.3058828529863052,0.34628989991184317,0.2551889845382452,MaxMin,c=0.95,OK,0.042698351986989076,0.03921145136986907,0.30037607489808005,0.36900607689958537,0.24870804484547648,0.02541472567869528,0.02514278947873805,0.3018541162090541,-0.0056376994112760925,True,True,-0.0056376994112760925,,
dirichlet_54,0.04800565314749985,0.04463260941610649,0.3058828529863052,0.34628989991184317,0.2551889845382452,MaxMin,c=1.0,OK,0.04800565314749986,0.0446326094161065,0.30588285298630524,0.3462898999118432,0.25518898453824523,9.739201700399851e-17,1.0006656363546927e-16,0.2978550455015827,1.143009788591189e-17,False,True,1.143009788591189e-17,,
dirichlet_54,0.04800565314749985,0.04463260941610649,0.3058828529863052,0.34628989991184317,0.2551889845382452,Fair,"alpha=0.0,eps=0.01",OK,0.09133921706875076,0.03255478218345314,0.2943661980839599,0.33642155448916616,0.24531824817467007,0.04848835623795829,0.047352547318581635,0.29033906309695207,-0.009999999999999985,True,True,,,0.05174427244510352
dirichlet_54,0.04800565314749985,0.04463260941610649,0.3058828529863052,0.34628989991184317,0.2551889845382452,Fair,"alpha=0.0,eps=0.02",OK,0.13467278099000166,0.020476954950799767,0.2828495431816146,0.32655320906648905,0.23544751181109494,0.0969767124759166,0.0947050946371633,0.2828230806923214,-0.019999999999999993,True,True,,,0.10348854489020703
dirichlet_54,0.04800565314749985,0.04463260941610649,0.3058828529863052,0.34628989991184317,0.2551889845382452,Fair,"alpha=0.0,eps=0.05",OK,0.24876808772812264,0.0,0.24842474442913035,0.29691590947836566,0.2058912583643814,0.22464887255055618,0.2197622192922704,0.2602183655036229,-0.04999999999999998,True,True,,,0.2585743651589454
dirichlet_54,0.04800565314749985,0.04463260941610649,0.3058828529863052,0.34628989991184317,0.2551889845382452,Fair,"alpha=0.0,eps=0.1",OK,0.40447625058672715,0.0,0.19132118629105144,0.24745052858890437,0.15675203453331718,0.40205321362694174,0.3945025743955534,0.2224208821200218,-0.09999999999999995,True,True,,,0.5167323401601541
dirichlet_54,0.04800565314749985,0.04463260941610649,0.3058828529863052,0.34628989991184317,0.2551889845382452,Fair,"alpha=0.5,eps=0.01",OK,0.04868404877508511,0.045083813711377874,0.30595332578613704,0.34604631282993176,0.2542324988974683,0.0012817846178671218,0.0012985546493564158,0.29761161777137063,-0.0009594213893676684,True,True,,,1.0004473972112282
dirichlet_54,0.04800565314749985,0.04463260941610649,0.3058828529863052,0.34628989991184317,0.2551889845382452,Fair,"alpha=0.5,eps=0.02",OK,0.04936244436056358,0.045535017998451395,0.30602379839431904,0.3458027259780548,0.2532760132686111,0.0025635691474163794,0.002597109199866151,0.29736819006363513,-0.0019188427580769708,True,True,,,1.4148462775769817
dirichlet_54,0.04800565314749985,0.04463260941610649,0.3058828529863052,0.34628989991184317,0.2551889845382452,Fair,"alpha=0.5,eps=0.05",OK,0.0513976315641758,0.04688863087921802,0.30623521617763666,0.34507196471066237,0.25040655666830725,0.006408922898994422,0.006492773028444122,0.2966379067804346,-0.004797106602997877,True,True,,,2.2370683880770397
dirichlet_54,0.04800565314749985,0.04463260941610649,0.3058828529863052,0.34628989991184317,0.2551889845382452,Fair,"alpha=0.5,eps=0.1",OK,0.054789609529613856,0.04914465310782768,0.306587579996075,0.34385402877749766,0.24562412858898586,0.012817846158459874,0.01298554646310516,0.2954207679541805,-0.009594213444564166,True,True,,,3.163692454374668
dirichlet_54,0.04800565314749985,0.04463260941610649,0.3058828529863052,0.34628989991184317,0.2551889845382452,Fair,"alpha=1.0,eps=0.01",OK,0.04834323729520965,0.04485974715593489,0.30592236646590815,0.3461718945252257,0.2547027545577217,0.0006461120567984069,0.000654573132182719,0.29773389112750154,-0.0004875503541436081,True,True,,,-23.02360145026797
dirichlet_54,0.04800565314749985,0.04463260941610649,0.3058828529863052,0.34628989991184317,0.2551889845382452,Fair,"alpha=1.0,eps=0.02",OK,0.04868082193119914,0.04508688488645921,0.30596187988767953,0.3460538886079536,0.2542165246867086,0.0012922243764150365,0.0013091465373241452,0.29761273660733134,-0.0009751006164328029,True,True,,,-19.557865547468246
dirichlet_54,0.04800565314749985,0.04463260941610649,0.3058828529863052,0.34628989991184317,0.2551889845382452,Fair,"alpha=1.0,eps=0.05",OK,0.04969357500218312,0.04576829797812257,0.30608042032575183,0.34569987177123396,0.25275783492270854,0.003230560819867397,0.003272866220004273,0.29724927332453804,-0.0024377515241953045,True,True,,,-14.97641188809747
dirichlet_54,0.04800565314749985,0.04463260941610649,0.3058828529863052,0.34628989991184317,0.2551889845382452,Fair,"alpha=1.0,eps=0.1",OK,0.05138149717283582,0.046903986642742986,0.3062779874450313,0.34510984407257694,0.250326684666813,0.006461122228612287,0.0065457330161502545,0.29664350109590937,-0.0048755036685104,True,True,,,-11.510675985297745
dirichlet_54,0.04800565314749985,0.04463260941610649,0.3058828529863052,0.34628989991184317,0.2551889845382452,Fair,"alpha=2.0,eps=0.01",OK,0.048174019147432856,0.044746540519233394,0.30590368016676583,0.3462318743010455,0.25494388586552247,0.00032434782027627253,0.000328595205514934,0.29779461985770556,-0.0002457210364023194,True,True,,,-499.8872199961882
dirichlet_54,0.04800565314749985,0.04463260941610649,0.3058828529863052,0.34628989991184317,0.2551889845382452,Fair,"alpha=2.0,eps=0.02",OK,0.04834238505281169,0.04486047160239643,0.3059245073179423,0.3461738487970215,0.25469878722982814,0.0006486955354945537,0.0006571903023188057,0.2977341942449985,-0.0004914420323031707,True,True,,,-249.9436099980941
dirichlet_54,0.04800565314749985,0.04463260941610649,0.3058828529863052,0.34628989991184317,0.2551889845382452,Fair,"alpha=2.0,eps=0.05",OK,0.04884748313817473,0.04520226494650022,0.3059869888788804,0.34599977187533626,0.2539634911611085,0.0016217391083659157,0.0016429760341479345,0.29755291728216343,-0.0012286051948502115,True,True,,,-99.97744399923764
dirichlet_54,0.04800565314749985,0.04463260941610649,0.3058828529863052,0.34628989991184317,0.2551889845382452,Fair,"alpha=2.0,eps=0.1",OK,0.04968931310656805,0.045771920495535676,0.3060911247788342,0.3457096438240721,0.2527379977949899,0.003243478206501686,0.003285952058844875,0.29725078906231744,-0.002457210379357476,True,True,,,-49.98872199961882
dirichlet_55,0.07107121919315311,0.3110287292980961,0.28301481836151343,0.09505843778577602,0.23982679536146123,Avg,rho=0.0,OK,2.381889163545342e-16,0.9999999999999992,0.0,0.0,3.4625280942084016e-16,0.7914435645262503,0.7776865227878773,0.330541718862149,-0.25827147420525215,True,True,,,
dirichlet_55,0.07107121919315311,0.3110287292980961,0.28301481836151343,0.09505843778577602,0.23982679536146123,Avg,rho=0.1,OK,0.0,0.5583339881837607,0.37913088949001794,0.0,0.06253512232622128,0.34046696215814126,0.3395468372684241,0.314381419717447,-0.18058485369315108,True,True,,,
dirichlet_55,0.07107121919315311,0.3110287292980961,0.28301481836151343,0.09505843778577602,0.23982679536146123,Avg,rho=0.2,OK,8.236728306306259e-18,0.4624312288575099,0.3584062078457534,0.0,0.17916256329673672,0.21534612215008397,0.21296892837186907,0.3050565813836337,-0.0946972246487385,True,True,,,
dirichlet_55,0.07107121919315311,0.3110287292980961,0.28301481836151343,0.09505843778577602,0.23982679536146123,Avg,rho=0.5,OK,3.573074859696183e-19,0.4048888580695465,0.345971549735032,0.0,0.24913959219542153,0.16415610489706045,0.16054125660677074,0.2994616260813143,-0.0931042747718015,True,True,,,
dirichlet_55,0.07107121919315311,0.3110287292980961,0.28301481836151343,0.09505843778577602,0.23982679536146123,Cert,,FLOOR_COLLAPSED,0.07107121919315312,0.31102872929809616,0.2830148183615135,0.09505843778577604,0.23982679536146126,8.554842949272357e-17,8.873475277676138e-17,0.26587976545019887,1.7082348726370748e-17,False,True,1.7082348726370748e-17,-0.0,
dirichlet_55,0.07107121919315311,0.3110287292980961,0.28301481836151343,0.09505843778577602,0.23982679536146123,MaxMin,c=0.0,INFEASIBLE_BALL_MISSES_SIMPLEX,,,,,,,,,,False,False,,,
dirichlet_55,0.07107121919315311,0.3110287292980961,0.28301481836151343,0.09505843778577602,0.23982679536146123,MaxMin,c=0.1,INFEASIBLE_BALL_MISSES_SIMPLEX,,,,,,,,,,False,False,,,
dirichlet_55,0.07107121919315311,0.3110287292980961,0.28301481836151343,0.09505843778577602,0.23982679536146123,MaxMin,c=0.25,OK,3.8857805861880484e-16,0.4028595405470064,0.3467455049627803,0.0018455738466267165,0.24854938064358625,0.1622046177044456,0.15862002017281787,0.2990933705027146,-0.09130422192263095,True,True,-0.09130422192263095,,
dirichlet_55,0.07107121919315311,0.3110287292980961,0.28301481836151343,0.09505843778577602,0.23982679536146123,MaxMin,c=0.5,OK,0.01683675946667487,0.3843842596582434,0.32710800050434174,0.04635524897840594,0.22531573139233418,0.11335427096163847,0.11099519171504646,0.28833888023136844,-0.048110711864245974,True,True,-0.048110711864245974,,
dirichlet_55,0.07107121919315311,0.3110287292980961,0.28301481836151343,0.09505843778577602,0.23982679536146123,MaxMin,c=0.75,OK,0.0458347787551072,0.3596694228585938,0.3019457620759852,0.07349890660811621,0.21905112970219748,0.06525041987708415,0.06428956699067669,0.2773314563191187,-0.021620131491254076,True,True,-0.021620131491254076,,
dirichlet_55,0.07107121919315311,0.3110287292980961,0.28301481836151343,0.09505843778577602,0.23982679536146123,MaxMin,c=0.9,OK,0.061594436533557756,0.3386645711780518,0.2805606693459283,0.08707481811991796,0.23210550482254422,0.031351690926284405,0.030746926064029966,0.2704226176363356,-0.008001979666005011,True,True,-0.008001979666005011,,
dirichlet_55,0.07107121919315311,0.3110287292980961,0.28301481836151343,0.09505843778577602,0.23982679536146123,MaxMin,c=0.95,OK,0.06654747397436392,0.3271803089511802,0.27882283405119457,0.09128295926872326,0.2361664237545381,0.01807105660679237,0.017692667110140232,0.2681248957851874,-0.003782854001040488,True,True,-0.003782854001040488,,
dirichlet_55,0.07107121919315311,0.3110287292980961,0.28301481836151343,0.09505843778577602,0.23982679536146123,MaxMin,c=1.0,OK,0.07107121919315312,0.31102872929809616,0.2830148183615135,0.09505843778577604,0.23982679536146126,8.554842949272357e-17,8.873475277676138e-17,0.26587976545019887,1.7082348726370748e-17,False,True,1.7082348726370748e-17,,
dirichlet_55,0.07107121919315311,0.3110287292980961,0.28301481836151343,0.09505843778577602,0.23982679536146123,Fair,"alpha=0.0,eps=0.01",OK,0.11440478311440402,0.2989509020654428,0.27149816345916816,0.08519009236309896,0.22995605899788615,0.048488356237958295,0.047352547318581635,0.2595572939791351,-0.00999999999999998,True,True,,,0.05174427244510352
dirichlet_55,0.07107121919315311,0.3110287292980961,0.28301481836151343,0.09505843778577602,0.23982679536146123,Fair,"alpha=0.0,eps=0.02",OK,0.15773834703565492,0.28687307483278945,0.25998150855682284,0.07532174694042189,0.22008532263431102,0.0969767124759166,0.09470509463716328,0.2532348225080712,-0.019999999999999976,True,True,,,0.10348854489020703
dirichlet_55,0.07107121919315311,0.3110287292980961,0.28301481836151343,0.09505843778577602,0.23982679536146123,Fair,"alpha=0.0,eps=0.05",OK,0.2877390387994076,0.2506395931348293,0.22543154384978684,0.045716710672390644,0.19047311354358556,0.24244178118979157,0.23676273659290825,0.23426740809487975,-0.05000000000000001,True,True,,,0.25872136222551756
dirichlet_55,0.07107121919315311,0.3110287292980961,0.28301481836151343,0.09505843778577602,0.23982679536146123,Fair,"alpha=0.0,eps=0.1",OK,0.5005949733545001,0.19042837181807667,0.1679746549784904,0.0,0.14100199984893275,0.48069926940523183,0.4693705302301483,0.20272838068607915,-0.1,True,True,,,0.5172705410865812
dirichlet_55,0.07107121919315311,0.3110287292980961,0.28301481836151343,0.09505843778577602,0.23982679536146123,Fair,"alpha=0.5,eps=0.01",OK,0.07174961477414896,0.3114799336457023,0.28308529111195124,0.09481485072319476,0.2388703097450028,0.0012817845870958635,0.001298554617530326,0.2658609416966274,-0.0009594213644392011,True,True,,,1.0004473972112282
dirichlet_55,0.07107121919315311,0.3110287292980961,0.28301481836151343,0.09505843778577602,0.23982679536146123,Fair,"alpha=0.5,eps=0.02",OK,0.07242801045996253,0.31193113791522625,0.28315576388723496,0.09457126366812413,0.23791382406945205,0.0025635692462157404,0.002597109306567572,0.2658421179225115,-0.0019188427871966345,True,True,,,1.414846277576982
dirichlet_55,0.07107121919315311,0.3110287292980961,0.28301481836151343,0.09505843778577602,0.23982679536146123,Fair,"alpha=0.5,eps=0.05",OK,0.07446319677865047,0.31328475076773993,0.2833671821458272,0.0938405025263506,0.23504436778143192,0.006408922288722415,0.006492772435159919,0.26578564669808097,-0.004797106321179861,True,True,,,2.2370683880770397
dirichlet_55,0.07107121919315311,0.3110287292980961,0.28301481836151343,0.09505843778577602,0.23982679536146123,Fair,"alpha=0.5,eps=0.1",OK,0.07785517501382838,0.3155407713795557,0.28371954529499244,0.0926225672793087,0.2302619410323148,0.012817843962015445,0.01298554422174981,0.26569152774672794,-0.009594211809882298,True,True,,,3.163692454374668
dirichlet_55,0.07107121919315311,0.3110287292980961,0.28301481836151343,0.09505843778577602,0.23982679536146123,Fair,"alpha=1.0,eps=0.01",OK,0.07140880353781773,0.3112558670646976,0.2830543317301473,0.09494043222557019,0.23934056544176704,0.0006461121482571418,0.0006545732248589293,0.26587045485822597,-0.0004875502987466869,True,True,,,-23.02360145026797
dirichlet_55,0.07107121919315311,0.3110287292980961,0.28301481836151343,0.09505843778577602,0.23982679536146123,Fair,"alpha=1.0,eps=0.02",OK,0.07174638807364926,0.31148300494704867,0.2830938451028715,0.09482242627706532,0.23885433559936534,0.0012922244500901858,0.0013091466137826943,0.2658611443005493,-0.0009751005338334806,True,True,,,-19.557865547468246
dirichlet_55,0.07107121919315311,0.3110287292980961,0.28301481836151343,0.09505843778577602,0.23982679536146123,Fair,"alpha=1.0,eps=0.05",OK,0.07275914132733187,0.3121644179169005,0.28321238558622336,0.09446840960762572,0.23739564556191844,0.0032305611241764728,0.003272866523437553,0.2658332124863855,-0.0024377517074851713,True,True,,,-14.97641188809747
dirichlet_55,0.07107121919315311,0.3110287292980961,0.28301481836151343,0.09505843778577602,0.23982679536146123,Fair,"alpha=1.0,eps=0.1",OK,0.07444706313061401,0.31330010665081265,0.283409952841206,0.09387838120806231,0.23496449616930512,0.006461121851986266,0.006545732656967716,0.26578665960803255,-0.004875503018832634,True,True,,,-11.510675985297745
dirichlet_55,0.07107121919315311,0.3110287292980961,0.28301481836151343,0.09505843778577602,0.23982679536146123,Fair,"alpha=2.0,eps=0.01",OK,0.07123958518972229,0.3111426604038594,0.28303564553955707,0.09500041217783088,0.2395816966890304,0.0003243478185701293,0.000328595203716025,0.2658751329078183,-0.0002457210360121807,True,True,,,-499.8872199961882
dirichlet_55,0.07107121919315311,0.3110287292980961,0.28301481836151343,0.09505843778577602,0.23982679536146123,Fair,"alpha=2.0,eps=0.02",OK,0.07140795118691115,0.3112565915152034,0.28305647271445716,0.0949423865689551,0.2393365980144733,0.0006486956409936093,0.0006571904113110312,0.26587050036577087,-0.0004914420741628963,True,True,,,-249.94360999809413
dirichlet_55,0.07107121919315311,0.3110287292980961,0.28301481836151343,0.09505843778577602,0.23982679536146123,Fair,"alpha=2.0,eps=0.05",OK,0.07191304918027167,0.3115983848279537,0.2831189542528859,0.09476830974349178,0.238601301995397,0.0016217390989207974,0.0016429760247664623,0.2658566027381974,-0.0012286051840370382,True,True,,,-99.97744399923764
dirichlet_55,0.07107121919315311,0.3110287292980961,0.28301481836151343,0.09505843778577602,0.23982679536146123,Fair,"alpha=2.0,eps=0.1",OK,0.07275487928171283,0.3121680404173166,0.28322309004298857,0.09447818166421335,0.23737580859376872,0.003243478305077375,0.0032859521559135676,0.2658334400147064,-0.0024572104040935577,True,True,,,-49.98872199961882
dirichlet_56,0.35609128941725726,0.0718600273865948,0.03449816514334763,0.2612003945955987,0.2763501234572015,Avg,rho=0.0,OK,0.9999999999999993,0.0,1.2490009027033004e-16,0.0,4.163336342344334e-16,0.7520421872277486,0.7461064385459948,0.3685015616414241,-0.2823491860017336,True,True,,,
dirichlet_56,0.35609128941725726,0.0718600273865948,0.03449816514334763,0.2612003945955987,0.2763501234572015,Avg,rho=0.1,OK,0.6761515777841546,0.0,3.0864398290289003e-17,0.127265819821629,0.19658260239421657,0.364820370676007,0.35905637626244097,0.34167831043840274,-0.1340355746865799,True,True,,,
dirichlet_56,0.35609128941725726,0.0718600273865948,0.03449816514334763,0.2612003945955987,0.2763501234572015,Avg,rho=0.2,OK,0.5359647970389586,1.2246825867876301e-16,0.0,0.21121310768860702,0.2528220952724343,0.20435450237511082,0.19907598258692782,0.32977294586206013,-0.06274088860087902,True,True,,,
dirichlet_56,0.35609128941725726,0.0718600273865948,0.03449816514334763,0.2612003945955987,0.2763501234572015,Avg,rho=0.5,OK,0.45185270887968737,1.2298918394132441e-17,0.0,0.26158179566902345,0.28656549545128923,0.12501494184086848,0.12095441882688399,0.32262972234866366,-0.06715567909731854,True,True,,,
dirichlet_56,0.35609128941725726,0.0718600273865948,0.03449816514334763,0.2612003945955987,0.2763501234572015,Cert,,FLOOR_COLLAPSED,0.3560912894172573,0.07186002738659482,0.03449816514334764,0.26120039459559874,0.27635012345720156,9.739201700399851e-17,1.0031626538582054e-16,0.29367794092263777,1.1339234639062323e-17,False,True,1.1339234639062323e-17,-0.0,
dirichlet_56,0.35609128941725726,0.0718600273865948,0.03449816514334763,0.2612003945955987,0.2763501234572015,MaxMin,c=0.0,INFEASIBLE_BALL_MISSES_SIMPLEX,,,,,,,,,,False,False,,,
dirichlet_56,0.35609128941725726,0.0718600273865948,0.03449816514334763,0.2612003945955987,0.2763501234572015,MaxMin,c=0.1,INFEASIBLE_BALL_MISSES_SIMPLEX,,,,,,,,,,False,False,,,
dirichlet_56,0.35609128941725726,0.0718600273865948,0.03449816514334763,0.2612003945955987,0.2763501234572015,MaxMin,c=0.25,INFEASIBLE_BALL_MISSES_SIMPLEX,,,,,,,,,,False,False,,,
dirichlet_56,0.35609128941725726,0.0718600273865948,0.03449816514334763,0.2612003945955987,0.2763501234572015,MaxMin,c=0.5,INFEASIBLE_BALL_MISSES_SIMPLEX,,,,,,,,,,False,False,,,
dirichlet_56,0.35609128941725726,0.0718600273865948,0.03449816514334763,0.2612003945955987,0.2763501234572015,MaxMin,c=0.75,OK,0.4371099716353048,0.03829387813872474,0.002037379024417828,0.2499459480897283,0.2726128231118244,0.0942605212120282,0.09142587049088824,0.3139270665905286,-0.02997693204968362,True,True,-0.02997693204968362,,
dirichlet_56,0.35609128941725726,0.0718600273865948,0.03449816514334763,0.2612003945955987,0.2763501234572015,MaxMin,c=0.9,OK,0.39783111416908634,0.06022640332119464,0.023405074387536338,0.251694991133248,0.2668424169889348,0.04670503205216667,0.04561099636812969,0.3017937424112912,-0.009632215994899928,True,True,-0.009632215994899928,,
dirichlet_56,0.35609128941725726,0.0718600273865948,0.03449816514334763,0.2612003945955987,0.2763501234572015,MaxMin,c=0.95,OK,0.37580961784998895,0.06636418207463211,0.029257673402960063,0.2567099428874122,0.2718585837850068,0.022063944133486675,0.02154711026886859,0.2975119301691093,-0.004550359270833429,True,True,-0.004550359270833429,,
dirichlet_56,0.35609128941725726,0.0718600273865948,0.03449816514334763,0.2612003945955987,0.2763501234572015,MaxMin,c=1.0,OK,0.3560912894172573,0.07186002738659482,0.03449816514334764,0.26120039459559874,0.27635012345720156,9.739201700399851e-17,1.0031626538582054e-16,0.29367794092263777,1.1339234639062323e-17,False,True,1.1339234639062323e-17,,
dirichlet_56,0.35609128941725726,0.0718600273865948,0.03449816514334763,0.2612003945955987,0.2763501234572015,Fair,"alpha=0.0,eps=0.01",OK,0.3994248533385082,0.059782200153941444,0.022981510241002312,0.2513320491729217,0.26647938709362645,0.048488356237958316,0.04735254731858165,0.30210362561757254,-0.009999999999999993,True,True,,,0.05174427244510352
dirichlet_56,0.35609128941725726,0.0718600273865948,0.03449816514334763,0.2612003945955987,0.2763501234572015,Fair,"alpha=0.0,eps=0.02",OK,0.4427584172597591,0.04770437292128808,0.011464855338656989,0.24146370375024456,0.2566086507300513,0.09697671247591666,0.09470509463716335,0.3105293103125073,-0.019999999999999993,True,True,,,0.10348854489020703
dirichlet_56,0.35609128941725726,0.0718600273865948,0.03449816514334763,0.2612003945955987,0.2763501234572015,Fair,"alpha=0.0,eps=0.05",OK,0.5490320040967828,0.011990095765718835,0.0,0.21181971661302476,0.22715818352447353,0.21646928143262242,0.2117045041097332,0.3285448542297512,-0.05,True,True,,,0.2581026769766645
dirichlet_56,0.35609128941725726,0.0718600273865948,0.03449816514334763,0.2612003945955987,0.2763501234572015,Fair,"alpha=0.0,eps=0.1",OK,0.6593423701519578,0.0,0.0,0.16228499425547968,0.1783726355925625,0.34307295062965143,0.33745891097147196,0.33999640458468205,-0.09999999999999998,True,True,,,0.5148513021800187
dirichlet_56,0.35609128941725726,0.0718600273865948,0.03449816514334763,0.2612003945955987,0.2763501234572015,Fair,"alpha=0.5,eps=0.01",OK,0.35676968519338154,0.07231123146571752,0.03456863795797114,0.2609568071453683,0.2753936382375616,0.0012817843769451153,0.0012985544125510564,0.2936329926802549,-0.0009594209826768834,True,True,,,1.0004473972112282
dirichlet_56,0.35609128941725726,0.0718600273865948,0.03449816514334763,0.2612003945955987,0.2763501234572015,Fair,"alpha=0.5,eps=0.02",OK,0.357448080621867,0.07276243585427868,0.03463911064360389,0.26071322054908863,0.2744371523311619,0.002563569021920538,0.0025971090772709225,0.2935880443732316,-0.001918842619444876,True,True,,,1.414846277576982
dirichlet_56,0.35609128941725726,0.0718600273865948,0.03449816514334763,0.2612003945955987,0.2763501234572015,Fair,"alpha=0.5,eps=0.05",OK,0.3594832686154041,0.07411604819132492,0.03485052939291354,0.2599824583674459,0.2715676954329116,0.006408923449360943,0.006492773621048894,0.29345319960801963,-0.004797106794638186,True,True,,,2.2370683880770397
dirichlet_56,0.35609128941725726,0.0718600273865948,0.03449816514334763,0.2612003945955987,0.2763501234572015,Fair,"alpha=0.5,eps=0.1",OK,0.3628752453947821,0.0763720700523157,0.035202892751734466,0.25876452427761104,0.26678526752355675,0.012817845449284208,0.012985545736693384,0.29322845808685594,-0.00959421340307335,True,True,,,3.163692454374668
dirichlet_56,0.35609128941725726,0.0718600273865948,0.03449816514334763,0.2612003945955987,0.2763501234572015,Fair,"alpha=1.0,eps=0.01",OK,0.3564288737404099,0.07208716496845038,0.03453767862301363,0.26108238915521065,0.2758638935129155,0.0006461120754841649,0.0006545731496609207,0.29365403172819476,-0.0004875503193853167,True,True,,,-23.02360145026797
dirichlet_56,0.35609128941725726,0.0718600273865948,0.03449816514334763,0.2612003945955987,0.2763501234572015,Fair,"alpha=1.0,eps=0.02",OK,0.3567664582716867,0.07231430264460574,0.03457719224491531,0.26096438326247445,0.2753776635763179,0.0012922243783901836,0.001309146542281418,0.29363012250443743,-0.0009751006471597279,True,True,,,-19.557865547468246
dirichlet_56,0.35609128941725726,0.0718600273865948,0.03449816514334763,0.2612003945955987,0.2763501234572015,Fair,"alpha=1.0,eps=0.05",OK,0.35777921136852653,0.072995716080412,0.034695732430681935,0.2606103662746483,0.27391897384573133,0.0032305609433565265,0.0032728663481573434,0.29355839486638513,-0.0024377515261240885,True,True,,,-14.97641188809747
dirichlet_56,0.35609128941725726,0.0718600273865948,0.03449816514334763,0.2612003945955987,0.2763501234572015,Fair,"alpha=1.0,eps=0.1",OK,0.3594671333087135,0.07413140474403446,0.03489329961707797,0.26002033803501745,0.27148782429515667,0.00646112180345602,0.006545732607872635,0.2934388488372494,-0.004875502988359658,True,True,,,-11.510675985297745
dirichlet_56,0.35609128941725726,0.0718600273865948,0.03449816514334763,0.2612003945955987,0.2763501234572015,Fair,"alpha=2.0,eps=0.01",OK,0.35625965543171534,0.07197395839270912,0.0345189923858491,0.26114236900586957,0.2761050247838569,0.00032434779442386816,0.00032859517940444827,0.2936656292438422,-0.00024572103642667875,True,True,,,-499.88721999618815
dirichlet_56,0.35609128941725726,0.0718600273865948,0.03449816514334763,0.2612003945955987,0.2763501234572015,Fair,"alpha=2.0,eps=0.02",OK,0.3564280214998094,0.07208788950724758,0.034539819424411373,0.26108434339450626,0.27585992617402544,0.0006486955975551289,0.0006571903640197278,0.2936533175959019,-0.0004914420094879007,True,True,,,-249.9436099980941
dirichlet_56,0.35609128941725726,0.0718600273865948,0.03449816514334763,0.2612003945955987,0.2763501234572015,Fair,"alpha=2.0,eps=0.05",OK,0.3569331194846784,0.07242968291856733,0.03460230106396806,0.2609102664885466,0.27512463004423954,0.001621739190252055,0.0016429761185407243,0.29361638250266237,-0.0012286052329066846,True,True,,,-99.97744399923764
dirichlet_56,0.35609128941725726,0.0718600273865948,0.03449816514334763,0.2612003945955987,0.2763501234572015,Fair,"alpha=2.0,eps=0.1",OK,0.3577749496916111,0.07299933855677442,0.03470643620542559,0.2606201385420718,0.273899137004117,0.003243478129738316,0.003285951962449914,0.2935548242507834,-0.0024572100855239074,True,True,,,-49.98872199961882
dirichlet_57,0.024806193314854647,0.03150768119330488,0.09915410382775852,0.2380459334508534,0.6064860882132285,Avg,rho=0.0,OK,1.2412670766236365e-17,0.0,0.0,0.0,1.0,0.472185008983824,0.4658952922936743,0.6163388167931437,-0.22492891300089174,True,True,,,
dirichlet_57,0.024806193314854647,0.03150768119330488,0.09915410382775852,0.2380459334508534,0.6064860882132285,Avg,rho=0.1,OK,2.1101540302601814e-16,2.6930396871321113e-17,5.624554557801064e-17,0.0,0.9999999999999998,0.47218500898382376,0.4658952922936741,0.6163388167931436,-0.22492891300089177,True,True,,,
dirichlet_57,0.024806193314854647,0.03150768119330488,0.09915410382775852,0.2380459334508534,0.6064860882132285,Avg,rho=0.2,OK,8.688869536365453e-17,0.0,6.133223539599488e-17,5.5511151231257815e-17,0.9999999999999998,0.4721850089838237,0.4658952922936741,0.6163388167931436,-0.2249289130008917,True,True,,,
dirichlet_57,0.024806193314854647,0.03150768119330488,0.09915410382775852,0.2380459334508534,0.6064860882132285,Avg,rho=0.5,OK,1.4148732476492142e-17,0.0,8.779088023634337e-18,0.13387822539284674,0.8661217746071532,0.2995016169541349,0.2975250851738623,0.5692785317914046,-0.10340972201084214,True,True,,,
dirichlet_57,0.024806193314854647,0.03150768119330488,0.09915410382775852,0.2380459334508534,0.6064860882132285,Cert,,FLOOR_COLLAPSED,0.02480619331485465,0.03150768119330489,0.09915410382775854,0.23804593345085343,0.6064860882132286,1.1553831367574147e-16,1.1682098376841553e-16,0.4497360569676958,5.863852474587587e-18,False,True,5.863852474587587e-18,-0.0,
dirichlet_57,0.024806193314854647,0.03150768119330488,0.09915410382775852,0.2380459334508534,0.6064860882132285,MaxMin,c=0.0,INFEASIBLE_BALL_MISSES_SIMPLEX,,,,,,,,,,False,False,,,
dirichlet_57,0.024806193314854647,0.03150768119330488,0.09915410382775852,0.2380459334508534,0.6064860882132285,MaxMin,c=0.1,INFEASIBLE_BALL_MISSES_SIMPLEX,,,,,,,,,,False,False,,,
dirichlet_57,0.024806193314854647,0.03150768119330488,0.09915410382775852,0.2380459334508534,0.6064860882132285,MaxMin,c=0.25,INFEASIBLE_BALL_MISSES_SIMPLEX,,,,,,,,,,False,False,,,
dirichlet_57,0.024806193314854647,0.03150768119330488,0.09915410382775852,0.2380459334508534,0.6064860882132285,MaxMin,c=0.5,INFEASIBLE_BALL_MISSES_SIMPLEX,,,,,,,,,,False,False,,,
dirichlet_57,0.024806193314854647,0.03150768119330488,0.09915410382775852,0.2380459334508534,0.6064860882132285,MaxMin,c=0.75,OK,0.0,0.0,0.06747663804727418,0.1995507857777995,0.7329725761749264,0.14174713778585307,0.14142939325955495,0.5117638394313248,-0.034901257088991396,True,True,-0.034901257088991396,,
dirichlet_57,0.024806193314854647,0.03150768119330488,0.09915410382775852,0.2380459334508534,0.6064860882132285,MaxMin,c=0.9,OK,0.013199153371767046,0.02001588857191473,0.08766856750769858,0.22387558540881683,0.6552408051398029,0.05455752381363852,0.05446599292141319,0.47384551125238467,-0.012792983324124827,True,True,-0.012792983324124827,,
dirichlet_57,0.024806193314854647,0.03150768119330488,0.09915410382775852,0.2380459334508534,0.6064860882132285,MaxMin,c=0.95,OK,0.01903721184712935,0.0257959804505829,0.09344551261913041,0.23100292544480205,0.6307183696383553,0.02711641773864024,0.027070924656548555,0.4617190427803847,-0.006358424204247266,True,True,-0.006358424204247266,,
dirichlet_57,0.024806193314854647,0.03150768119330488,0.09915410382775852,0.2380459334508534,0.6064860882132285,MaxMin,c=1.0,OK,0.02480619331485465,0.03150768119330489,0.09915410382775854,0.23804593345085343,0.6064860882132286,1.1553831367574147e-16,1.1682098376841553e-16,0.4497360569676958,5.863852474587587e-18,False,True,5.863852474587587e-18,,
dirichlet_57,0.024806193314854647,0.03150768119330488,0.09915410382775852,0.2380459334508534,0.6064860882132285,Fair,"alpha=0.0,eps=0.01",OK,0.06813975723610556,0.01942985396065152,0.08763744892541321,0.22817758802817634,0.5966153518496534,0.04848835623795831,0.04735254731858165,0.44101963539290556,-0.009999999999999995,True,True,,,0.05174427244510352
dirichlet_57,0.024806193314854647,0.03150768119330488,0.09915410382775852,0.2380459334508534,0.6064860882132285,Fair,"alpha=0.0,eps=0.02",OK,0.11147332115735643,0.007352026727998152,0.07612079402306787,0.21830924260549925,0.5867446154860783,0.09697671247591662,0.0947050946371633,0.43230321381811526,-0.020000000000000004,True,True,,,0.10348854489020703
dirichlet_57,0.024806193314854647,0.03150768119330488,0.09915410382775852,0.2380459334508534,0.6064860882132285,Fair,"alpha=0.0,eps=0.05",OK,0.21231970316940713,0.0,0.04180025645680771,0.18864506820116572,0.5572349721726194,0.21049853224919635,0.20626815382444036,0.40632830035063744,-0.05,True,True,,,0.2584519190146471
dirichlet_57,0.024806193314854647,0.03150768119330488,0.09915410382775852,0.2380459334508534,0.6064860882132285,Fair,"alpha=0.0,eps=0.1",OK,0.35264366829148197,0.0,0.0,0.13915456674258136,0.5082017649659366,0.37113473413940073,0.3648874796827357,0.36417778880862833,-0.09999999999999998,True,True,,,0.5162029009510328
dirichlet_57,0.024806193314854647,0.03150768119330488,0.09915410382775852,0.2380459334508534,0.6064860882132285,Fair,"alpha=0.5,eps=0.01",OK,0.025484588702093927,0.03195888570420331,0.09922457656353276,0.2378023462569169,0.6055296027732531,0.001281784434491586,0.0012985544694505728,0.4491364498464609,-0.0009594211939832287,True,True,,,1.0004473972112282
dirichlet_57,0.024806193314854647,0.03150768119330488,0.09915410382775852,0.2380459334508534,0.6064860882132285,Fair,"alpha=0.5,eps=0.02",OK,0.026162984599496255,0.03241008971299339,0.09929504925631537,0.23755875937090176,0.6045731170602933,0.002563569105067362,0.0025971091600436205,0.44853684263231,-0.0019188426469200154,True,True,,,1.414846277576982
dirichlet_57,0.024806193314854647,0.03150768119330488,0.09915410382775852,0.2380459334508534,0.6064860882132285,Fair,"alpha=0.5,eps=0.05",OK,0.02819817123321273,0.03376370259713903,0.09950646775683437,0.23682799828111376,0.6017036601317001,0.006408922806867046,0.006492772955647581,0.4467380210452588,-0.0047971068168453325,True,True,,,2.2370683880770397
dirichlet_57,0.024806193314854647,0.03150768119330488,0.09915410382775852,0.2380459334508534,0.6064860882132285,Fair,"alpha=0.5,eps=0.1",OK,0.03159014871480105,0.036019723758349845,0.09985883292417526,0.23561006300772852,0.5969212315949454,0.012817845724636387,0.012985546056174475,0.4437399849180492,-0.009594214096577462,True,True,,,3.163692454374668
dirichlet_57,0.024806193314854647,0.03150768119330488,0.09915410382775852,0.2380459334508534,0.6064860882132285,Fair,"alpha=1.0,eps=0.01",OK,0.025143777725466793,0.03173481890700031,0.09919361723358727,0.23792792781584268,0.6059998583181029,0.0006461121615628742,0.0006545732400230313,0.449432790414285,-0.00048755027686773296,True,True,,,-23.02360145026797
dirichlet_57,0.024806193314854647,0.03150768119330488,0.09915410382775852,0.2380459334508534,0.6064860882132285,Fair,"alpha=1.0,eps=0.02",OK,0.025481362048640595,0.03196195665086708,0.0992331307424973,0.23780992221299496,0.6055136283450001,0.001292224347158336,0.0013091465067732223,0.44912952383009586,-0.0009751006308997003,True,True,,,-19.557865547468246
dirichlet_57,0.024806193314854647,0.03150768119330488,0.09915410382775852,0.2380459334508534,0.6064860882132285,Fair,"alpha=1.0,eps=0.05",OK,0.02649411521003746,0.03264336996596637,0.09935167098250934,0.2374559054845943,0.6040549383568926,0.0032305610531536038,0.003272866448125347,0.44821972403726973,-0.002437751757008586,True,True,,,-14.976411888097472
dirichlet_57,0.024806193314854647,0.03150768119330488,0.09915410382775852,0.2380459334508534,0.6064860882132285,Fair,"alpha=1.0,eps=0.1",OK,0.028182037351473906,0.03377905855878587,0.09954923820624244,0.23686587669916087,0.601623789184337,0.006461121811003953,0.006545732616984489,0.44670339132061593,-0.004875502861783052,True,True,,,-11.510675985297745
dirichlet_57,0.024806193314854647,0.03150768119330488,0.09915410382775852,0.2380459334508534,0.6064860882132285,Fair,"alpha=2.0,eps=0.01",OK,0.02497455931083363,0.03162161229945656,0.09917493100743328,0.23798790784348378,0.6062409895387927,0.00032434781991703846,0.0003285952051040211,0.44958357226392254,-0.0002457210379961447,True,True,,,-499.8872199961882
dirichlet_57,0.024806193314854647,0.03150768119330488,0.09915410382775852,0.2380459334508534,0.6064860882132285,Fair,"alpha=2.0,eps=0.02",OK,0.025142925313370087,0.03173554340325037,0.09919575818415577,0.23792988223346392,0.6059958908657599,0.0006486956416341354,0.000657190411953282,0.44943108756015765,-0.000491442074657713,True,True,,,-249.9436099980941
dirichlet_57,0.024806193314854647,0.03150768119330488,0.09915410382775852,0.2380459334508534,0.6064860882132285,Fair,"alpha=2.0,eps=0.05",OK,0.02564802282105647,0.03207733706620469,0.0992582398194139,0.23775580550663578,0.6052605947866893,0.001621739004373412,0.0016429759357593837,0.4489736334458348,-0.0012286052427274575,True,True,,,-99.97744399923764
dirichlet_57,0.024806193314854647,0.03150768119330488,0.09915410382775852,0.2380459334508534,0.6064860882132285,Fair,"alpha=2.0,eps=0.1",OK,0.026489853327170628,0.03264699217327143,0.09936237563662552,0.23746567736873211,0.6040351014942004,0.003243478180935369,0.003285952032063421,0.4482112099431492,-0.0024572103548968385,True,True,,,-49.98872199961882
dirichlet_58,0.5565926555729748,0.08276567964249922,0.16014859027608522,0.11498084216976644,0.08551223233867422,Avg,rho=0.0,OK,1.0,0.0,0.0,5.551115123125783e-17,0.0,0.4996406085693405,0.48836348804404256,0.5724898078783792,-0.14307344917215906,True,True,,,
dirichlet_58,0.5565926555729748,0.08276567964249922,0.16014859027608522,0.11498084216976644,0.08551223233867422,Avg,rho=0.1,OK,0.9999999999999998,1.1102230246251568e-16,4.1633363423443376e-17,1.4571677198205182e-16,0.0,0.4996406085693403,0.48836348804404234,0.5724898078783791,-0.143073449172159,True,True,,,
dirichlet_58,0.5565926555729748,0.08276567964249922,0.16014859027608522,0.11498084216976644,0.08551223233867422,Avg,rho=0.2,OK,1.0,6.938893903907228e-18,0.0,1.0408340855860843e-16,0.0,0.4996406085693405,0.4883634880440425,0.5724898078783792,-0.14307344917215906,True,True,,,
dirichlet_58,0.5565926555729748,0.08276567964249922,0.16014859027608522,0.11498084216976644,0.08551223233867422,Avg,rho=0.5,OK,0.8968613601891317,0.0,0.09947735557509374,0.003661284235774621,1.871635763988624e-17,0.38212345341021375,0.37483273869586264,0.533239551532173,-0.11196655685167363,True,True,,,
dirichlet_58,0.5565926555729748,0.08276567964249922,0.16014859027608522,0.11498084216976644,0.08551223233867422,Cert,,FLOOR_COLLAPSED,0.5565926555729749,0.08276567964249923,0.16014859027608525,0.11498084216976645,0.08551223233867424,1.1693631858900543e-16,1.1969780538942518e-16,0.38347851221130236,1.5314067616206965e-17,False,True,1.5314067616206965e-17,-0.0,
dirichlet_58,0.5565926555729748,0.08276567964249922,0.16014859027608522,0.11498084216976644,0.08551223233867422,MaxMin,c=0.0,INFEASIBLE_BALL_MISSES_SIMPLEX,,,,,,,,,,False,False,,,
dirichlet_58,0.5565926555729748,0.08276567964249922,0.16014859027608522,0.11498084216976644,0.08551223233867422,MaxMin,c=0.1,INFEASIBLE_BALL_MISSES_SIMPLEX,,,,,,,,,,False,False,,,
dirichlet_58,0.5565926555729748,0.08276567964249922,0.16014859027608522,0.11498084216976644,0.08551223233867422,MaxMin,c=0.25,OK,0.8556800201952581,0.0,0.08092722767699455,0.04643256163324975,0.016960190494497616,0.3346306664084492,0.3268275446351363,0.5132694837210541,-0.06945918383407028,True,True,-0.06945918383407028,,
dirichlet_58,0.5565926555729748,0.08276567964249922,0.16014859027608522,0.11498084216976644,0.08551223233867422,MaxMin,c=0.5,OK,0.7432699901944303,0.03073541968263332,0.1105358133341308,0.0724688432957071,0.04298993349309857,0.20888374469099957,0.20399077576525354,0.46446940134688264,-0.043079155677271365,True,True,-0.043079155677271365,,
dirichlet_58,0.5565926555729748,0.08276567964249922,0.16014859027608522,0.11498084216976644,0.08551223233867422,MaxMin,c=0.75,OK,0.6484175939218527,0.057172452576240915,0.13574450183519535,0.09406956398158198,0.06459588768512907,0.10274807607055518,0.1003412677086258,0.42331721794800137,-0.02119025762933998,True,True,-0.02119025762933998,,
dirichlet_58,0.5565926555729748,0.08276567964249922,0.16014859027608522,0.11498084216976644,0.08551223233867422,MaxMin,c=0.9,OK,0.5931323827208548,0.0725814143366872,0.15043751669458308,0.10665965608405846,0.07718903016381654,0.04088635105120742,0.03992861427050846,0.39933145438277345,-0.008432199856509125,True,True,-0.008432199856509125,,
dirichlet_58,0.5565926555729748,0.08276567964249922,0.16014859027608522,0.11498084216976644,0.08551223233867422,MaxMin,c=0.95,OK,0.5748378527371303,0.07768042195229784,0.1552996090165081,0.11082586640437764,0.08135624988968615,0.02041557489559517,0.01993735303245708,0.3913942816525973,-0.004210407710132673,True,True,-0.004210407710132673,,
dirichlet_58,0.5565926555729748,0.08276567964249922,0.16014859027608522,0.11498084216976644,0.08551223233867422,MaxMin,c=1.0,OK,0.5565926555729749,0.08276567964249923,0.16014859027608525,0.11498084216976645,0.08551223233867424,1.1693631858900543e-16,1.1969780538942518e-16,0.38347851221130236,1.5314067616206965e-17,False,True,1.5314067616206965e-17,,
dirichlet_58,0.5565926555729748,0.08276567964249922,0.16014859027608522,0.11498084216976644,0.08551223233867422,Fair,"alpha=0.0,eps=0.01",OK,0.5999262194942258,0.07068785240984586,0.14863193537373992,0.10511249674708939,0.0756414959750991,0.04848835623795838,0.04735254731858172,0.4022789942222141,-0.009999999999999986,True,True,,,0.05174427244510352
dirichlet_58,0.5565926555729748,0.08276567964249922,0.16014859027608522,0.11498084216976644,0.08551223233867422,Fair,"alpha=0.0,eps=0.02",OK,0.6432597834154766,0.0586100251771925,0.1371152804713946,0.09524415132441232,0.06577075961152397,0.09697671247591666,0.09470509463716335,0.4210794762331257,-0.01999999999999999,True,True,,,0.10348854489020703
dirichlet_58,0.5565926555729748,0.08276567964249922,0.16014859027608522,0.11498084216976644,0.08551223233867422,Fair,"alpha=0.0,eps=0.05",OK,0.7732604751792294,0.022376543479232392,0.10256531576435864,0.06563911505638108,0.03615855052079857,0.24244178118979165,0.23676273659290833,0.4774809222658607,-0.049999999999999996,True,True,,,0.25872136222551756
dirichlet_58,0.5565926555729748,0.08276567964249922,0.16014859027608522,0.11498084216976644,0.08551223233867422,Fair,"alpha=0.0,eps=0.1",OK,0.9381392179859143,0.0,0.04596847251245056,0.01589230950163523,0.0,0.4273124331144604,0.41793676339353136,0.5480831005492076,-0.10000000000000003,True,True,,,0.5159573787241647
dirichlet_58,0.5565926555729748,0.08276567964249922,0.16014859027608522,0.11498084216976644,0.08551223233867422,Fair,"alpha=0.5,eps=0.01",OK,0.5572710513768772,0.08321688398978558,0.16021906311697137,0.11473725497419122,0.08455574654217474,0.0012817848695543625,0.001298554905897057,0.383815897532152,-0.0009594215481068804,True,True,,,1.0004473972112282
dirichlet_58,0.5565926555729748,0.08276567964249922,0.16014859027608522,0.11498084216976644,0.08551223233867422,Fair,"alpha=0.5,eps=0.02",OK,0.5579494468922305,0.0836680882685611,0.1602895359533886,0.1144936677734432,0.08359926111237669,0.0025635692893745325,0.002597109360027832,0.3841532827121871,-0.0019188427321056884,True,True,,,1.414846277576982
dirichlet_58,0.5565926555729748,0.08276567964249922,0.16014859027608522,0.11498084216976644,0.08551223233867422,Fair,"alpha=0.5,eps=0.05",OK,0.5599846339887762,0.08502170079924101,0.16050095222925306,0.11376290842823643,0.08072980455449334,0.006408922381230094,0.006492772439343702,0.38516543836498596,-0.00479710646084844,True,True,,,2.2370683880770397
dirichlet_58,0.5565926555729748,0.08276567964249922,0.16014859027608522,0.11498084216976644,0.08551223233867422,Fair,"alpha=0.5,eps=0.1",OK,0.5633766114646673,0.08727772232837396,0.16085331792826113,0.11254497189732177,0.07594737638137586,0.012817845422354451,0.012985545710338019,0.38685236435332193,-0.009594213425437948,True,True,,,3.163692454374668
dirichlet_58,0.5565926555729748,0.08276567964249922,0.16014859027608522,0.11498084216976644,0.08551223233867422,Fair,"alpha=1.0,eps=0.01",OK,0.556930239997698,0.08299281733365313,0.16018810374301487,0.1148628365013877,0.08502600242424635,0.000646112185368202,0.0006545732659517365,0.3836470488600212,-0.0004875502974552096,True,True,,,-23.02360145026797
dirichlet_58,0.5565926555729748,0.08276567964249922,0.16014859027608522,0.11498084216976644,0.08551223233867422,Fair,"alpha=1.0,eps=0.02",OK,0.5572678245175869,0.08321995498358009,0.16022761713695238,0.11474483087730826,0.08453977248457242,0.0012922244124101841,0.0013091465700630933,0.38381558554719114,-0.0009751006178904748,True,True,,,-19.557865547468246
dirichlet_58,0.5565926555729748,0.08276567964249922,0.16014859027608522,0.11498084216976644,0.08551223233867422,Fair,"alpha=1.0,eps=0.05",OK,0.5582805775887433,0.08390136829465769,0.16034615757205692,0.11439081380801158,0.08308108273653043,0.0032305609633737193,0.003272866368697012,0.3843211954053238,-0.0024377515181118873,True,True,,,-14.97641188809747
dirichlet_58,0.5565926555729748,0.08276567964249922,0.16014859027608522,0.11498084216976644,0.08551223233867422,Fair,"alpha=1.0,eps=0.1",OK,0.5599685013312223,0.08503705356055394,0.16054372299433856,0.11380078826647692,0.08064993384740829,0.006461120472253042,0.006545731115995017,0.3851638792278604,-0.00487550221228403,True,True,,,-11.510675985297745
dirichlet_58,0.5565926555729748,0.08276567964249922,0.16014859027608522,0.11498084216976644,0.08551223233867422,Fair,"alpha=2.0,eps=0.01",OK,0.5567610215703853,0.08287961075035874,0.16016941745505556,0.1149228165597901,0.08526713366441033,0.00032434782155126875,0.0003285952068046078,0.3835627311140057,-0.00024572103791140195,True,True,,,-499.88721999618826
dirichlet_58,0.5565926555729748,0.08276567964249922,0.16014859027608522,0.11498084216976644,0.08551223233867422,Fair,"alpha=2.0,eps=0.02",OK,0.5569293875719928,0.08299354184510745,0.1601902446377393,0.11486479095192255,0.08502203499323795,0.0006486956382008496,0.0006571904085572204,0.38364695001872456,-0.0004914420726659961,True,True,,,-249.9436099980941
dirichlet_58,0.5565926555729748,0.08276567964249922,0.16014859027608522,0.11498084216976644,0.08551223233867422,Fair,"alpha=2.0,eps=0.05",OK,0.5574344855643767,0.08333533516826193,0.16025272617310662,0.1146907141226932,0.08428673897156161,0.0016217391017175795,0.001642976027767509,0.3838996067267648,-0.00122860518525828,True,True,,,-99.97744399923764
dirichlet_58,0.5565926555729748,0.08276567964249922,0.16014859027608522,0.11498084216976644,0.08551223233867422,Fair,"alpha=2.0,eps=0.1",OK,0.5582763155303799,0.08390499069515575,0.16035686206210115,0.11440058606940182,0.08306124564296134,0.00324347816214277,0.0032859520140831448,0.38432070122910095,-0.002457210332438145,True,True,,,-49.98872199961882
dirichlet_59,0.03997960281615355,0.18664202156865076,0.2200759303432514,0.08243996892434241,0.47086247634760175,Avg,rho=0.0,OK,0.0,8.326672684688674e-17,0.0,0.0,1.0,0.6096309501544821,0.6112696370989061,0.47528946819238166,-0.231381074763946,True,True,,,
dirichlet_59,0.03997960281615355,0.18664202156865076,0.2200759303432514,0.08243996892434241,0.47086247634760175,Avg,rho=0.1,OK,0.0,0.0,2.289834988289385e-16,0.0,0.9999999999999998,0.6096309501544819,0.6112696370989058,0.4752894681923816,-0.2313810747639458,True,True,,,
dirichlet_59,0.03997960281615355,0.18664202156865076,0.2200759303432514,0.08243996892434241,0.47086247634760175,Avg,rho=0.2,OK,1.92978240818831e-17,0.0,0.07383352393671437,6.933914393209386e-17,0.9261664760632856,0.5214580854886525,0.5223963896035314,0.4573183987379523,-0.19523308368134457,True,True,,,
dirichlet_59,0.03997960281615355,0.18664202156865076,0.2200759303432514,0.08243996892434241,0.47086247634760175,Avg,rho=0.5,OK,0.0,0.12614491943822767,0.19089592253240065,1.9175789885932735e-18,0.6829591580293717,0.24060567682418077,0.2391702916435738,0.3943633540475415,-0.07612003780595172,True,True,,,
dirichlet_59,0.03997960281615355,0.18664202156865076,0.2200759303432514,0.08243996892434241,0.47086247634760175,Cert,,FLOOR_COLLAPSED,0.03997960281615356,0.18664202156865078,0.22007593034325146,0.08243996892434242,0.47086247634760187,1.2813490069415586e-16,1.2970734772322106e-16,0.3242295056237917,1.258848194114913e-17,False,True,1.258848194114913e-17,-0.0,
dirichlet_59,0.03997960281615355,0.18664202156865076,0.2200759303432514,0.08243996892434241,0.47086247634760175,MaxMin,c=0.0,INFEASIBLE_BALL_MISSES_SIMPLEX,,,,,,,,,,False,False,,,
dirichlet_59,0.03997960281615355,0.18664202156865076,0.2200759303432514,0.08243996892434241,0.47086247634760175,MaxMin,c=0.1,INFEASIBLE_BALL_MISSES_SIMPLEX,,,,,,,,,,False,False,,,
dirichlet_59,0.03997960281615355,0.18664202156865076,0.2200759303432514,0.08243996892434241,0.47086247634760175,MaxMin,c=0.25,INFEASIBLE_BALL_MISSES_SIMPLEX,,,,,,,,,,False,False,,,
dirichlet_59,0.03997960281615355,0.18664202156865076,0.2200759303432514,0.08243996892434241,0.47086247634760175,MaxMin,c=0.5,OK,1.8041124150158799e-16,0.14486604220908217,0.17834481873192398,0.031127113781275244,0.6456620252777184,0.19563480819683188,0.19528474141594845,0.380893967407615,-0.04636873797123227,True,True,-0.04636873797123227,,
dirichlet_59,0.03997960281615355,0.18664202156865076,0.2200759303432514,0.08243996892434241,0.47086247634760175,MaxMin,c=0.75,OK,0.021104579884546833,0.16795441040184514,0.2013984929874822,0.05939657064590613,0.5501459460802196,0.08871982160166156,0.08857097678867093,0.35001610766230595,-0.020803568764344294,True,True,-0.020803568764344294,,
dirichlet_59,0.03997960281615355,0.18664202156865076,0.2200759303432514,0.08243996892434241,0.47086247634760175,MaxMin,c=0.9,OK,0.032598093251824604,0.17933380366279292,0.21277169113896907,0.07342832081121074,0.5018680911352027,0.034695916082921975,0.0346377069133399,0.3343139463298271,-0.008135711535960531,True,True,-0.008135711535960531,,
dirichlet_59,0.03997960281615355,0.18664202156865076,0.2200759303432514,0.08243996892434241,0.47086247634760175,MaxMin,c=0.95,OK,0.03630964658195941,0.18300850465307777,0.21644439156785794,0.07795953658392062,0.48627792061318426,0.017250196917027342,0.017221256345599054,0.329243311501159,-0.004044932138988386,True,True,-0.004044932138988386,,
dirichlet_59,0.03997960281615355,0.18664202156865076,0.2200759303432514,0.08243996892434241,0.47086247634760175,MaxMin,c=1.0,OK,0.03997960281615356,0.18664202156865078,0.22007593034325146,0.08243996892434242,0.47086247634760187,1.2813490069415586e-16,1.2970734772322106e-16,0.3242295056237917,1.258848194114913e-17,False,True,1.258848194114913e-17,,
dirichlet_59,0.03997960281615355,0.18664202156865076,0.2200759303432514,0.08243996892434241,0.47086247634760175,Fair,"alpha=0.0,eps=0.01",OK,0.08331316673740445,0.17456419433599743,0.2085592754409061,0.07257162350166535,0.4609917399840267,0.04848835623795828,0.04735254731858162,0.3162982210841578,-0.009999999999999981,True,True,,,0.05174427244510352
dirichlet_59,0.03997960281615355,0.18664202156865076,0.2200759303432514,0.08243996892434241,0.47086247634760175,Fair,"alpha=0.0,eps=0.02",OK,0.12664673065865537,0.16248636710334405,0.19704262053856078,0.06270327807898828,0.45112100362045154,0.09697671247591663,0.0947050946371633,0.30836693654452385,-0.019999999999999983,True,True,,,0.10348854489020703
dirichlet_59,0.03997960281615355,0.18664202156865076,0.2200759303432514,0.08243996892434241,0.47086247634760175,Fair,"alpha=0.0,eps=0.05",OK,0.25664742242240807,0.12625288540538396,0.16249265583152483,0.03309824181095704,0.42150879452972617,0.24244178118979157,0.23676273659290828,0.28457308292562206,-0.049999999999999996,True,True,,,0.25872136222551756
dirichlet_59,0.03997960281615355,0.18664202156865076,0.2200759303432514,0.08243996892434241,0.47086247634760175,Fair,"alpha=0.0,eps=0.1",OK,0.45623440948322314,0.06666097519722052,0.10547570793546514,0.0,0.3716289073840912,0.4663050248745119,0.45507748473115583,0.24556451843626137,-0.1,True,True,,,0.5166711809296864
dirichlet_59,0.03997960281615355,0.18664202156865076,0.2200759303432514,0.08243996892434241,0.47086247634760175,Fair,"alpha=0.5,eps=0.01",OK,0.04065799848652985,0.18709322563259018,0.22014640298426583,0.08219638210274308,0.46990599079387113,0.001281784435926943,0.001298554453512473,0.3239020392435207,-0.0009594212926120483,True,True,,,1.0004473972112282
dirichlet_59,0.03997960281615355,0.18664202156865076,0.2200759303432514,0.08243996892434241,0.47086247634760175,Fair,"alpha=0.5,eps=0.02",OK,0.041336394014385026,0.18754443005457072,0.2202168758465665,0.08195279491244523,0.46894950517203254,0.0025635690555142372,0.0025971091105952936,0.32357457290477626,-0.0019188426675672075,True,True,,,1.414846277576982
dirichlet_59,0.03997960281615355,0.18664202156865076,0.2200759303432514,0.08243996892434241,0.47086247634760175,Fair,"alpha=0.5,eps=0.05",OK,0.04337158128316559,0.18889804285430498,0.22042829392497693,0.08122203362022229,0.46608004831733024,0.006408923023837431,0.006492773164051318,0.3225921737584139,-0.004797106767567545,True,True,,,2.2370683880770397
dirichlet_59,0.03997960281615355,0.18664202156865076,0.2200759303432514,0.08243996892434241,0.47086247634760175,Fair,"alpha=0.5,eps=0.1",OK,0.04676355878329179,0.191154064106273,0.22078065815533446,0.08000409858166066,0.46129762037343996,0.012817845444821117,0.012985545736548098,0.3209548420408676,-0.009594213445051231,True,True,,,3.163692454374668
dirichlet_59,0.03997960281615355,0.18664202156865076,0.2200759303432514,0.08243996892434241,0.47086247634760175,Fair,"alpha=1.0,eps=0.01",OK,0.04031718721349536,0.18686915933758028,0.2201154437934638,0.08232196327005374,0.4703762463854069,0.0006461122307545949,0.0006545733118500263,0.3240635806143343,-0.0004875503445638407,True,True,,,-23.02360145026797
dirichlet_59,0.03997960281615355,0.18664202156865076,0.2200759303432514,0.08243996892434241,0.47086247634760175,Fair,"alpha=1.0,eps=0.02",OK,0.04065477159177415,0.18709629720214116,0.22015495687508296,0.08220395774862739,0.4698900165823742,0.0012922243185833557,0.0013091464688144495,0.32389765562753003,-0.0009751005246167105,True,True,,,-19.557865547468246
dirichlet_59,0.03997960281615355,0.18664202156865076,0.2200759303432514,0.08243996892434241,0.47086247634760175,Fair,"alpha=1.0,eps=0.05",OK,0.04166752477047389,0.18777771023410467,0.22027349758070686,0.08184994065696509,0.4684313267577496,0.003230560905876151,0.0032728663076329635,0.32339988064047387,-0.0024377515024831824,True,True,,,-14.97641188809747
dirichlet_59,0.03997960281615355,0.18664202156865076,0.2200759303432514,0.08243996892434241,0.47086247634760175,Fair,"alpha=1.0,eps=0.1",OK,0.043355446727811,0.18891339890764172,0.2204710648123168,0.08125991240645351,0.4660001771457771,0.00646112182937893,0.006545732632530516,0.32257025564895947,-0.00487550302636304,True,True,,,-11.510675985297745
dirichlet_59,0.03997960281615355,0.18664202156865076,0.2200759303432514,0.08243996892434241,0.47086247634760175,Fair,"alpha=2.0,eps=0.01",OK,0.04014796881251374,0.18675595267779826,0.22009675751875268,0.08238194331732056,0.47061737767361483,0.0003243478204978482,0.0003285952056085966,0.3241459990159254,-0.00024572103752096855,True,True,,,-499.88721999618826
dirichlet_59,0.03997960281615355,0.18664202156865076,0.2200759303432514,0.08243996892434241,0.47086247634760175,Fair,"alpha=2.0,eps=0.02",OK,0.040316334978843286,0.1868698836747378,0.22011758456654695,0.08232391771554112,0.4703722790643308,0.0006486956317788272,0.0006571903966810777,0.3240624923986412,-0.0004914420093893271,True,True,,,-249.9436099980941
dirichlet_59,0.03997960281615355,0.18664202156865076,0.2200759303432514,0.08243996892434241,0.47086247634760175,Fair,"alpha=2.0,eps=0.05",OK,0.04082143280182572,0.18721167709379397,0.22018006623461842,0.0821498408864709,0.4696369829832909,0.0016217390943992721,0.0016429760200686002,0.32381197258614824,-0.0012286051821367718,True,True,,,-99.97744399923764
dirichlet_59,0.03997960281615355,0.18664202156865076,0.2200759303432514,0.08243996892434241,0.47086247634760175,Fair,"alpha=2.0,eps=0.1",OK,0.041663262824790825,0.18778133267873634,0.2202842020707526,0.08185971288367781,0.46841148954204254,0.003243478277479038,0.0032859521276259194,0.3233944395175629,-0.0024572104393313582,True,True,,,-49.98872199961882
dirichlet_60,0.37772833736057115,0.0550031029456836,0.01991622048808111,0.038302120577779875,0.5090502186278844,Avg,rho=0.0,OK,5.55111512312578e-17,0.0,4.649058915617841e-16,0.0,0.9999999999999996,0.6233774412724985,0.6230871660082773,0.5135739129433825,-0.37927292719667544,True,True,,,
dirichlet_60,0.37772833736057115,0.0550031029456836,0.01991622048808111,0.038302120577779875,0.5090502186278844,Avg,rho=0.1,OK,0.11627956131191865,0.0,0.0,0.0,0.8837204386880814,0.46219290984418293,0.4623364742547492,0.49881001306090644,-0.26384592570866594,True,True,,,
dirichlet_60,0.37772833736057115,0.0550031029456836,0.01991622048808111,0.038302120577779875,0.5090502186278844,Avg,rho=0.2,OK,0.2761630774319525,0.0,0.0,1.353084311261909e-16,0.7238369225680473,0.2476648538383781,0.24799825913683887,0.47850976254205174,-0.10513467288934754,True,True,,,
dirichlet_60,0.37772833736057115,0.0550031029456836,0.01991622048808111,0.038302120577779875,0.5090502186278844,Avg,rho=0.5,OK,0.3720931871039727,0.0,1.2121549694977386e-16,0.0,0.627906812896027,0.13801338533770713,0.13737761988514738,0.46632961223073893,-0.05642813448550704,True,True,,,
dirichlet_60,0.37772833736057115,0.0550031029456836,0.01991622048808111,0.038302120577779875,0.5090502186278844,Cert,,FLOOR_COLLAPSED,0.37772833736057115,0.0550031029456836,0.01991622048808111,0.038302120577779875,0.5090502186278844,0.0,0.0,0.4153854423309925,0.0,False,True,0.0,-0.0,
dirichlet_60,0.37772833736057115,0.0550031029456836,0.01991622048808111,0.038302120577779875,0.5090502186278844,MaxMin,c=0.0,INFEASIBLE_BALL_MISSES_SIMPLEX,,,,,,,,,,False,False,,,
dirichlet_60,0.37772833736057115,0.0550031029456836,0.01991622048808111,0.038302120577779875,0.5090502186278844,MaxMin,c=0.1,INFEASIBLE_BALL_MISSES_SIMPLEX,,,,,,,,,,False,False,,,
dirichlet_60,0.37772833736057115,0.0550031029456836,0.01991622048808111,0.038302120577779875,0.5090502186278844,MaxMin,c=0.25,INFEASIBLE_BALL_MISSES_SIMPLEX,,,,,,,,,,False,False,,,
dirichlet_60,0.37772833736057115,0.0550031029456836,0.01991622048808111,0.038302120577779875,0.5090502186278844,MaxMin,c=0.5,INFEASIBLE_BALL_MISSES_SIMPLEX,,,,,,,,,,False,False,,,
dirichlet_60,0.37772833736057115,0.0550031029456836,0.01991622048808111,0.038302120577779875,0.5090502186278844,MaxMin,c=0.75,OK,0.3721050388584787,0.002962515373884942,4.857225732735059e-16,3.4694469519536136e-17,0.6249324457676358,0.1342841877773227,0.13363843078003787,0.4650520703279907,-0.05347653842381474,True,True,-0.05347653842381474,,
dirichlet_60,0.37772833736057115,0.0550031029456836,0.01991622048808111,0.038302120577779875,0.5090502186278844,MaxMin,c=0.9,OK,0.36551379695073005,0.04290984178317023,0.007829543075239335,0.02339011117403467,0.5603567070168258,0.05741300818727814,0.05731668666281393,0.43451785040817,-0.013462554840952663,True,True,-0.013462554840952663,,
dirichlet_60,0.37772833736057115,0.0550031029456836,0.01991622048808111,0.038302120577779875,0.5090502186278844,MaxMin,c=0.95,OK,0.3717506972940383,0.049084815393755775,0.014001154939151592,0.03100437363901498,0.5341589587340394,0.02809719290002378,0.028050054376216303,0.4247485984755532,-0.006588402388872201,True,True,-0.006588402388872201,,
dirichlet_60,0.37772833736057115,0.0550031029456836,0.01991622048808111,0.038302120577779875,0.5090502186278844,MaxMin,c=1.0,OK,0.37772833736057115,0.0550031029456836,0.01991622048808111,0.038302120577779875,0.5090502186278844,0.0,0.0,0.4153854423309925,0.0,False,True,0.0,,
dirichlet_60,0.37772833736057115,0.0550031029456836,0.01991622048808111,0.038302120577779875,0.5090502186278844,Fair,"alpha=0.0,eps=0.01",OK,0.421061901281822,0.04292527571303023,0.008399565585735787,0.0284337751551028,0.49917948226430925,0.04848835623795829,0.04735254731858163,0.42493072032961393,-0.010000000000000005,True,True,,,0.05174427244510352
dirichlet_60,0.37772833736057115,0.0550031029456836,0.01991622048808111,0.038302120577779875,0.5090502186278844,Fair,"alpha=0.0,eps=0.02",OK,0.46119168981258307,0.030917554578052044,0.0,0.018560170353477897,0.4893305852558871,0.0933890208761873,0.0912408967246318,0.43338662194884914,-0.020000000000000028,True,True,,,0.10340500631350939
dirichlet_60,0.37772833736057115,0.0550031029456836,0.01991622048808111,0.038302120577779875,0.5090502186278844,Fair,"alpha=0.0,eps=0.05",OK,0.540388204450516,0.0,0.0,0.0,0.4596117955494839,0.18382448055451042,0.1799088787144014,0.444961361793684,-0.0500000000000001,True,True,,,0.25715802614004757
dirichlet_60,0.37772833736057115,0.0550031029456836,0.01991622048808111,0.038302120577779875,0.5090502186278844,Fair,"alpha=0.0,eps=0.1",OK,0.5907575113773696,0.0,0.0,0.0,0.40924248862263046,0.24542221082049437,0.24139688795149056,0.4385660211488827,-0.1,True,True,,,0.5115118247522197
dirichlet_60,0.37772833736057115,0.0550031029456836,0.01991622048808111,0.038302120577779875,0.5090502186278844,Fair,"alpha=0.5,eps=0.01",OK,0.37840673298917443,0.05545430698940864,0.019986693310585505,0.0380585336796751,0.5080937330311565,0.0012817844633048992,0.0012985544873961332,0.4151808684832834,-0.0009594213389548321,True,True,,,1.0004473972112282
dirichlet_60,0.37772833736057115,0.0550031029456836,0.01991622048808111,0.038302120577779875,0.5090502186278844,Fair,"alpha=0.5,eps=0.02",OK,0.3790851285652893,0.055905511343471645,0.02005716635079625,0.03781494643816264,0.5071372473022803,0.0025635691839134534,0.0025971092507891457,0.4149762945598302,-0.001918842822813206,True,True,,,1.414846277576982
dirichlet_60,0.37772833736057115,0.0550031029456836,0.01991622048808111,0.038302120577779875,0.5090502186278844,Fair,"alpha=0.5,eps=0.05",OK,0.38112031530903173,0.05725912431281775,0.02026858464992235,0.03708418530905702,0.504267790419171,0.006408922936395379,0.006492773093565435,0.41436257294778195,-0.004797106947784192,True,True,,,2.2370683880770397
dirichlet_60,0.37772833736057115,0.0550031029456836,0.01991622048808111,0.038302120577779875,0.5090502186278844,Fair,"alpha=0.5,eps=0.1",OK,0.3845122978504154,0.05951514197917421,0.020620946392326627,0.03586624787647326,0.4994853659016106,0.012817844524720335,0.012985544753626059,0.4133397066843285,-0.009594210272831643,True,True,,,3.163692454374668
dirichlet_60,0.37772833736057115,0.0550031029456836,0.01991622048808111,0.038302120577779875,0.5090502186278844,Fair,"alpha=1.0,eps=0.01",OK,0.37806592177118326,0.05523024065937903,0.019955733893909856,0.03818411494276917,0.5085639887327588,0.000646112161562848,0.0006545732400230043,0.41527898751961256,-0.00048755027686773274,True,True,,,-23.02360145026797
dirichlet_60,0.37772833736057115,0.0550031029456836,0.01991622048808111,0.038302120577779875,0.5090502186278844,Fair,"alpha=1.0,eps=0.02",OK,0.3784035061392411,0.05545737841586501,0.019995247385939836,0.03806610927001165,0.5080777587889425,0.0012922243647423522,0.0013091465256085044,0.4151725326715062,-0.0009751006040321718,True,True,,,-19.557865547468246
dirichlet_60,0.37772833736057115,0.0550031029456836,0.01991622048808111,0.038302120577779875,0.5090502186278844,Fair,"alpha=1.0,eps=0.05",OK,0.37941625934931167,0.05613879160741627,0.020113787719474387,0.037712092330804345,0.5066190689929932,0.003230560952349059,0.003272866353545496,0.4148531681790354,-0.00243775154647357,True,True,,,-14.97641188809747
dirichlet_60,0.37772833736057115,0.0550031029456836,0.01991622048808111,0.038302120577779875,0.5090502186278844,Fair,"alpha=1.0,eps=0.1",OK,0.3811041807575379,0.05727448039299835,0.020311354890792388,0.03712206439490362,0.5041879195637679,0.006461121429664717,0.006545732224599014,0.41432089393640703,-0.004875502878671758,True,True,,,-11.510675985297745
dirichlet_60,0.37772833736057115,0.0550031029456836,0.01991622048808111,0.038302120577779875,0.5090502186278844,Fair,"alpha=2.0,eps=0.01",OK,0.37789670335896625,0.055117034051063614,0.01993704766579589,0.03824409496881499,0.5088051199553594,0.0003243478196157696,0.00032859520477135205,0.4153311710622231,-0.0002457210361352945,True,True,,,-499.8872199961882
dirichlet_60,0.37772833736057115,0.0550031029456836,0.01991622048808111,0.038302120577779875,0.5090502186278844,Fair,"alpha=2.0,eps=0.02",OK,0.3780650691918884,0.055230965379360474,0.019957874707961273,0.038186069411224544,0.5085600213095653,0.0006486955935438876,0.0006571903622421876,0.4152768997592873,-0.0004914420438967315,True,True,,,-249.9436099980941
dirichlet_60,0.37772833736057115,0.0550031029456836,0.01991622048808111,0.038302120577779875,0.5090502186278844,Fair,"alpha=2.0,eps=0.05",OK,0.37857016736124266,0.05557275796683752,0.0200203565576543,0.03801199248491581,0.5078247256293498,0.0016217386700294342,0.0016429755933314604,0.41511408614013684,-0.0012286048203332494,True,True,,,-99.97744399923764
dirichlet_60,0.37772833736057115,0.0550031029456836,0.01991622048808111,0.038302120577779875,0.5090502186278844,Fair,"alpha=2.0,eps=0.1",OK,0.379411997367588,0.056142413974939055,0.02012449227195636,0.03772186448308246,0.5065992319024342,0.0032434782009960026,0.0032859520524904993,0.4148427296500338,-0.002457210361678613,True,True,,,-49.98872199961882
dirichlet_61,0.15207453155357126,0.17901214086248043,0.05888249441480218,0.22308235426659764,0.38694847890254835,Avg,rho=0.0,OK,0.0,4.721637052554258e-16,0.0,0.0,0.9999999999999996,0.695871440840147,0.6922805816824584,0.3976962391943743,-0.2050187350242076,True,True,,,
dirichlet_61,0.15207453155357126,0.17901214086248043,0.05888249441480218,0.22308235426659764,0.38694847890254835,Avg,rho=0.1,OK,2.482534153247274e-17,0.0,1.525182938306214e-16,0.022605054691769905,0.9773949453082299,0.6689225180898657,0.6661339740374824,0.3942425665472734,-0.19250482706596406,True,True,,,
dirichlet_61,0.15207453155357126,0.17901214086248043,0.05888249441480218,0.22308235426659764,0.38694847890254835,Avg,rho=0.2,OK,0.0,0.05142702752914411,0.0,0.1954497657089804,0.7531232067618755,0.42156762650051116,0.42435846038670905,0.35749984589840844,-0.16103412444017814,True,True,,,
dirichlet_61,0.15207453155357126,0.17901214086248043,0.05888249441480218,0.22308235426659764,0.38694847890254835,Avg,rho=0.5,OK,0.08906477578570303,0.1416273375229561,1.7833855187965666e-17,0.22417285724477376,0.5451350294465672,0.18400862740896518,0.185849166313751,0.3149591445930936,-0.0672486625794052,True,True,,,
dirichlet_61,0.15207453155357126,0.17901214086248043,0.05888249441480218,0.22308235426659764,0.38694847890254835,Cert,,FLOOR_COLLAPSED,0.15207453155357128,0.17901214086248046,0.058882494414802186,0.22308235426659767,0.3869484789025484,7.376145397762941e-17,7.609860809770614e-17,0.2746448821633527,1.0062280406679955e-17,False,True,1.0062280406679955e-17,-0.0,
dirichlet_61,0.15207453155357126,0.17901214086248043,0.05888249441480218,0.22308235426659764,0.38694847890254835,MaxMin,c=0.0,INFEASIBLE_BALL_MISSES_SIMPLEX,,,,,,,,,,False,False,,,
dirichlet_61,0.15207453155357126,0.17901214086248043,0.05888249441480218,0.22308235426659764,0.38694847890254835,MaxMin,c=0.1,INFEASIBLE_BALL_MISSES_SIMPLEX,,,,,,,,,,False,False,,,
dirichlet_61,0.15207453155357126,0.17901214086248043,0.05888249441480218,0.22308235426659764,0.38694847890254835,MaxMin,c=0.25,INFEASIBLE_BALL_MISSES_SIMPLEX,,,,,,,,,,False,False,,,
dirichlet_61,0.15207453155357126,0.17901214086248043,0.05888249441480218,0.22308235426659764,0.38694847890254835,MaxMin,c=0.5,OK,0.11209576173203269,0.13924195029234857,0.019033780317134038,0.20729505183914504,0.5223334558193398,0.1527947021410162,0.15367646661580442,0.3067615213742926,-0.04382395058302195,True,True,-0.04382395058302195,,
dirichlet_61,0.15207453155357126,0.17901214086248043,0.05888249441480218,0.22308235426659764,0.38694847890254835,MaxMin,c=0.75,OK,0.13604432161573354,0.1631410962907178,0.04302009027369604,0.20351201978684488,0.4542824720330078,0.0753481132751708,0.0752217021121728,0.28949339053426965,-0.01766808845515384,True,True,-0.01766808845515384,,
dirichlet_61,0.15207453155357126,0.17901214086248043,0.05888249441480218,0.22308235426659764,0.38694847890254835,MaxMin,c=0.9,OK,0.14598421471531076,0.17298229531641357,0.05285593160555001,0.215647046926605,0.4125305114361207,0.02862681679094944,0.0285787897197173,0.28028623813467984,-0.006712591852232317,True,True,-0.006712591852232317,,
dirichlet_61,0.15207453155357126,0.17901214086248043,0.05888249441480218,0.22308235426659764,0.38694847890254835,MaxMin,c=0.95,OK,0.14906598964230883,0.17603347102878442,0.05590544621287888,0.21940940352371407,0.39958568959231383,0.014141296814074012,0.014117572029220543,0.277431642906154,-0.0033159381452488165,True,True,-0.0033159381452488165,,
dirichlet_61,0.15207453155357126,0.17901214086248043,0.05888249441480218,0.22308235426659764,0.38694847890254835,MaxMin,c=1.0,OK,0.15207453155357128,0.17901214086248046,0.058882494414802186,0.22308235426659767,0.3869484789025484,7.376145397762941e-17,7.609860809770614e-17,0.2746448821633527,1.0062280406679955e-17,False,True,1.0062280406679955e-17,,
dirichlet_61,0.15207453155357126,0.17901214086248043,0.05888249441480218,0.22308235426659764,0.38694847890254835,Fair,"alpha=0.0,eps=0.01",OK,0.19540809547482216,0.16693431362982708,0.04736583951245686,0.21321400884392055,0.37707774253897325,0.048488356237958316,0.04735254731858165,0.27251386815602213,-0.010000000000000012,True,True,,,0.05174427244510352
dirichlet_61,0.15207453155357126,0.17901214086248043,0.05888249441480218,0.22308235426659764,0.38694847890254835,Fair,"alpha=0.0,eps=0.02",OK,0.2387416593960731,0.15485648639717373,0.035849184610111544,0.20334566342124355,0.36720700617539814,0.09697671247591666,0.09470509463716335,0.2703828541486916,-0.019999999999999987,True,True,,,0.10348854489020703
dirichlet_61,0.15207453155357126,0.17901214086248043,0.05888249441480218,0.22308235426659764,0.38694847890254835,Fair,"alpha=0.0,eps=0.05",OK,0.3687423511598258,0.11862300469921364,0.001299219903075577,0.17374062715321228,0.33759479708467277,0.2424417811897916,0.23676273659290828,0.2639898121267001,-0.049999999999999996,True,True,,,0.25872136222551756
dirichlet_61,0.15207453155357126,0.17901214086248043,0.05888249441480218,0.22308235426659764,0.38694847890254835,Fair,"alpha=0.0,eps=0.1",OK,0.5275608598492146,0.05949974674127228,0.0,0.12430393350475535,0.28863545990475786,0.4220935552063066,0.4129635250423671,0.24813058769397647,-0.09999999999999999,True,True,,,0.515934301260296
dirichlet_61,0.15207453155357126,0.17901214086248043,0.05888249441480218,0.22308235426659764,0.38694847890254835,Fair,"alpha=0.5,eps=0.01",OK,0.15275292717227862,0.17946334521120763,0.05895296714325067,0.22283876725689436,0.38599199321636884,0.0012817846482186957,0.0012985546770807625,0.2744163906083586,-0.0009594214317810403,True,True,,,1.0004473972112282
dirichlet_61,0.15207453155357126,0.17901214086248043,0.05888249441480218,0.22308235426659764,0.38694847890254835,Fair,"alpha=0.5,eps=0.02",OK,0.15343132276663501,0.17991454944482538,0.059023439822816014,0.2225951803328093,0.38503550763291433,0.002563569147416356,0.0025971091998661286,0.2741878990844993,-0.001918842758076913,True,True,,,1.4148462775769817
dirichlet_61,0.15207453155357126,0.17901214086248043,0.05888249441480218,0.22308235426659764,0.38694847890254835,Fair,"alpha=0.5,eps=0.05",OK,0.15546650933177278,0.18126816218445557,0.059234858006522374,0.22186441968765705,0.3821660507895923,0.006408922596502535,0.006492772721752474,0.2735024244884085,-0.00479710682622415,True,True,,,2.2370683880770397
dirichlet_61,0.15207453155357126,0.17901214086248043,0.05888249441480218,0.22308235426659764,0.38694847890254835,Fair,"alpha=0.5,eps=0.1",OK,0.15885848716766118,0.18352418202730109,0.059587223265242996,0.22064648484684765,0.3773836226929472,0.0128178448321097,0.012985545111751142,0.2723599666054923,-0.009594213651123269,True,True,,,3.163692454374668
dirichlet_61,0.15207453155357126,0.17901214086248043,0.05888249441480218,0.22308235426659764,0.38694847890254835,Fair,"alpha=1.0,eps=0.01",OK,0.15241211594127635,0.17923927861297861,0.058922007860633584,0.22296434861836273,0.3864622489667488,0.0006461121980028292,0.0006545732784966164,0.27452874618940504,-0.0004875503180723312,True,True,,,-23.02360145026797
dirichlet_61,0.15207453155357126,0.17901214086248043,0.05888249441480218,0.22308235426659764,0.38694847890254835,Fair,"alpha=1.0,eps=0.02",OK,0.15274970006486543,0.17946641627231658,0.058961521284136675,0.2228463428294285,0.3859760195492528,0.0012922238602457495,0.0013091460210738024,0.2744126103217869,-0.0009751001257600892,True,True,,,-19.557865547468246
dirichlet_61,0.15207453155357126,0.17901214086248043,0.05888249441480218,0.22308235426659764,0.38694847890254835,Fair,"alpha=1.0,eps=0.05",OK,0.15376245357441443,0.18014782943224056,0.059080061658476624,0.22249232597991647,0.3845173293549519,0.0032305608790992417,0.0032728662799312884,0.2740642023141456,-0.00243775146088254,True,True,,,-14.97641188809747
dirichlet_61,0.15207453155357126,0.17901214086248043,0.05888249441480218,0.22308235426659764,0.38694847890254835,Fair,"alpha=1.0,eps=0.1",OK,0.15545037540878281,0.1812835180669113,0.05927762894441525,0.22190229787898302,0.3820861797009077,0.006461121732353894,0.006545732532160283,0.27348352245194707,-0.004875503021893392,True,True,,,-11.510675985297745
dirichlet_61,0.15207453155357126,0.17901214086248043,0.05888249441480218,0.22308235426659764,0.38694847890254835,Fair,"alpha=2.0,eps=0.01",OK,0.15224289751665396,0.1791260720136763,0.05890332159957043,0.22302432863531302,0.3867033802347863,0.00032434781822554684,0.00032859520474081365,0.27458634611615207,-0.00024572103233818786,True,True,,,-499.8872199961882
dirichlet_61,0.15207453155357126,0.17901214086248043,0.05888249441480218,0.22308235426659764,0.38694847890254835,Fair,"alpha=2.0,eps=0.02",OK,0.15241126341386768,0.17924000303649168,0.05892414873400114,0.22296630320438504,0.38645828161125445,0.0006486954846646489,0.0006571902497092689,0.27452781009502253,-0.0004914420134658365,True,True,,,-249.9436099980941
dirichlet_61,0.15207453155357126,0.17901214086248043,0.05888249441480218,0.22308235426659764,0.38694847890254835,Fair,"alpha=2.0,eps=0.05",OK,0.15291636149979596,0.17958179640124222,0.058986630315352624,0.22279222627599898,0.38572298550761025,0.0016217390939827062,0.0016429760190801016,0.2743522019236922,-0.0012286052111091467,True,True,,,-99.97744399923764
dirichlet_61,0.15207453155357126,0.17901214086248043,0.05888249441480218,0.22308235426659764,0.38694847890254835,Fair,"alpha=2.0,eps=0.1",OK,0.1537581915214448,0.18015145192518803,0.05909076621630947,0.22250209810872082,0.3844974922283368,0.0032434781661431836,0.0032859520199173113,0.27405952169691467,-0.002457210313107131,True,True,,,-49.98872199961882
dirichlet_62,0.021334524347257945,0.12408209868808634,0.539515651041088,0.12210691302387683,0.19296081289969094,Avg,rho=0.0,OK,0.0,1.5959455978986623e-16,0.9999999999999996,0.0,2.4980018054066017e-16,0.5291893217962796,0.5245417302251756,0.5481672666431369,-0.19824178492756908,True,True,,,
dirichlet_62,0.021334524347257945,0.12408209868808634,0.539515651041088,0.12210691302387683,0.19296081289969094,Avg,rho=0.1,OK,4.7107140285772505e-17,0.0,0.9999999999999996,1.960237527853792e-16,2.498001805406602e-16,0.5291893217962796,0.5245417302251756,0.5481672666431369,-0.19824178492756908,True,True,,,
dirichlet_62,0.021334524347257945,0.12408209868808634,0.539515651041088,0.12210691302387683,0.19296081289969094,Avg,rho=0.2,OK,0.0,5.204170427930421e-17,1.0,0.0,0.0,0.5291893217962801,0.524541730225176,0.5481672666431371,-0.19824178492756933,True,True,,,
dirichlet_62,0.021334524347257945,0.12408209868808634,0.539515651041088,0.12210691302387683,0.19296081289969094,Avg,rho=0.5,OK,0.0,0.011006583511202908,0.8402907332728597,0.007334168696557721,0.1413685145193798,0.3457476424297895,0.340749237549966,0.49142487689561615,-0.11406803948192173,True,True,,,
dirichlet_62,0.021334524347257945,0.12408209868808634,0.539515651041088,0.12210691302387683,0.19296081289969094,Cert,,FLOOR_COLLAPSED,0.021334524347257945,0.12408209868808634,0.539515651041088,0.12210691302387683,0.19296081289969094,0.0,0.0,0.3714785600338954,0.0,False,True,0.0,-0.0,
dirichlet_62,0.021334524347257945,0.12408209868808634,0.539515651041088,0.12210691302387683,0.19296081289969094,MaxMin,c=0.0,INFEASIBLE_BALL_MISSES_SIMPLEX,,,,,,,,,,False,False,,,
dirichlet_62,0.021334524347257945,0.12408209868808634,0.539515651041088,0.12210691302387683,0.19296081289969094,MaxMin,c=0.1,INFEASIBLE_BALL_MISSES_SIMPLEX,,,,,,,,,,False,False,,,
dirichlet_62,0.021334524347257945,0.12408209868808634,0.539515651041088,0.12210691302387683,0.19296081289969094,MaxMin,c=0.25,INFEASIBLE_BALL_MISSES_SIMPLEX,,,,,,,,,,False,False,,,
dirichlet_62,0.021334524347257945,0.12408209868808634,0.539515651041088,0.12210691302387683,0.19296081289969094,MaxMin,c=0.5,OK,0.0,0.05836643854766879,0.7425010629129165,0.06296638376573371,0.1361661147736811,0.22956486509426552,0.22659791723096345,0.45183951393487853,-0.05946537490516606,True,True,-0.05946537490516606,,
dirichlet_62,0.021334524347257945,0.12408209868808634,0.539515651041088,0.12210691302387683,0.19296081289969094,MaxMin,c=0.75,OK,2.6367796834847463e-16,0.09980549457275778,0.6284019993892166,0.0999742941601211,0.17181821187790416,0.09940905771053116,0.09787592842842141,0.40790286866839637,-0.022232138757550063,True,True,-0.022232138757550063,,
dirichlet_62,0.021334524347257945,0.12408209868808634,0.539515651041088,0.12210691302387683,0.19296081289969094,MaxMin,c=0.9,OK,0.011906718259675425,0.11492000744889597,0.5744834729903551,0.11372482004084326,0.1849649812602303,0.03911225922596099,0.038486425539541576,0.3859143925305661,-0.008417556957248558,True,True,-0.008417556957248558,,
dirichlet_62,0.021334524347257945,0.12408209868808634,0.539515651041088,0.12210691302387683,0.19296081289969094,MaxMin,c=0.95,OK,0.016629232716722123,0.11950942177624874,0.5569676222025085,0.11792352278514588,0.18897020051937463,0.019520404246504197,0.019208059043446267,0.3786832905083445,-0.004201089832837029,True,True,-0.004201089832837029,,
dirichlet_62,0.021334524347257945,0.12408209868808634,0.539515651041088,0.12210691302387683,0.19296081289969094,MaxMin,c=1.0,OK,0.021334524347257945,0.12408209868808634,0.539515651041088,0.12210691302387683,0.19296081289969094,0.0,0.0,0.3714785600338954,0.0,False,True,0.0,,
dirichlet_62,0.021334524347257945,0.12408209868808634,0.539515651041088,0.12210691302387683,0.19296081289969094,Fair,"alpha=0.0,eps=0.01",OK,0.06466808826850884,0.11200427145543297,0.5279989961387427,0.11223856760119975,0.1830900765361158,0.048488356237958316,0.047352547318581656,0.3625824994742066,-0.010000000000000004,True,True,,,0.05174427244510352
dirichlet_62,0.021334524347257945,0.12408209868808634,0.539515651041088,0.12210691302387683,0.19296081289969094,Fair,"alpha=0.0,eps=0.02",OK,0.10800165218975974,0.0999264442227796,0.5164823412363974,0.10237022217852268,0.17321934017254068,0.09697671247591663,0.09470509463716333,0.35368643891451784,-0.020000000000000007,True,True,,,0.10348854489020703
dirichlet_62,0.021334524347257945,0.12408209868808634,0.539515651041088,0.12210691302387683,0.19296081289969094,Fair,"alpha=0.0,eps=0.05",OK,0.2380023439535124,0.06369296252481951,0.4819323765293614,0.07276518591049144,0.14360713108181528,0.24244178118979157,0.23676273659290825,0.32699825723545145,-0.05000000000000002,True,True,,,0.25872136222551756
dirichlet_62,0.021334524347257945,0.12408209868808634,0.539515651041088,0.12210691302387683,0.19296081289969094,Fair,"alpha=0.0,eps=0.1",OK,0.4546701635597669,0.0033038263615526864,0.4243491020176348,0.02342345879710607,0.09425344926393962,0.48488356237958313,0.4735254731858165,0.2825179544370075,-0.10000000000000002,True,True,,,0.5174427244510351
dirichlet_62,0.021334524347257945,0.12408209868808634,0.539515651041088,0.12210691302387683,0.19296081289969094,Fair,"alpha=0.5,eps=0.01",OK,0.02201291988183245,0.12453330295187089,0.5395861238356235,0.12186332601715025,0.1920043273135229,0.0012817845022276017,0.0012985545312834156,0.3714020193583812,-0.0009594213325676923,True,True,,,1.0004473972112282
dirichlet_62,0.021334524347257945,0.12408209868808634,0.539515651041088,0.12210691302387683,0.19296081289969094,Fair,"alpha=0.5,eps=0.02",OK,0.022691315376318306,0.12498450719978157,0.539656596524094,0.12161973906448138,0.19104784183532475,0.0025635688809770344,0.002597108934436455,0.371325478649,-0.0019188425554191202,True,True,,,1.414846277576982
dirichlet_62,0.021334524347257945,0.12408209868808634,0.539515651041088,0.12210691302387683,0.19296081289969094,Fair,"alpha=0.5,eps=0.05",OK,0.024726502435524666,0.12633811999264286,0.5398680149757982,0.12088897756735235,0.188178385028682,0.006408922759562751,0.006492772912754101,0.37109585661046285,-0.004797106616908244,True,True,,,2.2370683880770397
dirichlet_62,0.021334524347257945,0.12408209868808634,0.539515651041088,0.12210691302387683,0.19296081289969094,Fair,"alpha=0.5,eps=0.1",OK,0.02811848051341313,0.12859414131731356,0.5402203784519701,0.11967104246657222,0.1833959572507311,0.01281784535845669,0.012985545644382793,0.3707131530068671,-0.009594213126796557,True,True,,,3.163692454374668
dirichlet_62,0.021334524347257945,0.12408209868808634,0.539515651041088,0.12210691302387683,0.19296081289969094,Fair,"alpha=1.0,eps=0.01",OK,0.02167210869627848,0.12430923647907577,0.5395551645125708,0.121988907380689,0.19247458293138603,0.000646112217133963,0.0006545732988902926,0.37144171816567306,-0.0004875503504878959,True,True,,,-23.02360145026797
dirichlet_62,0.021334524347257945,0.12408209868808634,0.539515651041088,0.12210691302387683,0.19296081289969094,Fair,"alpha=1.0,eps=0.02",OK,0.022009693065586634,0.12453637400458174,0.5395946782278311,0.12187090178200892,0.19198835291999158,0.0012922243907449067,0.001309146555975249,0.3714048763897065,-0.0009751007430597225,True,True,,,-19.557865547468246
dirichlet_62,0.021334524347257945,0.12408209868808634,0.539515651041088,0.12210691302387683,0.19296081289969094,Fair,"alpha=1.0,eps=0.05",OK,0.02302244628592777,0.12521778731677238,0.5397132182708019,0.12151688482581195,0.19052966330068608,0.003230560878528635,0.0032728662779735775,0.37129435063560534,-0.0024377515091338416,True,True,,,-14.97641188809747
dirichlet_62,0.021334524347257945,0.12408209868808634,0.539515651041088,0.12210691302387683,0.19296081289969094,Fair,"alpha=1.0,eps=0.1",OK,0.024710368254910457,0.12635347602543814,0.5399107855395892,0.12092685647186607,0.18809851370819627,0.006461121826968511,0.006545732631638134,0.37111014125197395,-0.004875503017415126,True,True,,,-11.510675985297745
dirichlet_62,0.021334524347257945,0.12408209868808634,0.539515651041088,0.12210691302387683,0.19296081289969094,Fair,"alpha=2.0,eps=0.01",OK,0.021502890344668388,0.12419602979594582,0.5395364782200583,0.12204888741390049,0.19271571422542705,0.00032434782155120007,0.000328595206804537,0.3714604990698839,-0.00024572103791140287,True,True,,,-499.88721999618826
dirichlet_62,0.021334524347257945,0.12408209868808634,0.539515651041088,0.12210691302387683,0.19296081289969094,Fair,"alpha=2.0,eps=0.02",OK,0.021671256463023866,0.12430996098045397,0.539557305280953,0.12199086182718925,0.19247061544837996,0.000648695798733397,0.000657190566976719,0.3714424380429252,-0.00049144217655009,True,True,,,-249.9436099980941
dirichlet_62,0.021334524347257945,0.12408209868808634,0.539515651041088,0.12210691302387683,0.19296081289969094,Fair,"alpha=2.0,eps=0.05",OK,0.022176354335599814,0.12465175421532729,0.5396197869333534,0.12181678497990828,0.1917353195358112,0.0016217390973446016,0.0016429760232088474,0.3713882552129808,-0.0012286051819206114,True,True,,,-99.97744399923764
dirichlet_62,0.021334524347257945,0.12408209868808634,0.539515651041088,0.12210691302387683,0.19296081289969094,Fair,"alpha=2.0,eps=0.1",OK,0.023018184214844188,0.12522140980758367,0.5397239230737392,0.12152665648899819,0.19050982641483477,0.00324347807323133,0.003285951942189612,0.37129795051651127,-0.002457210139186674,True,True,,,-49.98872199961882
dirichlet_63,0.1490674187507863,0.2135810186979908,0.03391325207912303,0.5891182333407776,0.014320077131322375,Avg,rho=0.0,OK,0.0,0.0,1.8648277366750671e-16,0.9999999999999998,4.1416522988946263e-17,0.48786980469150415,0.4873292150259504,0.5962141887285678,-0.21764093814350005,True,True,,,
dirichlet_63,0.1490674187507863,0.2135810186979908,0.03391325207912303,0.5891182333407776,0.014320077131322375,Avg,rho=0.1,OK,0.0,0.0,1.0603497246908233e-16,1.0,0.0,0.4878698046915043,0.48732921502595056,0.5962141887285679,-0.21764093814350005,True,True,,,
dirichlet_63,0.1490674187507863,0.2135810186979908,0.03391325207912303,0.5891182333407776,0.014320077131322375,Avg,rho=0.2,OK,0.0,0.0,1.845312097570328e-16,0.9999999999999998,0.0,0.48786980469150415,0.4873292150259504,0.5962141887285678,-0.21764093814350005,True,True,,,
dirichlet_63,0.1490674187507863,0.2135810186979908,0.03391325207912303,0.5891182333407776,0.014320077131322375,Avg,rho=0.5,OK,0.0021563813208762155,0.13117936848862127,1.1851684997982167e-17,0.8666642501905024,0.0,0.3267412579101951,0.32625929111243196,0.5479001578227944,-0.1498077390481478,True,True,,,
dirichlet_63,0.1490674187507863,0.2135810186979908,0.03391325207912303,0.5891182333407776,0.014320077131322375,Cert,,FLOOR_COLLAPSED,0.1490674187507863,0.2135810186979908,0.03391325207912303,0.5891182333407776,0.014320077131322375,0.0,0.0,0.429918141274945,0.0,False,True,0.0,-0.0,
dirichlet_63,0.1490674187507863,0.2135810186979908,0.03391325207912303,0.5891182333407776,0.014320077131322375,MaxMin,c=0.0,INFEASIBLE_BALL_MISSES_SIMPLEX,,,,,,,,,,False,False,,,
dirichlet_63,0.1490674187507863,0.2135810186979908,0.03391325207912303,0.5891182333407776,0.014320077131322375,MaxMin,c=0.1,INFEASIBLE_BALL_MISSES_SIMPLEX,,,,,,,,,,False,False,,,
dirichlet_63,0.1490674187507863,0.2135810186979908,0.03391325207912303,0.5891182333407776,0.014320077131322375,MaxMin,c=0.25,INFEASIBLE_BALL_MISSES_SIMPLEX,,,,,,,,,,False,False,,,
dirichlet_63,0.1490674187507863,0.2135810186979908,0.03391325207912303,0.5891182333407776,0.014320077131322375,MaxMin,c=0.5,INFEASIBLE_BALL_MISSES_SIMPLEX,,,,,,,,,,False,False,,,
dirichlet_63,0.1490674187507863,0.2135810186979908,0.03391325207912303,0.5891182333407776,0.014320077131322375,MaxMin,c=0.75,OK,0.11611148552699296,0.18006865685789228,0.0,0.7038198576151147,2.289834988289385e-16,0.1293089626342782,0.12875702801061323,0.4820819777373455,-0.03519656923808495,True,True,-0.03519656923808495,,
dirichlet_63,0.1490674187507863,0.2135810186979908,0.03391325207912303,0.5891182333407776,0.014320077131322375,MaxMin,c=0.9,OK,0.13910454898680255,0.2034044167017629,0.02357592407513434,0.6317610580118954,0.0021540522244048715,0.04770854232056571,0.047198063479748295,0.450110529402355,-0.010583093610920401,True,True,-0.010583093610920401,,
dirichlet_63,0.1490674187507863,0.2135810186979908,0.03391325207912303,0.5891182333407776,0.014320077131322375,MaxMin,c=0.95,OK,0.14410497255016108,0.20851211374311315,0.028764290455288524,0.6103583707997771,0.008260252451660238,0.02376334130472474,0.023509074828887443,0.4399758497583641,-0.005271376011581547,True,True,-0.005271376011581547,,
dirichlet_63,0.1490674187507863,0.2135810186979908,0.03391325207912303,0.5891182333407776,0.014320077131322375,MaxMin,c=1.0,OK,0.1490674187507863,0.2135810186979908,0.03391325207912303,0.5891182333407776,0.014320077131322375,0.0,0.0,0.429918141274945,0.0,False,True,0.0,,
dirichlet_63,0.1490674187507863,0.2135810186979908,0.03391325207912303,0.5891182333407776,0.014320077131322375,Fair,"alpha=0.0,eps=0.01",OK,0.19240098267203715,0.20150319146533738,0.022396597176777708,0.5792498879181004,0.004449340767747245,0.048488356237958316,0.04735254731858165,0.4276315264034739,-0.010000000000000153,True,True,,,0.05174427244510352
dirichlet_63,0.1490674187507863,0.2135810186979908,0.03391325207912303,0.5891182333407776,0.014320077131322375,Fair,"alpha=0.0,eps=0.02",OK,0.22981313834098085,0.18977506112743334,0.011166784943830301,0.5692450155877556,0.0,0.09057596815950969,0.08835844016970623,0.42455033393908526,-0.020000000000000007,True,True,,,0.10301601851542265
dirichlet_63,0.1490674187507863,0.2135810186979908,0.03391325207912303,0.5891182333407776,0.014320077131322375,Fair,"alpha=0.0,eps=0.05",OK,0.30520606914738985,0.15593264842809854,0.0,0.5388612824245116,0.0,0.17771760501840136,0.1732128113828564,0.41090205425748944,-0.05000000000000011,True,True,,,0.2550962758534816
dirichlet_63,0.1490674187507863,0.2135810186979908,0.03391325207912303,0.5891182333407776,0.014320077131322375,Fair,"alpha=0.0,eps=0.1",OK,0.4118674486825513,0.09993895315591941,0.0,0.4881935981615294,0.0,0.3058093034139062,0.29811349416204164,0.3860662461690062,-0.10000000000000002,True,True,,,0.5080757694604916
dirichlet_63,0.1490674187507863,0.2135810186979908,0.03391325207912303,0.5891182333407776,0.014320077131322375,Fair,"alpha=0.5,eps=0.01",OK,0.14974581435627443,0.21403222308559716,0.033983724838096266,0.588874646327644,0.013363591392388276,0.0012817846966046338,0.0012985547271202112,0.42996293148864473,-0.0009594214846011802,True,True,,,1.0004473972112282
dirichlet_63,0.1490674187507863,0.2135810186979908,0.03391325207912303,0.5891182333407776,0.014320077131322375,Fair,"alpha=0.5,eps=0.02",OK,0.15042420994923927,0.21448342721004174,0.03405419762129414,0.5886310592740646,0.012407105945360224,0.002563569085138638,0.002597109142930434,0.4300077216273311,-0.0019188426800229722,True,True,,,1.414846277576982
dirichlet_63,0.1490674187507863,0.2135810186979908,0.03391325207912303,0.5891182333407776,0.014320077131322375,Fair,"alpha=0.5,eps=0.05",OK,0.1524593967000311,0.21583704003676057,0.034265615904283474,0.5879002982124537,0.009537649146471254,0.00640892271458487,0.006492772858329353,0.4301420921818383,-0.004797106718597734,True,True,,,2.2370683880770397
dirichlet_63,0.1490674187507863,0.2135810186979908,0.03391325207912303,0.5891182333407776,0.014320077131322375,Fair,"alpha=0.5,eps=0.1",OK,0.15585137464901477,0.21809306138668483,0.03461797975255905,0.5866823630517495,0.004755221159991835,0.012817845441597442,0.012985545730614674,0.43036604307333937,-0.009594213440061906,True,True,,,3.163692454374668
dirichlet_63,0.1490674187507863,0.2135810186979908,0.03391325207912303,0.5891182333407776,0.014320077131322375,Fair,"alpha=1.0,eps=0.01",OK,0.14940500309980684,0.21380815648898016,0.03395276555060582,0.5890002276975896,0.01383384716301742,0.0006461122171340045,0.0006545732988903343,0.42994281728447653,-0.0004875503504879438,True,True,,,-23.02360145026797
dirichlet_63,0.1490674187507863,0.2135810186979908,0.03391325207912303,0.5891182333407776,0.014320077131322375,Fair,"alpha=1.0,eps=0.02",OK,0.14974258731772314,0.21403529430254878,0.033992279003442115,0.5888822219865231,0.013347617389762853,0.0012922242381779104,0.001309146402539,0.4299674932426977,-0.0009751005095155228,True,True,,,-19.557865547468246
dirichlet_63,0.1490674187507863,0.2135810186979908,0.03391325207912303,0.5891182333407776,0.014320077131322375,Fair,"alpha=1.0,eps=0.05",OK,0.15075534059343657,0.21471670739269982,0.03411081923398924,0.5885282051712539,0.011888927608620406,0.00323056078435822,0.0032728661819077633,0.430041521306479,-0.0024377514321750754,True,True,,,-14.97641188809747
dirichlet_63,0.1490674187507863,0.2135810186979908,0.03391325207912303,0.5891182333407776,0.014320077131322375,Fair,"alpha=1.0,eps=0.1",OK,0.15244326254956353,0.21585239616232535,0.034308386598205294,0.5879381768119202,0.009457777877985558,0.00646112185829201,0.006545732665035355,0.4301649012665909,-0.004875503078622655,True,True,,,-11.510675985297745
dirichlet_63,0.1490674187507863,0.2135810186979908,0.03391325207912303,0.5891182333407776,0.014320077131322375,Fair,"alpha=2.0,eps=0.01",OK,0.1492357847007849,0.21369494980846063,0.03393407925726413,0.5890602077570016,0.014074978476488557,0.0003243477784339492,0.0003285951630395617,0.42993105908329343,-0.0002457210177738746,True,True,,,-499.88721999618826
dirichlet_63,0.1490674187507863,0.2135810186979908,0.03391325207912303,0.5891182333407776,0.014320077131322375,Fair,"alpha=2.0,eps=0.02",OK,0.1494041506724822,0.2138088810392838,0.033954906451543886,0.5890021820971363,0.013829879739553878,0.0006486956870965443,0.0006571904604875202,0.4299439768760251,-0.0004914421200441369,True,True,,,-249.9436099980941
dirichlet_63,0.1490674187507863,0.2135810186979908,0.03391325207912303,0.5891182333407776,0.014320077131322375,Fair,"alpha=2.0,eps=0.05",OK,0.14990924868660638,0.21415067427826165,0.0340173879470572,0.5888281053495138,0.013094583738560872,0.0016217390995421702,0.0016429760243897031,0.4299827303062608,-0.0012286052088889227,True,True,,,-99.97744399923764
dirichlet_63,0.1490674187507863,0.2135810186979908,0.03391325207912303,0.5891182333407776,0.014320077131322375,Fair,"alpha=2.0,eps=0.1",OK,0.15075107877115176,0.2147203297680632,0.03412152377183367,0.5885379772342,0.011869090454751461,0.0032434781815976394,0.00328595203141162,0.43004731926990986,-0.0024572103130614665,True,True,,,-49.98872199961882
dirichlet_64,0.27289635015312375,0.3762975744933238,0.12865170368103365,0.01937795506920209,0.20277641660331686,Avg,rho=0.0,OK,0.0,1.0,0.0,3.848917712323541e-18,0.0,0.7221649220524254,0.7043978569190901,0.40061263671698416,-0.2411053232913261,True,True,,,
dirichlet_64,0.27289635015312375,0.3762975744933238,0.12865170368103365,0.01937795506920209,0.20277641660331686,Avg,rho=0.1,OK,0.194954962358157,0.805045037641843,5.692061405548898e-17,6.049848122469115e-17,7.697835424647081e-18,0.49794004480547116,0.4894707581687631,0.382065337185685,-0.20250241262465324,True,True,,,
dirichlet_64,0.27289635015312375,0.3762975744933238,0.12865170368103365,0.01937795506920209,0.20277641660331686,Avg,rho=0.2,OK,0.3166669553937409,0.6725934034771713,1.678861653105386e-17,0.0,0.010739641129087856,0.37882974182816126,0.37535098045217713,0.368407781416468,-0.19139060252793938,True,True,,,
dirichlet_64,0.27289635015312375,0.3762975744933238,0.12865170368103365,0.01937795506920209,0.20277641660331686,Avg,rho=0.5,OK,0.31425808384913406,0.5183116981912933,0.018869156221818614,7.842953344335424e-17,0.14856106173775385,0.19299176644753424,0.1900650242766247,0.33741551754326243,-0.10181895149348669,True,True,,,
dirichlet_64,0.27289635015312375,0.3762975744933238,0.12865170368103365,0.01937795506920209,0.20277641660331686,Cert,,FLOOR_COLLAPSED,0.27289635015312375,0.3762975744933238,0.12865170368103365,0.01937795506920209,0.20277641660331686,0.0,0.0,0.29740161426617523,0.0,False,True,0.0,-0.0,
dirichlet_64,0.27289635015312375,0.3762975744933238,0.12865170368103365,0.01937795506920209,0.20277641660331686,MaxMin,c=0.0,INFEASIBLE_BALL_MISSES_SIMPLEX,,,,,,,,,,False,False,,,
dirichlet_64,0.27289635015312375,0.3762975744933238,0.12865170368103365,0.01937795506920209,0.20277641660331686,MaxMin,c=0.1,INFEASIBLE_BALL_MISSES_SIMPLEX,,,,,,,,,,False,False,,,
dirichlet_64,0.27289635015312375,0.3762975744933238,0.12865170368103365,0.01937795506920209,0.20277641660331686,MaxMin,c=0.25,INFEASIBLE_BALL_MISSES_SIMPLEX,,,,,,,,,,False,False,,,
dirichlet_64,0.27289635015312375,0.3762975744933238,0.12865170368103365,0.01937795506920209,0.20277641660331686,MaxMin,c=0.5,INFEASIBLE_BALL_MISSES_SIMPLEX,,,,,,,,,,False,False,,,
dirichlet_64,0.27289635015312375,0.3762975744933238,0.12865170368103365,0.01937795506920209,0.20277641660331686,MaxMin,c=0.75,OK,0.2691258364338037,0.46625229235831545,0.09331821013954965,1.387778780781445e-17,0.17130366106833123,0.10354015302940645,0.10201637700198457,0.3193543713386139,-0.03193813001511907,True,True,-0.03193813001511907,,
dirichlet_64,0.27289635015312375,0.3762975744933238,0.12865170368103365,0.01937795506920209,0.20277641660331686,MaxMin,c=0.9,OK,0.26239992389681605,0.4137740141582546,0.11892506081040845,0.010617728770002222,0.1942832723645188,0.04193019364992499,0.041052218154913896,0.3055460665625883,-0.008777339602455908,True,True,-0.008777339602455908,,
dirichlet_64,0.27289635015312375,0.3762975744933238,0.12865170368103365,0.01937795506920209,0.20277641660331686,MaxMin,c=0.95,OK,0.26781838736835045,0.39442793251017266,0.12394614682656305,0.015139931379301367,0.19866760191561236,0.020284995837006468,0.019860248710628102,0.3013417387098345,-0.004246302766506265,True,True,-0.004246302766506265,,
dirichlet_64,0.27289635015312375,0.3762975744933238,0.12865170368103365,0.01937795506920209,0.20277641660331686,MaxMin,c=1.0,OK,0.27289635015312375,0.3762975744933238,0.12865170368103365,0.01937795506920209,0.20277641660331686,0.0,0.0,0.29740161426617523,0.0,False,True,0.0,,
dirichlet_64,0.27289635015312375,0.3762975744933238,0.12865170368103365,0.01937795506920209,0.20277641660331686,Fair,"alpha=0.0,eps=0.01",OK,0.3162299140743746,0.3642197472606704,0.11713504877868833,0.009509609646525015,0.19290568023974172,0.0484883562379583,0.047352547318581635,0.3015224373577728,-0.01000000000000002,True,True,,,0.05174427244510352
dirichlet_64,0.27289635015312375,0.3762975744933238,0.12865170368103365,0.01937795506920209,0.20277641660331686,Fair,"alpha=0.0,eps=0.02",OK,0.35918624948792366,0.3521595266848673,0.10563090114397947,0.0,0.18302332268322954,0.0965621006955787,0.0942933906761488,0.30554911482700375,-0.020000000000000084,True,True,,,0.10347150542738161
dirichlet_64,0.27289635015312375,0.3762975744933238,0.12865170368103365,0.01937795506920209,0.20277641660331686,Fair,"alpha=0.0,eps=0.05",OK,0.4580557734277178,0.3173790523234007,0.0721131114710703,0.0,0.15245206277781131,0.20942794088127598,0.2039858030909816,0.310142120474454,-0.05000000000000004,True,True,,,0.25729812369231925
dirichlet_64,0.27289635015312375,0.3762975744933238,0.12865170368103365,0.01937795506920209,0.20277641660331686,Fair,"alpha=0.0,eps=0.1",OK,0.6228383133273745,0.2594115950542897,0.01625012868288829,0.0,0.10149996293544755,0.39923457897824777,0.3885032273624524,0.31779712988687103,-0.10000000000000002,True,True,,,0.5136758208005485
dirichlet_64,0.27289635015312375,0.3762975744933238,0.12865170368103365,0.01937795506920209,0.20277641660331686,Fair,"alpha=0.5,eps=0.01",OK,0.2735747459994416,0.3767487785360265,0.1287221762750847,0.019134367895517576,0.2018199312939295,0.0012817844035649287,0.0012985544266549403,0.2975929513184038,-0.0009594210611322648,True,True,,,1.0004473972112282
dirichlet_64,0.27289635015312375,0.3762975744933238,0.12865170368103365,0.01937795506920209,0.20277641660331686,Fair,"alpha=0.5,eps=0.02",OK,0.2742531413984089,0.3771999829564752,0.12879264915221758,0.018890781001278903,0.2008634454916195,0.0025635690336213816,0.002597109088534508,0.2977842883396198,-0.001918842605691243,True,True,,,1.414846277576982
dirichlet_64,0.27289635015312375,0.3762975744933238,0.12865170368103365,0.01937795506920209,0.20277641660331686,Fair,"alpha=0.5,eps=0.05",OK,0.27628832823397304,0.378553595866697,0.12900406729763783,0.018160019920088637,0.19799398868160362,0.006408922741788483,0.006492772880595219,0.29835829948777537,-0.0047971066552944626,True,True,,,2.2370683880770397
dirichlet_64,0.27289635015312375,0.3762975744933238,0.12865170368103365,0.01937795506920209,0.20277641660331686,Fair,"alpha=0.5,eps=0.1",OK,0.2796803077390181,0.38080961804598934,0.1293564291541576,0.01694208573615244,0.19321155932468262,0.012817847311821434,0.012985547535666199,0.2993149849282842,-0.009594214694579137,True,True,,,3.163692454374668
dirichlet_64,0.27289635015312375,0.3762975744933238,0.12865170368103365,0.01937795506920209,0.20277641660331686,Fair,"alpha=1.0,eps=0.01",OK,0.2732339345474123,0.37652471223711875,0.12869121713213283,0.019259949404565494,0.20229018667877052,0.0006461121939352753,0.0006545732748153192,0.29749658559319897,-0.0004875503074488234,True,True,,,-23.02360145026797
dirichlet_64,0.27289635015312375,0.3762975744933238,0.12865170368103365,0.01937795506920209,0.20277641660331686,Fair,"alpha=1.0,eps=0.02",OK,0.27357151901529925,0.3767518497300264,0.12873073080573175,0.019141943734838525,0.20180395671410423,0.001292224382855442,0.0013091465471036924,0.29759155686916244,-0.0009751006555533091,True,True,,,-19.557865547468246
dirichlet_64,0.27289635015312375,0.3762975744933238,0.12865170368103365,0.01937795506920209,0.20277641660331686,Fair,"alpha=1.0,eps=0.05",OK,0.27458427238885036,0.37743326291050316,0.12884927087046985,0.018787926655007482,0.20034526717516898,0.003230560867815086,0.0032728662675179415,0.29787647088722136,-0.002437751345572379,True,True,,,-14.97641188809747
dirichlet_64,0.27289635015312375,0.3762975744933238,0.12865170368103365,0.01937795506920209,0.20277641660331686,Fair,"alpha=1.0,eps=0.1",OK,0.276272194119328,0.3785689518447801,0.12904683806761252,0.018197898535628868,0.19791411743265036,0.006461121836633059,0.006545732638026607,0.29835132750907967,-0.00487550299542362,True,True,,,-11.510675985297745
dirichlet_64,0.27289635015312375,0.3762975744933238,0.12865170368103365,0.01937795506920209,0.20277641660331686,Fair,"alpha=2.0,eps=0.01",OK,0.2730647161505341,0.3764115056011832,0.12867253086000394,0.01931992945922575,0.2025313179290529,0.0003243478215511774,0.00032859520680450906,0.29744891408631435,-0.0002457210379114593,True,True,,,-499.88721999618826
dirichlet_64,0.27289635015312375,0.3762975744933238,0.12865170368103365,0.01937795506920209,0.20277641660331686,Fair,"alpha=2.0,eps=0.02",OK,0.27323308214828257,0.3765254367049398,0.128693358040062,0.019261903851190417,0.20228621925552515,0.0006486956410029817,0.0006571904114315022,0.29749621390531716,-0.000491442075022377,True,True,,,-249.9436099980941
dirichlet_64,0.27289635015312375,0.3762975744933238,0.12865170368103365,0.01937795506920209,0.20277641660331686,Fair,"alpha=2.0,eps=0.05",OK,0.27373818034627456,0.37686722987064336,0.1287558395352824,0.0190878269190403,0.20155092332875948,0.0016217391000562353,0.0016429760249495227,0.2976381133744647,-0.0012286050959412467,True,True,,,-99.97744399923764
dirichlet_64,0.27289635015312375,0.3762975744933238,0.12865170368103365,0.01937795506920209,0.20277641660331686,Fair,"alpha=2.0,eps=0.1",OK,0.27458001017760264,0.37743688494477706,0.12885997577727398,0.018797699485288696,0.2003254296150575,0.003243478134375286,0.0032859519745857494,0.2978746122505027,-0.00245721060609292,True,True,,,-49.98872199961882
dirichlet_65,0.15465467863543014,0.10921148561580822,0.06482515020679291,0.27652661212881585,0.3947820734131528,Avg,rho=0.0,OK,1.935156467014358e-16,0.0,3.090343987593317e-17,0.0,0.9999999999999998,0.6948404307401058,0.6886828207388735,0.40740974335477276,-0.2577129116190558,True,True,,,
dirichlet_65,0.15465467863543014,0.10921148561580822,0.06482515020679291,0.27652661212881585,0.3947820734131528,Avg,rho=0.1,OK,1.1720936332624746e-17,0.0,0.0,0.15690486932253647,0.8430951306774636,0.5053132463920357,0.5047024489460457,0.39018119173323884,-0.16354011043914318,True,True,,,
dirichlet_65,0.15465467863543014,0.10921148561580822,0.06482515020679291,0.27652661212881585,0.3947820734131528,Avg,rho=0.2,OK,0.0,2.2024905776109988e-17,2.75920931164615e-17,0.29986117377147964,0.7001388262285203,0.36583434307152474,0.37013150724905,0.37448422782474783,-0.16240150033752068,True,True,,,
dirichlet_65,0.15465467863543014,0.10921148561580822,0.06482515020679291,0.27652661212881585,0.3947820734131528,Avg,rho=0.5,OK,0.09742931863743627,0.00514039352134222,2.3423849123370422e-17,0.33391030955531376,0.5635199782859077,0.22377042567584937,0.22772701104859808,0.34638691255635917,-0.10893522061403968,True,True,,,
dirichlet_65,0.15465467863543014,0.10921148561580822,0.06482515020679291,0.27652661212881585,0.3947820734131528,Cert,,FLOOR_COLLAPSED,0.15465467863543014,0.10921148561580822,0.06482515020679291,0.27652661212881585,0.3947820734131528,0.0,0.0,0.2891035142903974,0.0,False,True,0.0,-0.0,
dirichlet_65,0.15465467863543014,0.10921148561580822,0.06482515020679291,0.27652661212881585,0.3947820734131528,MaxMin,c=0.0,INFEASIBLE_BALL_MISSES_SIMPLEX,,,,,,,,,,False,False,,,
dirichlet_65,0.15465467863543014,0.10921148561580822,0.06482515020679291,0.27652661212881585,0.3947820734131528,MaxMin,c=0.1,INFEASIBLE_BALL_MISSES_SIMPLEX,,,,,,,,,,False,False,,,
dirichlet_65,0.15465467863543014,0.10921148561580822,0.06482515020679291,0.27652661212881585,0.3947820734131528,MaxMin,c=0.25,INFEASIBLE_BALL_MISSES_SIMPLEX,,,,,,,,,,False,False,,,
dirichlet_65,0.15465467863543014,0.10921148561580822,0.06482515020679291,0.27652661212881585,0.3947820734131528,MaxMin,c=0.5,OK,0.10783049693952168,0.06243146903083136,0.017846847631134748,0.2931170633557572,0.5187741230427549,0.14912111285574384,0.15128381882090167,0.3266271505381439,-0.05107317503448114,True,True,-0.05107317503448114,,
dirichlet_65,0.15465467863543014,0.10921148561580822,0.06482515020679291,0.27652661212881585,0.3947820734131528,MaxMin,c=0.75,OK,0.1337234627772186,0.08846648154997665,0.04407994481918005,0.25476206332501106,0.4789680475286137,0.09412655502020092,0.09409967718494902,0.3089520213232019,-0.023042354351484322,True,True,-0.023042354351484322,,
dirichlet_65,0.15465467863543014,0.10921148561580822,0.06482515020679291,0.27652661212881585,0.3947820734131528,MaxMin,c=0.9,OK,0.14702558325768242,0.10165814019787581,0.05727591694146745,0.26721270115076684,0.42682765845220755,0.03585966403052293,0.035799502446671974,0.29648350465500195,-0.00840859430347751,True,True,-0.00840859430347751,,
dirichlet_65,0.15465467863543014,0.10921148561580822,0.06482515020679291,0.27652661212881585,0.3947820734131528,MaxMin,c=0.95,OK,0.15091548071801933,0.10550941452378904,0.06112509457685648,0.27196164671579276,0.41048836346554235,0.01757565929154425,0.017546172693473947,0.2927206200199091,-0.004121248555841319,True,True,-0.004121248555841319,,
dirichlet_65,0.15465467863543014,0.10921148561580822,0.06482515020679291,0.27652661212881585,0.3947820734131528,MaxMin,c=1.0,OK,0.15465467863543014,0.10921148561580822,0.06482515020679291,0.27652661212881585,0.3947820734131528,0.0,0.0,0.2891035142903974,0.0,False,True,0.0,,
dirichlet_65,0.15465467863543014,0.10921148561580822,0.06482515020679291,0.27652661212881585,0.3947820734131528,Fair,"alpha=0.0,eps=0.01",OK,0.19798824255668104,0.09713365838315485,0.05330849530444759,0.2666582667061388,0.3849113370495777,0.04848835623795831,0.04735254731858165,0.287106008116619,-0.010000000000000004,True,True,,,0.05174427244510352
dirichlet_65,0.15465467863543014,0.10921148561580822,0.06482515020679291,0.27652661212881585,0.3947820734131528,Fair,"alpha=0.0,eps=0.02",OK,0.24132180647793197,0.08505583115050151,0.04179184040210228,0.25678992128346173,0.3750406006860026,0.09697671247591663,0.09470509463716333,0.28510850194284065,-0.019999999999999987,True,True,,,0.10348854489020703
dirichlet_65,0.15465467863543014,0.10921148561580822,0.06482515020679291,0.27652661212881585,0.3947820734131528,Fair,"alpha=0.0,eps=0.05",OK,0.3713224982416847,0.0488223494525414,0.007241875695066313,0.2271848850154305,0.3454283915952772,0.2424417811897916,0.23676273659290828,0.27911598342150556,-0.049999999999999996,True,True,,,0.25872136222551756
dirichlet_65,0.15465467863543014,0.10921148561580822,0.06482515020679291,0.27652661212881585,0.3947820734131528,Fair,"alpha=0.0,eps=0.1",OK,0.5257991117658354,0.0,0.0,0.1777369883278429,0.29646389990632166,0.4162973600035101,0.40747946289510373,0.2641795811326289,-0.09999999999999999,True,True,,,0.5159984230242222
dirichlet_65,0.15465467863543014,0.10921148561580822,0.06482515020679291,0.27652661212881585,0.3947820734131528,Fair,"alpha=0.5,eps=0.01",OK,0.15533307428802723,0.1096626896920811,0.06489562300752284,0.2762830251701957,0.3938255878421732,0.0012817844785503508,0.0012985545038062345,0.2888218014154357,-0.0009594213153280731,True,True,,,1.0004473972112282
dirichlet_65,0.15465467863543014,0.10921148561580822,0.06482515020679291,0.27652661212881585,0.3947820734131528,Fair,"alpha=0.5,eps=0.02",OK,0.1560114698484939,0.11011389419815315,0.06496609561480675,0.2760394381950275,0.39286910214351883,0.0025635691474163095,0.0025971091998660822,0.2885400885068964,-0.0019188427580768574,True,True,,,1.4148462775769817
dirichlet_65,0.15465467863543014,0.10921148561580822,0.06482515020679291,0.27652661212881585,0.3947820734131528,Fair,"alpha=0.5,eps=0.05",OK,0.15804665671964088,0.11146750752378205,0.065177513858573,0.2753086772091215,0.38999964468888265,0.0064089234889687,0.006492773633991101,0.28769494965986026,-0.004797107446556609,True,True,,,2.2370683880770397
dirichlet_65,0.15465467863543014,0.10921148561580822,0.06482515020679291,0.27652661212881585,0.3947820734131528,Fair,"alpha=0.5,eps=0.1",OK,0.16143863454269997,0.11372352831334409,0.06552987788200869,0.2740907418383384,0.3852172174236088,0.012817845463459487,0.01298554575274154,0.2862863853316312,-0.009594213458231245,True,True,,,3.163692454374668
dirichlet_65,0.15465467863543014,0.10921148561580822,0.06482515020679291,0.27652661212881585,0.3947820734131528,Fair,"alpha=1.0,eps=0.01",OK,0.1549922630135496,0.10943862321280515,0.0648646636489654,0.27640860651066507,0.3942958436140147,0.0006461120304693102,0.0006545731075279959,0.2889608025968586,-0.00048755018088572486,True,True,,,-23.02360145026797
dirichlet_65,0.15465467863543014,0.10921148561580822,0.06482515020679291,0.27652661212881585,0.3947820734131528,Fair,"alpha=1.0,eps=0.02",OK,0.1553298473776007,0.10966576108557427,0.06490417710870922,0.27629060081957907,0.39380961360853667,0.001292224320210514,0.0013091464811185575,0.28881809083195786,-0.0009751005700321758,True,True,,,-19.557865547468246
dirichlet_65,0.15465467863543014,0.10921148561580822,0.06482515020679291,0.27652661212881585,0.3947820734131528,Fair,"alpha=1.0,eps=0.05",OK,0.15634260056053736,0.11034717400405575,0.06502271769085613,0.27593658394729587,0.39235092379725484,0.0032305608121633634,0.003272866214547951,0.2883899556231862,-0.002437751526281343,True,True,,,-14.97641188809747
dirichlet_65,0.15465467863543014,0.10921148561580822,0.06482515020679291,0.27652661212881585,0.3947820734131528,Fair,"alpha=1.0,eps=0.1",OK,0.15803052232606135,0.11148286301249351,0.06522028535211198,0.2753465548819891,0.3899197744273441,0.006461121746105571,0.006545732584345857,0.2876763968598672,-0.004875502840477585,True,True,,,-11.510675985297743
dirichlet_65,0.15465467863543014,0.10921148561580822,0.06482515020679291,0.27652661212881585,0.3947820734131528,Fair,"alpha=2.0,eps=0.01",OK,0.1548230446151087,0.10932541673047552,0.06484597740647144,0.2764685865189463,0.3945369747289981,0.00032434782352282535,0.0003285952094489323,0.28903170231076375,-0.0002457210478906662,True,True,,,-499.8872199961882
dirichlet_65,0.15465467863543014,0.10921148561580822,0.06482515020679291,0.27652661212881585,0.3947820734131528,Fair,"alpha=2.0,eps=0.02",OK,0.15499141062918817,0.10943934783291544,0.06486680455973658,0.2764105609119949,0.39429187606616484,0.0006486956409935944,0.0006571904113110116,0.2889598903412163,-0.0004914420741629257,True,True,,,-249.94360999809413
dirichlet_65,0.15465467863543014,0.10921148561580822,0.06482515020679291,0.27652661212881585,0.3947820734131528,Fair,"alpha=2.0,eps=0.05",OK,0.15549650860448255,0.10978114111424424,0.0649292861431863,0.27623648407640056,0.3935565800616864,0.001621739072177853,0.0016429759989527932,0.28874445441700014,-0.0012286051700763371,True,True,,,-99.97744399923764
dirichlet_65,0.15465467863543014,0.10921148561580822,0.06482515020679291,0.27652661212881585,0.3947820734131528,Fair,"alpha=2.0,eps=0.1",OK,0.15633833862482452,0.11035079641154964,0.06503342220016556,0.2759463560611387,0.39233108670232153,0.0032434781073951264,0.003285951960367352,0.28838539454439094,-0.0024572103469215696,True,True,,,-49.98872199961882
dirichlet_66,0.35630174649892504,0.13126811615384695,0.03163221616373337,0.16300281035140382,0.31779511083209083,Avg,rho=0.0,OK,0.9999999999999996,0.0,0.0,0.0,4.440892098500624e-16,0.7484270209109095,0.7394031897771651,0.3711914974877479,-0.3201100681069751,True,True,,,
dirichlet_66,0.35630174649892504,0.13126811615384695,0.03163221616373337,0.16300281035140382,0.31779511083209083,Avg,rho=0.1,OK,0.6322177560733393,8.066464163292152e-17,1.2143064331837647e-17,0.0,0.3677822439266606,0.35132632895208293,0.3424475564924511,0.35510122810795225,-0.1595772796486206,True,True,,,
dirichlet_66,0.35630174649892504,0.13126811615384695,0.03163221616373337,0.16300281035140382,0.31779511083209083,Avg,rho=0.2,OK,0.5771270243761145,1.5851035761738072e-16,0.0,0.0,0.4228729756238853,0.32343004285193616,0.31495064939945294,0.35269103912255045,-0.1582221811830267,True,True,,,
dirichlet_66,0.35630174649892504,0.13126811615384695,0.03163221616373337,0.16300281035140382,0.31779511083209083,Avg,rho=0.5,OK,0.48282496636545513,0.03185939087868412,2.955329716705776e-17,0.09094956586985625,0.3943660768860045,0.19479630337458545,0.18940852563450117,0.33016606167787177,-0.0935853312268624,True,True,,,
dirichlet_66,0.35630174649892504,0.13126811615384695,0.03163221616373337,0.16300281035140382,0.31779511083209083,Cert,,FLOOR_COLLAPSED,0.35630174649892504,0.13126811615384695,0.03163221616373337,0.16300281035140382,0.31779511083209083,0.0,0.0,0.2891000720281432,0.0,False,True,0.0,-0.0,
dirichlet_66,0.35630174649892504,0.13126811615384695,0.03163221616373337,0.16300281035140382,0.31779511083209083,MaxMin,c=0.0,INFEASIBLE_BALL_MISSES_SIMPLEX,,,,,,,,,,False,False,,,
dirichlet_66,0.35630174649892504,0.13126811615384695,0.03163221616373337,0.16300281035140382,0.31779511083209083,MaxMin,c=0.1,INFEASIBLE_BALL_MISSES_SIMPLEX,,,,,,,,,,False,False,,,
dirichlet_66,0.35630174649892504,0.13126811615384695,0.03163221616373337,0.16300281035140382,0.31779511083209083,MaxMin,c=0.25,INFEASIBLE_BALL_MISSES_SIMPLEX,,,,,,,,,,False,False,,,
dirichlet_66,0.35630174649892504,0.13126811615384695,0.03163221616373337,0.16300281035140382,0.31779511083209083,MaxMin,c=0.5,INFEASIBLE_BALL_MISSES_SIMPLEX,,,,,,,,,,False,False,,,
dirichlet_66,0.35630174649892504,0.13126811615384695,0.03163221616373337,0.16300281035140382,0.31779511083209083,MaxMin,c=0.75,OK,0.42029358878541884,0.10475711335146351,0.006042143282635418,0.13852534746195622,0.33038180711852605,0.0788048989072293,0.0765726779903884,0.3067445433152149,-0.023881272508257854,True,True,-0.023881272508257854,,
dirichlet_66,0.35630174649892504,0.13126811615384695,0.03163221616373337,0.16300281035140382,0.31779511083209083,MaxMin,c=0.9,OK,0.39395754527835697,0.12077278203380938,0.02162452696459509,0.15442746145562503,0.3092176842676136,0.042135186225625905,0.04114819627488805,0.29643124741313726,-0.008689753477896092,True,True,-0.008689753477896092,,
dirichlet_66,0.35630174649892504,0.13126811615384695,0.03163221616373337,0.16300281035140382,0.31779511083209083,MaxMin,c=0.95,OK,0.3742873946721863,0.12625519933724985,0.026852214602290654,0.15890694163525046,0.31369824975302274,0.02012515096566979,0.01965373209845905,0.2926016825488314,-0.004150512107877182,True,True,-0.004150512107877182,,
dirichlet_66,0.35630174649892504,0.13126811615384695,0.03163221616373337,0.16300281035140382,0.31779511083209083,MaxMin,c=1.0,OK,0.35630174649892504,0.13126811615384695,0.03163221616373337,0.16300281035140382,0.31779511083209083,0.0,0.0,0.2891000720281432,0.0,False,True,0.0,,
dirichlet_66,0.35630174649892504,0.13126811615384695,0.03163221616373337,0.16300281035140382,0.31779511083209083,Fair,"alpha=0.0,eps=0.01",OK,0.3996353104201759,0.11919028892119359,0.02011556126138805,0.15313446492872673,0.3079243744685157,0.048488356237958295,0.04735254731858163,0.29753664667164975,-0.010000000000000012,True,True,,,0.05174427244510352
dirichlet_66,0.35630174649892504,0.13126811615384695,0.03163221616373337,0.16300281035140382,0.31779511083209083,Fair,"alpha=0.0,eps=0.02",OK,0.44296887434142684,0.10711246168854022,0.00859890635904273,0.14326611950604967,0.29805363810494057,0.09697671247591663,0.09470509463716333,0.30597322131515636,-0.020000000000000007,True,True,,,0.10348854489020703
dirichlet_66,0.35630174649892504,0.13126811615384695,0.03163221616373337,0.16300281035140382,0.31779511083209083,Fair,"alpha=0.0,eps=0.05",OK,0.5462968103232242,0.0714626422621821,0.0,0.11361729673205537,0.26862325068253834,0.21338279422307993,0.20873127833909302,0.3230440740624951,-0.05000000000000001,True,True,,,0.258025869007971
dirichlet_66,0.35630174649892504,0.13126811615384695,0.03163221616373337,0.16300281035140382,0.31779511083209083,Fair,"alpha=0.0,eps=0.1",OK,0.7037799678790639,0.012368604909804196,0.0,0.06417841094564128,0.21967301626549068,0.3940469674633377,0.38598755209549673,0.3469455664343582,-0.1,True,True,,,0.5152039887063441
dirichlet_66,0.35630174649892504,0.13126811615384695,0.03163221616373337,0.16300281035140382,0.31779511083209083,Fair,"alpha=0.5,eps=0.01",OK,0.3569801421533866,0.13171932046186857,0.03170268892092099,0.16275922332177287,0.316838625142051,0.0012817846610607242,0.001298554690544013,0.2890700423500197,-0.0009594214363194544,True,True,,,1.0004473972112282
dirichlet_66,0.35630174649892504,0.13126811615384695,0.03163221616373337,0.16300281035140382,0.31779511083209083,Fair,"alpha=0.5,eps=0.02",OK,0.3576585377119888,0.13217052473619187,0.0317731615717472,0.16251563641761546,0.31588213956245675,0.0025635691474163924,0.0025971091998661638,0.2890400126839579,-0.0019188427580769695,True,True,,,1.4148462775769817
dirichlet_66,0.35630174649892504,0.13126811615384695,0.03163221616373337,0.16300281035140382,0.31779511083209083,Fair,"alpha=0.5,eps=0.05",OK,0.35969372444956726,0.13352413756660436,0.031984579883391345,0.16178487523202206,0.313012682868415,0.006408922718067853,0.006492772859777308,0.2889499236585211,-0.004797106696818521,True,True,,,2.2370683880770397
dirichlet_66,0.35630174649892504,0.13126811615384695,0.03163221616373337,0.16300281035140382,0.31779511083209083,Fair,"alpha=0.5,eps=0.1",OK,0.36308570292270703,0.13578015926833628,0.03233694376507584,0.16056693765231397,0.30823025639156687,0.01281784518136569,0.012985545524060432,0.28879977557279524,-0.009594211999914,True,True,,,3.163692454374668
dirichlet_66,0.35630174649892504,0.13126811615384695,0.03163221616373337,0.16300281035140382,0.31779511083209083,Fair,"alpha=1.0,eps=0.01",OK,0.3566393309095372,0.13149525386754238,0.031671729569562115,0.16288480471639313,0.3173088809369652,0.0006461121615629136,0.0006545732400230695,0.28908303485780645,-0.00048755027686778733,True,True,,,-23.023601450267975
dirichlet_66,0.35630174649892504,0.13126811615384695,0.03163221616373337,0.16300281035140382,0.31779511083209083,Fair,"alpha=1.0,eps=0.02",OK,0.35697691535335435,0.13172239141185788,0.031711243265301024,0.16276679901827956,0.31682265095120715,0.001292224378390166,0.0013091465422813977,0.28906599764842156,-0.0009751006471597855,True,True,,,-19.557865547468246
dirichlet_66,0.35630174649892504,0.13126811615384695,0.03163221616373337,0.16300281035140382,0.31779511083209083,Fair,"alpha=1.0,eps=0.05",OK,0.35798966821503125,0.13240380485970538,0.031829783684157516,0.16241278178876611,0.31536396145233975,0.0032305607087371483,0.003272866124864491,0.28901488606214726,-0.0024377513056053307,True,True,,,-14.97641188809747
dirichlet_66,0.35630174649892504,0.13126811615384695,0.03163221616373337,0.16300281035140382,0.31779511083209083,Fair,"alpha=1.0,eps=0.1",OK,0.35967759042687547,0.13353949343298632,0.03202735055294522,0.16182275382083403,0.312932811766359,0.006461121711867464,0.006545732511903426,0.2889297002300102,-0.0048755028909323005,True,True,,,-11.510675985297745
dirichlet_66,0.35630174649892504,0.13126811615384695,0.03163221616373337,0.16300281035140382,0.31779511083209083,Fair,"alpha=2.0,eps=0.01",OK,0.3564701124963355,0.13138204726170638,0.031653043342703684,0.1629447847414275,0.31755001215782697,0.00032434782155114927,0.0003285952068044835,0.28909104582369394,-0.0002457210379113743,True,True,,,-499.8872199961882
dirichlet_66,0.35630174649892504,0.13126811615384695,0.03163221616373337,0.16300281035140382,0.31779511083209083,Fair,"alpha=2.0,eps=0.02",OK,0.35663847849826397,0.13149597836540092,0.03167387051895849,0.16288675913218942,0.31730491348518725,0.0006486956424508628,0.0006571904128032475,0.2890820196207657,-0.0004914420741537655,True,True,,,-249.9436099980941
dirichlet_66,0.35630174649892504,0.13126811615384695,0.03163221616373337,0.16300281035140382,0.31779511083209083,Fair,"alpha=2.0,eps=0.05",OK,0.3571435765263093,0.13183777159987103,0.031736352081175055,0.16271268232066707,0.31656961747197754,0.0016217390854860216,0.0016429760105159431,0.2890549410144889,-0.0012286051776462074,True,True,,,-99.97744399923764
dirichlet_66,0.35630174649892504,0.13126811615384695,0.03163221616373337,0.16300281035140382,0.31779511083209083,Fair,"alpha=2.0,eps=0.1",OK,0.35798540655898103,0.13240742654021623,0.03184048782906955,0.1624225545911955,0.3153441244805377,0.003243477652713689,0.0032859514828798347,0.289009810088287,-0.0024572099766337436,True,True,,,-49.988721999618825
dirichlet_67,0.046728612605807185,0.06597053899527362,0.014578853860807242,0.6150684455648643,0.25765354897324766,Avg,rho=0.0,OK,0.0,0.0,9.607659056846475e-17,1.0,2.7755575615628914e-17,0.4704315796475029,0.4611338474656618,0.6274418672739416,-0.24290610867186016,True,True,,,
dirichlet_67,0.046728612605807185,0.06597053899527362,0.014578853860807242,0.6150684455648643,0.25765354897324766,Avg,rho=0.1,OK,0.0,3.2332015645860186e-16,5.307176002363645e-17,0.9999999999999997,0.0,0.4704315796475026,0.4611338474656615,0.6274418672739414,-0.24290610867186016,True,True,,,
dirichlet_67,0.046728612605807185,0.06597053899527362,0.014578853860807242,0.6150684455648643,0.25765354897324766,Avg,rho=0.2,OK,0.0,0.0,3.6780781347562794e-18,0.9999999999999998,1.6653345369377346e-16,0.47043157964750265,0.4611338474656615,0.6274418672739415,-0.24290610867186,True,True,,,
dirichlet_67,0.046728612605807185,0.06597053899527362,0.014578853860807242,0.6150684455648643,0.25765354897324766,Avg,rho=0.5,OK,1.609859153112242e-16,0.0,1.3333364985494628e-16,0.8589619950093748,0.1410380049906249,0.2825446279621861,0.2779083176420225,0.5788343237599074,-0.1074947164079954,True,True,,,
dirichlet_67,0.046728612605807185,0.06597053899527362,0.014578853860807242,0.6150684455648643,0.25765354897324766,Cert,,FLOOR_COLLAPSED,0.046728612605807185,0.06597053899527362,0.014578853860807242,0.6150684455648643,0.25765354897324766,0.0,0.0,0.4675281598263674,0.0,False,True,0.0,-0.0,
dirichlet_67,0.046728612605807185,0.06597053899527362,0.014578853860807242,0.6150684455648643,0.25765354897324766,MaxMin,c=0.0,INFEASIBLE_BALL_MISSES_SIMPLEX,,,,,,,,,,False,False,,,
dirichlet_67,0.046728612605807185,0.06597053899527362,0.014578853860807242,0.6150684455648643,0.25765354897324766,MaxMin,c=0.1,INFEASIBLE_BALL_MISSES_SIMPLEX,,,,,,,,,,False,False,,,
dirichlet_67,0.046728612605807185,0.06597053899527362,0.014578853860807242,0.6150684455648643,0.25765354897324766,MaxMin,c=0.25,INFEASIBLE_BALL_MISSES_SIMPLEX,,,,,,,,,,False,False,,,
dirichlet_67,0.046728612605807185,0.06597053899527362,0.014578853860807242,0.6150684455648643,0.25765354897324766,MaxMin,c=0.5,INFEASIBLE_BALL_MISSES_SIMPLEX,,,,,,,,,,False,False,,,
dirichlet_67,0.046728612605807185,0.06597053899527362,0.014578853860807242,0.6150684455648643,0.25765354897324766,MaxMin,c=0.75,OK,0.007971858693580287,0.026650412309570867,0.0,0.7530369018584648,0.21234082713838384,0.15604242694988538,0.15419836505690387,0.5352037369069262,-0.04025457932290563,True,True,-0.04025457932290563,,
dirichlet_67,0.046728612605807185,0.06597053899527362,0.014578853860807242,0.6150684455648643,0.25765354897324766,MaxMin,c=0.9,OK,0.034815262015352316,0.053801612744840716,0.0022177354684692827,0.6660596692292391,0.24310572054209859,0.057048682185843774,0.056438264350045904,0.49329474917981003,-0.012654998760927681,True,True,-0.012654998760927681,,
dirichlet_67,0.046728612605807185,0.06597053899527362,0.014578853860807242,0.6150684455648643,0.25765354897324766,MaxMin,c=0.95,OK,0.04081240827496858,0.059927415053118195,0.008440286745578163,0.6403908345928216,0.25042905533351345,0.028330540434775203,0.028027405173511075,0.48032392256048173,-0.006284508955536593,True,True,-0.006284508955536593,,
dirichlet_67,0.046728612605807185,0.06597053899527362,0.014578853860807242,0.6150684455648643,0.25765354897324766,MaxMin,c=1.0,OK,0.046728612605807185,0.06597053899527362,0.014578853860807242,0.6150684455648643,0.25765354897324766,0.0,0.0,0.4675281598263674,0.0,False,True,0.0,,
dirichlet_67,0.046728612605807185,0.06597053899527362,0.014578853860807242,0.6150684455648643,0.25765354897324766,Fair,"alpha=0.0,eps=0.01",OK,0.0900621765270581,0.05389271176262026,0.0030621989584619217,0.6052001001421873,0.24778281260967255,0.048488356237958316,0.04735254731858165,0.4599460978880241,-0.009999999999999997,True,True,,,0.05174427244510352
dirichlet_67,0.046728612605807185,0.06597053899527362,0.014578853860807242,0.6150684455648643,0.25765354897324766,Fair,"alpha=0.0,eps=0.02",OK,0.12470616657287817,0.04200503272720785,0.0,0.5953174897488628,0.23797131095105117,0.0874349938095439,0.08549824987884362,0.4520956549205221,-0.020000000000000014,True,True,,,0.10326196388961087
dirichlet_67,0.046728612605807185,0.06597053899527362,0.014578853860807242,0.6150684455648643,0.25765354897324766,Fair,"alpha=0.0,eps=0.05",OK,0.219196061106382,0.006548610315781092,0.0,0.5656541582770144,0.2086011703008226,0.1957969280192441,0.19181551632688434,0.42825270366641355,-0.05000000000000001,True,True,,,0.2575688357086348
dirichlet_67,0.046728612605807185,0.06597053899527362,0.014578853860807242,0.6150684455648643,0.25765354897324766,Fair,"alpha=0.0,eps=0.1",OK,0.324056988113838,0.0,0.0,0.5161083648012186,0.1598346470849435,0.31754892222856934,0.3130700766793256,0.3894506679744686,-0.1,True,True,,,0.5142678453603654
dirichlet_67,0.046728612605807185,0.06597053899527362,0.014578853860807242,0.6150684455648643,0.25765354897324766,Fair,"alpha=0.5,eps=0.01",OK,0.047407007993046486,0.06642174350617207,0.014649326596581464,0.6148248583709278,0.2566970635332722,0.0012817844344916371,0.0012985544694506235,0.46718635783476054,-0.0009594211939832829,True,True,,,1.0004473972112282
dirichlet_67,0.046728612605807185,0.06597053899527362,0.014578853860807242,0.6150684455648643,0.25765354897324766,Fair,"alpha=0.5,eps=0.02",OK,0.04808540371818823,0.06687294801474095,0.014719798775390279,0.614581272039932,0.25574057745174855,0.002563569331120301,0.0025971093682727402,0.46684455620741033,-0.0019188429929032458,True,True,,,1.4148462775769817
dirichlet_67,0.046728612605807185,0.06597053899527362,0.014578853860807242,0.6150684455648643,0.25765354897324766,Fair,"alpha=0.5,eps=0.05",OK,0.050120590579939034,0.06822656026003125,0.014931217552780467,0.6138505103453137,0.25287112126193556,0.006408922507598518,0.006492772647820991,0.4658191501554225,-0.004797106448874088,True,True,,,2.2370683880770397
dirichlet_67,0.046728612605807185,0.06597053899527362,0.014578853860807242,0.6150684455648643,0.25765354897324766,Fair,"alpha=0.5,eps=0.1",OK,0.05351256794726975,0.07048258203515283,0.015283581404569478,0.6126325750454207,0.24808869356758723,0.012817844885092975,0.01298554517948619,0.46411014044691346,-0.009594212886352878,True,True,,,3.163692454374668
dirichlet_67,0.046728612605807185,0.06597053899527362,0.014578853860807242,0.6150684455648643,0.25765354897324766,Fair,"alpha=1.0,eps=0.01",OK,0.04706619695482774,0.06619767678626307,0.014618367332290026,0.6149504399216765,0.2571673190049428,0.0006461122171339467,0.0006545732988902761,0.4673575292899577,-0.00048755035048786514,True,True,,,-23.023601450267968
dirichlet_67,0.046728612605807185,0.06597053899527362,0.014578853860807242,0.6150684455648643,0.25765354897324766,Fair,"alpha=1.0,eps=0.02",OK,0.04740378141006246,0.06642481448852011,0.014657880692887863,0.6148324342676056,0.2566810891409239,0.001292224375296103,0.0013091465344785764,0.4671868987723413,-0.0009751005967500193,True,True,,,-19.557865547468246
dirichlet_67,0.046728612605807185,0.06597053899527362,0.014578853860807242,0.6150684455648643,0.25765354897324766,Fair,"alpha=1.0,eps=0.05",OK,0.04841653461411584,0.06710622754282654,0.014776421223497229,0.6144784172720632,0.25522239934749724,0.0032305609319540777,0.0032728663360089495,0.46667500714077315,-0.0024377515393992745,True,True,,,-14.97641188809747
dirichlet_67,0.046728612605807185,0.06597053899527362,0.014578853860807242,0.6150684455648643,0.25765354897324766,Fair,"alpha=1.0,eps=0.1",OK,0.05010445457003318,0.06824191620465629,0.014973990661370739,0.613888389082818,0.25279124948112186,0.0064611211208147265,0.006545731984646143,0.4658218543948787,-0.004875503328836189,True,True,,,-11.510675985297745
dirichlet_67,0.046728612605807185,0.06597053899527362,0.014578853860807242,0.6150684455648643,0.25765354897324766,Fair,"alpha=2.0,eps=0.01",OK,0.04689697860261199,0.06608447010050268,0.014599681040203108,0.6150104199559537,0.2574084503007285,0.00032434781883106155,0.0003285952040276827,0.46744293168401785,-0.0002457210361386963,True,True,,,-499.8872199961882
dirichlet_67,0.046728612605807185,0.06597053899527362,0.014578853860807242,0.6150684455648643,0.25765354897324766,Fair,"alpha=2.0,eps=0.02",OK,0.04706534460543078,0.06619840118281108,0.01462050822443749,0.6149523943565721,0.2571633516307485,0.0006486956294200027,0.0006571903993788666,0.4673577035470292,-0.0004914420694015759,True,True,,,-249.94360999809413
dirichlet_67,0.046728612605807185,0.06597053899527362,0.014578853860807242,0.6150684455648643,0.25765354897324766,Fair,"alpha=2.0,eps=0.05",OK,0.04757044264306873,0.06654019456930908,0.014682989891249412,0.6147783174893632,0.2564280554070096,0.0016217393066046688,0.0016429762381101898,0.46710201904889637,-0.0012286053849241679,True,True,,,-99.97744399923764
dirichlet_67,0.046728612605807185,0.06597053899527362,0.014578853860807242,0.6150684455648643,0.25765354897324766,Fair,"alpha=2.0,eps=0.1",OK,0.048412272572357466,0.06710985004735343,0.014787125661434508,0.6144881893932788,0.25520256232557587,0.003243478144063917,0.0032859519979043426,0.46667587837313346,-0.002457210287166151,True,True,,,-49.988721999618825
dirichlet_68,0.0699054987650865,0.49030013619400586,0.30203049464506426,0.05395646561945422,0.08380740477638912,Avg,rho=0.0,OK,0.0,0.9999999999999996,0.0,1.1790618604561272e-16,1.133901905453661e-16,0.604845543006215,0.591450617876953,0.5092482119727795,-0.2842891831570747,True,True,,,
dirichlet_68,0.0699054987650865,0.49030013619400586,0.30203049464506426,0.05395646561945422,0.08380740477638912,Avg,rho=0.1,OK,2.996200577843674e-16,0.9999999999999998,0.0,0.0,9.258768971097328e-17,0.6048455430062152,0.5914506178769531,0.5092482119727796,-0.2842891831570747,True,True,,,
dirichlet_68,0.0699054987650865,0.49030013619400586,0.30203049464506426,0.05395646561945422,0.08380740477638912,Avg,rho=0.2,OK,3.381933740180934e-17,0.8317403798439069,0.16825962015609314,0.0,0.0,0.3863907955429842,0.3783482845923177,0.4787448881662991,-0.12337775993371511,True,True,,,
dirichlet_68,0.0699054987650865,0.49030013619400586,0.30203049464506426,0.05395646561945422,0.08380740477638912,Avg,rho=0.5,OK,0.0,0.6895659313393754,0.3104340686606246,5.3672472044997766e-17,8.815597194805245e-18,0.23366479667729959,0.2300803614878885,0.45297047339157,-0.08568558993550454,True,True,,,
dirichlet_68,0.0699054987650865,0.49030013619400586,0.30203049464506426,0.05395646561945422,0.08380740477638912,Cert,,FLOOR_COLLAPSED,0.0699054987650865,0.49030013619400586,0.30203049464506426,0.05395646561945422,0.08380740477638912,0.0,0.0,0.36831025733258904,0.0,False,True,0.0,-0.0,
dirichlet_68,0.0699054987650865,0.49030013619400586,0.30203049464506426,0.05395646561945422,0.08380740477638912,MaxMin,c=0.0,INFEASIBLE_BALL_MISSES_SIMPLEX,,,,,,,,,,False,False,,,
dirichlet_68,0.0699054987650865,0.49030013619400586,0.30203049464506426,0.05395646561945422,0.08380740477638912,MaxMin,c=0.1,INFEASIBLE_BALL_MISSES_SIMPLEX,,,,,,,,,,False,False,,,
dirichlet_68,0.0699054987650865,0.49030013619400586,0.30203049464506426,0.05395646561945422,0.08380740477638912,MaxMin,c=0.25,INFEASIBLE_BALL_MISSES_SIMPLEX,,,,,,,,,,False,False,,,
dirichlet_68,0.0699054987650865,0.49030013619400586,0.30203049464506426,0.05395646561945422,0.08380740477638912,MaxMin,c=0.5,OK,0.0,0.6758169272318609,0.30641722730654164,1.1102230246251565e-16,0.01776584546159736,0.21585942109830292,0.212093722039476,0.4462246483815808,-0.06797578820520238,True,True,-0.06797578820520238,,
dirichlet_68,0.0699054987650865,0.49030013619400586,0.30203049464506426,0.05395646561945422,0.08380740477638912,MaxMin,c=0.75,OK,0.03821212190710993,0.6034581669935004,0.27266143602128456,0.02750544822723831,0.0581628268508668,0.12660589391331506,0.12395489560627378,0.4083814674624798,-0.026502690062144518,True,True,-0.026502690062144518,,
dirichlet_68,0.0699054987650865,0.49030013619400586,0.30203049464506426,0.05395646561945422,0.08380740477638912,MaxMin,c=0.9,OK,0.05797572548276213,0.5328941979931519,0.2909756230715163,0.04399998032632757,0.07415447312624229,0.047656001358269875,0.04665813328897108,0.3833935491553623,-0.009975935515799467,True,True,-0.009975935515799467,,
dirichlet_68,0.0699054987650865,0.49030013619400586,0.30203049464506426,0.05395646561945422,0.08380740477638912,MaxMin,c=0.95,OK,0.06402350195565969,0.5113012172434097,0.2965798697433675,0.04904740210740529,0.07904800895015801,0.023496879723163458,0.02300487902365805,0.3757471022983402,-0.004918653480357432,True,True,-0.004918653480357432,,
dirichlet_68,0.0699054987650865,0.49030013619400586,0.30203049464506426,0.05395646561945422,0.08380740477638912,MaxMin,c=1.0,OK,0.0699054987650865,0.49030013619400586,0.30203049464506426,0.05395646561945422,0.08380740477638912,0.0,0.0,0.36831025733258904,0.0,False,True,0.0,,
dirichlet_68,0.0699054987650865,0.49030013619400586,0.30203049464506426,0.05395646561945422,0.08380740477638912,Fair,"alpha=0.0,eps=0.01",OK,0.11323906268633742,0.47822230896135254,0.290513839742719,0.04408812019677715,0.073936668412814,0.04848835623795831,0.04735254731858165,0.36192746650610064,-0.009999999999999988,True,True,,,0.05174427244510352
dirichlet_68,0.0699054987650865,0.49030013619400586,0.30203049464506426,0.05395646561945422,0.08380740477638912,Fair,"alpha=0.0,eps=0.02",OK,0.1565726266075883,0.46614448172869916,0.2789971848403736,0.03421977477410007,0.06406593204923886,0.09697671247591663,0.09470509463716331,0.35554467567961207,-0.020000000000000004,True,True,,,0.10348854489020703
dirichlet_68,0.0699054987650865,0.49030013619400586,0.30203049464506426,0.05395646561945422,0.08380740477638912,Fair,"alpha=0.0,eps=0.05",OK,0.28657331837134103,0.42991100003073907,0.2444472201333377,0.004614738506068841,0.03445372295851347,0.24244178118979162,0.2367627365929083,0.33639630320014646,-0.05,True,True,,,0.25872136222551756
dirichlet_68,0.0699054987650865,0.49030013619400586,0.30203049464506426,0.05395646561945422,0.08380740477638912,Fair,"alpha=0.0,eps=0.1",OK,0.4379038824838772,0.37279269077921684,0.18930342673690598,0.0,0.0,0.4145759077228431,0.40377396539092086,0.30374981261455325,-0.09999999999999999,True,True,,,0.5138725567003112
dirichlet_68,0.0699054987650865,0.49030013619400586,0.30203049464506426,0.05395646561945422,0.08380740477638912,Fair,"alpha=0.5,eps=0.01",OK,0.0705838943705746,0.4907513405816122,0.3021009674040375,0.05371287860632056,0.0828509190374551,0.0012817846966045416,0.0012985547271201188,0.3685412219858945,-0.0009594214846010994,True,True,,,1.0004473972112282
dirichlet_68,0.0699054987650865,0.49030013619400586,0.30203049464506426,0.05395646561945422,0.08380740477638912,Fair,"alpha=0.5,eps=0.02",OK,0.07126228979836906,0.49120254471732566,0.30217144014353187,0.05346929162641381,0.08189443371435973,0.002563568892803789,0.0025971089476047407,0.3687721865227185,-0.0019188425543400882,True,True,,,1.414846277576982
dirichlet_68,0.0699054987650865,0.49030013619400586,0.30203049464506426,0.05395646561945422,0.08380740477638912,Fair,"alpha=0.5,eps=0.05",OK,0.07329747666481742,0.49255615752866044,0.30238285851310664,0.05273853043755489,0.07902497685586057,0.006408922651471195,0.006492772797348882,0.3694650803609319,-0.0047971066567699065,True,True,,,2.2370683880770397
dirichlet_68,0.0699054987650865,0.49030013619400586,0.30203049464506426,0.05395646561945422,0.08380740477638912,Fair,"alpha=0.5,eps=0.1",OK,0.07668945538657929,0.494812178717106,0.30273522231391625,0.05152059471268951,0.0742425488697091,0.012817845834998147,0.012985546134826484,0.3706199033452159,-0.009594213395405315,True,True,,,3.163692454374668
dirichlet_68,0.0699054987650865,0.49030013619400586,0.30203049464506426,0.05395646561945422,0.08380740477638912,Fair,"alpha=1.0,eps=0.01",OK,0.0702430832518119,0.49052727368802695,0.30207000808863627,0.05383845976974567,0.08332117520177917,0.0006461119244229724,0.000654573004670771,0.36842729826500586,-0.0004875499652028567,True,True,,,-23.02360145026797
dirichlet_68,0.0699054987650865,0.49030013619400586,0.30203049464506426,0.05395646561945422,0.08380740477638912,Fair,"alpha=1.0,eps=0.02",OK,0.07058066755201353,0.4907544116725352,0.30210952152597115,0.053720454305167586,0.08283494494431264,0.0012922243669784936,0.0013091465276430887,0.36854433939029324,-0.0009751005973421007,True,True,,,-19.557865547468246
dirichlet_68,0.0699054987650865,0.49030013619400586,0.30203049464506426,0.05395646561945422,0.08380740477638912,Fair,"alpha=1.0,eps=0.05",OK,0.07159342065899145,0.49143582484481224,0.30222806190020346,0.05336643745961237,0.08137625513638046,0.003230560888347087,0.0032728662880413674,0.3688954624660715,-0.0024377515488411636,True,True,,,-14.97641188809747
dirichlet_68,0.0699054987650865,0.49030013619400586,0.30203049464506426,0.05395646561945422,0.08380740477638912,Fair,"alpha=1.0,eps=0.1",OK,0.07328134250168139,0.49257151420024264,0.30242562847333454,0.052776409129457136,0.07894510569528425,0.006461121837348692,0.006545732632198811,0.369480667734024,-0.004875502903519231,True,True,,,-11.510675985297745
dirichlet_68,0.0699054987650865,0.49030013619400586,0.30203049464506426,0.05395646561945422,0.08380740477638912,Fair,"alpha=2.0,eps=0.01",OK,0.07007386476249694,0.4904140673018654,0.3020513218240346,0.05389844000947787,0.0835623061021252,0.00032434782155122966,0.0003285952068045671,0.3683691575155842,-0.0002457210379114311,True,True,,,-499.88721999618826
dirichlet_68,0.0699054987650865,0.49030013619400586,0.30203049464506426,0.05395646561945422,0.08380740477638912,Fair,"alpha=2.0,eps=0.02",OK,0.07024223075469786,0.49052799840644706,0.3020721490080278,0.05384041440163505,0.08331720742919232,0.0006486956381818909,0.0006571904087204957,0.368428057698212,-0.000491442074455216,True,True,,,-249.9436099980941
dirichlet_68,0.0699054987650865,0.49030013619400586,0.30203049464506426,0.05395646561945422,0.08380740477638912,Fair,"alpha=2.0,eps=0.05",OK,0.07074732876664855,0.4908697917040188,0.30213463054085576,0.053666337562997574,0.08258191142547927,0.0016217390908151341,0.0016429760167759057,0.3686047582360117,-0.0012286051694178543,True,True,,,-99.97744399923764
dirichlet_68,0.0699054987650865,0.49030013619400586,0.30203049464506426,0.05395646561945422,0.08380740477638912,Fair,"alpha=2.0,eps=0.1",OK,0.07158915863220958,0.4914394472020612,0.3022387666564723,0.05337620953885752,0.08135641797039954,0.0032434781938803442,0.0032859520509893555,0.368899259182436,-0.0024572104426487267,True,True,,,-49.98872199961882
dirichlet_69,0.43429340064103183,0.1446720360055814,0.13257999454440036,0.128037421524847,0.16041714728413947,Avg,rho=0.0,OK,0.9999999999999998,1.5265566588595902e-16,6.938893903907228e-17,0.0,0.0,0.6329760279561888,0.6193823578213475,0.4535156872948194,-0.16201299921124335,True,True,,,
dirichlet_69,0.43429340064103183,0.1446720360055814,0.13257999454440036,0.128037421524847,0.16041714728413947,Avg,rho=0.1,OK,1.0,4.163336342344337e-17,0.0,0.0,0.0,0.6329760279561891,0.6193823578213478,0.4535156872948195,-0.16201299921124335,True,True,,,
dirichlet_69,0.43429340064103183,0.1446720360055814,0.13257999454440036,0.128037421524847,0.16041714728413947,Avg,rho=0.2,OK,1.0,6.7220534694101275e-18,5.421010862427522e-20,7.101524229780054e-18,6.722053469410127e-17,0.6329760279561891,0.6193823578213477,0.4535156872948195,-0.1620129992112433,True,True,,,
dirichlet_69,0.43429340064103183,0.1446720360055814,0.13257999454440036,0.128037421524847,0.16041714728413947,Avg,rho=0.5,OK,0.6753286937769716,0.09415848553375246,0.06644092962843007,0.05348839840522351,0.11058349265562256,0.27030530369950534,0.2646666208487581,0.3607142980315487,-0.074826948752172,True,True,,,
dirichlet_69,0.43429340064103183,0.1446720360055814,0.13257999454440036,0.128037421524847,0.16041714728413947,Cert,,FLOOR_COLLAPSED,0.43429340064103183,0.1446720360055814,0.13257999454440036,0.128037421524847,0.16041714728413947,0.0,0.0,0.29066587976997105,0.0,False,True,0.0,-0.0,
dirichlet_69,0.43429340064103183,0.1446720360055814,0.13257999454440036,0.128037421524847,0.16041714728413947,MaxMin,c=0.0,OK_EXACT_D0,0.6651652533016932,0.10328025405329472,0.07325203091979467,0.051184166372740134,0.10711829535247727,0.2593879135131442,0.2544655975528097,0.3579479694466734,-0.07715382960774149,True,True,-0.07715382960774149,,
dirichlet_69,0.43429340064103183,0.1446720360055814,0.13257999454440036,0.128037421524847,0.16041714728413947,MaxMin,c=0.1,OK,0.6569229519021909,0.0949557427366941,0.06894405168644169,0.07335733573868364,0.10581991793598984,0.24911027551797427,0.24368402393578964,0.35501032582777187,-0.05537396527704385,True,True,-0.05537396527704385,,
dirichlet_69,0.43429340064103183,0.1446720360055814,0.13257999454440036,0.128037421524847,0.16041714728413947,MaxMin,c=0.25,OK,0.6155320994637875,0.0941576196000878,0.0844126304871789,0.08676396229149759,0.11913368815744842,0.20279814991889394,0.19804773218188992,0.34282970794166256,-0.04182409255608813,True,True,-0.04182409255608813,,
dirichlet_69,0.43429340064103183,0.1446720360055814,0.13257999454440036,0.128037421524847,0.16041714728413947,MaxMin,c=0.5,OK,0.552776986840734,0.11164857440833631,0.10109090270939705,0.10105517382278806,0.1334283622187447,0.13257793304151932,0.12947237924377689,0.3247676332687169,-0.027342220551030572,True,True,-0.027342220551030572,,
dirichlet_69,0.43429340064103183,0.1446720360055814,0.13257999454440036,0.128037421524847,0.16041714728413947,MaxMin,c=0.75,OK,0.4931848961816583,0.12825793930435328,0.1169285463492565,0.11462607087967314,0.14700254728505868,0.06589699892557557,0.06435340361843603,0.30761593444432883,-0.013590272807390051,True,True,-0.013590272807390051,,
dirichlet_69,0.43429340064103183,0.1446720360055814,0.13257999454440036,0.128037421524847,0.16041714728413947,MaxMin,c=0.9,OK,0.4578042856477652,0.1381191384014485,0.12633156435381337,0.12268329152850234,0.15506172006847063,0.026307648495006435,0.02569140855356946,0.29743274453793667,-0.00542555997689449,True,True,-0.00542555997689449,,
dirichlet_69,0.43429340064103183,0.1446720360055814,0.13257999454440036,0.128037421524847,0.16041714728413947,MaxMin,c=0.95,OK,0.44604286133250914,0.14139725443980963,0.12945736922056783,0.1253617187637175,0.157740796243396,0.013147130862524118,0.012839167680093595,0.2940475904785635,-0.0027113995776646164,True,True,-0.0027113995776646164,,
dirichlet_69,0.43429340064103183,0.1446720360055814,0.13257999454440036,0.128037421524847,0.16041714728413947,MaxMin,c=1.0,OK,0.43429340064103183,0.1446720360055814,0.13257999454440036,0.128037421524847,0.16041714728413947,0.0,0.0,0.29066587976997105,0.0,False,True,0.0,,
dirichlet_69,0.43429340064103183,0.1446720360055814,0.13257999454440036,0.128037421524847,0.16041714728413947,Fair,"alpha=0.0,eps=0.01",OK,0.4776269645622826,0.13259420877292802,0.12106333964205501,0.11816907610216991,0.1505464109205643,0.04848835623795822,0.04735254731858155,0.30313807581385105,-0.010000000000000038,True,True,,,0.05174427244510352
dirichlet_69,0.43429340064103183,0.1446720360055814,0.13257999454440036,0.128037421524847,0.16041714728413947,Fair,"alpha=0.0,eps=0.02",OK,0.5209605284835336,0.12051638154027466,0.10954668473970972,0.10830073067949286,0.1406756745569892,0.09697671247591659,0.09470509463716327,0.3156102718577311,-0.02000000000000001,True,True,,,0.10348854489020703
dirichlet_69,0.43429340064103183,0.1446720360055814,0.13257999454440036,0.128037421524847,0.16041714728413947,Fair,"alpha=0.0,eps=0.05",OK,0.6509612202472862,0.08428289984231456,0.07499672003267376,0.07869569441146161,0.11106346546626378,0.2424417811897915,0.2367627365929082,0.3530268599893712,-0.050000000000000044,True,True,,,0.25872136222551756
dirichlet_69,0.43429340064103183,0.1446720360055814,0.13257999454440036,0.128037421524847,0.16041714728413947,Fair,"alpha=0.0,eps=0.1",OK,0.8676290398535408,0.023893763679047747,0.01741344552094716,0.029353967298076253,0.06170978364838815,0.48488356237958313,0.4735254731858165,0.4153878402087715,-0.10000000000000002,True,True,,,0.5174427244510351
dirichlet_69,0.43429340064103183,0.1446720360055814,0.13257999454440036,0.128037421524847,0.16041714728413947,Fair,"alpha=0.5,eps=0.01",OK,0.4349717961756063,0.14512324026936593,0.13265046733893593,0.12779383451812046,0.15946066169797146,0.0012817845022275373,0.0012985545312833512,0.2908693450859933,-0.000959421332567664,True,True,,,1.0004473972112282
dirichlet_69,0.43429340064103183,0.1446720360055814,0.13257999454440036,0.128037421524847,0.16041714728413947,Fair,"alpha=0.5,eps=0.02",OK,0.4356501918540955,0.1455744445879263,0.13272093995241416,0.12755024759105862,0.15850417601450537,0.002563569147416348,0.0025971091998661165,0.2910728104427794,-0.0019188427580769994,True,True,,,1.4148462775769817
dirichlet_69,0.43429340064103183,0.1446720360055814,0.13257999454440036,0.128037421524847,0.16041714728413947,Fair,"alpha=0.5,eps=0.05",OK,0.4376853785259059,0.1469280573479277,0.13293235830625844,0.12681948622210298,0.15563471959780506,0.006408922488683685,0.006492772633793369,0.29168320641821605,-0.004797106427529503,True,True,,,2.2370683880770397
dirichlet_69,0.43429340064103183,0.1446720360055814,0.13257999454440036,0.128037421524847,0.16041714728413947,Fair,"alpha=0.5,eps=0.1",OK,0.4410773566173086,0.1491840787326954,0.13328472223116813,0.12560155083486496,0.15085229158396296,0.0128178453710198,0.012985545669126752,0.29270053312666267,-0.009594213184173724,True,True,,,3.163692454374668
dirichlet_69,0.43429340064103183,0.1446720360055814,0.13257999454440036,0.128037421524847,0.16041714728413947,Fair,"alpha=1.0,eps=0.01",OK,0.43463098503206105,0.14489917375342126,0.13261950798330358,0.12791941586721878,0.15993091736399542,0.0006461121883155012,0.0006545732687555161,0.2907670572311932,-0.00048755030278115817,True,True,,,-23.02360145026797
dirichlet_69,0.43429340064103183,0.1446720360055814,0.13257999454440036,0.128037421524847,0.16041714728413947,Fair,"alpha=1.0,eps=0.02",OK,0.43496856944074186,0.14512631145959984,0.13265902145012406,0.1278014101971299,0.15944468745240442,0.0012922243687544174,0.0013091465300287737,0.2908682346970606,-0.0009751005975263899,True,True,,,-19.557865547468246
dirichlet_69,0.43429340064103183,0.1446720360055814,0.13257999454440036,0.128037421524847,0.16041714728413947,Fair,"alpha=1.0,eps=0.05",OK,0.4359813226568004,0.14580772465773992,0.13277756184037207,0.12744739316309206,0.1579859976819956,0.0032305609633738533,0.003272866368697148,0.2911717670933949,-0.0024377515181119875,True,True,,,-14.97641188809747
dirichlet_69,0.43429340064103183,0.1446720360055814,0.13257999454440036,0.128037421524847,0.16041714728413947,Fair,"alpha=1.0,eps=0.1",OK,0.43766924449973926,0.1469434133304804,0.13297512898041175,0.12685736496181355,0.15555484822755514,0.006461121693682858,0.006545732496370326,0.29167765436511095,-0.004875502883384089,True,True,,,-11.510675985297745
dirichlet_69,0.43429340064103183,0.1446720360055814,0.13257999454440036,0.128037421524847,0.16041714728413947,Fair,"alpha=2.0,eps=0.01",OK,0.43446176663863395,0.1447859671111231,0.13260082172289372,0.1279793959160563,0.16017204861129278,0.00032434781952287854,0.00032859520469828214,0.2907163222289867,-0.0002457210364548437,True,True,,,-499.88721999618826
dirichlet_69,0.43429340064103183,0.1446720360055814,0.13257999454440036,0.128037421524847,0.16041714728413947,Fair,"alpha=2.0,eps=0.02",OK,0.4346301327275286,0.14489989812948384,0.1326216488261736,0.1279213703181172,0.1599269499986966,0.0006486956035112552,0.0006571903701794168,0.29076676471310486,-0.0004914420119375517,True,True,,,-249.9436099980941
dirichlet_69,0.43429340064103183,0.1446720360055814,0.13257999454440036,0.128037421524847,0.16041714728413947,Fair,"alpha=2.0,eps=0.05",OK,0.43513523062815035,0.14524169153543895,0.13268413043577282,0.12774729348256275,0.1591916539180752,0.001621739098920799,0.0016429760247664606,0.2909180920647888,-0.0012286051840370948,True,True,,,-99.97744399923764
dirichlet_69,0.43429340064103183,0.1446720360055814,0.13257999454440036,0.128037421524847,0.16041714728413947,Fair,"alpha=2.0,eps=0.1",OK,0.43597706060679564,0.1458113470593008,0.13278826632652088,0.12745716542519897,0.1579661605821838,0.003243478171194151,0.0032859520230476896,0.2911703043574863,-0.0024572103385888766,True,True,,,-49.98872199961882
dirichlet_70,0.14680562147281062,0.08194068175931309,0.2380933426040467,0.1690765793856042,0.3640837747782254,Avg,rho=0.0,OK,0.0,7.536546253785667e-17,0.0,7.413244109150869e-18,1.0,0.7196741907367628,0.7189083568237192,0.37234825435230157,-0.25168106622987474,True,True,,,
dirichlet_70,0.14680562147281062,0.08194068175931309,0.2380933426040467,0.1690765793856042,0.3640837747782254,Avg,rho=0.1,OK,0.0,9.676810357642228e-17,0.13934062624925997,0.0,0.8606593737507399,0.5596360245751664,0.5573038033587563,0.35560527203544134,-0.15607195017365194,True,True,,,
dirichlet_70,0.14680562147281062,0.08194068175931309,0.2380933426040467,0.1690765793856042,0.3640837747782254,Avg,rho=0.2,OK,1.652170685488697e-17,1.6491864811375393e-18,0.2749029167343979,0.030122716183754727,0.6949743670818475,0.3980174251771109,0.39422602352833597,0.3338609363739806,-0.14989869863238828,True,True,,,
dirichlet_70,0.14680562147281062,0.08194068175931309,0.2380933426040467,0.1690765793856042,0.3640837747782254,Avg,rho=0.5,OK,0.09158541828673973,3.4464711832593417e-18,0.2693428820881409,0.12824930969353404,0.5108223899315855,0.18422585869712993,0.18323890693808448,0.2981801750125865,-0.08425701022704475,True,True,,,
dirichlet_70,0.14680562147281062,0.08194068175931309,0.2380933426040467,0.1690765793856042,0.3640837747782254,Cert,,FLOOR_COLLAPSED,0.14680562147281062,0.08194068175931309,0.2380933426040467,0.1690765793856042,0.3640837747782254,0.0,0.0,0.2615257342155831,0.0,False,True,0.0,-0.0,
dirichlet_70,0.14680562147281062,0.08194068175931309,0.2380933426040467,0.1690765793856042,0.3640837747782254,MaxMin,c=0.0,INFEASIBLE_BALL_MISSES_SIMPLEX,,,,,,,,,,False,False,,,
dirichlet_70,0.14680562147281062,0.08194068175931309,0.2380933426040467,0.1690765793856042,0.3640837747782254,MaxMin,c=0.1,INFEASIBLE_BALL_MISSES_SIMPLEX,,,,,,,,,,False,False,,,
dirichlet_70,0.14680562147281062,0.08194068175931309,0.2380933426040467,0.1690765793856042,0.3640837747782254,MaxMin,c=0.25,OK,0.08703654700748437,0.015550244586073458,0.2607007115971269,0.13051841188279234,0.506194084926523,0.1737043409788745,0.17295003939656733,0.29559060912781315,-0.06935611746641283,True,True,-0.06935611746641283,,
dirichlet_70,0.14680562147281062,0.08194068175931309,0.2380933426040467,0.1690765793856042,0.3640837747782254,MaxMin,c=0.5,OK,0.11391933136070101,0.0494799914220468,0.23104993258324186,0.13072808375778175,0.4748226608762286,0.12616862577667456,0.12557393545567805,0.28462963313311124,-0.035110407714332804,True,True,-0.035110407714332804,,
dirichlet_70,0.14680562147281062,0.08194068175931309,0.2380933426040467,0.1690765793856042,0.3640837747782254,MaxMin,c=0.75,OK,0.13345565900920012,0.06872327224858621,0.22488312884592598,0.1527784004024137,0.42015953949387397,0.06274992578563096,0.06264465054048143,0.2722914339429445,-0.014713988063456999,True,True,-0.014713988063456999,,
dirichlet_70,0.14680562147281062,0.08194068175931309,0.2380933426040467,0.1690765793856042,0.3640837747782254,MaxMin,c=0.9,OK,0.14170891732151336,0.07689458323234424,0.23304999124751197,0.16285431496286598,0.38549219323576445,0.023956457414541922,0.023916265782509615,0.2656358271571645,-0.005617457296196628,True,True,-0.005617457296196628,,
dirichlet_70,0.14680562147281062,0.08194068175931309,0.2380933426040467,0.1690765793856042,0.3640837747782254,MaxMin,c=0.95,OK,0.14428533352678397,0.07944541797423628,0.23559943727736332,0.16599970900896613,0.3746701022126503,0.011846316572249481,0.011826442064580382,0.26355814916261894,-0.0027777970803582993,True,True,-0.0027777970803582993,,
dirichlet_70,0.14680562147281062,0.08194068175931309,0.2380933426040467,0.1690765793856042,0.3640837747782254,MaxMin,c=1.0,OK,0.14680562147281062,0.08194068175931309,0.2380933426040467,0.1690765793856042,0.3640837747782254,0.0,0.0,0.2615257342155831,0.0,False,True,0.0,,
dirichlet_70,0.14680562147281062,0.08194068175931309,0.2380933426040467,0.1690765793856042,0.3640837747782254,Fair,"alpha=0.0,eps=0.01",OK,0.19013918539406152,0.06986285452665972,0.22657668770170136,0.1592082339629271,0.3542130384146503,0.048488356237958316,0.047352547318581656,0.259122084289545,-0.010000000000000012,True,True,,,0.05174427244510352
dirichlet_70,0.14680562147281062,0.08194068175931309,0.2380933426040467,0.1690765793856042,0.3640837747782254,Fair,"alpha=0.0,eps=0.02",OK,0.23347274931531242,0.05778502729400636,0.21506003279935604,0.14933988854025004,0.34434230205107513,0.09697671247591663,0.09470509463716333,0.25671843436350683,-0.020000000000000004,True,True,,,0.10348854489020703
dirichlet_70,0.14680562147281062,0.08194068175931309,0.2380933426040467,0.1690765793856042,0.3640837747782254,Fair,"alpha=0.0,eps=0.05",OK,0.3634734410790651,0.02155154559604626,0.1805100680923201,0.1197348522722188,0.31473009296034976,0.24244178118979157,0.23676273659290825,0.2495074845853924,-0.05000000000000001,True,True,,,0.25872136222551756
dirichlet_70,0.14680562147281062,0.08194068175931309,0.2380933426040467,0.1690765793856042,0.3640837747782254,Fair,"alpha=0.0,eps=0.1",OK,0.540936755698152,0.0,0.12323530980208323,0.0703136006775701,0.26551433382219475,0.44126642138932354,0.4318604070456121,0.23507972035177252,-0.09999999999999998,True,True,,,0.5170803976528946
dirichlet_70,0.14680562147281062,0.08194068175931309,0.2380933426040467,0.1690765793856042,0.3640837747782254,Fair,"alpha=0.5,eps=0.01",OK,0.14748401707829875,0.0823918861469194,0.23816381536301992,0.16883299237247051,0.36312728903929137,0.0012817846966045692,0.0012985547271201457,0.2613036521601722,-0.0009594214846011139,True,True,,,1.0004473972112282
dirichlet_70,0.14680562147281062,0.08194068175931309,0.2380933426040467,0.1690765793856042,0.3640837747782254,Fair,"alpha=0.5,eps=0.02",OK,0.14816241267104208,0.082843090245233,0.23823428810736175,0.16858940537370704,0.36217080360265613,0.0025635690555142416,0.0025971091105952944,0.2610815701835174,-0.0019188426675672624,True,True,,,1.414846277576982
dirichlet_70,0.14680562147281062,0.08194068175931309,0.2380933426040467,0.1690765793856042,0.3640837747782254,Fair,"alpha=0.5,eps=0.05",OK,0.1501975989550383,0.08419670294751147,0.23844570643542667,0.16785864460398378,0.3593013470580399,0.0064089221513670925,0.0064927722846196525,0.26041532419291297,-0.004797106444113007,True,True,,,2.2370683880770397
dirichlet_70,0.14680562147281062,0.08194068175931309,0.2380933426040467,0.1690765793856042,0.3640837747782254,Fair,"alpha=0.5,eps=0.1",OK,0.15358957738279302,0.08645272451162636,0.23879807034942938,0.16664070894825753,0.3545189188078937,0.012817845501609436,0.012985545796859154,0.25930491402674705,-0.009594213444607477,True,True,,,3.163692454374668
dirichlet_70,0.14680562147281062,0.08194068175931309,0.2380933426040467,0.1690765793856042,0.3640837747782254,Fair,"alpha=1.0,eps=0.01",OK,0.1471432058019094,0.08216781953472517,0.23813285601795053,0.16895857376522452,0.36359754488019036,0.0006461121406806366,0.0006545732199449136,0.2614134117476602,-0.0004875502795446359,True,True,,,-23.02360145026797
dirichlet_70,0.14680562147281062,0.08194068175931309,0.2380933426040467,0.1690765793856042,0.3640837747782254,Fair,"alpha=1.0,eps=0.02",OK,0.1474807899412016,0.08239495724648471,0.23817236981787593,0.1688405683453601,0.3631113146490777,0.0012922243974554496,0.0013091465617417694,0.26130108925248624,-0.0009751008856128352,True,True,,,-19.557865547468246
dirichlet_70,0.14680562147281062,0.08194068175931309,0.2380933426040467,0.1690765793856042,0.3640837747782254,Fair,"alpha=1.0,eps=0.05",OK,0.14849354337463308,0.08307637014152706,0.2382909099969584,0.16848655111080865,0.3616526253760728,0.0032305606484842346,0.0032728660498754962,0.26096412194816493,-0.0024377513164979257,True,True,,,-14.97641188809747
dirichlet_70,0.14680562147281062,0.08194068175931309,0.2380933426040467,0.1690765793856042,0.3640837747782254,Fair,"alpha=1.0,eps=0.1",OK,0.15018146610529737,0.0842120586431683,0.23848847588260472,0.1678965244757905,0.3592214748931391,0.006461122193683618,0.0065457329232361085,0.26040250936496623,-0.004875503642579526,True,True,,,-11.510675985297745
dirichlet_70,0.14680562147281062,0.08194068175931309,0.2380933426040467,0.1690765793856042,0.3640837747782254,Fair,"alpha=2.0,eps=0.01",OK,0.14697398747022108,0.0820546128671727,0.238114169783017,0.1690185537756278,0.3638386761039614,0.00032434782155132583,0.0003285952068046651,0.2614692573962108,-0.0002457210379114877,True,True,,,-499.8872199961882
dirichlet_70,0.14680562147281062,0.08194068175931309,0.2380933426040467,0.1690765793856042,0.3640837747782254,Fair,"alpha=2.0,eps=0.02",OK,0.14714235346656865,0.08216854397642032,0.23813499695699034,0.16896052816878324,0.36359357743123744,0.0006486956409935984,0.0006571904113110154,0.26141278057671785,-0.0004914420741629256,True,True,,,-249.94360999809413
dirichlet_70,0.14680562147281062,0.08194068175931309,0.2380933426040467,0.1690765793856042,0.3640837747782254,Fair,"alpha=2.0,eps=0.05",OK,0.1476474514705718,0.08251033728546928,0.2381974784894453,0.16878645134564702,0.3628582814088666,0.0016217391048347928,0.0016429760304234814,0.26124335011938643,-0.0012286051871783048,True,True,,,-99.97744399923764
dirichlet_70,0.14680562147281062,0.08194068175931309,0.2380933426040467,0.1690765793856042,0.3640837747782254,Fair,"alpha=2.0,eps=0.1",OK,0.14848928146983886,0.0830799927667436,0.2383016144057382,0.16849632329386455,0.36163278806381477,0.003243478180417388,0.0032859520319661046,0.2609609660332621,-0.0024572103506709532,True,True,,,-49.98872199961882
dirichlet_71,0.3736164241713802,0.1812351676479344,0.0934804699136347,0.004648475153707284,0.3470194631133434,Avg,rho=0.0,OK,0.9999999999999998,0.0,0.0,0.0,2.775557561562891e-16,0.7445705368977639,0.7298550141178028,0.3926750367808115,-0.34337163976055585,True,True,,,
dirichlet_71,0.3736164241713802,0.1812351676479344,0.0934804699136347,0.004648475153707284,0.3470194631133434,Avg,rho=0.1,OK,0.6268442606117748,0.0,0.0,0.0,0.3731557393882253,0.32621133434432303,0.31562806999884785,0.37701316293222753,-0.16899446706864024,True,True,,,
dirichlet_71,0.3736164241713802,0.1812351676479344,0.0934804699136347,0.004648475153707284,0.3470194631133434,Avg,rho=0.2,OK,0.5739922358429018,4.0332320816460765e-17,0.0,0.0,0.42600776415709823,0.2966412145567494,0.288069519989203,0.37479488874480804,-0.1721890205715531,True,True,,,
dirichlet_71,0.3736164241713802,0.1812351676479344,0.0934804699136347,0.004648475153707284,0.3470194631133434,Avg,rho=0.5,OK,0.48855203551107207,0.10129133701448594,0.0,0.0,0.41015662747444204,0.17985471611961465,0.17540751870177254,0.35703889824328683,-0.09114423698091034,True,True,,,
dirichlet_71,0.3736164241713802,0.1812351676479344,0.0934804699136347,0.004648475153707284,0.3470194631133434,Cert,,FLOOR_COLLAPSED,0.3736164241713802,0.1812351676479344,0.0934804699136347,0.004648475153707284,0.3470194631133434,0.0,0.0,0.3180384151945217,0.0,False,True,0.0,-0.0,
dirichlet_71,0.3736164241713802,0.1812351676479344,0.0934804699136347,0.004648475153707284,0.3470194631133434,MaxMin,c=0.0,INFEASIBLE_BALL_MISSES_SIMPLEX,,,,,,,,,,False,False,,,
dirichlet_71,0.3736164241713802,0.1812351676479344,0.0934804699136347,0.004648475153707284,0.3470194631133434,MaxMin,c=0.1,INFEASIBLE_BALL_MISSES_SIMPLEX,,,,,,,,,,False,False,,,
dirichlet_71,0.3736164241713802,0.1812351676479344,0.0934804699136347,0.004648475153707284,0.3470194631133434,MaxMin,c=0.25,INFEASIBLE_BALL_MISSES_SIMPLEX,,,,,,,,,,False,False,,,
dirichlet_71,0.3736164241713802,0.1812351676479344,0.0934804699136347,0.004648475153707284,0.3470194631133434,MaxMin,c=0.5,INFEASIBLE_BALL_MISSES_SIMPLEX,,,,,,,,,,False,False,,,
dirichlet_71,0.3736164241713802,0.1812351676479344,0.0934804699136347,0.004648475153707284,0.3470194631133434,MaxMin,c=0.75,OK,0.4743182551790713,0.10946753775742765,0.023272143162697313,0.0,0.3929420639008038,0.14950302404268556,0.14549210385358255,0.34994598291681595,-0.06825112905492528,True,True,-0.06825112905492528,,
dirichlet_71,0.3736164241713802,0.1812351676479344,0.0934804699136347,0.004648475153707284,0.3470194631133434,MaxMin,c=0.9,OK,0.42521608146460227,0.16181030132017848,0.07473794155973734,2.3332030751888055e-16,0.3382356756554817,0.05907533899255526,0.05736395250360229,0.32872752908299774,-0.017036384352607414,True,True,-0.017036384352607414,,
dirichlet_71,0.3736164241713802,0.1812351676479344,0.0934804699136347,0.004648475153707284,0.3470194631133434,MaxMin,c=0.95,OK,0.3971702888085914,0.17444075108487694,0.08699051550634894,0.0,0.34139844460018265,0.0263869724365831,0.02575123700128545,0.32296586912428077,-0.0056637559618963286,True,True,-0.0056637559618963286,,
dirichlet_71,0.3736164241713802,0.1812351676479344,0.0934804699136347,0.004648475153707284,0.3470194631133434,MaxMin,c=1.0,OK,0.3736164241713802,0.1812351676479344,0.0934804699136347,0.004648475153707284,0.3470194631133434,0.0,0.0,0.3180384151945217,0.0,False,True,0.0,,
dirichlet_71,0.3736164241713802,0.1812351676479344,0.0934804699136347,0.004648475153707284,0.3470194631133434,Fair,"alpha=0.0,eps=0.01",OK,0.4114610349330612,0.16941353026513262,0.08214580498503007,0.0,0.3369796298167761,0.04269481089119418,0.041600336710202794,0.32538304445030664,-0.010000000000000007,True,True,,,0.05149633568686962
dirichlet_71,0.3736164241713802,0.1812351676479344,0.0934804699136347,0.004648475153707284,0.3470194631133434,Fair,"alpha=0.0,eps=0.02",OK,0.44441754291299257,0.1578200388113104,0.07097320842739369,0.0,0.32678920984830334,0.08061336713927736,0.078460948037169,0.33095739705773713,-0.020000000000000007,True,True,,,0.10277187510851547
dirichlet_71,0.3736164241713802,0.1812351676479344,0.0934804699136347,0.004648475153707284,0.3470194631133434,Fair,"alpha=0.0,eps=0.05",OK,0.5432870668527867,0.12303956444984376,0.03745541875448448,0.0,0.2962179499428851,0.19472047565307413,0.1893953542147624,0.34768045488002847,-0.05000000000000001,True,True,,,0.2565984933734531
dirichlet_71,0.3736164241713802,0.1812351676479344,0.0934804699136347,0.004648475153707284,0.3470194631133434,Fair,"alpha=0.0,eps=0.1",OK,0.6891185846113181,0.06548760949256414,0.0,0.0,0.24539380589611764,0.36335532367444523,0.35343208906697426,0.3704656490836472,-0.10000000000000002,True,True,,,0.512481418188169
dirichlet_71,0.3736164241713802,0.1812351676479344,0.0934804699136347,0.004648475153707284,0.3470194631133434,Fair,"alpha=0.5,eps=0.01",OK,0.3742948197649987,0.1816863719177314,0.09355094268165016,0.004404888123023932,0.3460629775125958,0.0012817845495676958,0.0012985545785510909,0.3180659510409001,-0.0009594213476599806,True,True,,,1.0004473972112282
dirichlet_71,0.3736164241713802,0.1812351676479344,0.0934804699136347,0.004648475153707284,0.3470194631133434,Fair,"alpha=0.5,eps=0.02",OK,0.3749732150910167,0.18213757658254454,0.09362141492340005,0.004161301164680191,0.3451064922383585,0.002563568810228287,0.002597108857241144,0.31809348691852835,-0.001918842366601891,True,True,,,1.4148462775769817
dirichlet_71,0.3736164241713802,0.1812351676479344,0.0934804699136347,0.004648475153707284,0.3470194631133434,Fair,"alpha=0.5,eps=0.05",OK,0.37700840193818264,0.18349118908751727,0.09383283333451481,0.003430541025174065,0.34223703461461136,0.006408922824753358,0.006492772938163913,0.3181760941718719,-0.00479710719374002,True,True,,,2.2370683880770397
dirichlet_71,0.3736164241713802,0.1812351676479344,0.0934804699136347,0.004648475153707284,0.3470194631133434,Fair,"alpha=0.5,eps=0.1",OK,0.3804003796863945,0.1857472103874689,0.09418519796134117,0.002212604691419175,0.3374546072733763,0.012817845212152637,0.012985545515758333,0.31831377360031793,-0.009594213318030294,True,True,,,3.163692454374668
dirichlet_71,0.3736164241713802,0.1812351676479344,0.0934804699136347,0.004648475153707284,0.3470194631133434,Fair,"alpha=1.0,eps=0.01",OK,0.3739540085514068,0.181462305366902,0.09351998337153213,0.004530469507042579,0.34653323320311646,0.0006461121641130435,0.0006545732443577496,0.3180496980402673,-0.00048755029261109215,True,True,,,-23.02360145026797
dirichlet_71,0.3736164241713802,0.1812351676479344,0.0934804699136347,0.004648475153707284,0.3470194631133434,Fair,"alpha=1.0,eps=0.02",OK,0.3742915926210558,0.18168944315007177,0.09355949699554837,0.004412463946792858,0.3460470032865312,0.00129222418778948,0.0013091463517327369,0.3180609807979941,-0.0009751005900720658,True,True,,,-19.557865547468246
dirichlet_71,0.3736164241713802,0.1812351676479344,0.0934804699136347,0.004648475153707284,0.3470194631133434,Fair,"alpha=1.0,eps=0.05",OK,0.37530434663198065,0.1823708552429095,0.09367803782240941,0.004058446453859359,0.3445883138488411,0.003230560669278921,0.0032728660822089915,0.3180948295943669,-0.0024377511945375147,True,True,,,-14.97641188809747
dirichlet_71,0.3736164241713802,0.1812351676479344,0.0934804699136347,0.004648475153707284,0.3470194631133434,Fair,"alpha=1.0,eps=0.1",OK,0.37699226871711844,0.18350654396177674,0.0938756027713684,0.003468419709012238,0.34215716484072417,0.0064611208064705005,0.0065457315240709385,0.3181512438727334,-0.004875502054540038,True,True,,,-11.510675985297745
dirichlet_71,0.3736164241713802,0.1812351676479344,0.0934804699136347,0.004648475153707284,0.3470194631133434,Fair,"alpha=2.0,eps=0.01",OK,0.3737847901690258,0.18134909875355792,0.09350129709199034,0.004590449544905622,0.3467743644405203,0.00032434781954952157,0.00032859520472266086,0.3180434274126445,-0.00024572103643114604,True,True,,,-499.8872199961882
dirichlet_71,0.3736164241713802,0.1812351676479344,0.0934804699136347,0.004648475153707284,0.3470194631133434,Fair,"alpha=2.0,eps=0.02",OK,0.3739531561582795,0.18146302984844784,0.09352212428864698,0.004532423946764661,0.346529265757861,0.0006486956376733393,0.0006571904081276032,0.3180484396242774,-0.0004914420823675035,True,True,,,-249.9436099980941
dirichlet_71,0.3736164241713802,0.1812351676479344,0.0934804699136347,0.004648475153707284,0.3470194631133434,Fair,"alpha=2.0,eps=0.05",OK,0.3744582541346825,0.18180482307473148,0.0935846057903445,0.004358347154505396,0.3457939698457362,0.0016217389673071785,0.0016429758899857258,0.31806347628730963,-0.001228605084448166,True,True,,,-99.97744399923764
dirichlet_71,0.3736164241713802,0.1812351676479344,0.0934804699136347,0.004648475153707284,0.3470194631133434,Fair,"alpha=2.0,eps=0.1",OK,0.3753000839762069,0.18237447815954547,0.09368874171766749,0.004068219387588028,0.3445684767589921,0.0032434775762971812,0.0032859514121053473,0.3180885373364366,-0.0024572099809766637,True,True,,,-49.98872199961882
dirichlet_72,0.1541142365090733,0.5807993533877964,0.1280636566334765,0.10937290600366258,0.027649847465991407,Avg,rho=0.0,OK,4.996003610813204e-16,0.9999999999999996,7.632783294297951e-17,0.0,0.0,0.47812929924632225,0.4660910751293245,0.5983039695554315,-0.13554974395861863,True,True,,,
dirichlet_72,0.1541142365090733,0.5807993533877964,0.1280636566334765,0.10937290600366258,0.027649847465991407,Avg,rho=0.1,OK,2.775557561562891e-16,0.9999999999999997,6.938893903907227e-17,0.0,0.0,0.4781292992463224,0.46609107512932474,0.5983039695554315,-0.13554974395861885,True,True,,,
dirichlet_72,0.1541142365090733,0.5807993533877964,0.1280636566334765,0.10937290600366258,0.027649847465991407,Avg,rho=0.2,OK,1.5265566588595902e-16,0.9999999999999998,0.0,8.326672684688674e-17,0.0,0.4781292992463226,0.46609107512932485,0.5983039695554315,-0.13554974395861893,True,True,,,
dirichlet_72,0.1541142365090733,0.5807993533877964,0.1280636566334765,0.10937290600366258,0.027649847465991407,Avg,rho=0.5,OK,0.06858590197700298,0.9202582480274272,0.011155849995569891,0.0,5.046876409625299e-17,0.3859298110320767,0.3773609357026276,0.5661259691404965,-0.10829881679617624,True,True,,,
dirichlet_72,0.1541142365090733,0.5807993533877964,0.1280636566334765,0.10937290600366258,0.027649847465991407,Cert,,FLOOR_COLLAPSED,0.15411423650907327,0.5807993533877963,0.12806365663347646,0.10937290600366255,0.0276498474659914,1.2118257228641695e-16,1.2493881163337534e-16,0.4138488294260732,-1.145261344602588e-16,False,True,0.0,-0.0,
dirichlet_72,0.1541142365090733,0.5807993533877964,0.1280636566334765,0.10937290600366258,0.027649847465991407,MaxMin,c=0.0,INFEASIBLE_BALL_MISSES_SIMPLEX,,,,,,,,,,False,False,,,
dirichlet_72,0.1541142365090733,0.5807993533877964,0.1280636566334765,0.10937290600366258,0.027649847465991407,MaxMin,c=0.1,INFEASIBLE_BALL_MISSES_SIMPLEX,,,,,,,,,,False,False,,,
dirichlet_72,0.1541142365090733,0.5807993533877964,0.1280636566334765,0.10937290600366258,0.027649847465991407,MaxMin,c=0.25,INFEASIBLE_BALL_MISSES_SIMPLEX,,,,,,,,,,False,False,,,
dirichlet_72,0.1541142365090733,0.5807993533877964,0.1280636566334765,0.10937290600366258,0.027649847465991407,MaxMin,c=0.5,OK,0.07515430144748943,0.8297266200112693,0.05443964883323593,0.040679429708005345,0.0,0.2812530136524897,0.27467129998561185,0.525419326919031,-0.0679519636067976,True,True,-0.0679519636067976,,
dirichlet_72,0.1541142365090733,0.5807993533877964,0.1280636566334765,0.10937290600366258,0.027649847465991407,MaxMin,c=0.75,OK,0.12440359725998304,0.6868782179495286,0.10053192627332375,0.0845766642199872,0.0036095942971774214,0.11868542937924277,0.1162002775223295,0.46293259616040777,-0.024844681811450976,True,True,-0.024844681811450976,,
dirichlet_72,0.1541142365090733,0.5807993533877964,0.1280636566334765,0.10937290600366258,0.027649847465991407,MaxMin,c=0.9,OK,0.14238465751764076,0.6226786415029567,0.11719429756911043,0.09958350112907101,0.018158902281221048,0.04685628294175681,0.045875160160554415,0.4332268008753081,-0.009808528701830037,True,True,-0.009808528701830037,,
dirichlet_72,0.1541142365090733,0.5807993533877964,0.1280636566334765,0.10937290600366258,0.027649847465991407,MaxMin,c=0.95,OK,0.1482690571913044,0.6016689812672307,0.12264714911459253,0.10449457005076733,0.022920242376105047,0.023349804469430753,0.02286088337575254,0.4235054179547937,-0.0048878658942111955,True,True,-0.0048878658942111955,,
dirichlet_72,0.1541142365090733,0.5807993533877964,0.1280636566334765,0.10937290600366258,0.027649847465991407,MaxMin,c=1.0,OK,0.15411423650907327,0.5807993533877963,0.12806365663347646,0.10937290600366255,0.0276498474659914,1.2118257228641695e-16,1.2493881163337534e-16,0.4138488294260732,-1.145261344602588e-16,False,True,-1.145261344602588e-16,,
dirichlet_72,0.1541142365090733,0.5807993533877964,0.1280636566334765,0.10937290600366258,0.027649847465991407,Fair,"alpha=0.0,eps=0.01",OK,0.19744780043032414,0.5687215261551429,0.11654700173113114,0.09950456058098547,0.017779111102416274,0.04848835623795831,0.04735254731858164,0.4118233584676678,-0.010000000000000134,True,True,,,0.05174427244510352
dirichlet_72,0.1541142365090733,0.5807993533877964,0.1280636566334765,0.10937290600366258,0.027649847465991407,Fair,"alpha=0.0,eps=0.02",OK,0.24078136435157504,0.5566436989224895,0.10503034682878581,0.08963621515830841,0.007908374738841146,0.09697671247591663,0.0947050946371633,0.4097978875092624,-0.02000000000000015,True,True,,,0.10348854489020703
dirichlet_72,0.1541142365090733,0.5807993533877964,0.1280636566334765,0.10937290600366258,0.027649847465991407,Fair,"alpha=0.0,eps=0.05",OK,0.3470764877674176,0.5218101821123247,0.07162871849964776,0.059484611620610015,0.0,0.21714605905235104,0.21168872185078813,0.40070914409948766,-0.05000000000000011,True,True,,,0.25682966589309925
dirichlet_72,0.1541142365090733,0.5807993533877964,0.1280636566334765,0.10937290600366258,0.027649847465991407,Fair,"alpha=0.0,eps=0.1",OK,0.5098387596908918,0.46460451208265563,0.01665671659974625,0.008900011626706337,0.0,0.40411879490554964,0.39352281175612863,0.3837318659104012,-0.10000000000000016,True,True,,,0.5112493836546692
dirichlet_72,0.1541142365090733,0.5807993533877964,0.1280636566334765,0.10937290600366258,0.027649847465991407,Fair,"alpha=0.5,eps=0.01",OK,0.15479263189631257,0.5812505578986947,0.12813412936925067,0.10912931880972604,0.026693362026015962,0.0012817844344915758,0.0012985544694505574,0.4142015221235272,-0.0009594211939832795,True,True,,,1.0004473972112282
dirichlet_72,0.1541142365090733,0.5807993533877964,0.1280636566334765,0.10937290600366258,0.027649847465991407,Fair,"alpha=0.5,eps=0.02",OK,0.15547102754235578,0.581701761911116,0.12820460213194404,0.1088857320106221,0.025736876403962047,0.0025635688928036583,0.0025971089476046027,0.4145542146217549,-0.0019188425543400578,True,True,,,1.414846277576982
dirichlet_72,0.1541142365090733,0.5807993533877964,0.1280636566334765,0.10937290600366258,0.027649847465991407,Fair,"alpha=0.5,eps=0.05",OK,0.15750621337775983,0.5830553733392575,0.12841602281924971,0.10815497072002545,0.022867419743707554,0.006408921617711412,0.006492771808144747,0.41561229181863946,-0.004797106474397604,True,True,,,2.2370683880770397
dirichlet_72,0.1541142365090733,0.5807993533877964,0.1280636566334765,0.10937290600366258,0.027649847465991407,Fair,"alpha=0.5,eps=0.1",OK,0.16089819235657757,0.5853113959801228,0.12876838464312812,0.10693703583181624,0.01808499118835521,0.012817845605614454,0.012985545900667158,0.4173757555503619,-0.009594213742272104,True,True,,,3.163692454374668
dirichlet_72,0.1541142365090733,0.5807993533877964,0.1280636566334765,0.10937290600366258,0.027649847465991407,Fair,"alpha=1.0,eps=0.01",OK,0.15445182087145143,0.5810264912110266,0.12810317010226188,0.1092549003048924,0.02716361751036787,0.00064611223589043,0.0006545733192875864,0.4140266597083356,-0.0004875503398007423,True,True,,,-23.02360145026797
dirichlet_72,0.1541142365090733,0.5807993533877964,0.1280636566334765,0.10937290600366258,0.027649847465991407,Fair,"alpha=1.0,eps=0.02",OK,0.1547894050763254,0.5812536290396031,0.12814268379421606,0.10913689480570322,0.026677387284152275,0.001292224572196723,0.0013091467412458175,0.41420449001405757,-0.0009751009432517301,True,True,,,-19.557865547468246
dirichlet_72,0.1541142365090733,0.5807993533877964,0.1280636566334765,0.10937290600366258,0.027649847465991407,Fair,"alpha=1.0,eps=0.05",OK,0.15580215886171822,0.5819350427378569,0.1282612219768145,0.10878287746741641,0.02521869895619396,0.0032305604751439905,0.0032728658393385355,0.4147379807987619,-0.0024377504285086607,True,True,,,-14.976411888097472
dirichlet_72,0.1541142365090733,0.5807993533877964,0.1280636566334765,0.10937290600366258,0.027649847465991407,Fair,"alpha=1.0,eps=0.1",OK,0.15749008182238022,0.5830707302802965,0.12845879017039796,0.10819284913678577,0.02278754859013952,0.0064611221661824,0.006545732944769781,0.4156271316363324,-0.004875502706263682,True,True,,,-11.510675985297745
dirichlet_72,0.1541142365090733,0.5807993533877964,0.1280636566334765,0.10937290600366258,0.027649847465991407,Fair,"alpha=2.0,eps=0.01",OK,0.15428260250648373,0.5809132844956559,0.1280844838124468,0.10931488039368621,0.02740474879172748,0.00032434782155123563,0.0003285952068045722,0.41393810244008167,-0.0002457210379114386,True,True,,,-499.88721999618826
dirichlet_72,0.1541142365090733,0.5807993533877964,0.1280636566334765,0.10937290600366258,0.027649847465991407,Fair,"alpha=2.0,eps=0.02",OK,0.15445096850830056,0.5810272156042283,0.12810531098653924,0.10925685477688096,0.027159650124051082,0.0006486956415706819,0.0006571904120988987,0.41402737545398216,-0.0004914420694751512,True,True,,,-249.9436099980941
dirichlet_72,0.1541142365090733,0.5807993533877964,0.1280636566334765,0.10937290600366258,0.027649847465991407,Fair,"alpha=2.0,eps=0.05",OK,0.1549560664925649,0.5813690089160528,0.1281677925386799,0.10908277795529851,0.02642435409740383,0.0016217391003582392,0.0016429760266953018,0.4142951944907732,-0.001228605186828786,True,True,,,-99.97744399923764
dirichlet_72,0.1541142365090733,0.5807993533877964,0.1280636566334765,0.10937290600366258,0.027649847465991407,Fair,"alpha=2.0,eps=0.1",OK,0.15579789630379387,0.5819386642815803,0.1282719282710571,0.10879265095658151,0.02519886018698725,0.003243478264699301,0.0032859520875368133,0.4147415595074275,-0.0024572108756016914,True,True,,,-49.98872199961882
dirichlet_73,0.07494862688863618,0.41208707947386075,0.05152214922397627,0.10451560631941548,0.3569265380941114,Avg,rho=0.0,OK,4.344434768182726e-16,0.9999999999999993,0.0,2.2919726589635963e-16,0.0,0.7015935406023103,0.6959549048992525,0.42236268709400704,-0.35936273206180736,True,True,,,
dirichlet_73,0.07494862688863618,0.41208707947386075,0.05152214922397627,0.10451560631941548,0.3569265380941114,Avg,rho=0.1,OK,1.0550770151300909e-16,0.6779157550218318,1.2070605437317866e-16,1.0315611264063287e-16,0.3220842449781679,0.30178504043545706,0.29568387810915714,0.4033364227236682,-0.10333868211200944,True,True,,,
dirichlet_73,0.07494862688863618,0.41208707947386075,0.05152214922397627,0.10451560631941548,0.3569265380941114,Avg,rho=0.2,OK,1.7067422303574995e-17,0.6037841904294025,0.0,0.0,0.3962158095705976,0.23976398749461733,0.2336354599102656,0.3989572990375097,-0.10165736926310216,True,True,,,
dirichlet_73,0.07494862688863618,0.41208707947386075,0.05152214922397627,0.10451560631941548,0.3569265380941114,Avg,rho=0.5,OK,0.0,0.5593052516739442,0.0,0.0,0.44069474832605576,0.21882788617738225,0.21304780774874932,0.39632982482581447,-0.10064858155375773,True,True,,,
dirichlet_73,0.07494862688863618,0.41208707947386075,0.05152214922397627,0.10451560631941548,0.3569265380941114,Cert,,FLOOR_COLLAPSED,0.07494862688863618,0.41208707947386075,0.05152214922397627,0.10451560631941548,0.3569265380941114,0.0,0.0,0.3290786038413429,0.0,False,True,0.0,-0.0,
dirichlet_73,0.07494862688863618,0.41208707947386075,0.05152214922397627,0.10451560631941548,0.3569265380941114,MaxMin,c=0.0,INFEASIBLE_BALL_MISSES_SIMPLEX,,,,,,,,,,False,False,,,
dirichlet_73,0.07494862688863618,0.41208707947386075,0.05152214922397627,0.10451560631941548,0.3569265380941114,MaxMin,c=0.1,INFEASIBLE_BALL_MISSES_SIMPLEX,,,,,,,,,,False,False,,,
dirichlet_73,0.07494862688863618,0.41208707947386075,0.05152214922397627,0.10451560631941548,0.3569265380941114,MaxMin,c=0.25,INFEASIBLE_BALL_MISSES_SIMPLEX,,,,,,,,,,False,False,,,
dirichlet_73,0.07494862688863618,0.41208707947386075,0.05152214922397627,0.10451560631941548,0.3569265380941114,MaxMin,c=0.5,OK,0.010078223013834223,0.5307929973243115,1.1796119636642288e-16,0.04152582080273401,0.41760295885912024,0.16912462035004094,0.16457864558102978,0.38229939620173214,-0.06038064285704007,True,True,-0.06038064285704007,,
dirichlet_73,0.07494862688863618,0.41208707947386075,0.05152214922397627,0.10451560631941548,0.3569265380941114,MaxMin,c=0.75,OK,0.04451321413850047,0.48998392394174173,0.022894614080516216,0.07650842803017797,0.36609981980906364,0.09317896559235574,0.09071898118540643,0.35627899929604434,-0.02724515134314642,True,True,-0.02724515134314642,,
dirichlet_73,0.07494862688863618,0.41208707947386075,0.05152214922397627,0.10451560631941548,0.3569265380941114,MaxMin,c=0.9,OK,0.06289723613747936,0.4551153642763029,0.040354579322704615,0.09445762014180795,0.3471752001217053,0.0481418280477379,0.04713378726300312,0.3402774422245065,-0.01007763468458937,True,True,-0.01007763468458937,,
dirichlet_73,0.07494862688863618,0.41208707947386075,0.05152214922397627,0.10451560631941548,0.3569265380941114,MaxMin,c=0.95,OK,0.06912124848593594,0.4328931509672201,0.04612213714262654,0.09965212685581731,0.3522113365484,0.023278694951033675,0.02279126281815387,0.3344937356113514,-0.004872980382421112,True,True,-0.004872980382421112,,
dirichlet_73,0.07494862688863618,0.41208707947386075,0.05152214922397627,0.10451560631941548,0.3569265380941114,MaxMin,c=1.0,OK,0.07494862688863618,0.41208707947386075,0.05152214922397627,0.10451560631941548,0.3569265380941114,0.0,0.0,0.3290786038413429,0.0,False,True,0.0,,
dirichlet_73,0.07494862688863618,0.41208707947386075,0.05152214922397627,0.10451560631941548,0.3569265380941114,Fair,"alpha=0.0,eps=0.01",OK,0.11828219080988708,0.40000925224120737,0.04000549432163095,0.0946472608967384,0.3470558017305363,0.048488356237958316,0.047352547318581656,0.3229567660104549,-0.010000000000000018,True,True,,,0.05174427244510352
dirichlet_73,0.07494862688863618,0.41208707947386075,0.05152214922397627,0.10451560631941548,0.3569265380941114,Fair,"alpha=0.0,eps=0.02",OK,0.16161575473113798,0.38793142500855404,0.02848883941928563,0.08477891547406133,0.33718506536696113,0.09697671247591663,0.09470509463716331,0.31683492817956693,-0.020000000000000004,True,True,,,0.10348854489020703
dirichlet_73,0.07494862688863618,0.41208707947386075,0.05152214922397627,0.10451560631941548,0.3569265380941114,Fair,"alpha=0.0,eps=0.05",OK,0.2853867616629231,0.3518342633830347,0.0,0.05516365243627774,0.3076153225177646,0.23544925909527478,0.23001033699474796,0.2983225708628409,-0.049999999999999996,True,True,,,0.2585589229341483
dirichlet_73,0.07494862688863618,0.41208707947386075,0.05152214922397627,0.10451560631941548,0.3569265380941114,Fair,"alpha=0.0,eps=0.1",OK,0.4428699192187628,0.29274022603065675,0.0,0.005724766649863669,0.25866508810071687,0.41434191580715224,0.40550206155581,0.2663183027701048,-0.10000000000000005,True,True,,,0.5157370426325215
dirichlet_73,0.07494862688863618,0.41208707947386075,0.05152214922397627,0.10451560631941548,0.3569265380941114,Fair,"alpha=0.5,eps=0.01",OK,0.0756270224232107,0.4125382837376453,0.051592622018511836,0.10427201931268891,0.35597005250794334,0.0012817845022276254,0.0012985545312834401,0.3289693406364013,-0.0009594213325677194,True,True,,,1.0004473972112282
dirichlet_73,0.07494862688863618,0.41208707947386075,0.05152214922397627,0.10451560631941548,0.3569265380941114,Fair,"alpha=0.5,eps=0.02",OK,0.07630541828374467,0.41298948789818923,0.05166309463086234,0.10402843251609702,0.3550135666711066,0.0025635692777325994,0.002597109325260633,0.3288600773452508,-0.0019188429055291242,True,True,,,1.414846277576982
dirichlet_73,0.07494862688863618,0.41208707947386075,0.05152214922397627,0.10451560631941548,0.3569265380941114,Fair,"alpha=0.5,eps=0.05",OK,0.07834060615675409,0.4143430998626802,0.05187451370713232,0.10329767079648298,0.35214410947695046,0.006408923661221227,0.006492773818998753,0.3285322873231311,-0.004797107360376673,True,True,,,2.2370683880770397
dirichlet_73,0.07494862688863618,0.41208707947386075,0.05152214922397627,0.10451560631941548,0.3569265380941114,Fair,"alpha=0.5,eps=0.1",OK,0.08173258248174758,0.4165991220402243,0.05222687722199129,0.10207973572325539,0.3473616825327813,0.012817845007313615,0.012985545309114168,0.3279859718339867,-0.00959421304486678,True,True,,,3.163692454374668
dirichlet_73,0.07494862688863618,0.41208707947386075,0.05152214922397627,0.10451560631941548,0.3569265380941114,Fair,"alpha=1.0,eps=0.01",OK,0.07528621123116633,0.41231421720767725,0.05156166271773454,0.10439760066903972,0.356440308174382,0.0006461121597636597,0.0006545732413023706,0.3290223506879935,-0.0004875503024599625,True,True,,,-23.02360145026797
dirichlet_73,0.07494862688863618,0.41208707947386075,0.05152214922397627,0.10451560631941548,0.3569265380941114,Fair,"alpha=1.0,eps=0.02",OK,0.07562379574306555,0.4125413547318716,0.05160117632554392,0.10427959498629116,0.35595407821322766,0.0012922243783902172,0.0013091465422814474,0.32896609745385164,-0.0009751006471598431,True,True,,,-19.557865547468246
dirichlet_73,0.07494862688863618,0.41208707947386075,0.05152214922397627,0.10451560631941548,0.3569265380941114,Fair,"alpha=1.0,eps=0.05",OK,0.07663654873590948,0.41322276817564996,0.05171971640200752,0.10392557805148586,0.35449538863494723,0.0032305607608369897,0.0032728661611885496,0.3287973381297251,-0.00243775137248963,True,True,,,-14.97641188809747
dirichlet_73,0.07494862688863618,0.41208707947386075,0.05152214922397627,0.10451560631941548,0.3569265380941114,Fair,"alpha=1.0,eps=0.1",OK,0.07832447079656844,0.41435845681223166,0.05191728371593761,0.10333554977816255,0.3520642388970998,0.006461121829259928,0.006545732633538214,0.32851607232197866,-0.004875503022500143,True,True,,,-11.510675985297745
dirichlet_73,0.07494862688863618,0.41208707947386075,0.05152214922397627,0.10451560631941548,0.3569265380941114,Fair,"alpha=2.0,eps=0.01",OK,0.07511699288604663,0.4122010105817203,0.0515429764029466,0.1044575807094391,0.3566814394198474,0.0003243478215513024,0.00032859520680464084,0.32905006895941086,-0.00024572103791148744,True,True,,,-499.88721999618826
dirichlet_73,0.07494862688863618,0.41208707947386075,0.05152214922397627,0.10451560631941548,0.3569265380941114,Fair,"alpha=2.0,eps=0.02",OK,0.07528535888194413,0.41231494168790356,0.05156380358290333,0.10439955510056835,0.35643634074668074,0.0006486956407647722,0.00065719041124437,0.3290215340772211,-0.000491442074698753,True,True,,,-249.9436099980941
dirichlet_73,0.07494862688863618,0.41208707947386075,0.05152214922397627,0.10451560631941548,0.3569265380941114,Fair,"alpha=2.0,eps=0.05",OK,0.07579045692714562,0.41265673499240085,0.05162628515662648,0.10422547823826914,0.355701044685558,0.0016217391633324865,0.0016429760911293007,0.3289359294138108,-0.0012286052277232283,True,True,,,-99.97744399923764
dirichlet_73,0.07494862688863618,0.41208707947386075,0.05152214922397627,0.10451560631941548,0.3569265380941114,Fair,"alpha=2.0,eps=0.1",OK,0.07663228687081637,0.41322639052953664,0.051730420992625925,0.10393535023506133,0.35447555137195985,0.0032434781920632596,0.003285952043289541,0.32879325502104495,-0.0024572103580534116,True,True,,,-49.98872199961882
dirichlet_74,0.3762728949367195,0.21058522842835192,0.09436359564002218,0.18018908849043488,0.13858919250447133,Avg,rho=0.0,OK,0.9999999999999988,9.99200722162641e-16,7.11236625150491e-17,5.204170427930422e-17,6.591949208711868e-17,0.7028237333037414,0.6871510212288684,0.39842291711377353,-0.1813819810297114,True,True,,,
dirichlet_74,0.3762728949367195,0.21058522842835192,0.09436359564002218,0.18018908849043488,0.13858919250447133,Avg,rho=0.1,OK,0.9997155981603993,0.0002844018396006773,5.724587470723463e-17,1.0408340855860843e-17,1.0408340855860843e-17,0.7024861578272771,0.6868283161441167,0.39837859323748176,-0.1813814357019294,True,True,,,
dirichlet_74,0.3762728949367195,0.21058522842835192,0.09436359564002218,0.18018908849043488,0.13858919250447133,Avg,rho=0.2,OK,0.7638451257428431,0.1807291944605024,0.0,0.05542567979665451,3.46859991900636e-18,0.44133997945616804,0.43529355293843736,0.35907455772851044,-0.14089011887015054,True,True,,,
dirichlet_74,0.3762728949367195,0.21058522842835192,0.09436359564002218,0.18018908849043488,0.13858919250447133,Avg,rho=0.5,OK,0.5565935719898707,0.22336674317072072,0.0,0.1553970913240243,0.06464259351538433,0.21832577607713205,0.21447512931238852,0.3161641291130189,-0.08504365509933828,True,True,,,
dirichlet_74,0.3762728949367195,0.21058522842835192,0.09436359564002218,0.18018908849043488,0.13858919250447133,Cert,,FLOOR_COLLAPSED,0.3762728949367196,0.21058522842835198,0.09436359564002221,0.1801890884904349,0.13858919250447135,1.3311106448512297e-16,1.387593173007802e-16,0.26902236020342624,2.9909020633542204e-17,False,True,2.9909020633542204e-17,-0.0,
dirichlet_74,0.3762728949367195,0.21058522842835192,0.09436359564002218,0.18018908849043488,0.13858919250447133,MaxMin,c=0.0,INFEASIBLE_BALL_MISSES_SIMPLEX,,,,,,,,,,False,False,,,
dirichlet_74,0.3762728949367195,0.21058522842835192,0.09436359564002218,0.18018908849043488,0.13858919250447133,MaxMin,c=0.1,OK,0.545295243238522,0.22369019962061135,0.015481048954240562,0.14713860545933596,0.06839490272729015,0.20244091338697356,0.1993127826236049,0.31262612861741557,-0.0702621894827006,True,True,-0.0702621894827006,,
dirichlet_74,0.3762728949367195,0.21058522842835192,0.09436359564002218,0.18018908849043488,0.13858919250447133,MaxMin,c=0.25,OK,0.5330565651245256,0.2113294514643911,0.03456061408129418,0.13430918512864085,0.08674418420114834,0.18152393816590384,0.17873977497605803,0.3073715360326928,-0.052553308457951364,True,True,-0.052553308457951364,,
dirichlet_74,0.3762728949367195,0.21058522842835192,0.09436359564002218,0.18018908849043488,0.13858919250447133,MaxMin,c=0.5,OK,0.49955474700268554,0.17749348004700025,0.061139551342789186,0.15170456544874505,0.11010765615878002,0.13791258805757153,0.13472344141969192,0.296073640397157,-0.028860873736090108,True,True,-0.028860873736090108,,
dirichlet_74,0.3762728949367195,0.21058522842835192,0.09436359564002218,0.18018908849043488,0.13858919250447133,MaxMin,c=0.75,OK,0.43217716101552434,0.1950037251738514,0.07950605608549793,0.16745801912190905,0.12585503860321734,0.06255442025901216,0.06108912273215968,0.2812394851662153,-0.012900915830601621,True,True,-0.012900915830601621,,
dirichlet_74,0.3762728949367195,0.21058522842835192,0.09436359564002218,0.18018908849043488,0.13858919250447133,MaxMin,c=0.9,OK,0.3980389372271011,0.20451864921045992,0.08857888801468757,0.17523231124043975,0.13363121430731173,0.024355246071715693,0.023784739915843716,0.2737790358072539,-0.005022906108054518,True,True,-0.005022906108054518,,
dirichlet_74,0.3762728949367195,0.21058522842835192,0.09436359564002218,0.18018908849043488,0.13858919250447133,MaxMin,c=0.95,OK,0.38708330361028526,0.20757217719372495,0.09149053986568022,0.17772723589172154,0.13612674343858808,0.012096372866869367,0.011813023022488775,0.2713848295269229,-0.0024946964189725847,True,True,-0.0024946964189725847,,
dirichlet_74,0.3762728949367195,0.21058522842835192,0.09436359564002218,0.18018908849043488,0.13858919250447133,MaxMin,c=1.0,OK,0.3762728949367196,0.21058522842835198,0.09436359564002221,0.1801890884904349,0.13858919250447135,1.3311106448512297e-16,1.387593173007802e-16,0.26902236020342624,2.9909020633542204e-17,False,True,2.9909020633542204e-17,,
dirichlet_74,0.3762728949367195,0.21058522842835192,0.09436359564002218,0.18018908849043488,0.13858919250447133,Fair,"alpha=0.0,eps=0.01",OK,0.4196064588579705,0.19850740119569862,0.08284694073767687,0.17032074306775782,0.12871845614089622,0.048488356237958365,0.047352547318581704,0.27849232739273966,-0.009999999999999981,True,True,,,0.05174427244510352
dirichlet_74,0.3762728949367195,0.21058522842835192,0.09436359564002218,0.18018908849043488,0.13858919250447133,Fair,"alpha=0.0,eps=0.02",OK,0.4629400227792214,0.18642957396304521,0.07133028583533156,0.16045239764508076,0.11884771977732109,0.0969767124759167,0.0947050946371634,0.2879622945820531,-0.019999999999999976,True,True,,,0.10348854489020703
dirichlet_74,0.3762728949367195,0.21058522842835192,0.09436359564002218,0.18018908849043488,0.13858919250447133,Fair,"alpha=0.0,eps=0.05",OK,0.592940714542974,0.15019609226508512,0.03678032112829559,0.13084736137704953,0.08923551068659567,0.24244178118979162,0.2367627365929083,0.3163721961499934,-0.049999999999999996,True,True,,,0.25872136222551756
dirichlet_74,0.3762728949367195,0.21058522842835192,0.09436359564002218,0.18018908849043488,0.13858919250447133,Fair,"alpha=0.0,eps=0.1",OK,0.7882270518335927,0.0902748329361649,0.0,0.08147053401341003,0.040027581216832524,0.4610260849972186,0.45049219741173496,0.3579501038803255,-0.09999999999999999,True,True,,,0.5168852014094274
dirichlet_74,0.3762728949367195,0.21058522842835192,0.09436359564002218,0.18018908849043488,0.13858919250447133,Fair,"alpha=0.5,eps=0.01",OK,0.3769512903239589,0.21103643293925042,0.09443406837579642,0.17994550129649842,0.1376327070644959,0.0012817844344916918,0.0012985544694506814,0.2692201510178412,-0.0009594211939832542,True,True,,,1.0004473972112282
dirichlet_74,0.3762728949367195,0.21058522842835192,0.09436359564002218,0.18018908849043488,0.13858919250447133,Fair,"alpha=0.5,eps=0.02",OK,0.37762968625597515,0.21148763705441387,0.0945045413173256,0.17970191409411165,0.1366762212781738,0.002563569289374514,0.002597109360027815,0.26941794192580215,-0.0019188427321056745,True,True,,,1.414846277576982
dirichlet_74,0.3762728949367195,0.21058522842835192,0.09436359564002218,0.18018908849043488,0.13858919250447133,Fair,"alpha=0.5,eps=0.05",OK,0.37966487278588446,0.21284125021825936,0.09471595986974779,0.17897115255545815,0.13380676457065027,0.006408922957880877,0.006492773137375013,0.2700113144202855,-0.0047971066985046645,True,True,,,2.2370683880770397
dirichlet_74,0.3762728949367195,0.21058522842835192,0.09436359564002218,0.18018908849043488,0.13858919250447133,Fair,"alpha=0.5,eps=0.1",OK,0.3830568497148278,0.2150972746289005,0.09506832232666611,0.17775321689424659,0.12902433643535913,0.012817846352103012,0.012985546696719788,0.27100026870681715,-0.00959421358491305,True,True,,,3.163692454374668
dirichlet_74,0.3762728949367195,0.21058522842835192,0.09436359564002218,0.18018908849043488,0.13858919250447133,Fair,"alpha=1.0,eps=0.01",OK,0.37661047928574015,0.2108123662193414,0.094403109111505,0.18007108284724707,0.13810296253616644,0.0006461122171340205,0.000654573298890354,0.2691210753007494,-0.0004875503504878665,True,True,,,-23.02360145026797
dirichlet_74,0.3762728949367195,0.21058522842835192,0.09436359564002218,0.18018908849043488,0.13858919250447133,Fair,"alpha=1.0,eps=0.02",OK,0.3769480637492651,0.21103950388526746,0.09444262252044178,0.17995307720328158,0.13761673264174407,0.0012922243908463334,0.0013091465506418474,0.2692197904163696,-0.0009751006268077132,True,True,,,-19.557865547468246
dirichlet_74,0.3762728949367195,0.21058522842835192,0.09436359564002218,0.18018908849043488,0.13858919250447133,Fair,"alpha=1.0,eps=0.05",OK,0.3779608169524882,0.21172091708051052,0.09456116293599394,0.17959906012868004,0.1361580429023274,0.0032305609633739656,0.003272866368697264,0.26951593572378635,-0.0024377515181120374,True,True,,,-14.97641188809747
dirichlet_74,0.3762728949367195,0.21058522842835192,0.09436359564002218,0.18018908849043488,0.13858919250447133,Fair,"alpha=1.0,eps=0.1",OK,0.37964873884291034,0.21285660576155063,0.09475873012047015,0.17900903197366824,0.13372689330140072,0.0064611218259152175,0.006545732629264528,0.27000951122802086,-0.0048755030276212315,True,True,,,-11.510675985297745
dirichlet_74,0.3762728949367195,0.21058522842835192,0.09436359564002218,0.18018908849043488,0.13858919250447133,Fair,"alpha=2.0,eps=0.01",OK,0.3764412610040413,0.21069915948751963,0.09438442282143572,0.18013106288313047,0.13834409380387294,0.0003243478603169398,0.000328595244937597,0.2690716663820316,-0.0002457210638167108,True,True,,,-499.8872199961882
dirichlet_74,0.3762728949367195,0.21058522842835192,0.09436359564002218,0.18018908849043488,0.13858919250447133,Fair,"alpha=2.0,eps=0.02",OK,0.3766096269304776,0.2108130906454592,0.09440524999296586,0.18007303727361396,0.13809899515748342,0.0006486956409936111,0.0006571904113110312,0.26912097253488476,-0.0004914420741628683,True,True,,,-249.9436099980941
dirichlet_74,0.3762728949367195,0.21058522842835192,0.09436359564002218,0.18018908849043488,0.13858919250447133,Fair,"alpha=2.0,eps=0.05",OK,0.3771147248654369,0.21115488395581017,0.09446773155047876,0.17989896043209322,0.137363699196181,0.0016217390282028048,0.0016429759547303014,0.2692688910153507,-0.001228605127331656,True,True,,,-99.97744399923764
dirichlet_74,0.3762728949367195,0.21058522842835192,0.09436359564002218,0.18018908849043488,0.13858919250447133,Fair,"alpha=2.0,eps=0.1",OK,0.37795655532680983,0.21172453989940573,0.09457186783822819,0.17960883126876576,0.13613820566679033,0.003243478868061904,0.003285952763484653,0.26951542193757094,-0.00245721051411456,True,True,,,-49.98872199961882
