p_name,p,method,params,status,lambda,dist_l2,dist_R,U_p(p),U_p(lambda),Delta U_p,note
balanced,"[0.2, 0.2, 0.2, 0.2, 0.2]",Avg,rho=0.5,OK,"[0.2073, 0.1943, 0.1989, 0.2047, 0.1949]",0.01164940226640742,0.01050613742061887,0.56482421875,0.56513671875,0.00031250000000004885,
balanced,"[0.2, 0.2, 0.2, 0.2, 0.2]",Cert,,FLOOR_COLLAPSED,"[0.2, 0.2, 0.2, 0.2, 0.2]",0.0,0.0,0.56482421875,0.56482421875,0.0,"certificate: lambda = p, Delta = 0 by construction"
balanced,"[0.2, 0.2, 0.2, 0.2, 0.2]",MaxMin,c=0.0,OK_EXACT_D0,"[0.2059, 0.1952, 0.1992, 0.2038, 0.1959]",0.009477348365003718,0.008551324817840558,0.56482421875,0.56513671875,0.00031250000000004885,
balanced,"[0.2, 0.2, 0.2, 0.2, 0.2]",MaxMin,c=0.25,OK,"[0.2051, 0.1969, 0.1984, 0.203, 0.1967]",0.007622533133936885,0.006854552629208819,0.56482421875,0.564560546875,-0.00026367187499998224,
balanced,"[0.2, 0.2, 0.2, 0.2, 0.2]",MaxMin,c=0.5,OK,"[0.2039, 0.1982, 0.198, 0.2019, 0.198]",0.005520826409600632,0.004952120782181159,0.56482421875,0.564560546875,-0.00026367187499998224,
balanced,"[0.2, 0.2, 0.2, 0.2, 0.2]",MaxMin,c=0.75,OK,"[0.2024, 0.1991, 0.1991, 0.2003, 0.1991]",0.0028769241459779956,0.0025751966104394933,0.56482421875,0.564560546875,-0.00026367187499998224,
balanced,"[0.2, 0.2, 0.2, 0.2, 0.2]",MaxMin,c=0.9,OK,"[0.2013, 0.1997, 0.1997, 0.1997, 0.1997]",0.0015005814379251167,0.0013391752891903656,0.56482421875,0.56482421875,0.0,
balanced,"[0.2, 0.2, 0.2, 0.2, 0.2]",MaxMin,c=1.0,OK,"[0.2, 0.2, 0.2, 0.2, 0.2]",0.0,0.0,0.56482421875,0.56482421875,0.0,
balanced,"[0.2, 0.2, 0.2, 0.2, 0.2]",Fair,"alpha=0.0,eps=0.02",OK,"[0.3042, 0.1756, 0.1738, 0.1732, 0.1731]",0.11653812337110382,0.10400300251814025,0.56482421875,0.5629150390625001,-0.001909179687499929,
balanced,"[0.2, 0.2, 0.2, 0.2, 0.2]",Fair,"alpha=0.0,eps=0.05",OK,"[0.4605, 0.1391, 0.1346, 0.1331, 0.1326]",0.29134530842775946,0.2600075062953506,0.56482421875,0.5651196289062501,0.0002954101562501199,
balanced,"[0.2, 0.2, 0.2, 0.2, 0.2]",Fair,"alpha=0.0,eps=0.1",OK,"[0.7211, 0.0782, 0.0692, 0.0662, 0.0653]",0.5826906168555189,0.5200150125907012,0.56482421875,0.5606201171875,-0.004204101562499951,
balanced,"[0.2, 0.2, 0.2, 0.2, 0.2]",Fair,"alpha=1.0,eps=0.02",OK,"[0.2009, 0.1993, 0.1998, 0.2006, 0.1994]",0.0014442341052821842,0.0013015245803886478,0.56482421875,0.56482421875,0.0,
balanced,"[0.2, 0.2, 0.2, 0.2, 0.2]",Fair,"alpha=1.0,eps=0.05",OK,"[0.2023, 0.1983, 0.1996, 0.2014, 0.1984]",0.0036105864035695045,0.003253812483465964,0.56482421875,0.564560546875,-0.00026367187499998224,
balanced,"[0.2, 0.2, 0.2, 0.2, 0.2]",Fair,"alpha=1.0,eps=0.1",OK,"[0.2046, 0.1966, 0.1992, 0.2028, 0.1968]",0.007221173717451525,0.006507625785085343,0.56482421875,0.56513671875,0.00031250000000004885,
balanced,"[0.2, 0.2, 0.2, 0.2, 0.2]",Fair,"alpha=2.0,eps=0.02",OK,"[0.2005, 0.1997, 0.1999, 0.2003, 0.1997]",0.0007207128889095259,0.000649538238400885,0.56482421875,0.56482421875,0.0,
balanced,"[0.2, 0.2, 0.2, 0.2, 0.2]",Fair,"alpha=2.0,eps=0.05",OK,"[0.2012, 0.1991, 0.1998, 0.2007, 0.1992]",0.0018017821999935075,0.001623845575664547,0.56482421875,0.56482421875,0.0,
balanced,"[0.2, 0.2, 0.2, 0.2, 0.2]",Fair,"alpha=2.0,eps=0.1",OK,"[0.2023, 0.1983, 0.1996, 0.2014, 0.1984]",0.0036035643941504402,0.003247691145695708,0.56482421875,0.564560546875,-0.00026367187499998224,
dominant_helpfulness,"[0.5, 0.125, 0.125, 0.125, 0.125]",Avg,rho=0.5,OK,"[0.8073, 0.0443, 0.0489, 0.0547, 0.0449]",0.3436708199015821,0.3068681136683272,0.5589920043945312,0.55465087890625,-0.00434112548828125,
dominant_helpfulness,"[0.5, 0.125, 0.125, 0.125, 0.125]",Cert,,FLOOR_COLLAPSED,"[0.5, 0.125, 0.125, 0.125, 0.125]",0.0,0.0,0.5589920043945312,0.5589920043945312,0.0,"certificate: lambda = p, Delta = 0 by construction"
dominant_helpfulness,"[0.5, 0.125, 0.125, 0.125, 0.125]",MaxMin,c=0.0,OK_EXACT_D0,"[0.745, 0.0564, 0.0646, 0.0708, 0.0633]",0.27405358455062606,0.24479150636942268,0.5589920043945312,0.554766845703125,-0.004225158691406272,
dominant_helpfulness,"[0.5, 0.125, 0.125, 0.125, 0.125]",MaxMin,c=0.25,OK,"[0.685, 0.0817, 0.0786, 0.0775, 0.0772]",0.20690777576833258,0.1846522777420358,0.5589920043945312,0.55526123046875,-0.00373077392578125,
dominant_helpfulness,"[0.5, 0.125, 0.125, 0.125, 0.125]",MaxMin,c=0.5,OK,"[0.623, 0.0962, 0.0941, 0.0934, 0.0932]",0.13753910621391832,0.12274506913379532,0.5589920043945312,0.558453369140625,-0.0005386352539061834,
dominant_helpfulness,"[0.5, 0.125, 0.125, 0.125, 0.125]",MaxMin,c=0.75,OK,"[0.5614, 0.1106, 0.1096, 0.1092, 0.1091]",0.06870404772686321,0.06131407510304155,0.5589920043945312,0.5580245971679687,-0.0009674072265625222,
dominant_helpfulness,"[0.5, 0.125, 0.125, 0.125, 0.125]",MaxMin,c=0.9,OK,"[0.5246, 0.1193, 0.1188, 0.1187, 0.1186]",0.027472915191395927,0.024517862354216328,0.5589920043945312,0.5612411499023438,0.002249145507812522,
dominant_helpfulness,"[0.5, 0.125, 0.125, 0.125, 0.125]",MaxMin,c=1.0,OK,"[0.5, 0.125, 0.125, 0.125, 0.125]",0.0,0.0,0.5589920043945312,0.5589920043945312,0.0,
dominant_helpfulness,"[0.5, 0.125, 0.125, 0.125, 0.125]",Fair,"alpha=0.0,eps=0.02",OK,"[0.6042, 0.1006, 0.0988, 0.0982, 0.0981]",0.11653812337110377,0.1040030025181402,0.5589920043945312,0.5587066650390624,-0.0002853393554688166,
dominant_helpfulness,"[0.5, 0.125, 0.125, 0.125, 0.125]",Fair,"alpha=0.0,eps=0.05",OK,"[0.7605, 0.0641, 0.0596, 0.0581, 0.0576]",0.29134530842775946,0.2600075062953506,0.5589920043945312,0.55546875,-0.003523254394531272,
dominant_helpfulness,"[0.5, 0.125, 0.125, 0.125, 0.125]",Fair,"alpha=0.0,eps=0.1",OK,"[0.9968, 0.0032, 0.0, 0.0, 0.0]",0.5554547751640408,0.49582038532553263,0.5589920043945312,0.5562545776367187,-0.002737426757812522,
dominant_helpfulness,"[0.5, 0.125, 0.125, 0.125, 0.125]",Fair,"alpha=1.0,eps=0.02",OK,"[0.5009, 0.1243, 0.1248, 0.1256, 0.1244]",0.0014442347824889649,0.0013015251885746403,0.5589920043945312,0.5595016479492189,0.0005096435546876332,
dominant_helpfulness,"[0.5, 0.125, 0.125, 0.125, 0.125]",Fair,"alpha=1.0,eps=0.05",OK,"[0.5023, 0.1233, 0.1246, 0.1264, 0.1234]",0.0036105866542407838,0.0032538127050910147,0.5589920043945312,0.5595016479492189,0.0005096435546876332,
dominant_helpfulness,"[0.5, 0.125, 0.125, 0.125, 0.125]",Fair,"alpha=1.0,eps=0.1",OK,"[0.5046, 0.1216, 0.1242, 0.1278, 0.1218]",0.00722117398613042,0.006507626016468126,0.5589920043945312,0.5593368530273438,0.0003448486328125888,
dominant_helpfulness,"[0.5, 0.125, 0.125, 0.125, 0.125]",Fair,"alpha=2.0,eps=0.02",OK,"[0.5005, 0.1247, 0.1249, 0.1253, 0.1247]",0.0007207128419183849,0.0006495381960899322,0.5589920043945312,0.5589920043945312,0.0,
dominant_helpfulness,"[0.5, 0.125, 0.125, 0.125, 0.125]",Fair,"alpha=2.0,eps=0.05",OK,"[0.5012, 0.1241, 0.1248, 0.1257, 0.1242]",0.0018017820216755986,0.001623845412430643,0.5589920043945312,0.5595016479492189,0.0005096435546876332,
dominant_helpfulness,"[0.5, 0.125, 0.125, 0.125, 0.125]",Fair,"alpha=2.0,eps=0.1",OK,"[0.5023, 0.1233, 0.1246, 0.1264, 0.1234]",0.0036035641853987923,0.003247690951771568,0.5589920043945312,0.5595016479492189,0.0005096435546876332,
dominant_correctness,"[0.125, 0.5, 0.125, 0.125, 0.125]",Avg,rho=0.5,OK,"[0.0573, 0.7943, 0.0489, 0.0547, 0.0449]",0.3291348380466813,0.29859537118267304,0.5620620727539062,0.5691452026367188,0.007083129882812567,
dominant_correctness,"[0.125, 0.5, 0.125, 0.125, 0.125]",Cert,,FLOOR_COLLAPSED,"[0.125, 0.5, 0.125, 0.125, 0.125]",0.0,0.0,0.5620620727539062,0.5620620727539062,0.0,"certificate: lambda = p, Delta = 0 by construction"
dominant_correctness,"[0.125, 0.5, 0.125, 0.125, 0.125]",MaxMin,c=0.0,OK_EXACT_D0,"[0.0671, 0.7423, 0.0668, 0.0644, 0.0594]",0.2709481313456507,0.24591261962333674,0.5620620727539062,0.5675765991210937,0.005514526367187522,
dominant_correctness,"[0.125, 0.5, 0.125, 0.125, 0.125]",MaxMin,c=0.25,OK,"[0.081, 0.6822, 0.0762, 0.0815, 0.0792]",0.20372578828273388,0.18481652021959138,0.5620620727539062,0.5639999389648438,0.001937866210937611,
dominant_correctness,"[0.125, 0.5, 0.125, 0.125, 0.125]",MaxMin,c=0.5,OK,"[0.0957, 0.6213, 0.0925, 0.096, 0.0945]",0.13567630131284633,0.12308319970815501,0.5620620727539062,0.5634689331054688,0.0014068603515625666,
dominant_correctness,"[0.125, 0.5, 0.125, 0.125, 0.125]",MaxMin,c=0.75,OK,"[0.1103, 0.5606, 0.1087, 0.1105, 0.1098]",0.06781480381986679,0.061520420006759904,0.5620620727539062,0.5607894897460938,-0.0012725830078124112,
dominant_correctness,"[0.125, 0.5, 0.125, 0.125, 0.125]",MaxMin,c=0.9,OK,"[0.1191, 0.5243, 0.1185, 0.1192, 0.1189]",0.027122812502794448,0.024605347548726286,0.5620620727539062,0.5601181030273437,-0.0019439697265625222,
dominant_correctness,"[0.125, 0.5, 0.125, 0.125, 0.125]",MaxMin,c=1.0,OK,"[0.125, 0.5, 0.125, 0.125, 0.125]",0.0,0.0,0.5620620727539062,0.5620620727539062,0.0,
dominant_correctness,"[0.125, 0.5, 0.125, 0.125, 0.125]",Fair,"alpha=0.0,eps=0.02",OK,"[0.2292, 0.4756, 0.0988, 0.0982, 0.0981]",0.11653812337110381,0.10400300251814021,0.5620620727539062,0.5593307495117188,-0.002731323242187389,
dominant_correctness,"[0.125, 0.5, 0.125, 0.125, 0.125]",Fair,"alpha=0.0,eps=0.05",OK,"[0.3855, 0.4391, 0.0596, 0.0581, 0.0576]",0.2913453084277595,0.2600075062953506,0.5620620727539062,0.5621932983398438,0.00013122558593758882,
dominant_correctness,"[0.125, 0.5, 0.125, 0.125, 0.125]",Fair,"alpha=0.0,eps=0.1",OK,"[0.6218, 0.3782, 0.0, 0.0, 0.0]",0.5554547751640408,0.49582038532553263,0.5620620727539062,0.5672149658203125,0.005152893066406317,
dominant_correctness,"[0.125, 0.5, 0.125, 0.125, 0.125]",Fair,"alpha=1.0,eps=0.02",OK,"[0.1259, 0.4993, 0.1248, 0.1256, 0.1244]",0.0014442341890764094,0.0013015246563265253,0.5620620727539062,0.5620620727539062,0.0,
dominant_correctness,"[0.125, 0.5, 0.125, 0.125, 0.125]",Fair,"alpha=1.0,eps=0.05",OK,"[0.1273, 0.4983, 0.1246, 0.1264, 0.1234]",0.0036105868409056015,0.0032538128764082117,0.5620620727539062,0.5620620727539062,0.0,
dominant_correctness,"[0.125, 0.5, 0.125, 0.125, 0.125]",Fair,"alpha=1.0,eps=0.1",OK,"[0.1296, 0.4966, 0.1242, 0.1278, 0.1218]",0.007221173602814281,0.006507625679177812,0.5620620727539062,0.5601181030273437,-0.0019439697265625222,
dominant_correctness,"[0.125, 0.5, 0.125, 0.125, 0.125]",Fair,"alpha=2.0,eps=0.02",OK,"[0.1255, 0.4997, 0.1249, 0.1253, 0.1247]",0.0007207128483694849,0.0006495382021439206,0.5620620727539062,0.5620620727539062,0.0,
dominant_correctness,"[0.125, 0.5, 0.125, 0.125, 0.125]",Fair,"alpha=2.0,eps=0.05",OK,"[0.1262, 0.4991, 0.1248, 0.1257, 0.1242]",0.0018017822062304108,0.001623845581123464,0.5620620727539062,0.5620620727539062,0.0,
dominant_correctness,"[0.125, 0.5, 0.125, 0.125, 0.125]",Fair,"alpha=2.0,eps=0.1",OK,"[0.1273, 0.4983, 0.1246, 0.1264, 0.1234]",0.003603564362991657,0.0032476911179497195,0.5620620727539062,0.5620620727539062,0.0,
dominant_coherence,"[0.125, 0.125, 0.5, 0.125, 0.125]",Avg,rho=0.5,OK,"[0.0573, 0.0443, 0.7989, 0.0547, 0.0449]",0.33440231546899346,0.3017447118254008,0.5940582275390626,0.6041152954101562,0.010057067871093617,
dominant_coherence,"[0.125, 0.125, 0.5, 0.125, 0.125]",Cert,,FLOOR_COLLAPSED,"[0.125, 0.125, 0.5, 0.125, 0.125]",0.0,0.0,0.5940582275390626,0.5940582275390626,0.0,"certificate: lambda = p, Delta = 0 by construction"
dominant_coherence,"[0.125, 0.125, 0.5, 0.125, 0.125]",MaxMin,c=0.0,OK_EXACT_D0,"[0.0713, 0.0628, 0.7433, 0.0699, 0.0527]",0.27240196493642255,0.2460253815328093,0.5940582275390626,0.6034744262695313,0.009416198730468728,
dominant_coherence,"[0.125, 0.125, 0.5, 0.125, 0.125]",MaxMin,c=0.25,OK,"[0.0775, 0.0759, 0.6855, 0.077, 0.0841]",0.20751612885965404,0.18699792355838024,0.5940582275390626,0.5954345703125,0.0013763427734374556,
dominant_coherence,"[0.125, 0.125, 0.5, 0.125, 0.125]",MaxMin,c=0.5,OK,"[0.0935, 0.0925, 0.6228, 0.0932, 0.0979]",0.13740548759795013,0.12381948818889642,0.5940582275390626,0.595556640625,0.0014984130859374556,
dominant_coherence,"[0.125, 0.125, 0.5, 0.125, 0.125]",MaxMin,c=0.75,OK,"[0.1093, 0.1088, 0.5613, 0.1091, 0.1115]",0.06855210789036106,0.061774002346185374,0.5940582275390626,0.5950225830078125,0.0009643554687499556,
dominant_coherence,"[0.125, 0.125, 0.5, 0.125, 0.125]",MaxMin,c=0.9,OK,"[0.1187, 0.1185, 0.5245, 0.1187, 0.1196]",0.027400917656611203,0.024691645577321966,0.5940582275390626,0.5943206787109374,0.00026245117187484457,
dominant_coherence,"[0.125, 0.125, 0.5, 0.125, 0.125]",MaxMin,c=1.0,OK,"[0.125, 0.125, 0.5, 0.125, 0.125]",0.0,0.0,0.5940582275390626,0.5940582275390626,0.0,
dominant_coherence,"[0.125, 0.125, 0.5, 0.125, 0.125]",Fair,"alpha=0.0,eps=0.02",OK,"[0.2292, 0.1006, 0.4738, 0.0982, 0.0981]",0.11653812337110382,0.10400300251814025,0.5940582275390626,0.6014892578125001,0.0074310302734375,
dominant_coherence,"[0.125, 0.125, 0.5, 0.125, 0.125]",Fair,"alpha=0.0,eps=0.05",OK,"[0.3855, 0.0641, 0.4346, 0.0581, 0.0576]",0.2913453084277595,0.2600075062953506,0.5940582275390626,0.603118896484375,0.009060668945312433,
dominant_coherence,"[0.125, 0.125, 0.5, 0.125, 0.125]",Fair,"alpha=0.0,eps=0.1",OK,"[0.6271, 0.0033, 0.3696, 0.0, 0.0]",0.5614266204725972,0.5011477738875493,0.5940582275390626,0.6005752563476563,0.006517028808593728,
dominant_coherence,"[0.125, 0.125, 0.5, 0.125, 0.125]",Fair,"alpha=1.0,eps=0.02",OK,"[0.1259, 0.1243, 0.4998, 0.1256, 0.1244]",0.0014442341890763208,0.0013015246563264477,0.5940582275390626,0.5940582275390626,0.0,
dominant_coherence,"[0.125, 0.125, 0.5, 0.125, 0.125]",Fair,"alpha=1.0,eps=0.05",OK,"[0.1273, 0.1233, 0.4996, 0.1264, 0.1234]",0.00361058640356939,0.003253812483465866,0.5940582275390626,0.5940582275390626,0.0,
dominant_coherence,"[0.125, 0.125, 0.5, 0.125, 0.125]",Fair,"alpha=1.0,eps=0.1",OK,"[0.1296, 0.1216, 0.4992, 0.1278, 0.1218]",0.0072211739861304585,0.006507626016468161,0.5940582275390626,0.5940582275390626,0.0,
dominant_coherence,"[0.125, 0.125, 0.5, 0.125, 0.125]",Fair,"alpha=2.0,eps=0.02",OK,"[0.1255, 0.1247, 0.4999, 0.1253, 0.1247]",0.0007207128770676781,0.0006495382275357053,0.5940582275390626,0.5940582275390626,0.0,
dominant_coherence,"[0.125, 0.125, 0.5, 0.125, 0.125]",Fair,"alpha=2.0,eps=0.05",OK,"[0.1262, 0.1241, 0.4998, 0.1257, 0.1242]",0.001801782273236637,0.0016238456417953264,0.5940582275390626,0.5940582275390626,0.0,
dominant_coherence,"[0.125, 0.125, 0.5, 0.125, 0.125]",Fair,"alpha=2.0,eps=0.1",OK,"[0.1273, 0.1233, 0.4996, 0.1264, 0.1234]",0.0036035644399898038,0.003247691161895665,0.5940582275390626,0.5940582275390626,0.0,
dominant_complexity,"[0.125, 0.125, 0.125, 0.5, 0.125]",Avg,rho=0.5,OK,"[0.0573, 0.0443, 0.0489, 0.8047, 0.0449]",0.3407914591009571,0.30531075813102704,0.5288772583007812,0.5246856689453125,-0.004191589355468706,
dominant_complexity,"[0.125, 0.125, 0.125, 0.5, 0.125]",Cert,,FLOOR_COLLAPSED,"[0.125, 0.125, 0.125, 0.5, 0.125]",0.0,0.0,0.5288772583007812,0.5288772583007812,0.0,"certificate: lambda = p, Delta = 0 by construction"
dominant_complexity,"[0.125, 0.125, 0.125, 0.5, 0.125]",MaxMin,c=0.0,OK_EXACT_D0,"[0.0728, 0.0558, 0.0653, 0.7444, 0.0617]",0.273573234837949,0.24517978062434542,0.5288772583007812,0.5227005004882812,-0.006176757812500044,
dominant_complexity,"[0.125, 0.125, 0.125, 0.5, 0.125]",MaxMin,c=0.25,OK,"[0.0772, 0.0819, 0.0777, 0.6851, 0.078]",0.20700010278051856,0.18531920485663467,0.5288772583007812,0.5250076293945313,-0.003869628906249978,
dominant_complexity,"[0.125, 0.125, 0.125, 0.5, 0.125]",MaxMin,c=0.5,OK,"[0.0932, 0.0964, 0.0936, 0.6229, 0.0938]",0.1374587025228044,0.12306147248226489,0.5288772583007812,0.5296157836914063,0.0007385253906250222,
dominant_complexity,"[0.125, 0.125, 0.125, 0.5, 0.125]",MaxMin,c=0.75,OK,"[0.1091, 0.1107, 0.1093, 0.5614, 0.1094]",0.06864107080776617,0.06145170215732063,0.5288772583007812,0.5297988891601563,0.0009216308593750222,
dominant_complexity,"[0.125, 0.125, 0.125, 0.5, 0.125]",MaxMin,c=0.9,OK,"[0.1187, 0.1193, 0.1187, 0.5245, 0.1188]",0.0274447123616632,0.02457019201471208,0.5288772583007812,0.5296981811523438,0.0008209228515625444,
dominant_complexity,"[0.125, 0.125, 0.125, 0.5, 0.125]",MaxMin,c=1.0,OK,"[0.125, 0.125, 0.125, 0.5, 0.125]",0.0,0.0,0.5288772583007812,0.5288772583007812,0.0,
dominant_complexity,"[0.125, 0.125, 0.125, 0.5, 0.125]",Fair,"alpha=0.0,eps=0.02",OK,"[0.2292, 0.1006, 0.0988, 0.4732, 0.0981]",0.11653812337110375,0.1040030025181402,0.5288772583007812,0.5318130493164063,0.002935791015625022,
dominant_complexity,"[0.125, 0.125, 0.125, 0.5, 0.125]",Fair,"alpha=0.0,eps=0.05",OK,"[0.3855, 0.0641, 0.0596, 0.4331, 0.0576]",0.2913453084277595,0.26000750629535063,0.5288772583007812,0.5301635742187499,0.0012863159179686834,
dominant_complexity,"[0.125, 0.125, 0.125, 0.5, 0.125]",Fair,"alpha=0.0,eps=0.1",OK,"[0.6304, 0.0032, 0.0, 0.3664, 0.0]",0.5651187413995983,0.5044007871516414,0.5288772583007812,0.5317047119140624,0.0028274536132811834,
dominant_complexity,"[0.125, 0.125, 0.125, 0.5, 0.125]",Fair,"alpha=1.0,eps=0.02",OK,"[0.1259, 0.1243, 0.1248, 0.5006, 0.1244]",0.0014442341890762982,0.0013015246563264269,0.5288772583007812,0.5288772583007812,0.0,
dominant_complexity,"[0.125, 0.125, 0.125, 0.5, 0.125]",Fair,"alpha=1.0,eps=0.05",OK,"[0.1273, 0.1233, 0.1246, 0.5014, 0.1234]",0.00361058681835406,0.0032538128572331573,0.5288772583007812,0.5288772583007812,0.0,
dominant_complexity,"[0.125, 0.125, 0.125, 0.5, 0.125]",Fair,"alpha=1.0,eps=0.1",OK,"[0.1296, 0.1216, 0.1242, 0.5028, 0.1218]",0.007221173986130455,0.006507626016468159,0.5288772583007812,0.5289749145507813,9.76562500000222e-05,
dominant_complexity,"[0.125, 0.125, 0.125, 0.5, 0.125]",Fair,"alpha=2.0,eps=0.02",OK,"[0.1255, 0.1247, 0.1249, 0.5003, 0.1247]",0.0007207128770676468,0.0006495382275356773,0.5288772583007812,0.5288772583007812,0.0,
dominant_complexity,"[0.125, 0.125, 0.125, 0.5, 0.125]",Fair,"alpha=2.0,eps=0.05",OK,"[0.1262, 0.1241, 0.1248, 0.5007, 0.1242]",0.0018017820216756888,0.0016238454124307222,0.5288772583007812,0.5288772583007812,0.0,
dominant_complexity,"[0.125, 0.125, 0.125, 0.5, 0.125]",Fair,"alpha=2.0,eps=0.1",OK,"[0.1273, 0.1233, 0.1246, 0.5014, 0.1234]",0.0036035643987975927,0.003247691150164406,0.5288772583007812,0.5288772583007812,0.0,
dominant_verbosity,"[0.125, 0.125, 0.125, 0.125, 0.5]",Avg,rho=0.5,OK,"[0.0573, 0.0443, 0.0489, 0.0547, 0.7949]",0.32981122403171864,0.29915301068349553,0.5688934326171875,0.5623092651367188,-0.00658416748046875,
dominant_verbosity,"[0.125, 0.125, 0.125, 0.125, 0.5]",Cert,,FLOOR_COLLAPSED,"[0.125, 0.125, 0.125, 0.125, 0.5]",0.0,0.0,0.5688934326171875,0.5688934326171875,0.0,"certificate: lambda = p, Delta = 0 by construction"
dominant_verbosity,"[0.125, 0.125, 0.125, 0.125, 0.5]",MaxMin,c=0.0,OK_EXACT_D0,"[0.0732, 0.0587, 0.0561, 0.0696, 0.7425]",0.2714587625327935,0.24642938244930016,0.5688934326171875,0.5631057739257812,-0.005787658691406294,
dominant_verbosity,"[0.125, 0.125, 0.125, 0.125, 0.5]",MaxMin,c=0.25,OK,"[0.0758, 0.0786, 0.0838, 0.077, 0.6848]",0.2067353448596148,0.1872572178417182,0.5688934326171875,0.5636886596679688,-0.005204772949218728,
dominant_verbosity,"[0.125, 0.125, 0.125, 0.125, 0.5]",MaxMin,c=0.5,OK,"[0.0924, 0.0943, 0.0977, 0.0932, 0.6224]",0.13690666331191903,0.12400763349485125,0.5688934326171875,0.5628494262695313,-0.006044006347656228,
dominant_verbosity,"[0.125, 0.125, 0.125, 0.125, 0.5]",MaxMin,c=0.75,OK,"[0.1087, 0.1097, 0.1114, 0.1091, 0.5611]",0.06830606992078764,0.061870429673040475,0.5688934326171875,0.5661376953125,-0.002755737304687478,
dominant_verbosity,"[0.125, 0.125, 0.125, 0.125, 0.5]",MaxMin,c=0.9,OK,"[0.1185, 0.1189, 0.1196, 0.1187, 0.5244]",0.027302945867128194,0.02473052532663567,0.5688934326171875,0.5679412841796876,-0.0009521484374999112,
dominant_verbosity,"[0.125, 0.125, 0.125, 0.125, 0.5]",MaxMin,c=1.0,OK,"[0.125, 0.125, 0.125, 0.125, 0.5]",0.0,0.0,0.5688934326171875,0.5688934326171875,0.0,
dominant_verbosity,"[0.125, 0.125, 0.125, 0.125, 0.5]",Fair,"alpha=0.0,eps=0.02",OK,"[0.2292, 0.1006, 0.0988, 0.0982, 0.4731]",0.11653812337110377,0.1040030025181402,0.5688934326171875,0.5659698486328125,-0.002923583984374978,
dominant_verbosity,"[0.125, 0.125, 0.125, 0.125, 0.5]",Fair,"alpha=0.0,eps=0.05",OK,"[0.3855, 0.0641, 0.0596, 0.0581, 0.4326]",0.2913453084277595,0.2600075062953506,0.5688934326171875,0.566424560546875,-0.0024688720703125444,
dominant_verbosity,"[0.125, 0.125, 0.125, 0.125, 0.5]",Fair,"alpha=0.0,eps=0.1",OK,"[0.6312, 0.0031, 0.0, 0.0, 0.3656]",0.5660819631487733,0.505243666741756,0.5688934326171875,0.56195068359375,-0.0069427490234375,
dominant_verbosity,"[0.125, 0.125, 0.125, 0.125, 0.5]",Fair,"alpha=1.0,eps=0.02",OK,"[0.1259, 0.1243, 0.1248, 0.1256, 0.4994]",0.0014442341890763802,0.0013015246563265004,0.5688934326171875,0.569427490234375,0.0005340576171875,
dominant_verbosity,"[0.125, 0.125, 0.125, 0.125, 0.5]",Fair,"alpha=1.0,eps=0.05",OK,"[0.1273, 0.1233, 0.1246, 0.1264, 0.4984]",0.0036105867251237087,0.0032538127719642417,0.5688934326171875,0.569427490234375,0.0005340576171875,
dominant_verbosity,"[0.125, 0.125, 0.125, 0.125, 0.5]",Fair,"alpha=1.0,eps=0.1",OK,"[0.1296, 0.1216, 0.1242, 0.1278, 0.4968]",0.0072211735287264905,0.006507625614385057,0.5688934326171875,0.56982421875,0.0009307861328125,
dominant_verbosity,"[0.125, 0.125, 0.125, 0.125, 0.5]",Fair,"alpha=2.0,eps=0.02",OK,"[0.1255, 0.1247, 0.1249, 0.1253, 0.4997]",0.0007207129483673413,0.0006495382913996789,0.5688934326171875,0.5688934326171875,0.0,
dominant_verbosity,"[0.125, 0.125, 0.125, 0.125, 0.5]",Fair,"alpha=2.0,eps=0.05",OK,"[0.1262, 0.1241, 0.1248, 0.1257, 0.4992]",0.0018017820223163756,0.0016238454199141738,0.5688934326171875,0.569427490234375,0.0005340576171875,
dominant_verbosity,"[0.125, 0.125, 0.125, 0.125, 0.5]",Fair,"alpha=2.0,eps=0.1",OK,"[0.1273, 0.1233, 0.1246, 0.1264, 0.4984]",0.003603564440266109,0.0032476911895387753,0.5688934326171875,0.569427490234375,0.0005340576171875,
only_helpfulness,"[1.0, 0.0, 0.0, 0.0, 0.0]",Avg,rho=0.5,OK,"[1.0, 0.0, 0.0, 0.0, 0.0]",0.0,0.0,0.545947265625,0.545947265625,0.0,
only_helpfulness,"[1.0, 0.0, 0.0, 0.0, 0.0]",Cert,,FLOOR_COLLAPSED,"[1.0, 0.0, 0.0, 0.0, 0.0]",0.0,0.0,0.545947265625,0.545947265625,0.0,"certificate: lambda = p, Delta = 0 by construction"
only_helpfulness,"[1.0, 0.0, 0.0, 0.0, 0.0]",MaxMin,c=0.0,INFEASIBLE_BALL_MISSES_SIMPLEX,,,,0.545947265625,,,INFEASIBLE_BALL_MISSES_SIMPLEX
only_helpfulness,"[1.0, 0.0, 0.0, 0.0, 0.0]",MaxMin,c=0.25,INFEASIBLE_BALL_MISSES_SIMPLEX,,,,0.545947265625,,,INFEASIBLE_BALL_MISSES_SIMPLEX
only_helpfulness,"[1.0, 0.0, 0.0, 0.0, 0.0]",MaxMin,c=0.5,INFEASIBLE_BALL_MISSES_SIMPLEX,,,,0.545947265625,,,INFEASIBLE_BALL_MISSES_SIMPLEX
only_helpfulness,"[1.0, 0.0, 0.0, 0.0, 0.0]",MaxMin,c=0.75,INFEASIBLE_BALL_MISSES_SIMPLEX,,,,0.545947265625,,,INFEASIBLE_BALL_MISSES_SIMPLEX
only_helpfulness,"[1.0, 0.0, 0.0, 0.0, 0.0]",MaxMin,c=0.9,INFEASIBLE_BALL_MISSES_SIMPLEX,,,,0.545947265625,,,INFEASIBLE_BALL_MISSES_SIMPLEX
only_helpfulness,"[1.0, 0.0, 0.0, 0.0, 0.0]",MaxMin,c=1.0,OK,"[1.0, 0.0, 0.0, 0.0, 0.0]",0.0,0.0,0.545947265625,0.545947265625,0.0,
only_helpfulness,"[1.0, 0.0, 0.0, 0.0, 0.0]",Fair,"alpha=0.0,eps=0.02",OK,"[1.0, 0.0, 0.0, 0.0, 0.0]",0.0,0.0,0.545947265625,0.545947265625,0.0,
only_helpfulness,"[1.0, 0.0, 0.0, 0.0, 0.0]",Fair,"alpha=0.0,eps=0.05",OK,"[1.0, 0.0, 0.0, 0.0, 0.0]",0.0,0.0,0.545947265625,0.545947265625,0.0,
only_helpfulness,"[1.0, 0.0, 0.0, 0.0, 0.0]",Fair,"alpha=0.0,eps=0.1",OK,"[1.0, 0.0, 0.0, 0.0, 0.0]",0.0,0.0,0.545947265625,0.545947265625,0.0,
only_helpfulness,"[1.0, 0.0, 0.0, 0.0, 0.0]",Fair,"alpha=1.0,eps=0.02",OK,"[1.0, 0.0, 0.0, 0.0, 0.0]",3.1005165667461026e-15,2.778741180477841e-15,0.545947265625,0.545947265625,0.0,
only_helpfulness,"[1.0, 0.0, 0.0, 0.0, 0.0]",Fair,"alpha=1.0,eps=0.05",OK,"[1.0, 0.0, 0.0, 0.0, 0.0]",2.152319687054027e-15,1.9185634195953462e-15,0.545947265625,0.545947265625,0.0,
only_helpfulness,"[1.0, 0.0, 0.0, 0.0, 0.0]",Fair,"alpha=1.0,eps=0.1",OK,"[1.0, 0.0, 0.0, 0.0, 0.0]",2.790401086313961e-16,2.512431317146608e-16,0.545947265625,0.545947265625,0.0,
only_helpfulness,"[1.0, 0.0, 0.0, 0.0, 0.0]",Fair,"alpha=2.0,eps=0.02",OK,"[1.0, 0.0, 0.0, 0.0, 0.0]",4.926673739194779e-15,4.422398385617505e-15,0.545947265625,0.545947265625,0.0,
only_helpfulness,"[1.0, 0.0, 0.0, 0.0, 0.0]",Fair,"alpha=2.0,eps=0.05",OK,"[1.0, 0.0, 0.0, 0.0, 0.0]",1.1010242124728337e-14,9.838849336687503e-15,0.545947265625,0.545947265625,0.0,
only_helpfulness,"[1.0, 0.0, 0.0, 0.0, 0.0]",Fair,"alpha=2.0,eps=0.1",OK,"[1.0, 0.0, 0.0, 0.0, 0.0]",1.2023964544188245e-13,1.0709893262300832e-13,0.545947265625,0.545947265625,0.0,
only_correctness,"[0.0, 1.0, 0.0, 0.0, 0.0]",Avg,rho=0.5,OK,"[0.0, 1.0, 0.0, 0.0, 0.0]",0.0,0.0,0.5603271484375,0.5603271484375,0.0,
only_correctness,"[0.0, 1.0, 0.0, 0.0, 0.0]",Cert,,FLOOR_COLLAPSED,"[0.0, 1.0, 0.0, 0.0, 0.0]",0.0,0.0,0.5603271484375,0.5603271484375,0.0,"certificate: lambda = p, Delta = 0 by construction"
only_correctness,"[0.0, 1.0, 0.0, 0.0, 0.0]",MaxMin,c=0.0,INFEASIBLE_BALL_MISSES_SIMPLEX,,,,0.5603271484375,,,INFEASIBLE_BALL_MISSES_SIMPLEX
only_correctness,"[0.0, 1.0, 0.0, 0.0, 0.0]",MaxMin,c=0.25,INFEASIBLE_BALL_MISSES_SIMPLEX,,,,0.5603271484375,,,INFEASIBLE_BALL_MISSES_SIMPLEX
only_correctness,"[0.0, 1.0, 0.0, 0.0, 0.0]",MaxMin,c=0.5,INFEASIBLE_BALL_MISSES_SIMPLEX,,,,0.5603271484375,,,INFEASIBLE_BALL_MISSES_SIMPLEX
only_correctness,"[0.0, 1.0, 0.0, 0.0, 0.0]",MaxMin,c=0.75,INFEASIBLE_BALL_MISSES_SIMPLEX,,,,0.5603271484375,,,INFEASIBLE_BALL_MISSES_SIMPLEX
only_correctness,"[0.0, 1.0, 0.0, 0.0, 0.0]",MaxMin,c=0.9,INFEASIBLE_BALL_MISSES_SIMPLEX,,,,0.5603271484375,,,INFEASIBLE_BALL_MISSES_SIMPLEX
only_correctness,"[0.0, 1.0, 0.0, 0.0, 0.0]",MaxMin,c=1.0,OK,"[0.0, 1.0, 0.0, 0.0, 0.0]",2.758146684485261e-16,2.5091877817484163e-16,0.5603271484375,0.5603271484375,0.0,
only_correctness,"[0.0, 1.0, 0.0, 0.0, 0.0]",Fair,"alpha=0.0,eps=0.02",OK,"[0.0244, 0.9756, 0.0, 0.0, 0.0]",0.034565246265794394,0.03126743995144227,0.5603271484375,0.5626708984375,0.002343749999999978,
only_correctness,"[0.0, 1.0, 0.0, 0.0, 0.0]",Fair,"alpha=0.0,eps=0.05",OK,"[0.0611, 0.9389, 0.0, 0.0, 0.0]",0.08641311566448594,0.07816859987860564,0.5603271484375,0.5622802734375,0.001953125,
only_correctness,"[0.0, 1.0, 0.0, 0.0, 0.0]",Fair,"alpha=0.0,eps=0.1",OK,"[0.1222, 0.8778, 0.0, 0.0, 0.0]",0.17282623132897196,0.15633719975721136,0.5603271484375,0.562353515625,0.0020263671875000444,
only_correctness,"[0.0, 1.0, 0.0, 0.0, 0.0]",Fair,"alpha=1.0,eps=0.02",OK,"[0.0006, 0.9991, 0.0, 0.0003, 0.0]",0.001155364642044392,0.0010502456574648944,0.5603271484375,0.5603271484375,0.0,
only_correctness,"[0.0, 1.0, 0.0, 0.0, 0.0]",Fair,"alpha=1.0,eps=0.05",OK,"[0.0016, 0.9977, 0.0, 0.0007, 0.0]",0.0028884117193235625,0.0026256142521741284,0.5603271484375,0.560546875,0.0002197265625000222,
only_correctness,"[0.0, 1.0, 0.0, 0.0, 0.0]",Fair,"alpha=1.0,eps=0.1",OK,"[0.0032, 0.9954, 0.0, 0.0014, 0.0]",0.005776823011933877,0.005251228113388812,0.5603271484375,0.560546875,0.0002197265625000222,
only_correctness,"[0.0, 1.0, 0.0, 0.0, 0.0]",Fair,"alpha=2.0,eps=0.02",OK,"[0.0003, 0.9995, 0.0, 0.0001, 0.0]",0.0005800395771134938,0.0005272819120608516,0.5603271484375,0.5603271484375,0.0,
only_correctness,"[0.0, 1.0, 0.0, 0.0, 0.0]",Fair,"alpha=2.0,eps=0.05",OK,"[0.0008, 0.9988, 0.0, 0.0004, 0.0]",0.0014500989647516273,0.0013182048000451062,0.5603271484375,0.5603271484375,0.0,
only_correctness,"[0.0, 1.0, 0.0, 0.0, 0.0]",Fair,"alpha=2.0,eps=0.1",OK,"[0.0016, 0.9977, 0.0, 0.0007, 0.0]",0.0029001991563553492,0.002636410666686112,0.5603271484375,0.560546875,0.0002197265625000222,
only_coherence,"[0.0, 0.0, 1.0, 0.0, 0.0]",Avg,rho=0.5,OK,"[0.0, 0.0, 1.0, 0.0, 0.0]",0.0,0.0,0.6642333984375,0.6642333984375,0.0,
only_coherence,"[0.0, 0.0, 1.0, 0.0, 0.0]",Cert,,FLOOR_COLLAPSED,"[0.0, 0.0, 1.0, 0.0, 0.0]",0.0,0.0,0.6642333984375,0.6642333984375,0.0,"certificate: lambda = p, Delta = 0 by construction"
only_coherence,"[0.0, 0.0, 1.0, 0.0, 0.0]",MaxMin,c=0.0,INFEASIBLE_BALL_MISSES_SIMPLEX,,,,0.6642333984375,,,INFEASIBLE_BALL_MISSES_SIMPLEX
only_coherence,"[0.0, 0.0, 1.0, 0.0, 0.0]",MaxMin,c=0.25,INFEASIBLE_BALL_MISSES_SIMPLEX,,,,0.6642333984375,,,INFEASIBLE_BALL_MISSES_SIMPLEX
only_coherence,"[0.0, 0.0, 1.0, 0.0, 0.0]",MaxMin,c=0.5,INFEASIBLE_BALL_MISSES_SIMPLEX,,,,0.6642333984375,,,INFEASIBLE_BALL_MISSES_SIMPLEX
only_coherence,"[0.0, 0.0, 1.0, 0.0, 0.0]",MaxMin,c=0.75,INFEASIBLE_BALL_MISSES_SIMPLEX,,,,0.6642333984375,,,INFEASIBLE_BALL_MISSES_SIMPLEX
only_coherence,"[0.0, 0.0, 1.0, 0.0, 0.0]",MaxMin,c=0.9,INFEASIBLE_BALL_MISSES_SIMPLEX,,,,0.6642333984375,,,INFEASIBLE_BALL_MISSES_SIMPLEX
only_coherence,"[0.0, 0.0, 1.0, 0.0, 0.0]",MaxMin,c=1.0,OK,"[0.0, 0.0, 1.0, 0.0, 0.0]",2.4932885860657617e-16,2.291133589240578e-16,0.6642333984375,0.6642333984375,0.0,
only_coherence,"[0.0, 0.0, 1.0, 0.0, 0.0]",Fair,"alpha=0.0,eps=0.02",OK,"[0.0249, 0.0, 0.9751, 0.0, 0.0]",0.03521760846892149,0.03156112150450116,0.6642333984375,0.6630126953125,-0.001220703125,
only_coherence,"[0.0, 0.0, 1.0, 0.0, 0.0]",Fair,"alpha=0.0,eps=0.05",OK,"[0.0623, 0.0, 0.9377, 0.0, 0.0]",0.08804402117230381,0.07890280376125298,0.6642333984375,0.6638916015625,-0.0003417968749999112,
only_coherence,"[0.0, 0.0, 1.0, 0.0, 0.0]",Fair,"alpha=0.0,eps=0.1",OK,"[0.1245, 0.0, 0.8755, 0.0, 0.0]",0.17608804234460762,0.15780560752250597,0.6642333984375,0.6634521484375,-0.0007812499999999556,
only_coherence,"[0.0, 0.0, 1.0, 0.0, 0.0]",Fair,"alpha=1.0,eps=0.02",OK,"[0.0005, 0.0, 0.9994, 0.0001, 0.0]",0.0007377089007862619,0.0006618512750573866,0.6642333984375,0.6647216796875,0.00048828125,
only_coherence,"[0.0, 0.0, 1.0, 0.0, 0.0]",Fair,"alpha=1.0,eps=0.05",OK,"[0.0011, 0.0, 0.9986, 0.0003, 0.0]",0.0018442720371889734,0.0016546279935111764,0.6642333984375,0.6647216796875,0.00048828125,
only_coherence,"[0.0, 0.0, 1.0, 0.0, 0.0]",Fair,"alpha=1.0,eps=0.1",OK,"[0.0023, 0.0, 0.9971, 0.0006, 0.0]",0.003688544535865558,0.003309256403851208,0.6642333984375,0.6647216796875,0.00048828125,
only_coherence,"[0.0, 0.0, 1.0, 0.0, 0.0]",Fair,"alpha=2.0,eps=0.02",OK,"[0.0002, 0.0, 0.9997, 0.0001, 0.0]",0.0003695331284351155,0.00033153820571839705,0.6642333984375,0.6642333984375,0.0,
only_coherence,"[0.0, 0.0, 1.0, 0.0, 0.0]",Fair,"alpha=2.0,eps=0.05",OK,"[0.0006, 0.0, 0.9993, 0.0002, 0.0]",0.0009238321868851802,0.0008288449484464666,0.6642333984375,0.6647216796875,0.00048828125,
only_coherence,"[0.0, 0.0, 1.0, 0.0, 0.0]",Fair,"alpha=2.0,eps=0.1",OK,"[0.0011, 0.0, 0.9986, 0.0003, 0.0]",0.0018476645814338001,0.0016576900822429235,0.6642333984375,0.6647216796875,0.00048828125,
only_complexity,"[0.0, 0.0, 0.0, 1.0, 0.0]",Avg,rho=0.5,OK,"[0.0, 0.0, 0.0, 1.0, 0.0]",0.0,0.0,0.4899169921875,0.4899169921875,0.0,
only_complexity,"[0.0, 0.0, 0.0, 1.0, 0.0]",Cert,,FLOOR_COLLAPSED,"[0.0, 0.0, 0.0, 1.0, 0.0]",0.0,0.0,0.4899169921875,0.4899169921875,0.0,"certificate: lambda = p, Delta = 0 by construction"
only_complexity,"[0.0, 0.0, 0.0, 1.0, 0.0]",MaxMin,c=0.0,INFEASIBLE_BALL_MISSES_SIMPLEX,,,,0.4899169921875,,,INFEASIBLE_BALL_MISSES_SIMPLEX
only_complexity,"[0.0, 0.0, 0.0, 1.0, 0.0]",MaxMin,c=0.25,INFEASIBLE_BALL_MISSES_SIMPLEX,,,,0.4899169921875,,,INFEASIBLE_BALL_MISSES_SIMPLEX
only_complexity,"[0.0, 0.0, 0.0, 1.0, 0.0]",MaxMin,c=0.5,INFEASIBLE_BALL_MISSES_SIMPLEX,,,,0.4899169921875,,,INFEASIBLE_BALL_MISSES_SIMPLEX
only_complexity,"[0.0, 0.0, 0.0, 1.0, 0.0]",MaxMin,c=0.75,INFEASIBLE_BALL_MISSES_SIMPLEX,,,,0.4899169921875,,,INFEASIBLE_BALL_MISSES_SIMPLEX
only_complexity,"[0.0, 0.0, 0.0, 1.0, 0.0]",MaxMin,c=0.9,INFEASIBLE_BALL_MISSES_SIMPLEX,,,,0.4899169921875,,,INFEASIBLE_BALL_MISSES_SIMPLEX
only_complexity,"[0.0, 0.0, 0.0, 1.0, 0.0]",MaxMin,c=1.0,OK,"[0.0, 0.0, 0.0, 1.0, 0.0]",3.22050236239034e-16,2.9572876508839635e-16,0.4899169921875,0.4899169921875,0.0,
only_complexity,"[0.0, 0.0, 0.0, 1.0, 0.0]",Fair,"alpha=0.0,eps=0.02",OK,"[0.0252, 0.0, 0.0, 0.9748, 0.0]",0.03560247252061517,0.031733105581606545,0.4899169921875,0.489453125,-0.0004638671875000222,
only_complexity,"[0.0, 0.0, 0.0, 1.0, 0.0]",Fair,"alpha=0.0,eps=0.05",OK,"[0.0629, 0.0, 0.0, 0.9371, 0.0]",0.08900618130153791,0.07933276395401632,0.4899169921875,0.4866455078125,-0.003271484375000022,
only_complexity,"[0.0, 0.0, 0.0, 1.0, 0.0]",Fair,"alpha=0.0,eps=0.1",OK,"[0.1259, 0.0, 0.0, 0.8741, 0.0]",0.17801236260307582,0.15866552790803265,0.4899169921875,0.4845458984375,-0.00537109375,
only_complexity,"[0.0, 0.0, 0.0, 1.0, 0.0]",Fair,"alpha=1.0,eps=0.02",OK,"[0.0002, 0.0, 0.0, 0.9998, 0.0]",0.0002278475686309474,0.00020308451745006183,0.4899169921875,0.4899169921875,0.0,
only_complexity,"[0.0, 0.0, 0.0, 1.0, 0.0]",Fair,"alpha=1.0,eps=0.05",OK,"[0.0004, 0.0, 0.0, 0.9996, 0.0]",0.0005696200827969419,0.0005077123286404406,0.4899169921875,0.4899169921875,0.0,
only_complexity,"[0.0, 0.0, 0.0, 1.0, 0.0]",Fair,"alpha=1.0,eps=0.1",OK,"[0.0008, 0.0, 0.0, 0.9992, 0.0]",0.00113923842770449,0.001015423108269711,0.4899169921875,0.4899169921875,0.0,
only_complexity,"[0.0, 0.0, 0.0, 1.0, 0.0]",Fair,"alpha=2.0,eps=0.02",OK,"[0.0001, 0.0, 0.0, 0.9999, 0.0]",0.0001139261172909089,0.00010154433814679335,0.4899169921875,0.4899169921875,0.0,
only_complexity,"[0.0, 0.0, 0.0, 1.0, 0.0]",Fair,"alpha=2.0,eps=0.05",OK,"[0.0002, 0.0, 0.0, 0.9998, 0.0]",0.0002848153869798408,0.0002538609289303638,0.4899169921875,0.4899169921875,0.0,
only_complexity,"[0.0, 0.0, 0.0, 1.0, 0.0]",Fair,"alpha=2.0,eps=0.1",OK,"[0.0004, 0.0, 0.0, 0.9996, 0.0]",0.0005696305872546206,0.0005077216914470445,0.4899169921875,0.4899169921875,0.0,
only_verbosity,"[0.0, 0.0, 0.0, 0.0, 1.0]",Avg,rho=0.5,OK,"[0.0, 0.0, 0.0, 0.0, 1.0]",0.0,0.0,0.5650146484375,0.5650146484375,0.0,
only_verbosity,"[0.0, 0.0, 0.0, 0.0, 1.0]",Cert,,FLOOR_COLLAPSED,"[0.0, 0.0, 0.0, 0.0, 1.0]",0.0,0.0,0.5650146484375,0.5650146484375,0.0,"certificate: lambda = p, Delta = 0 by construction"
only_verbosity,"[0.0, 0.0, 0.0, 0.0, 1.0]",MaxMin,c=0.0,INFEASIBLE_BALL_MISSES_SIMPLEX,,,,0.5650146484375,,,INFEASIBLE_BALL_MISSES_SIMPLEX
only_verbosity,"[0.0, 0.0, 0.0, 0.0, 1.0]",MaxMin,c=0.25,INFEASIBLE_BALL_MISSES_SIMPLEX,,,,0.5650146484375,,,INFEASIBLE_BALL_MISSES_SIMPLEX
only_verbosity,"[0.0, 0.0, 0.0, 0.0, 1.0]",MaxMin,c=0.5,INFEASIBLE_BALL_MISSES_SIMPLEX,,,,0.5650146484375,,,INFEASIBLE_BALL_MISSES_SIMPLEX
only_verbosity,"[0.0, 0.0, 0.0, 0.0, 1.0]",MaxMin,c=0.75,INFEASIBLE_BALL_MISSES_SIMPLEX,,,,0.5650146484375,,,INFEASIBLE_BALL_MISSES_SIMPLEX
only_verbosity,"[0.0, 0.0, 0.0, 0.0, 1.0]",MaxMin,c=0.9,INFEASIBLE_BALL_MISSES_SIMPLEX,,,,0.5650146484375,,,INFEASIBLE_BALL_MISSES_SIMPLEX
only_verbosity,"[0.0, 0.0, 0.0, 0.0, 1.0]",MaxMin,c=1.0,OK,"[0.0, 0.0, 0.0, 0.0, 1.0]",3.1227593016306545e-16,2.8317403288119375e-16,0.5650146484375,0.5650146484375,0.0,
only_verbosity,"[0.0, 0.0, 0.0, 0.0, 1.0]",Fair,"alpha=0.0,eps=0.02",OK,"[0.025, 0.0, 0.0, 0.0, 0.975]",0.03530041377619022,0.03159820372099345,0.5650146484375,0.5665283203125,0.0015136718749999556,
only_verbosity,"[0.0, 0.0, 0.0, 0.0, 1.0]",Fair,"alpha=0.0,eps=0.05",OK,"[0.0624, 0.0, 0.0, 0.0, 0.9376]",0.08825103444047563,0.07899550930248371,0.5650146484375,0.566455078125,0.0014404296874999112,
only_verbosity,"[0.0, 0.0, 0.0, 0.0, 1.0]",Fair,"alpha=0.0,eps=0.1",OK,"[0.1248, 0.0, 0.0, 0.0, 0.8752]",0.17650206888095119,0.15799101860496734,0.5650146484375,0.5634033203125,-0.0016113281250000888,
only_verbosity,"[0.0, 0.0, 0.0, 0.0, 1.0]",Fair,"alpha=1.0,eps=0.02",OK,"[0.0006, 0.0, 0.0, 0.0003, 0.9991]",0.001129617855564342,0.001013832674244258,0.5650146484375,0.5650146484375,0.0,
only_verbosity,"[0.0, 0.0, 0.0, 0.0, 1.0]",Fair,"alpha=1.0,eps=0.05",OK,"[0.0016, 0.0, 0.0, 0.0007, 0.9977]",0.002824044465723832,0.0025345815230727715,0.5650146484375,0.5650146484375,0.0,
only_verbosity,"[0.0, 0.0, 0.0, 0.0, 1.0]",Fair,"alpha=1.0,eps=0.1",OK,"[0.0031, 0.0, 0.0, 0.0014, 0.9955]",0.005648088510321838,0.005069162665561361,0.5650146484375,0.5650146484375,0.0,
only_verbosity,"[0.0, 0.0, 0.0, 0.0, 1.0]",Fair,"alpha=2.0,eps=0.02",OK,"[0.0003, 0.0, 0.0, 0.0001, 0.9995]",0.0005670416768547959,0.0005089309589515099,0.5650146484375,0.5650146484375,0.0,
only_verbosity,"[0.0, 0.0, 0.0, 0.0, 1.0]",Fair,"alpha=2.0,eps=0.05",OK,"[0.0008, 0.0, 0.0, 0.0003, 0.9989]",0.0014176040276472667,0.001272327249964777,0.5650146484375,0.5650146484375,0.0,
only_verbosity,"[0.0, 0.0, 0.0, 0.0, 1.0]",Fair,"alpha=2.0,eps=0.1",OK,"[0.0016, 0.0, 0.0, 0.0007, 0.9977]",0.0028352099259538275,0.002544656196390148,0.5650146484375,0.5650146484375,0.0,
dirichlet_11,"[0.1141, 0.0516, 0.376, 0.2564, 0.2017]",Avg,rho=0.5,OK,"[0.0108, 0.0, 0.5235, 0.2931, 0.1725]",0.19311171503395408,0.17352614055163612,,,,reward missing
dirichlet_11,"[0.1141, 0.0516, 0.376, 0.2564, 0.2017]",Cert,,FLOOR_COLLAPSED,"[0.1141, 0.0516, 0.376, 0.2564, 0.2017]",0.0,0.0,,,,"certificate: lambda = p, Delta = 0 by construction"
dirichlet_11,"[0.1141, 0.0516, 0.376, 0.2564, 0.2017]",MaxMin,c=0.0,INFEASIBLE_BALL_MISSES_SIMPLEX,,,,,,,INFEASIBLE_BALL_MISSES_SIMPLEX
dirichlet_11,"[0.1141, 0.0516, 0.376, 0.2564, 0.2017]",MaxMin,c=0.25,INFEASIBLE_BALL_MISSES_SIMPLEX,,,,,,,INFEASIBLE_BALL_MISSES_SIMPLEX
dirichlet_11,"[0.1141, 0.0516, 0.376, 0.2564, 0.2017]",MaxMin,c=0.5,OK,"[0.0712, 0.0089, 0.4827, 0.274, 0.1632]",0.12982526551555224,0.1172954318314626,,,,reward missing
dirichlet_11,"[0.1141, 0.0516, 0.376, 0.2564, 0.2017]",MaxMin,c=0.75,OK,"[0.0968, 0.0337, 0.4438, 0.2389, 0.1868]",0.07581240166975758,0.0683164328966761,,,,reward missing
dirichlet_11,"[0.1141, 0.0516, 0.376, 0.2564, 0.2017]",MaxMin,c=0.9,OK,"[0.1079, 0.0452, 0.4005, 0.2501, 0.1963]",0.02738779786880273,0.024679823011571577,,,,reward missing
dirichlet_11,"[0.1141, 0.0516, 0.376, 0.2564, 0.2017]",MaxMin,c=1.0,OK,"[0.1141, 0.0516, 0.376, 0.2564, 0.2017]",0.0,0.0,,,,reward missing
dirichlet_11,"[0.1141, 0.0516, 0.376, 0.2564, 0.2017]",Fair,"alpha=0.0,eps=0.02",OK,"[0.2184, 0.0273, 0.3499, 0.2297, 0.1748]",0.1165381233711038,0.10400300251814022,,,,reward missing
dirichlet_11,"[0.1141, 0.0516, 0.376, 0.2564, 0.2017]",Fair,"alpha=0.0,eps=0.05",OK,"[0.3648, 0.0, 0.3107, 0.1899, 0.1346]",0.2805199359870053,0.2502299371756903,,,,reward missing
dirichlet_11,"[0.1141, 0.0516, 0.376, 0.2564, 0.2017]",Fair,"alpha=0.0,eps=0.1",OK,"[0.5602, 0.0, 0.2458, 0.1251, 0.0689]",0.5034900049689837,0.44852417996572747,,,,reward missing
dirichlet_11,"[0.1141, 0.0516, 0.376, 0.2564, 0.2017]",Fair,"alpha=1.0,eps=0.02",OK,"[0.1151, 0.051, 0.3759, 0.257, 0.2011]",0.0014442341890763104,0.0013015246563264377,,,,reward missing
dirichlet_11,"[0.1141, 0.0516, 0.376, 0.2564, 0.2017]",Fair,"alpha=1.0,eps=0.05",OK,"[0.1165, 0.0499, 0.3756, 0.2579, 0.2001]",0.0036105860027637617,0.0032538121298763723,,,,reward missing
dirichlet_11,"[0.1141, 0.0516, 0.376, 0.2564, 0.2017]",Fair,"alpha=1.0,eps=0.1",OK,"[0.1188, 0.0482, 0.3752, 0.2593, 0.1985]",0.007221173668904044,0.006507625740154552,,,,reward missing
dirichlet_11,"[0.1141, 0.0516, 0.376, 0.2564, 0.2017]",Fair,"alpha=2.0,eps=0.02",OK,"[0.1146, 0.0513, 0.376, 0.2567, 0.2014]",0.000720712877067673,0.0006495382275356983,,,,reward missing
dirichlet_11,"[0.1141, 0.0516, 0.376, 0.2564, 0.2017]",Fair,"alpha=2.0,eps=0.05",OK,"[0.1153, 0.0508, 0.3758, 0.2572, 0.2009]",0.0018017821674327311,0.0016238455500918426,,,,reward missing
dirichlet_11,"[0.1141, 0.0516, 0.376, 0.2564, 0.2017]",Fair,"alpha=2.0,eps=0.1",OK,"[0.1165, 0.0499, 0.3756, 0.2579, 0.2001]",0.003603564379990207,0.0032476911352573717,,,,reward missing
dirichlet_12,"[0.086, 0.6349, 0.0594, 0.0082, 0.2115]",Avg,rho=0.5,OK,"[0.0, 0.9235, 0.0, 0.0, 0.0765]",0.3354362599304021,0.30394922660779244,,,,reward missing
dirichlet_12,"[0.086, 0.6349, 0.0594, 0.0082, 0.2115]",Cert,,FLOOR_COLLAPSED,"[0.086, 0.6349, 0.0594, 0.0082, 0.2115]",0.0,0.0,,,,"certificate: lambda = p, Delta = 0 by construction"
dirichlet_12,"[0.086, 0.6349, 0.0594, 0.0082, 0.2115]",MaxMin,c=0.0,INFEASIBLE_BALL_MISSES_SIMPLEX,,,,,,,INFEASIBLE_BALL_MISSES_SIMPLEX
dirichlet_12,"[0.086, 0.6349, 0.0594, 0.0082, 0.2115]",MaxMin,c=0.25,INFEASIBLE_BALL_MISSES_SIMPLEX,,,,,,,INFEASIBLE_BALL_MISSES_SIMPLEX
dirichlet_12,"[0.086, 0.6349, 0.0594, 0.0082, 0.2115]",MaxMin,c=0.5,INFEASIBLE_BALL_MISSES_SIMPLEX,,,,,,,INFEASIBLE_BALL_MISSES_SIMPLEX
dirichlet_12,"[0.086, 0.6349, 0.0594, 0.0082, 0.2115]",MaxMin,c=0.75,OK,"[0.0555, 0.7383, 0.0262, 0.0, 0.18]",0.11738684706432687,0.10624926103996114,,,,reward missing
dirichlet_12,"[0.086, 0.6349, 0.0594, 0.0082, 0.2115]",MaxMin,c=0.9,OK,"[0.0761, 0.674, 0.0486, 0.0, 0.2013]",0.04372776092833641,0.039654234571358686,,,,reward missing
dirichlet_12,"[0.086, 0.6349, 0.0594, 0.0082, 0.2115]",MaxMin,c=1.0,OK,"[0.086, 0.6349, 0.0594, 0.0082, 0.2115]",0.0,0.0,,,,reward missing
dirichlet_12,"[0.086, 0.6349, 0.0594, 0.0082, 0.2115]",Fair,"alpha=0.0,eps=0.02",OK,"[0.1713, 0.6107, 0.0333, 0.0, 0.1847]",0.09667280693322966,0.08637921324085548,,,,reward missing
dirichlet_12,"[0.086, 0.6349, 0.0594, 0.0082, 0.2115]",Fair,"alpha=0.0,eps=0.05",OK,"[0.2809, 0.5742, 0.0, 0.0, 0.1449]",0.22299532278877177,0.19936372992204857,,,,reward missing
dirichlet_12,"[0.086, 0.6349, 0.0594, 0.0082, 0.2115]",Fair,"alpha=0.0,eps=0.1",OK,"[0.4063, 0.5128, 0.0, 0.0, 0.0808]",0.37178315713756976,0.3327992994137905,,,,reward missing
dirichlet_12,"[0.086, 0.6349, 0.0594, 0.0082, 0.2115]",Fair,"alpha=1.0,eps=0.02",OK,"[0.0869, 0.6343, 0.0593, 0.0087, 0.2108]",0.0014442343975362968,0.0013015248448829614,,,,reward missing
dirichlet_12,"[0.086, 0.6349, 0.0594, 0.0082, 0.2115]",Fair,"alpha=1.0,eps=0.05",OK,"[0.0883, 0.6332, 0.059, 0.0096, 0.2099]",0.003610586831161644,0.0032538128681269176,,,,reward missing
dirichlet_12,"[0.086, 0.6349, 0.0594, 0.0082, 0.2115]",Fair,"alpha=1.0,eps=0.1",OK,"[0.0906, 0.6315, 0.0586, 0.011, 0.2083]",0.007221173694290343,0.00650762576451901,,,,reward missing
dirichlet_12,"[0.086, 0.6349, 0.0594, 0.0082, 0.2115]",Fair,"alpha=2.0,eps=0.02",OK,"[0.0864, 0.6346, 0.0594, 0.0084, 0.2112]",0.0007207126602710817,0.0006495380338685887,,,,reward missing
dirichlet_12,"[0.086, 0.6349, 0.0594, 0.0082, 0.2115]",Fair,"alpha=2.0,eps=0.05",OK,"[0.0871, 0.6341, 0.0592, 0.0089, 0.2107]",0.0018017821913916745,0.0016238455677512675,,,,reward missing
dirichlet_12,"[0.086, 0.6349, 0.0594, 0.0082, 0.2115]",Fair,"alpha=2.0,eps=0.1",OK,"[0.0883, 0.6332, 0.059, 0.0096, 0.2099]",0.003603564415498402,0.003247691164614982,,,,reward missing
dirichlet_13,"[0.2999, 0.1365, 0.3313, 0.1943, 0.038]",Avg,rho=0.5,OK,"[0.3726, 0.0349, 0.4327, 0.1597, 0.0]",0.16895488925231195,0.15217635598244264,,,,reward missing
dirichlet_13,"[0.2999, 0.1365, 0.3313, 0.1943, 0.038]",Cert,,FLOOR_COLLAPSED,"[0.2999, 0.1365, 0.3313, 0.1943, 0.038]",1.0031442548020353e-16,1.2629985259514326e-16,,,,"certificate: lambda = p, Delta = 0 by construction"
dirichlet_13,"[0.2999, 0.1365, 0.3313, 0.1943, 0.038]",MaxMin,c=0.0,INFEASIBLE_BALL_MISSES_SIMPLEX,,,,,,,INFEASIBLE_BALL_MISSES_SIMPLEX
dirichlet_13,"[0.2999, 0.1365, 0.3313, 0.1943, 0.038]",MaxMin,c=0.25,INFEASIBLE_BALL_MISSES_SIMPLEX,,,,,,,INFEASIBLE_BALL_MISSES_SIMPLEX
dirichlet_13,"[0.2999, 0.1365, 0.3313, 0.1943, 0.038]",MaxMin,c=0.5,INFEASIBLE_BALL_MISSES_SIMPLEX,,,,,,,INFEASIBLE_BALL_MISSES_SIMPLEX
dirichlet_13,"[0.2999, 0.1365, 0.3313, 0.1943, 0.038]",MaxMin,c=0.75,OK,"[0.3234, 0.1136, 0.3758, 0.1708, 0.0165]",0.06385538792927713,0.05752404222161416,,,,reward missing
dirichlet_13,"[0.2999, 0.1365, 0.3313, 0.1943, 0.038]",MaxMin,c=0.9,OK,"[0.3026, 0.1278, 0.3541, 0.1855, 0.0301]",0.027239352584208742,0.024571178185544627,,,,reward missing
dirichlet_13,"[0.2999, 0.1365, 0.3313, 0.1943, 0.038]",MaxMin,c=1.0,OK,"[0.2999, 0.1365, 0.3313, 0.1943, 0.038]",1.0031442548020353e-16,1.2629985259514326e-16,,,,reward missing
dirichlet_13,"[0.2999, 0.1365, 0.3313, 0.1943, 0.038]",Fair,"alpha=0.0,eps=0.02",OK,"[0.4041, 0.1122, 0.3051, 0.1675, 0.011]",0.11653812337110385,0.10400300251814028,,,,reward missing
dirichlet_13,"[0.2999, 0.1365, 0.3313, 0.1943, 0.038]",Fair,"alpha=0.0,eps=0.05",OK,"[0.5292, 0.0758, 0.2671, 0.1279, 0.0]",0.2574199726640442,0.22996185502697428,,,,reward missing
dirichlet_13,"[0.2999, 0.1365, 0.3313, 0.1943, 0.038]",Fair,"alpha=0.0,eps=0.1",OK,"[0.7182, 0.0151, 0.2045, 0.0622, 0.0]",0.47405299020046343,0.4239177174719675,,,,reward missing
dirichlet_13,"[0.2999, 0.1365, 0.3313, 0.1943, 0.038]",Fair,"alpha=1.0,eps=0.02",OK,"[0.3008, 0.1359, 0.3311, 0.1949, 0.0373]",0.001444234189076451,0.0013015246563265646,,,,reward missing
dirichlet_13,"[0.2999, 0.1365, 0.3313, 0.1943, 0.038]",Fair,"alpha=1.0,eps=0.05",OK,"[0.3022, 0.1348, 0.3309, 0.1957, 0.0364]",0.003610586836878221,0.0032538128628008278,,,,reward missing
dirichlet_13,"[0.2999, 0.1365, 0.3313, 0.1943, 0.038]",Fair,"alpha=1.0,eps=0.1",OK,"[0.3045, 0.1331, 0.3305, 0.1971, 0.0348]",0.007221173908353786,0.006507625980629028,,,,reward missing
dirichlet_13,"[0.2999, 0.1365, 0.3313, 0.1943, 0.038]",Fair,"alpha=2.0,eps=0.02",OK,"[0.3003, 0.1362, 0.3312, 0.1946, 0.0377]",0.0007207128777022286,0.0006495382281236804,,,,reward missing
dirichlet_13,"[0.2999, 0.1365, 0.3313, 0.1943, 0.038]",Fair,"alpha=2.0,eps=0.05",OK,"[0.301, 0.1357, 0.3311, 0.195, 0.0372]",0.0018017821877270826,0.0016238455645223417,,,,reward missing
dirichlet_13,"[0.2999, 0.1365, 0.3313, 0.1943, 0.038]",Fair,"alpha=2.0,eps=0.1",OK,"[0.3022, 0.1348, 0.3309, 0.1957, 0.0364]",0.003603564462417929,0.0032476912085536297,,,,reward missing
dirichlet_14,"[0.1745, 0.2395, 0.1063, 0.1512, 0.3284]",Avg,rho=0.5,OK,"[0.1563, 0.2732, 0.0116, 0.1071, 0.4517]",0.16609667699874206,0.15139691096037639,,,,reward missing
dirichlet_14,"[0.1745, 0.2395, 0.1063, 0.1512, 0.3284]",Cert,,FLOOR_COLLAPSED,"[0.1745, 0.2395, 0.1063, 0.1512, 0.3284]",9.205483015737869e-17,1.179142790836962e-16,,,,"certificate: lambda = p, Delta = 0 by construction"
dirichlet_14,"[0.1745, 0.2395, 0.1063, 0.1512, 0.3284]",MaxMin,c=0.0,OK_EXACT_D0,"[0.1601, 0.2667, 0.0269, 0.1153, 0.4309]",0.13800663985326114,0.12580840911032265,,,,reward missing
dirichlet_14,"[0.1745, 0.2395, 0.1063, 0.1512, 0.3284]",MaxMin,c=0.25,OK,"[0.1526, 0.2586, 0.0581, 0.1077, 0.4229]",0.1182984079683032,0.1075459524190994,,,,reward missing
dirichlet_14,"[0.1745, 0.2395, 0.1063, 0.1512, 0.3284]",MaxMin,c=0.5,OK,"[0.148, 0.2397, 0.0828, 0.1253, 0.4041]",0.08744469267944803,0.07923953313048171,,,,reward missing
dirichlet_14,"[0.1745, 0.2395, 0.1063, 0.1512, 0.3284]",MaxMin,c=0.75,OK,"[0.1636, 0.2292, 0.0972, 0.1405, 0.3696]",0.046058198858589486,0.04171870167105077,,,,reward missing
dirichlet_14,"[0.1745, 0.2395, 0.1063, 0.1512, 0.3284]",MaxMin,c=0.9,OK,"[0.1704, 0.2356, 0.1029, 0.1472, 0.3439]",0.017288187358414704,0.015659334249116617,,,,reward missing
dirichlet_14,"[0.1745, 0.2395, 0.1063, 0.1512, 0.3284]",MaxMin,c=1.0,OK,"[0.1745, 0.2395, 0.1063, 0.1512, 0.3284]",9.205483015737869e-17,1.179142790836962e-16,,,,reward missing
dirichlet_14,"[0.1745, 0.2395, 0.1063, 0.1512, 0.3284]",Fair,"alpha=0.0,eps=0.02",OK,"[0.2787, 0.2151, 0.0802, 0.1245, 0.3015]",0.11653812337110381,0.10400300251814025,,,,reward missing
dirichlet_14,"[0.1745, 0.2395, 0.1063, 0.1512, 0.3284]",Fair,"alpha=0.0,eps=0.05",OK,"[0.4351, 0.1786, 0.041, 0.0843, 0.2611]",0.2913453084277596,0.26000750629535063,,,,reward missing
dirichlet_14,"[0.1745, 0.2395, 0.1063, 0.1512, 0.3284]",Fair,"alpha=0.0,eps=0.1",OK,"[0.6702, 0.1174, 0.0, 0.0177, 0.1948]",0.554577603696917,0.49495738231208164,,,,reward missing
dirichlet_14,"[0.1745, 0.2395, 0.1063, 0.1512, 0.3284]",Fair,"alpha=1.0,eps=0.02",OK,"[0.1755, 0.2388, 0.1062, 0.1518, 0.3278]",0.001444234640379415,0.001301525058222182,,,,reward missing
dirichlet_14,"[0.1745, 0.2395, 0.1063, 0.1512, 0.3284]",Fair,"alpha=1.0,eps=0.05",OK,"[0.1768, 0.2378, 0.1059, 0.1526, 0.3268]",0.0036105867245993252,0.003253812775324199,,,,reward missing
dirichlet_14,"[0.1745, 0.2395, 0.1063, 0.1512, 0.3284]",Fair,"alpha=1.0,eps=0.1",OK,"[0.1792, 0.2361, 0.1055, 0.154, 0.3252]",0.0072211735074543815,0.006507625589604387,,,,reward missing
dirichlet_14,"[0.1745, 0.2395, 0.1063, 0.1512, 0.3284]",Fair,"alpha=2.0,eps=0.02",OK,"[0.175, 0.2391, 0.1063, 0.1515, 0.3281]",0.0007207128743070492,0.0006495382256291962,,,,reward missing
dirichlet_14,"[0.1745, 0.2395, 0.1063, 0.1512, 0.3284]",Fair,"alpha=2.0,eps=0.05",OK,"[0.1757, 0.2386, 0.1061, 0.1519, 0.3276]",0.0018017820216756453,0.0016238454124306856,,,,reward missing
dirichlet_14,"[0.1745, 0.2395, 0.1063, 0.1512, 0.3284]",Fair,"alpha=2.0,eps=0.1",OK,"[0.1768, 0.2378, 0.1059, 0.1526, 0.3268]",0.003603564366069797,0.003247691114715324,,,,reward missing
dirichlet_15,"[0.5553, 0.1072, 0.0716, 0.2283, 0.0376]",Avg,rho=0.5,OK,"[0.8279, 0.0, 0.0, 0.1721, 0.0]",0.3089762413210118,0.276767821792194,,,,reward missing
dirichlet_15,"[0.5553, 0.1072, 0.0716, 0.2283, 0.0376]",Cert,,FLOOR_COLLAPSED,"[0.5553, 0.1072, 0.0716, 0.2283, 0.0376]",1.2813490069415586e-16,1.491065875261216e-16,,,,"certificate: lambda = p, Delta = 0 by construction"
dirichlet_15,"[0.5553, 0.1072, 0.0716, 0.2283, 0.0376]",MaxMin,c=0.0,INFEASIBLE_BALL_MISSES_SIMPLEX,,,,,,,INFEASIBLE_BALL_MISSES_SIMPLEX
dirichlet_15,"[0.5553, 0.1072, 0.0716, 0.2283, 0.0376]",MaxMin,c=0.25,INFEASIBLE_BALL_MISSES_SIMPLEX,,,,,,,INFEASIBLE_BALL_MISSES_SIMPLEX
dirichlet_15,"[0.5553, 0.1072, 0.0716, 0.2283, 0.0376]",MaxMin,c=0.5,OK,"[0.7424, 0.0599, 0.0213, 0.1765, 0.0]",0.20947698710375703,0.18705399693523517,,,,reward missing
dirichlet_15,"[0.5553, 0.1072, 0.0716, 0.2283, 0.0376]",MaxMin,c=0.75,OK,"[0.6401, 0.0874, 0.0503, 0.2065, 0.0157]",0.09479757944605614,0.08460092378908532,,,,reward missing
dirichlet_15,"[0.5553, 0.1072, 0.0716, 0.2283, 0.0376]",MaxMin,c=0.9,OK,"[0.5887, 0.0994, 0.0632, 0.2197, 0.029]",0.037284033499162206,0.033273673178619886,,,,reward missing
dirichlet_15,"[0.5553, 0.1072, 0.0716, 0.2283, 0.0376]",MaxMin,c=1.0,OK,"[0.5553, 0.1072, 0.0716, 0.2283, 0.0376]",1.2813490069415586e-16,1.491065875261216e-16,,,,reward missing
dirichlet_15,"[0.5553, 0.1072, 0.0716, 0.2283, 0.0376]",Fair,"alpha=0.0,eps=0.02",OK,"[0.6595, 0.0828, 0.0454, 0.2015, 0.0107]",0.11653812337110377,0.1040030025181402,,,,reward missing
dirichlet_15,"[0.5553, 0.1072, 0.0716, 0.2283, 0.0376]",Fair,"alpha=0.0,eps=0.05",OK,"[0.7843, 0.0464, 0.0074, 0.1619, 0.0]",0.2570352290308624,0.22962172492316604,,,,reward missing
dirichlet_15,"[0.5553, 0.1072, 0.0716, 0.2283, 0.0376]",Fair,"alpha=0.0,eps=0.1",OK,"[0.9027, 0.0, 0.0, 0.0973, 0.0]",0.39483642284863313,0.3528616500070401,,,,reward missing
dirichlet_15,"[0.5553, 0.1072, 0.0716, 0.2283, 0.0376]",Fair,"alpha=1.0,eps=0.02",OK,"[0.5563, 0.1065, 0.0714, 0.2288, 0.037]",0.0014442341890763422,0.0013015246563264655,,,,reward missing
dirichlet_15,"[0.5553, 0.1072, 0.0716, 0.2283, 0.0376]",Fair,"alpha=1.0,eps=0.05",OK,"[0.5576, 0.1055, 0.0711, 0.2297, 0.036]",0.003610586844953553,0.0032538128700460886,,,,reward missing
dirichlet_15,"[0.5553, 0.1072, 0.0716, 0.2283, 0.0376]",Fair,"alpha=1.0,eps=0.1",OK,"[0.56, 0.1038, 0.0707, 0.2311, 0.0344]",0.0072211736753453005,0.006507625748011142,,,,reward missing
dirichlet_15,"[0.5553, 0.1072, 0.0716, 0.2283, 0.0376]",Fair,"alpha=2.0,eps=0.02",OK,"[0.5558, 0.1069, 0.0715, 0.2286, 0.0373]",0.0007207128731663339,0.0006495382240624716,,,,reward missing
dirichlet_15,"[0.5553, 0.1072, 0.0716, 0.2283, 0.0376]",Fair,"alpha=2.0,eps=0.05",OK,"[0.5565, 0.1064, 0.0714, 0.229, 0.0368]",0.001801782188998767,0.0016238455656468391,,,,reward missing
dirichlet_15,"[0.5553, 0.1072, 0.0716, 0.2283, 0.0376]",Fair,"alpha=2.0,eps=0.1",OK,"[0.5576, 0.1055, 0.0712, 0.2297, 0.036]",0.003603564115119646,0.003247690891211898,,,,reward missing
dirichlet_16,"[0.0033, 0.7482, 0.0065, 0.1014, 0.1405]",Avg,rho=0.5,OK,"[0.0, 1.0, 0.0, 0.0, 0.0]",0.30573912152379357,0.2779512153313069,,0.5554566740733335,,
dirichlet_16,"[0.0033, 0.7482, 0.0065, 0.1014, 0.1405]",Cert,,FLOOR_COLLAPSED,"[0.0033, 0.7482, 0.0065, 0.1014, 0.1405]",0.0,0.0,,,,"certificate: lambda = p, Delta = 0 by construction"
dirichlet_16,"[0.0033, 0.7482, 0.0065, 0.1014, 0.1405]",MaxMin,c=0.0,INFEASIBLE_BALL_MISSES_SIMPLEX,,,,,,,INFEASIBLE_BALL_MISSES_SIMPLEX
dirichlet_16,"[0.0033, 0.7482, 0.0065, 0.1014, 0.1405]",MaxMin,c=0.25,INFEASIBLE_BALL_MISSES_SIMPLEX,,,,,,,INFEASIBLE_BALL_MISSES_SIMPLEX
dirichlet_16,"[0.0033, 0.7482, 0.0065, 0.1014, 0.1405]",MaxMin,c=0.5,INFEASIBLE_BALL_MISSES_SIMPLEX,,,,,,,INFEASIBLE_BALL_MISSES_SIMPLEX
dirichlet_16,"[0.0033, 0.7482, 0.0065, 0.1014, 0.1405]",MaxMin,c=0.75,OK,"[0.0, 0.8794, 0.0, 0.0409, 0.0797]",0.15687969756211545,0.14261248801825951,,,,reward missing
dirichlet_16,"[0.0033, 0.7482, 0.0065, 0.1014, 0.1405]",MaxMin,c=0.9,OK,"[0.0, 0.797, 0.0, 0.0821, 0.1209]",0.05653349697707314,0.051348857670126445,,,,reward missing
dirichlet_16,"[0.0033, 0.7482, 0.0065, 0.1014, 0.1405]",MaxMin,c=1.0,OK,"[0.0033, 0.7482, 0.0065, 0.1014, 0.1405]",0.0,0.0,,,,reward missing
dirichlet_16,"[0.0033, 0.7482, 0.0065, 0.1014, 0.1405]",Fair,"alpha=0.0,eps=0.02",OK,"[0.087, 0.7236, 0.0, 0.0749, 0.1144]",0.09512727914991528,0.08494251995491393,,,,reward missing
dirichlet_16,"[0.0033, 0.7482, 0.0065, 0.1014, 0.1405]",Fair,"alpha=0.0,eps=0.05",OK,"[0.2025, 0.6866, 0.0, 0.0352, 0.0757]",0.22827335404310695,0.20388251807119553,,,,reward missing
dirichlet_16,"[0.0033, 0.7482, 0.0065, 0.1014, 0.1405]",Fair,"alpha=0.0,eps=0.1",OK,"[0.3636, 0.625, 0.0, 0.0, 0.0114]",0.4147398285808461,0.3707049264757601,,,,reward missing
dirichlet_16,"[0.0033, 0.7482, 0.0065, 0.1014, 0.1405]",Fair,"alpha=1.0,eps=0.02",OK,"[0.0042, 0.7476, 0.0064, 0.102, 0.1399]",0.0014442352691340186,0.0013015256369203988,,,,reward missing
dirichlet_16,"[0.0033, 0.7482, 0.0065, 0.1014, 0.1405]",Fair,"alpha=1.0,eps=0.05",OK,"[0.0056, 0.7465, 0.0061, 0.1029, 0.1389]",0.0036105863419904796,0.003253812430952887,,,,reward missing
dirichlet_16,"[0.0033, 0.7482, 0.0065, 0.1014, 0.1405]",Fair,"alpha=1.0,eps=0.1",OK,"[0.0079, 0.7448, 0.0057, 0.1043, 0.1373]",0.007221174024577536,0.006507626073635082,,,,reward missing
dirichlet_16,"[0.0033, 0.7482, 0.0065, 0.1014, 0.1405]",Fair,"alpha=2.0,eps=0.02",OK,"[0.0037, 0.7479, 0.0064, 0.1017, 0.1402]",0.0007207128177213753,0.0006495381729962724,,,,reward missing
dirichlet_16,"[0.0033, 0.7482, 0.0065, 0.1014, 0.1405]",Fair,"alpha=2.0,eps=0.05",OK,"[0.0044, 0.7474, 0.0063, 0.1022, 0.1397]",0.0018017820845963785,0.0016238454708852117,,,,reward missing
dirichlet_16,"[0.0033, 0.7482, 0.0065, 0.1014, 0.1405]",Fair,"alpha=2.0,eps=0.1",OK,"[0.0056, 0.7465, 0.0061, 0.1029, 0.1389]",0.0036035644088608476,0.0032476911575137755,,,,reward missing
dirichlet_17,"[0.1746, 0.4313, 0.3854, 0.0082, 0.0005]",Avg,rho=0.5,OK,"[0.0212, 0.5321, 0.4468, 0.0, 0.0]",0.1937384526251527,0.1749618729371857,,,,reward missing
dirichlet_17,"[0.1746, 0.4313, 0.3854, 0.0082, 0.0005]",Cert,,FLOOR_COLLAPSED,"[0.1746, 0.4313, 0.3854, 0.0082, 0.0005]",8.328486549353166e-17,9.68704401263659e-17,,,,"certificate: lambda = p, Delta = 0 by construction"
dirichlet_17,"[0.1746, 0.4313, 0.3854, 0.0082, 0.0005]",MaxMin,c=0.0,INFEASIBLE_BALL_MISSES_SIMPLEX,,,,,,,INFEASIBLE_BALL_MISSES_SIMPLEX
dirichlet_17,"[0.1746, 0.4313, 0.3854, 0.0082, 0.0005]",MaxMin,c=0.25,INFEASIBLE_BALL_MISSES_SIMPLEX,,,,,,,INFEASIBLE_BALL_MISSES_SIMPLEX
dirichlet_17,"[0.1746, 0.4313, 0.3854, 0.0082, 0.0005]",MaxMin,c=0.5,INFEASIBLE_BALL_MISSES_SIMPLEX,,,,,,,INFEASIBLE_BALL_MISSES_SIMPLEX
dirichlet_17,"[0.1746, 0.4313, 0.3854, 0.0082, 0.0005]",MaxMin,c=0.75,INFEASIBLE_BALL_MISSES_SIMPLEX,,,,,,,INFEASIBLE_BALL_MISSES_SIMPLEX
dirichlet_17,"[0.1746, 0.4313, 0.3854, 0.0082, 0.0005]",MaxMin,c=0.9,OK,"[0.1245, 0.4767, 0.3989, 0.0, 0.0]",0.06943073672869121,0.06290646228232215,,,,reward missing
dirichlet_17,"[0.1746, 0.4313, 0.3854, 0.0082, 0.0005]",MaxMin,c=1.0,OK,"[0.1746, 0.4313, 0.3854, 0.0082, 0.0005]",8.328486549353166e-17,9.68704401263659e-17,,,,reward missing
dirichlet_17,"[0.1746, 0.4313, 0.3854, 0.0082, 0.0005]",Fair,"alpha=0.0,eps=0.02",OK,"[0.2325, 0.4071, 0.3603, 0.0, 0.0]",0.06808646844852653,0.06117560599976481,,,,reward missing
dirichlet_17,"[0.1746, 0.4313, 0.3854, 0.0082, 0.0005]",Fair,"alpha=0.0,eps=0.05",OK,"[0.3063, 0.371, 0.3228, 0.0, 0.0]",0.15803841245889103,0.1422052794382897,,,,reward missing
dirichlet_17,"[0.1746, 0.4313, 0.3854, 0.0082, 0.0005]",Fair,"alpha=0.0,eps=0.1",OK,"[0.4292, 0.3106, 0.2601, 0.0, 0.0]",0.30846425352483875,0.2777091427323246,,,,reward missing
dirichlet_17,"[0.1746, 0.4313, 0.3854, 0.0082, 0.0005]",Fair,"alpha=1.0,eps=0.02",OK,"[0.1755, 0.4306, 0.3852, 0.0087, 0.0]",0.001370461675685607,0.001236442918825775,,,,reward missing
dirichlet_17,"[0.1746, 0.4313, 0.3854, 0.0082, 0.0005]",Fair,"alpha=1.0,eps=0.05",OK,"[0.1766, 0.4294, 0.3848, 0.0093, 0.0]",0.003107444519044033,0.0028147972048883025,,,,reward missing
dirichlet_17,"[0.1746, 0.4313, 0.3854, 0.0082, 0.0005]",Fair,"alpha=1.0,eps=0.1",OK,"[0.1784, 0.4273, 0.3841, 0.0103, 0.0]",0.006099796261530147,0.005534313541757989,,,,reward missing
dirichlet_17,"[0.1746, 0.4313, 0.3854, 0.0082, 0.0005]",Fair,"alpha=2.0,eps=0.02",OK,"[0.1751, 0.431, 0.3853, 0.0085, 0.0002]",0.0007207129388285883,0.0006495382837057165,,,,reward missing
dirichlet_17,"[0.1746, 0.4313, 0.3854, 0.0082, 0.0005]",Fair,"alpha=2.0,eps=0.05",OK,"[0.1757, 0.4304, 0.3851, 0.0088, 0.0]",0.0016472644184402697,0.0014879756612035768,,,,reward missing
dirichlet_17,"[0.1746, 0.4313, 0.3854, 0.0082, 0.0005]",Fair,"alpha=2.0,eps=0.1",OK,"[0.1766, 0.4293, 0.3848, 0.0093, 0.0]",0.00310767863706581,0.002815178866470443,,,,reward missing
dirichlet_18,"[0.4364, 0.086, 0.0655, 0.0163, 0.3957]",Avg,rho=0.5,OK,"[0.5441, 0.0, 0.0, 0.0, 0.4559]",0.16487502269470922,0.14988285746543129,,,,reward missing
dirichlet_18,"[0.4364, 0.086, 0.0655, 0.0163, 0.3957]",Cert,,FLOOR_COLLAPSED,"[0.4364, 0.086, 0.0655, 0.0163, 0.3957]",0.0,0.0,,,,"certificate: lambda = p, Delta = 0 by construction"
dirichlet_18,"[0.4364, 0.086, 0.0655, 0.0163, 0.3957]",MaxMin,c=0.0,INFEASIBLE_BALL_MISSES_SIMPLEX,,,,,,,INFEASIBLE_BALL_MISSES_SIMPLEX
dirichlet_18,"[0.4364, 0.086, 0.0655, 0.0163, 0.3957]",MaxMin,c=0.25,INFEASIBLE_BALL_MISSES_SIMPLEX,,,,,,,INFEASIBLE_BALL_MISSES_SIMPLEX
dirichlet_18,"[0.4364, 0.086, 0.0655, 0.0163, 0.3957]",MaxMin,c=0.5,INFEASIBLE_BALL_MISSES_SIMPLEX,,,,,,,INFEASIBLE_BALL_MISSES_SIMPLEX
dirichlet_18,"[0.4364, 0.086, 0.0655, 0.0163, 0.3957]",MaxMin,c=0.75,OK,"[0.502, 0.0486, 0.0276, 0.0, 0.4218]",0.0899350739721487,0.08140952841548374,,,,reward missing
dirichlet_18,"[0.4364, 0.086, 0.0655, 0.0163, 0.3957]",MaxMin,c=0.9,OK,"[0.4769, 0.0747, 0.0537, 0.004, 0.3907]",0.04559774225950434,0.04075694039549647,,,,reward missing
dirichlet_18,"[0.4364, 0.086, 0.0655, 0.0163, 0.3957]",MaxMin,c=1.0,OK,"[0.4364, 0.086, 0.0655, 0.0163, 0.3957]",0.0,0.0,,,,reward missing
dirichlet_18,"[0.4364, 0.086, 0.0655, 0.0163, 0.3957]",Fair,"alpha=0.0,eps=0.02",OK,"[0.5301, 0.0617, 0.0394, 0.0, 0.3688]",0.10504832302536615,0.09380501102036568,,,,reward missing
dirichlet_18,"[0.4364, 0.086, 0.0655, 0.0163, 0.3957]",Fair,"alpha=0.0,eps=0.05",OK,"[0.6458, 0.0254, 0.0002, 0.0, 0.3287]",0.23774332245481697,0.21245846058968326,,,,reward missing
dirichlet_18,"[0.4364, 0.086, 0.0655, 0.0163, 0.3957]",Fair,"alpha=0.0,eps=0.1",OK,"[0.7344, 0.0, 0.0, 0.0, 0.2656]",0.3429649959086658,0.3064315067472435,,,,reward missing
dirichlet_18,"[0.4364, 0.086, 0.0655, 0.0163, 0.3957]",Fair,"alpha=1.0,eps=0.02",OK,"[0.4374, 0.0854, 0.0653, 0.0169, 0.395]",0.0014442341416475827,0.0013015246130195126,,,,reward missing
dirichlet_18,"[0.4364, 0.086, 0.0655, 0.0163, 0.3957]",Fair,"alpha=1.0,eps=0.05",OK,"[0.4387, 0.0843, 0.0651, 0.0177, 0.3941]",0.003610586840905108,0.0032538128764077736,,,,reward missing
dirichlet_18,"[0.4364, 0.086, 0.0655, 0.0163, 0.3957]",Fair,"alpha=1.0,eps=0.1",OK,"[0.4411, 0.0826, 0.0647, 0.0192, 0.3924]",0.007221175988171156,0.0065076278208907766,,,,reward missing
dirichlet_18,"[0.4364, 0.086, 0.0655, 0.0163, 0.3957]",Fair,"alpha=2.0,eps=0.02",OK,"[0.4369, 0.0857, 0.0654, 0.0166, 0.3954]",0.0007207128234526808,0.0006495381789921029,,,,reward missing
dirichlet_18,"[0.4364, 0.086, 0.0655, 0.0163, 0.3957]",Fair,"alpha=2.0,eps=0.05",OK,"[0.4376, 0.0852, 0.0653, 0.017, 0.3949]",0.001801782057021929,0.0016238454455475405,,,,reward missing
dirichlet_18,"[0.4364, 0.086, 0.0655, 0.0163, 0.3957]",Fair,"alpha=2.0,eps=0.1",OK,"[0.4387, 0.0843, 0.0651, 0.0177, 0.3941]",0.003603564349079839,0.0032476911052661387,,,,reward missing
dirichlet_19,"[0.427, 0.3089, 0.2097, 0.0147, 0.0397]",Avg,rho=0.5,OK,"[0.5586, 0.3174, 0.124, 0.0, 0.0]",0.16279565703053,0.144891527416653,,,,reward missing
dirichlet_19,"[0.427, 0.3089, 0.2097, 0.0147, 0.0397]",Cert,,FLOOR_COLLAPSED,"[0.427, 0.3089, 0.2097, 0.0147, 0.0397]",1.3619512758127423e-16,1.5899860095168734e-16,,,,"certificate: lambda = p, Delta = 0 by construction"
dirichlet_19,"[0.427, 0.3089, 0.2097, 0.0147, 0.0397]",MaxMin,c=0.0,INFEASIBLE_BALL_MISSES_SIMPLEX,,,,,,,INFEASIBLE_BALL_MISSES_SIMPLEX
dirichlet_19,"[0.427, 0.3089, 0.2097, 0.0147, 0.0397]",MaxMin,c=0.25,INFEASIBLE_BALL_MISSES_SIMPLEX,,,,,,,INFEASIBLE_BALL_MISSES_SIMPLEX
dirichlet_19,"[0.427, 0.3089, 0.2097, 0.0147, 0.0397]",MaxMin,c=0.5,INFEASIBLE_BALL_MISSES_SIMPLEX,,,,,,,INFEASIBLE_BALL_MISSES_SIMPLEX
dirichlet_19,"[0.427, 0.3089, 0.2097, 0.0147, 0.0397]",MaxMin,c=0.75,OK,"[0.5213, 0.3057, 0.1717, 0.0, 0.0013]",0.10969766613262961,0.09760817968268629,,,,reward missing
dirichlet_19,"[0.427, 0.3089, 0.2097, 0.0147, 0.0397]",MaxMin,c=0.9,OK,"[0.4642, 0.3002, 0.2004, 0.0052, 0.0301]",0.0415179284186315,0.03705216017698088,,,,reward missing
dirichlet_19,"[0.427, 0.3089, 0.2097, 0.0147, 0.0397]",MaxMin,c=1.0,OK,"[0.427, 0.3089, 0.2097, 0.0147, 0.0397]",1.3619512758127423e-16,1.5899860095168734e-16,,,,reward missing
dirichlet_19,"[0.427, 0.3089, 0.2097, 0.0147, 0.0397]",Fair,"alpha=0.0,eps=0.02",OK,"[0.519, 0.2845, 0.1836, 0.0, 0.0128]",0.10332021889847745,0.09227220835874704,,,,reward missing
dirichlet_19,"[0.427, 0.3089, 0.2097, 0.0147, 0.0397]",Fair,"alpha=0.0,eps=0.05",OK,"[0.6062, 0.2483, 0.1455, 0.0, 0.0]",0.20416956930192123,0.18275389273221243,,,,reward missing
dirichlet_19,"[0.427, 0.3089, 0.2097, 0.0147, 0.0397]",Fair,"alpha=0.0,eps=0.1",OK,"[0.7291, 0.188, 0.0829, 0.0, 0.0]",0.35179106607616145,0.3156617996717064,,,,reward missing
dirichlet_19,"[0.427, 0.3089, 0.2097, 0.0147, 0.0397]",Fair,"alpha=1.0,eps=0.02",OK,"[0.428, 0.3082, 0.2096, 0.0153, 0.039]",0.0014442347310133937,0.0013015251459155364,,,,reward missing
dirichlet_19,"[0.427, 0.3089, 0.2097, 0.0147, 0.0397]",Fair,"alpha=1.0,eps=0.05",OK,"[0.4294, 0.3072, 0.2093, 0.0161, 0.0381]",0.003610586524182692,0.0032538125778344335,,,,reward missing
dirichlet_19,"[0.427, 0.3089, 0.2097, 0.0147, 0.0397]",Fair,"alpha=1.0,eps=0.1",OK,"[0.4317, 0.3055, 0.2089, 0.0175, 0.0364]",0.00722117365209811,0.006507625725900373,,,,reward missing
dirichlet_19,"[0.427, 0.3089, 0.2097, 0.0147, 0.0397]",Fair,"alpha=2.0,eps=0.02",OK,"[0.4275, 0.3085, 0.2096, 0.015, 0.0394]",0.0007207129027650385,0.0006495382505404909,,,,reward missing
dirichlet_19,"[0.427, 0.3089, 0.2097, 0.0147, 0.0397]",Fair,"alpha=2.0,eps=0.05",OK,"[0.4282, 0.308, 0.2095, 0.0154, 0.0389]",0.0018017821918804519,0.0016238455682311445,,,,reward missing
dirichlet_19,"[0.427, 0.3089, 0.2097, 0.0147, 0.0397]",Fair,"alpha=2.0,eps=0.1",OK,"[0.4293, 0.3072, 0.2093, 0.0161, 0.0381]",0.0036035642026769977,0.0032476909795415405,,,,reward missing
dirichlet_20,"[0.4964, 0.1818, 0.0179, 0.1165, 0.1873]",Avg,rho=0.5,OK,"[0.756, 0.1126, 0.0, 0.0, 0.1314]",0.2987149022644833,0.26653307289336214,,,,reward missing
dirichlet_20,"[0.4964, 0.1818, 0.0179, 0.1165, 0.1873]",Cert,,FLOOR_COLLAPSED,"[0.4964, 0.1818, 0.0179, 0.1165, 0.1873]",6.947562107041945e-17,8.389613305710331e-17,,,,"certificate: lambda = p, Delta = 0 by construction"
dirichlet_20,"[0.4964, 0.1818, 0.0179, 0.1165, 0.1873]",MaxMin,c=0.0,INFEASIBLE_BALL_MISSES_SIMPLEX,,,,,,,INFEASIBLE_BALL_MISSES_SIMPLEX
dirichlet_20,"[0.4964, 0.1818, 0.0179, 0.1165, 0.1873]",MaxMin,c=0.25,INFEASIBLE_BALL_MISSES_SIMPLEX,,,,,,,INFEASIBLE_BALL_MISSES_SIMPLEX
dirichlet_20,"[0.4964, 0.1818, 0.0179, 0.1165, 0.1873]",MaxMin,c=0.5,INFEASIBLE_BALL_MISSES_SIMPLEX,,,,,,,INFEASIBLE_BALL_MISSES_SIMPLEX
dirichlet_20,"[0.4964, 0.1818, 0.0179, 0.1165, 0.1873]",MaxMin,c=0.75,OK,"[0.569, 0.1647, 0.0, 0.0978, 0.1684]",0.08128183019782882,0.07253937753790726,,,,reward missing
dirichlet_20,"[0.4964, 0.1818, 0.0179, 0.1165, 0.1873]",MaxMin,c=0.9,OK,"[0.5248, 0.1752, 0.0108, 0.1092, 0.18]",0.03180463442190546,0.028383651445430296,,,,reward missing
dirichlet_20,"[0.4964, 0.1818, 0.0179, 0.1165, 0.1873]",MaxMin,c=1.0,OK,"[0.4964, 0.1818, 0.0179, 0.1165, 0.1873]",6.947562107041945e-17,8.389613305710331e-17,,,,reward missing
dirichlet_20,"[0.4964, 0.1818, 0.0179, 0.1165, 0.1873]",Fair,"alpha=0.0,eps=0.02",OK,"[0.592, 0.1574, 0.0, 0.0899, 0.1607]",0.10718337435004642,0.09566692616360961,,,,reward missing
dirichlet_20,"[0.4964, 0.1818, 0.0179, 0.1165, 0.1873]",Fair,"alpha=0.0,eps=0.05",OK,"[0.7074, 0.1203, 0.0, 0.0502, 0.122]",0.23944041638128205,0.21379746091054647,,,,reward missing
dirichlet_20,"[0.4964, 0.1818, 0.0179, 0.1165, 0.1873]",Fair,"alpha=0.0,eps=0.1",OK,"[0.8837, 0.0587, 0.0, 0.0, 0.0576]",0.44265915185921917,0.39545248054351406,,,,reward missing
dirichlet_20,"[0.4964, 0.1818, 0.0179, 0.1165, 0.1873]",Fair,"alpha=1.0,eps=0.02",OK,"[0.4973, 0.1811, 0.0178, 0.1171, 0.1867]",0.001444235710604848,0.0013015260356088216,,,,reward missing
dirichlet_20,"[0.4964, 0.1818, 0.0179, 0.1165, 0.1873]",Fair,"alpha=1.0,eps=0.05",OK,"[0.4987, 0.1801, 0.0175, 0.118, 0.1857]",0.0036105869008978466,0.00325381293250773,,,,reward missing
dirichlet_20,"[0.4964, 0.1818, 0.0179, 0.1165, 0.1873]",Fair,"alpha=1.0,eps=0.1",OK,"[0.501, 0.1784, 0.0171, 0.1194, 0.1841]",0.007221173780547666,0.006507625854486982,,,,reward missing
dirichlet_20,"[0.4964, 0.1818, 0.0179, 0.1165, 0.1873]",Fair,"alpha=2.0,eps=0.02",OK,"[0.4968, 0.1815, 0.0179, 0.1168, 0.187]",0.0007207129114686484,0.0006495382583123575,,,,reward missing
dirichlet_20,"[0.4964, 0.1818, 0.0179, 0.1165, 0.1873]",Fair,"alpha=2.0,eps=0.05",OK,"[0.4975, 0.181, 0.0177, 0.1173, 0.1865]",0.0018017821645152452,0.0016238455472943967,,,,reward missing
dirichlet_20,"[0.4964, 0.1818, 0.0179, 0.1165, 0.1873]",Fair,"alpha=2.0,eps=0.1",OK,"[0.4987, 0.1801, 0.0175, 0.118, 0.1857]",0.0036035643730514483,0.0032476911254318134,,,,reward missing
dirichlet_21,"[0.6328, 0.1529, 0.1015, 0.0932, 0.0196]",Avg,rho=0.5,OK,"[0.9841, 0.0159, 0.0, 0.0, 0.0]",0.4020136479135641,0.3602668605084429,,,,reward missing
dirichlet_21,"[0.6328, 0.1529, 0.1015, 0.0932, 0.0196]",Cert,,FLOOR_COLLAPSED,"[0.6328, 0.1529, 0.1015, 0.0932, 0.0196]",1.1616172636829685e-16,1.2820299739555387e-16,,,,"certificate: lambda = p, Delta = 0 by construction"
dirichlet_21,"[0.6328, 0.1529, 0.1015, 0.0932, 0.0196]",MaxMin,c=0.0,INFEASIBLE_BALL_MISSES_SIMPLEX,,,,,,,INFEASIBLE_BALL_MISSES_SIMPLEX
dirichlet_21,"[0.6328, 0.1529, 0.1015, 0.0932, 0.0196]",MaxMin,c=0.25,INFEASIBLE_BALL_MISSES_SIMPLEX,,,,,,,INFEASIBLE_BALL_MISSES_SIMPLEX
dirichlet_21,"[0.6328, 0.1529, 0.1015, 0.0932, 0.0196]",MaxMin,c=0.5,OK,"[0.8322, 0.0955, 0.0415, 0.0308, 0.0]",0.22575240077234512,0.20185503356145817,,,,reward missing
dirichlet_21,"[0.6328, 0.1529, 0.1015, 0.0932, 0.0196]",MaxMin,c=0.75,OK,"[0.7245, 0.1301, 0.0772, 0.0683, 0.0]",0.1025816287519711,0.09158813239570099,,,,reward missing
dirichlet_21,"[0.6328, 0.1529, 0.1015, 0.0932, 0.0196]",MaxMin,c=0.9,OK,"[0.6689, 0.1444, 0.0924, 0.084, 0.0103]",0.04040607790239503,0.0360599029765478,,,,reward missing
dirichlet_21,"[0.6328, 0.1529, 0.1015, 0.0932, 0.0196]",MaxMin,c=1.0,OK,"[0.6328, 0.1529, 0.1015, 0.0932, 0.0196]",1.1616172636829685e-16,1.2820299739555387e-16,,,,reward missing
dirichlet_21,"[0.6328, 0.1529, 0.1015, 0.0932, 0.0196]",Fair,"alpha=0.0,eps=0.02",OK,"[0.7292, 0.1285, 0.0756, 0.0666, 0.0]",0.10795539958919853,0.09639715188678893,,,,reward missing
dirichlet_21,"[0.6328, 0.1529, 0.1015, 0.0932, 0.0196]",Fair,"alpha=0.0,eps=0.05",OK,"[0.8426, 0.0922, 0.038, 0.0272, 0.0]",0.23767079237917632,0.21252672645563903,,,,reward missing
dirichlet_21,"[0.6328, 0.1529, 0.1015, 0.0932, 0.0196]",Fair,"alpha=0.0,eps=0.1",OK,"[0.9686, 0.0314, 0.0, 0.0, 0.0]",0.38325936739598004,0.34329181922190305,,,,reward missing
dirichlet_21,"[0.6328, 0.1529, 0.1015, 0.0932, 0.0196]",Fair,"alpha=1.0,eps=0.02",OK,"[0.6337, 0.1522, 0.1013, 0.0938, 0.019]",0.0014442347095882224,0.0013015251265995876,,,,reward missing
dirichlet_21,"[0.6328, 0.1529, 0.1015, 0.0932, 0.0196]",Fair,"alpha=1.0,eps=0.05",OK,"[0.6351, 0.1512, 0.1011, 0.0947, 0.018]",0.003610586960121657,0.003253812983497624,,,,reward missing
dirichlet_21,"[0.6328, 0.1529, 0.1015, 0.0932, 0.0196]",Fair,"alpha=1.0,eps=0.1",OK,"[0.6374, 0.1495, 0.1007, 0.0961, 0.0164]",0.007221173550012701,0.006507625631477063,,,,reward missing
dirichlet_21,"[0.6328, 0.1529, 0.1015, 0.0932, 0.0196]",Fair,"alpha=2.0,eps=0.02",OK,"[0.6332, 0.1525, 0.1014, 0.0935, 0.0193]",0.0007207128757309154,0.0006495382263111051,,,,reward missing
dirichlet_21,"[0.6328, 0.1529, 0.1015, 0.0932, 0.0196]",Fair,"alpha=2.0,eps=0.05",OK,"[0.6339, 0.152, 0.1013, 0.094, 0.0188]",0.00180178224303038,0.0016238456149747697,,,,reward missing
dirichlet_21,"[0.6328, 0.1529, 0.1015, 0.0932, 0.0196]",Fair,"alpha=2.0,eps=0.1",OK,"[0.6351, 0.1512, 0.1011, 0.0947, 0.018]",0.0036035648658415183,0.0032476915639456814,,,,reward missing
dirichlet_22,"[0.0797, 0.0137, 0.3773, 0.1301, 0.3993]",Avg,rho=0.5,OK,"[0.0, 0.0, 0.4787, 0.0, 0.5213]",0.22054106308246574,0.19625189626563724,,,,reward missing
dirichlet_22,"[0.0797, 0.0137, 0.3773, 0.1301, 0.3993]",Cert,,FLOOR_COLLAPSED,"[0.0797, 0.0137, 0.3773, 0.1301, 0.3993]",0.0,0.0,,,,"certificate: lambda = p, Delta = 0 by construction"
dirichlet_22,"[0.0797, 0.0137, 0.3773, 0.1301, 0.3993]",MaxMin,c=0.0,INFEASIBLE_BALL_MISSES_SIMPLEX,,,,,,,INFEASIBLE_BALL_MISSES_SIMPLEX
dirichlet_22,"[0.0797, 0.0137, 0.3773, 0.1301, 0.3993]",MaxMin,c=0.25,INFEASIBLE_BALL_MISSES_SIMPLEX,,,,,,,INFEASIBLE_BALL_MISSES_SIMPLEX
dirichlet_22,"[0.0797, 0.0137, 0.3773, 0.1301, 0.3993]",MaxMin,c=0.5,INFEASIBLE_BALL_MISSES_SIMPLEX,,,,,,,INFEASIBLE_BALL_MISSES_SIMPLEX
dirichlet_22,"[0.0797, 0.0137, 0.3773, 0.1301, 0.3993]",MaxMin,c=0.75,OK,"[0.0415, 0.0, 0.4121, 0.0922, 0.4542]",0.0854731632063057,0.0759976669750443,,,,reward missing
dirichlet_22,"[0.0797, 0.0137, 0.3773, 0.1301, 0.3993]",MaxMin,c=0.9,OK,"[0.0691, 0.0033, 0.3854, 0.1196, 0.4226]",0.03067954310375792,0.027373251696098076,,,,reward missing
dirichlet_22,"[0.0797, 0.0137, 0.3773, 0.1301, 0.3993]",MaxMin,c=1.0,OK,"[0.0797, 0.0137, 0.3773, 0.1301, 0.3993]",0.0,0.0,,,,reward missing
dirichlet_22,"[0.0797, 0.0137, 0.3773, 0.1301, 0.3993]",Fair,"alpha=0.0,eps=0.02",OK,"[0.1725, 0.0, 0.3512, 0.1037, 0.3726]",0.10431245931117016,0.09296491828032212,,,,reward missing
dirichlet_22,"[0.0797, 0.0137, 0.3773, 0.1301, 0.3993]",Fair,"alpha=0.0,eps=0.05",OK,"[0.2897, 0.0, 0.3122, 0.0649, 0.3332]",0.23906992553411835,0.21283977852546646,,,,reward missing
dirichlet_22,"[0.0797, 0.0137, 0.3773, 0.1301, 0.3993]",Fair,"alpha=0.0,eps=0.1",OK,"[0.4852, 0.0, 0.2472, 0.0001, 0.2675]",0.4644888977873348,0.413390792402541,,,,reward missing
dirichlet_22,"[0.0797, 0.0137, 0.3773, 0.1301, 0.3993]",Fair,"alpha=1.0,eps=0.02",OK,"[0.0806, 0.013, 0.3771, 0.1307, 0.3986]",0.0014442347162307815,0.0013015251324706041,,,,reward missing
dirichlet_22,"[0.0797, 0.0137, 0.3773, 0.1301, 0.3993]",Fair,"alpha=1.0,eps=0.05",OK,"[0.082, 0.012, 0.3768, 0.1315, 0.3977]",0.003610586154145648,0.003253812258293991,,,,reward missing
dirichlet_22,"[0.0797, 0.0137, 0.3773, 0.1301, 0.3993]",Fair,"alpha=1.0,eps=0.1",OK,"[0.0843, 0.0103, 0.3764, 0.1329, 0.3961]",0.0072211737835042545,0.006507625847537839,,,,reward missing
dirichlet_22,"[0.0797, 0.0137, 0.3773, 0.1301, 0.3993]",Fair,"alpha=2.0,eps=0.02",OK,"[0.0802, 0.0133, 0.3772, 0.1304, 0.399]",0.0007207128780991437,0.000649538228521441,,,,reward missing
dirichlet_22,"[0.0797, 0.0137, 0.3773, 0.1301, 0.3993]",Fair,"alpha=2.0,eps=0.05",OK,"[0.0809, 0.0128, 0.3771, 0.1308, 0.3985]",0.0018017822243070656,0.0016238455955850265,,,,reward missing
dirichlet_22,"[0.0797, 0.0137, 0.3773, 0.1301, 0.3993]",Fair,"alpha=2.0,eps=0.1",OK,"[0.082, 0.012, 0.3769, 0.1315, 0.3977]",0.003603562606481225,0.0032476895448197854,,,,reward missing
dirichlet_23,"[0.3349, 0.4456, 0.129, 0.0674, 0.0231]",Avg,rho=0.5,OK,"[0.393, 0.607, 0.0, 0.0, 0.0]",0.22614679282508993,0.20312289573443854,,,,reward missing
dirichlet_23,"[0.3349, 0.4456, 0.129, 0.0674, 0.0231]",Cert,,FLOOR_COLLAPSED,"[0.3349, 0.4456, 0.129, 0.0674, 0.0231]",1.27993912314e-16,1.4728462154175168e-16,,,,"certificate: lambda = p, Delta = 0 by construction"
dirichlet_23,"[0.3349, 0.4456, 0.129, 0.0674, 0.0231]",MaxMin,c=0.0,INFEASIBLE_BALL_MISSES_SIMPLEX,,,,,,,INFEASIBLE_BALL_MISSES_SIMPLEX
dirichlet_23,"[0.3349, 0.4456, 0.129, 0.0674, 0.0231]",MaxMin,c=0.25,INFEASIBLE_BALL_MISSES_SIMPLEX,,,,,,,INFEASIBLE_BALL_MISSES_SIMPLEX
dirichlet_23,"[0.3349, 0.4456, 0.129, 0.0674, 0.0231]",MaxMin,c=0.5,INFEASIBLE_BALL_MISSES_SIMPLEX,,,,,,,INFEASIBLE_BALL_MISSES_SIMPLEX
dirichlet_23,"[0.3349, 0.4456, 0.129, 0.0674, 0.0231]",MaxMin,c=0.75,OK,"[0.33, 0.527, 0.1012, 0.0419, 0.0]",0.09276796986454076,0.08397096346667346,,,,reward missing
dirichlet_23,"[0.3349, 0.4456, 0.129, 0.0674, 0.0231]",MaxMin,c=0.9,OK,"[0.3262, 0.4816, 0.1193, 0.0588, 0.014]",0.04027745189609099,0.03653900944742796,,,,reward missing
dirichlet_23,"[0.3349, 0.4456, 0.129, 0.0674, 0.0231]",MaxMin,c=1.0,OK,"[0.3349, 0.4456, 0.129, 0.0674, 0.0231]",1.27993912314e-16,1.4728462154175168e-16,,,,reward missing
dirichlet_23,"[0.3349, 0.4456, 0.129, 0.0674, 0.0231]",Fair,"alpha=0.0,eps=0.02",OK,"[0.4351, 0.4212, 0.103, 0.0407, 0.0]",0.11198053837825066,0.09996238846053658,,,,reward missing
dirichlet_23,"[0.3349, 0.4456, 0.129, 0.0674, 0.0231]",Fair,"alpha=0.0,eps=0.05",OK,"[0.5485, 0.3849, 0.0654, 0.0013, 0.0]",0.24130131589957887,0.21572780379122122,,,,reward missing
dirichlet_23,"[0.3349, 0.4456, 0.129, 0.0674, 0.0231]",Fair,"alpha=0.0,eps=0.1",OK,"[0.6727, 0.3246, 0.0028, 0.0, 0.0]",0.3869224436360978,0.3468130517738681,,,,reward missing
dirichlet_23,"[0.3349, 0.4456, 0.129, 0.0674, 0.0231]",Fair,"alpha=1.0,eps=0.02",OK,"[0.3359, 0.4449, 0.1288, 0.068, 0.0224]",0.001444234635567472,0.0013015250582168337,,,,reward missing
dirichlet_23,"[0.3349, 0.4456, 0.129, 0.0674, 0.0231]",Fair,"alpha=1.0,eps=0.05",OK,"[0.3373, 0.4439, 0.1286, 0.0688, 0.0215]",0.0036105867716152034,0.0032538128152952285,,,,reward missing
dirichlet_23,"[0.3349, 0.4456, 0.129, 0.0674, 0.0231]",Fair,"alpha=1.0,eps=0.1",OK,"[0.3396, 0.4422, 0.1282, 0.0702, 0.0199]",0.007221173709501688,0.006507625778532737,,,,reward missing
dirichlet_23,"[0.3349, 0.4456, 0.129, 0.0674, 0.0231]",Fair,"alpha=2.0,eps=0.02",OK,"[0.3354, 0.4453, 0.1289, 0.0677, 0.0228]",0.000720712875623858,0.0006495382262898123,,,,reward missing
dirichlet_23,"[0.3349, 0.4456, 0.129, 0.0674, 0.0231]",Fair,"alpha=2.0,eps=0.05",OK,"[0.3361, 0.4447, 0.1288, 0.0681, 0.0223]",0.0018017822132277467,0.0016238455861116293,,,,reward missing
dirichlet_23,"[0.3349, 0.4456, 0.129, 0.0674, 0.0231]",Fair,"alpha=2.0,eps=0.1",OK,"[0.3372, 0.4439, 0.1286, 0.0688, 0.0215]",0.0036035643883708906,0.0032476911402993846,,,,reward missing
dirichlet_24,"[0.2836, 0.2593, 0.4086, 0.042, 0.0065]",Avg,rho=0.5,OK,"[0.267, 0.2136, 0.5194, 0.0, 0.0]",0.1283223916066955,0.11500533766013223,,,,reward missing
dirichlet_24,"[0.2836, 0.2593, 0.4086, 0.042, 0.0065]",Cert,,FLOOR_COLLAPSED,"[0.2836, 0.2593, 0.4086, 0.042, 0.0065]",9.640209695879514e-17,1.153754645711566e-16,,,,"certificate: lambda = p, Delta = 0 by construction"
dirichlet_24,"[0.2836, 0.2593, 0.4086, 0.042, 0.0065]",MaxMin,c=0.0,INFEASIBLE_BALL_MISSES_SIMPLEX,,,,,,,INFEASIBLE_BALL_MISSES_SIMPLEX
dirichlet_24,"[0.2836, 0.2593, 0.4086, 0.042, 0.0065]",MaxMin,c=0.25,INFEASIBLE_BALL_MISSES_SIMPLEX,,,,,,,INFEASIBLE_BALL_MISSES_SIMPLEX
dirichlet_24,"[0.2836, 0.2593, 0.4086, 0.042, 0.0065]",MaxMin,c=0.5,INFEASIBLE_BALL_MISSES_SIMPLEX,,,,,,,INFEASIBLE_BALL_MISSES_SIMPLEX
dirichlet_24,"[0.2836, 0.2593, 0.4086, 0.042, 0.0065]",MaxMin,c=0.75,INFEASIBLE_BALL_MISSES_SIMPLEX,,,,,,,INFEASIBLE_BALL_MISSES_SIMPLEX
dirichlet_24,"[0.2836, 0.2593, 0.4086, 0.042, 0.0065]",MaxMin,c=0.9,OK,"[0.2713, 0.2467, 0.4524, 0.0296, 0.0]",0.04930527913695791,0.04433082248114585,,,,reward missing
dirichlet_24,"[0.2836, 0.2593, 0.4086, 0.042, 0.0065]",MaxMin,c=1.0,OK,"[0.2836, 0.2593, 0.4086, 0.042, 0.0065]",9.640209695879514e-17,1.153754645711566e-16,,,,reward missing
dirichlet_24,"[0.2836, 0.2593, 0.4086, 0.042, 0.0065]",Fair,"alpha=0.0,eps=0.02",OK,"[0.3661, 0.235, 0.3832, 0.0156, 0.0]",0.0937036583082975,0.08380822670975681,,,,reward missing
dirichlet_24,"[0.2836, 0.2593, 0.4086, 0.042, 0.0065]",Fair,"alpha=0.0,eps=0.05",OK,"[0.4556, 0.1988, 0.3457, 0.0, 0.0]",0.19750422446081575,0.17701952187809947,,,,reward missing
dirichlet_24,"[0.2836, 0.2593, 0.4086, 0.042, 0.0065]",Fair,"alpha=0.0,eps=0.1",OK,"[0.5785, 0.1385, 0.283, 0.0, 0.0]",0.34516963832001235,0.310028590884405,,,,reward missing
dirichlet_24,"[0.2836, 0.2593, 0.4086, 0.042, 0.0065]",Fair,"alpha=1.0,eps=0.02",OK,"[0.2845, 0.2586, 0.4084, 0.0426, 0.0059]",0.0014442342808409384,0.001301524719733787,,,,reward missing
dirichlet_24,"[0.2836, 0.2593, 0.4086, 0.042, 0.0065]",Fair,"alpha=1.0,eps=0.05",OK,"[0.2859, 0.2576, 0.4082, 0.0434, 0.0049]",0.0036105869751955387,0.003253812992421768,,,,reward missing
dirichlet_24,"[0.2836, 0.2593, 0.4086, 0.042, 0.0065]",Fair,"alpha=1.0,eps=0.1",OK,"[0.2882, 0.2559, 0.4077, 0.0449, 0.0033]",0.007221173726177151,0.00650762579167138,,,,reward missing
dirichlet_24,"[0.2836, 0.2593, 0.4086, 0.042, 0.0065]",Fair,"alpha=2.0,eps=0.02",OK,"[0.284, 0.259, 0.4085, 0.0423, 0.0062]",0.0007207130091974114,0.0006495383453251948,,,,reward missing
dirichlet_24,"[0.2836, 0.2593, 0.4086, 0.042, 0.0065]",Fair,"alpha=2.0,eps=0.05",OK,"[0.2847, 0.2585, 0.4084, 0.0427, 0.0057]",0.0018017821911904144,0.0016238455675262986,,,,reward missing
dirichlet_24,"[0.2836, 0.2593, 0.4086, 0.042, 0.0065]",Fair,"alpha=2.0,eps=0.1",OK,"[0.2859, 0.2576, 0.4082, 0.0434, 0.0049]",0.0036035648235697706,0.003247691531986587,,,,reward missing
dirichlet_25,"[0.1522, 0.5476, 0.2474, 0.0058, 0.047]",Avg,rho=0.5,OK,"[0.008, 0.7941, 0.198, 0.0, 0.0]",0.2937140909027289,0.2662011835406771,,,,reward missing
dirichlet_25,"[0.1522, 0.5476, 0.2474, 0.0058, 0.047]",Cert,,FLOOR_COLLAPSED,"[0.1522, 0.5476, 0.2474, 0.0058, 0.047]",1.2794982158516685e-16,1.465813625916671e-16,,,,"certificate: lambda = p, Delta = 0 by construction"
dirichlet_25,"[0.1522, 0.5476, 0.2474, 0.0058, 0.047]",MaxMin,c=0.0,INFEASIBLE_BALL_MISSES_SIMPLEX,,,,,,,INFEASIBLE_BALL_MISSES_SIMPLEX
dirichlet_25,"[0.1522, 0.5476, 0.2474, 0.0058, 0.047]",MaxMin,c=0.25,INFEASIBLE_BALL_MISSES_SIMPLEX,,,,,,,INFEASIBLE_BALL_MISSES_SIMPLEX
dirichlet_25,"[0.1522, 0.5476, 0.2474, 0.0058, 0.047]",MaxMin,c=0.5,INFEASIBLE_BALL_MISSES_SIMPLEX,,,,,,,INFEASIBLE_BALL_MISSES_SIMPLEX
dirichlet_25,"[0.1522, 0.5476, 0.2474, 0.0058, 0.047]",MaxMin,c=0.75,OK,"[0.1206, 0.652, 0.213, 0.0, 0.0144]",0.11904803991390876,0.10771193847408529,,,,reward missing
dirichlet_25,"[0.1522, 0.5476, 0.2474, 0.0058, 0.047]",MaxMin,c=0.9,OK,"[0.1421, 0.5851, 0.2363, 0.0, 0.0365]",0.04218397340119965,0.038226135312157405,,,,reward missing
dirichlet_25,"[0.1522, 0.5476, 0.2474, 0.0058, 0.047]",MaxMin,c=1.0,OK,"[0.1522, 0.5476, 0.2474, 0.0058, 0.047]",1.2794982158516685e-16,1.465813625916671e-16,,,,reward missing
dirichlet_25,"[0.1522, 0.5476, 0.2474, 0.0058, 0.047]",Fair,"alpha=0.0,eps=0.02",OK,"[0.2352, 0.5233, 0.2213, 0.0, 0.0202]",0.09440427748463574,0.0843694776212406,,,,reward missing
dirichlet_25,"[0.1522, 0.5476, 0.2474, 0.0058, 0.047]",Fair,"alpha=0.0,eps=0.05",OK,"[0.3301, 0.487, 0.1829, 0.0, 0.0]",0.20423699134756748,0.18280089158336393,,,,reward missing
dirichlet_25,"[0.1522, 0.5476, 0.2474, 0.0058, 0.047]",Fair,"alpha=0.0,eps=0.1",OK,"[0.453, 0.4267, 0.1202, 0.0, 0.0]",0.3514306330796238,0.3153100580039532,,,,reward missing
dirichlet_25,"[0.1522, 0.5476, 0.2474, 0.0058, 0.047]",Fair,"alpha=1.0,eps=0.02",OK,"[0.1532, 0.5469, 0.2472, 0.0064, 0.0463]",0.001444234714673277,0.0013015251305746453,,,,reward missing
dirichlet_25,"[0.1522, 0.5476, 0.2474, 0.0058, 0.047]",Fair,"alpha=1.0,eps=0.05",OK,"[0.1545, 0.5459, 0.247, 0.0072, 0.0454]",0.003610587086524229,0.0032538131009696835,,,,reward missing
dirichlet_25,"[0.1522, 0.5476, 0.2474, 0.0058, 0.047]",Fair,"alpha=1.0,eps=0.1",OK,"[0.1569, 0.5442, 0.2466, 0.0086, 0.0437]",0.00722117372679874,0.00650762579427504,,,,reward missing
dirichlet_25,"[0.1522, 0.5476, 0.2474, 0.0058, 0.047]",Fair,"alpha=2.0,eps=0.02",OK,"[0.1527, 0.5472, 0.2473, 0.0061, 0.0467]",0.0007207129482535972,0.0006495382914488016,,,,reward missing
dirichlet_25,"[0.1522, 0.5476, 0.2474, 0.0058, 0.047]",Fair,"alpha=2.0,eps=0.05",OK,"[0.1534, 0.5467, 0.2472, 0.0065, 0.0462]",0.0018017821761390589,0.0016238455541202313,,,,reward missing
dirichlet_25,"[0.1522, 0.5476, 0.2474, 0.0058, 0.047]",Fair,"alpha=2.0,eps=0.1",OK,"[0.1545, 0.5459, 0.247, 0.0072, 0.0454]",0.0036035644487752336,0.003247691194240735,,,,reward missing
dirichlet_26,"[0.0301, 0.013, 0.3464, 0.2375, 0.373]",Avg,rho=0.5,OK,"[0.0, 0.0, 0.385, 0.1785, 0.4365]",0.10044025264890855,0.08940935968211709,,,,reward missing
dirichlet_26,"[0.0301, 0.013, 0.3464, 0.2375, 0.373]",Cert,,FLOOR_COLLAPSED,"[0.0301, 0.013, 0.3464, 0.2375, 0.373]",0.0,0.0,,,,"certificate: lambda = p, Delta = 0 by construction"
dirichlet_26,"[0.0301, 0.013, 0.3464, 0.2375, 0.373]",MaxMin,c=0.0,INFEASIBLE_BALL_MISSES_SIMPLEX,,,,,,,INFEASIBLE_BALL_MISSES_SIMPLEX
dirichlet_26,"[0.0301, 0.013, 0.3464, 0.2375, 0.373]",MaxMin,c=0.25,INFEASIBLE_BALL_MISSES_SIMPLEX,,,,,,,INFEASIBLE_BALL_MISSES_SIMPLEX
dirichlet_26,"[0.0301, 0.013, 0.3464, 0.2375, 0.373]",MaxMin,c=0.5,INFEASIBLE_BALL_MISSES_SIMPLEX,,,,,,,INFEASIBLE_BALL_MISSES_SIMPLEX
dirichlet_26,"[0.0301, 0.013, 0.3464, 0.2375, 0.373]",MaxMin,c=0.75,INFEASIBLE_BALL_MISSES_SIMPLEX,,,,,,,INFEASIBLE_BALL_MISSES_SIMPLEX
dirichlet_26,"[0.0301, 0.013, 0.3464, 0.2375, 0.373]",MaxMin,c=0.9,OK,"[0.018, 0.0013, 0.3547, 0.2256, 0.4004]",0.03526022998368807,0.031486287867140896,,,,reward missing
dirichlet_26,"[0.0301, 0.013, 0.3464, 0.2375, 0.373]",MaxMin,c=1.0,OK,"[0.0301, 0.013, 0.3464, 0.2375, 0.373]",0.0,0.0,,,,reward missing
dirichlet_26,"[0.0301, 0.013, 0.3464, 0.2375, 0.373]",Fair,"alpha=0.0,eps=0.02",OK,"[0.1222, 0.0, 0.3203, 0.2112, 0.3464]",0.10357800854550184,0.09230231778419931,,,,reward missing
dirichlet_26,"[0.0301, 0.013, 0.3464, 0.2375, 0.373]",Fair,"alpha=0.0,eps=0.05",OK,"[0.2394, 0.0, 0.2813, 0.1723, 0.307]",0.23839080104704927,0.2122281892292043,,,,reward missing
dirichlet_26,"[0.0301, 0.013, 0.3464, 0.2375, 0.373]",Fair,"alpha=0.0,eps=0.1",OK,"[0.4348, 0.0, 0.2164, 0.1076, 0.2412]",0.46383157607809217,0.41279934447144295,,,,reward missing
dirichlet_26,"[0.0301, 0.013, 0.3464, 0.2375, 0.373]",Fair,"alpha=1.0,eps=0.02",OK,"[0.031, 0.0123, 0.3462, 0.2381, 0.3724]",0.0014442347221324385,0.0013015251392520957,,,,reward missing
dirichlet_26,"[0.0301, 0.013, 0.3464, 0.2375, 0.373]",Fair,"alpha=1.0,eps=0.05",OK,"[0.0324, 0.0113, 0.346, 0.2389, 0.3714]",0.003610586859202024,0.0032538128913624054,,,,reward missing
dirichlet_26,"[0.0301, 0.013, 0.3464, 0.2375, 0.373]",Fair,"alpha=1.0,eps=0.1",OK,"[0.0347, 0.0096, 0.3455, 0.2403, 0.3698]",0.007221173758556129,0.006507625822543295,,,,reward missing
dirichlet_26,"[0.0301, 0.013, 0.3464, 0.2375, 0.373]",Fair,"alpha=2.0,eps=0.02",OK,"[0.0306, 0.0127, 0.3463, 0.2378, 0.3727]",0.0007207128844915365,0.0006495382341824231,,,,reward missing
dirichlet_26,"[0.0301, 0.013, 0.3464, 0.2375, 0.373]",Fair,"alpha=2.0,eps=0.05",OK,"[0.0313, 0.0121, 0.3462, 0.2382, 0.3722]",0.0018017821948662209,0.0016238455674079803,,,,reward missing
dirichlet_26,"[0.0301, 0.013, 0.3464, 0.2375, 0.373]",Fair,"alpha=2.0,eps=0.1",OK,"[0.0324, 0.0113, 0.346, 0.2389, 0.3714]",0.003603564213787858,0.0032476909856912514,,,,reward missing
dirichlet_27,"[0.1842, 0.0608, 0.1927, 0.053, 0.5093]",Avg,rho=0.5,OK,"[0.1189, 0.0, 0.125, 0.0, 0.7561]",0.2761825849801098,0.2505250476079282,,,,reward missing
dirichlet_27,"[0.1842, 0.0608, 0.1927, 0.053, 0.5093]",Cert,,FLOOR_COLLAPSED,"[0.1842, 0.0608, 0.1927, 0.053, 0.5093]",0.0,0.0,,,,"certificate: lambda = p, Delta = 0 by construction"
dirichlet_27,"[0.1842, 0.0608, 0.1927, 0.053, 0.5093]",MaxMin,c=0.0,INFEASIBLE_BALL_MISSES_SIMPLEX,,,,,,,INFEASIBLE_BALL_MISSES_SIMPLEX
dirichlet_27,"[0.1842, 0.0608, 0.1927, 0.053, 0.5093]",MaxMin,c=0.25,INFEASIBLE_BALL_MISSES_SIMPLEX,,,,,,,INFEASIBLE_BALL_MISSES_SIMPLEX
dirichlet_27,"[0.1842, 0.0608, 0.1927, 0.053, 0.5093]",MaxMin,c=0.5,OK,"[0.1433, 0.0223, 0.1585, 0.0132, 0.6627]",0.17155542735832816,0.15539187096711612,,,,reward missing
dirichlet_27,"[0.1842, 0.0608, 0.1927, 0.053, 0.5093]",MaxMin,c=0.75,OK,"[0.1649, 0.0426, 0.1765, 0.0342, 0.5818]",0.08105128129212763,0.07341481664674553,,,,reward missing
dirichlet_27,"[0.1842, 0.0608, 0.1927, 0.053, 0.5093]",MaxMin,c=0.9,OK,"[0.1766, 0.0536, 0.1863, 0.0456, 0.5378]",0.03190606768256626,0.028899951629287386,,,,reward missing
dirichlet_27,"[0.1842, 0.0608, 0.1927, 0.053, 0.5093]",MaxMin,c=1.0,OK,"[0.1842, 0.0608, 0.1927, 0.053, 0.5093]",0.0,0.0,,,,reward missing
dirichlet_27,"[0.1842, 0.0608, 0.1927, 0.053, 0.5093]",Fair,"alpha=0.0,eps=0.02",OK,"[0.2884, 0.0364, 0.1665, 0.0263, 0.4824]",0.11653812337110377,0.10400300251814021,,,,reward missing
dirichlet_27,"[0.1842, 0.0608, 0.1927, 0.053, 0.5093]",Fair,"alpha=0.0,eps=0.05",OK,"[0.4306, 0.0, 0.1273, 0.0, 0.442]",0.2757569722880777,0.24616725093013747,,,,reward missing
dirichlet_27,"[0.1842, 0.0608, 0.1927, 0.053, 0.5093]",Fair,"alpha=0.0,eps=0.1",OK,"[0.5608, 0.0, 0.0624, 0.0, 0.3768]",0.42761015652484435,0.38119249539121697,,,,reward missing
dirichlet_27,"[0.1842, 0.0608, 0.1927, 0.053, 0.5093]",Fair,"alpha=1.0,eps=0.02",OK,"[0.1851, 0.0601, 0.1925, 0.0536, 0.5086]",0.0014442347214505414,0.0013015251313544293,,,,reward missing
dirichlet_27,"[0.1842, 0.0608, 0.1927, 0.053, 0.5093]",Fair,"alpha=1.0,eps=0.05",OK,"[0.1865, 0.0591, 0.1923, 0.0545, 0.5077]",0.0036105868369119987,0.0032538128729008727,,,,reward missing
dirichlet_27,"[0.1842, 0.0608, 0.1927, 0.053, 0.5093]",Fair,"alpha=1.0,eps=0.1",OK,"[0.1888, 0.0574, 0.1919, 0.0559, 0.5061]",0.0072211736556682445,0.006507625730399384,,,,reward missing
dirichlet_27,"[0.1842, 0.0608, 0.1927, 0.053, 0.5093]",Fair,"alpha=2.0,eps=0.02",OK,"[0.1846, 0.0604, 0.1926, 0.0533, 0.509]",0.0007207125618868423,0.0006495379441564471,,,,reward missing
dirichlet_27,"[0.1842, 0.0608, 0.1927, 0.053, 0.5093]",Fair,"alpha=2.0,eps=0.05",OK,"[0.1853, 0.0599, 0.1925, 0.0537, 0.5085]",0.0018017820276710974,0.0016238454184484218,,,,reward missing
dirichlet_27,"[0.1842, 0.0608, 0.1927, 0.053, 0.5093]",Fair,"alpha=2.0,eps=0.1",OK,"[0.1865, 0.0591, 0.1923, 0.0545, 0.5077]",0.003603564354912998,0.00324769111010023,,,,reward missing
dirichlet_28,"[0.1627, 0.2461, 0.4983, 0.011, 0.0819]",Avg,rho=0.5,OK,"[0.0575, 0.2176, 0.7249, 0.0, 0.0]",0.2646476492285375,0.23954896192028777,,,,reward missing
dirichlet_28,"[0.1627, 0.2461, 0.4983, 0.011, 0.0819]",Cert,,FLOOR_COLLAPSED,"[0.1627, 0.2461, 0.4983, 0.011, 0.0819]",6.941061969544858e-17,8.3205202743066e-17,,,,"certificate: lambda = p, Delta = 0 by construction"
dirichlet_28,"[0.1627, 0.2461, 0.4983, 0.011, 0.0819]",MaxMin,c=0.0,INFEASIBLE_BALL_MISSES_SIMPLEX,,,,,,,INFEASIBLE_BALL_MISSES_SIMPLEX
dirichlet_28,"[0.1627, 0.2461, 0.4983, 0.011, 0.0819]",MaxMin,c=0.25,INFEASIBLE_BALL_MISSES_SIMPLEX,,,,,,,INFEASIBLE_BALL_MISSES_SIMPLEX
dirichlet_28,"[0.1627, 0.2461, 0.4983, 0.011, 0.0819]",MaxMin,c=0.5,INFEASIBLE_BALL_MISSES_SIMPLEX,,,,,,,INFEASIBLE_BALL_MISSES_SIMPLEX
dirichlet_28,"[0.1627, 0.2461, 0.4983, 0.011, 0.0819]",MaxMin,c=0.75,OK,"[0.135, 0.2179, 0.5895, 0.0, 0.0576]",0.10289550031301237,0.09283114771232505,,,,reward missing
dirichlet_28,"[0.1627, 0.2461, 0.4983, 0.011, 0.0819]",MaxMin,c=0.9,OK,"[0.1545, 0.2376, 0.5305, 0.0027, 0.0748]",0.035961532550986636,0.03240582769139661,,,,reward missing
dirichlet_28,"[0.1627, 0.2461, 0.4983, 0.011, 0.0819]",MaxMin,c=1.0,OK,"[0.1627, 0.2461, 0.4983, 0.011, 0.0819]",6.941061969544858e-17,8.3205202743066e-17,,,,reward missing
dirichlet_28,"[0.1627, 0.2461, 0.4983, 0.011, 0.0819]",Fair,"alpha=0.0,eps=0.02",OK,"[0.251, 0.2218, 0.4722, 0.0, 0.0551]",0.09954332605034993,0.0889232927979781,,,,reward missing
dirichlet_28,"[0.1627, 0.2461, 0.4983, 0.011, 0.0819]",Fair,"alpha=0.0,eps=0.05",OK,"[0.3667, 0.1854, 0.4329, 0.0, 0.015]",0.23269559210556742,0.20798769965203204,,,,reward missing
dirichlet_28,"[0.1627, 0.2461, 0.4983, 0.011, 0.0819]",Fair,"alpha=0.0,eps=0.1",OK,"[0.5052, 0.125, 0.3697, 0.0, 0.0]",0.39411663276928827,0.35292203537528105,,,,reward missing
dirichlet_28,"[0.1627, 0.2461, 0.4983, 0.011, 0.0819]",Fair,"alpha=1.0,eps=0.02",OK,"[0.1636, 0.2454, 0.4981, 0.0116, 0.0812]",0.001444234353945216,0.0013015248052057646,,,,reward missing
dirichlet_28,"[0.1627, 0.2461, 0.4983, 0.011, 0.0819]",Fair,"alpha=1.0,eps=0.05",OK,"[0.165, 0.2444, 0.4979, 0.0124, 0.0803]",0.00361058723462795,0.0032538132249972655,,,,reward missing
dirichlet_28,"[0.1627, 0.2461, 0.4983, 0.011, 0.0819]",Fair,"alpha=1.0,eps=0.1",OK,"[0.1674, 0.2427, 0.4975, 0.0139, 0.0786]",0.007221173679488989,0.006507625751488968,,,,reward missing
dirichlet_28,"[0.1627, 0.2461, 0.4983, 0.011, 0.0819]",Fair,"alpha=2.0,eps=0.02",OK,"[0.1632, 0.2457, 0.4982, 0.0113, 0.0815]",0.0007207127228198371,0.0006495380913933261,,,,reward missing
dirichlet_28,"[0.1627, 0.2461, 0.4983, 0.011, 0.0819]",Fair,"alpha=2.0,eps=0.05",OK,"[0.1639, 0.2452, 0.4981, 0.0117, 0.0811]",0.0018017821933197624,0.0016238455695961002,,,,reward missing
dirichlet_28,"[0.1627, 0.2461, 0.4983, 0.011, 0.0819]",Fair,"alpha=2.0,eps=0.1",OK,"[0.165, 0.2444, 0.4979, 0.0124, 0.0803]",0.003603564618206273,0.0032476913448916825,,,,reward missing
dirichlet_29,"[0.3381, 0.2432, 0.1225, 0.1646, 0.1316]",Avg,rho=0.5,OK,"[0.4836, 0.2807, 0.0439, 0.1338, 0.0581]",0.18729681659644337,0.16633733363070577,,,,reward missing
dirichlet_29,"[0.3381, 0.2432, 0.1225, 0.1646, 0.1316]",Cert,,FLOOR_COLLAPSED,"[0.3381, 0.2432, 0.1225, 0.1646, 0.1316]",7.473417450352271e-17,9.468280579684194e-17,,,,"certificate: lambda = p, Delta = 0 by construction"
dirichlet_29,"[0.3381, 0.2432, 0.1225, 0.1646, 0.1316]",MaxMin,c=0.0,OK_EXACT_D0,"[0.453, 0.2725, 0.0607, 0.1398, 0.074]",0.14772477788086966,0.1311962015158472,,,,reward missing
dirichlet_29,"[0.3381, 0.2432, 0.1225, 0.1646, 0.1316]",MaxMin,c=0.25,OK,"[0.4399, 0.2585, 0.083, 0.1266, 0.092]",0.12319090469952398,0.10951325384094336,,,,reward missing
dirichlet_29,"[0.3381, 0.2432, 0.1225, 0.1646, 0.1316]",MaxMin,c=0.5,OK,"[0.417, 0.2341, 0.0994, 0.1413, 0.1081]",0.08908133261603665,0.0793558073965451,,,,reward missing
dirichlet_29,"[0.3381, 0.2432, 0.1225, 0.1646, 0.1316]",MaxMin,c=0.75,OK,"[0.3779, 0.2339, 0.1125, 0.1543, 0.1214]",0.044501059295461554,0.03971441832152749,,,,reward missing
dirichlet_29,"[0.3381, 0.2432, 0.1225, 0.1646, 0.1316]",MaxMin,c=0.9,OK,"[0.3534, 0.2396, 0.1186, 0.1606, 0.1277]",0.017119904709701057,0.01527844658149737,,,,reward missing
dirichlet_29,"[0.3381, 0.2432, 0.1225, 0.1646, 0.1316]",MaxMin,c=1.0,OK,"[0.3381, 0.2432, 0.1225, 0.1646, 0.1316]",7.473417450352271e-17,9.468280579684194e-17,,,,reward missing
dirichlet_29,"[0.3381, 0.2432, 0.1225, 0.1646, 0.1316]",Fair,"alpha=0.0,eps=0.02",OK,"[0.4423, 0.2188, 0.0963, 0.1378, 0.1047]",0.11653812337110377,0.10400300251814018,,,,reward missing
dirichlet_29,"[0.3381, 0.2432, 0.1225, 0.1646, 0.1316]",Fair,"alpha=0.0,eps=0.05",OK,"[0.5987, 0.1823, 0.0571, 0.0977, 0.0643]",0.2913453084277595,0.2600075062953506,,,,reward missing
dirichlet_29,"[0.3381, 0.2432, 0.1225, 0.1646, 0.1316]",Fair,"alpha=0.0,eps=0.1",OK,"[0.8478, 0.1213, 0.0, 0.0309, 0.0]",0.5699121921683363,0.508637005323673,,,,reward missing
dirichlet_29,"[0.3381, 0.2432, 0.1225, 0.1646, 0.1316]",Fair,"alpha=1.0,eps=0.02",OK,"[0.3391, 0.2425, 0.1223, 0.1651, 0.131]",0.0014442347579218093,0.001301525172378159,,,,reward missing
dirichlet_29,"[0.3381, 0.2432, 0.1225, 0.1646, 0.1316]",Fair,"alpha=1.0,eps=0.05",OK,"[0.3404, 0.2415, 0.1221, 0.166, 0.13]",0.0036105868409053005,0.0032538128764079454,,,,reward missing
dirichlet_29,"[0.3381, 0.2432, 0.1225, 0.1646, 0.1316]",Fair,"alpha=1.0,eps=0.1",OK,"[0.3428, 0.2398, 0.1216, 0.1674, 0.1284]",0.007221173685196994,0.006507625754683007,,,,reward missing
dirichlet_29,"[0.3381, 0.2432, 0.1225, 0.1646, 0.1316]",Fair,"alpha=2.0,eps=0.02",OK,"[0.3386, 0.2429, 0.1224, 0.1648, 0.1313]",0.0007207128769717801,0.0006495382274732409,,,,reward missing
dirichlet_29,"[0.3381, 0.2432, 0.1225, 0.1646, 0.1316]",Fair,"alpha=2.0,eps=0.05",OK,"[0.3393, 0.2423, 0.1223, 0.1653, 0.1308]",0.001801782021675626,0.0016238454124306663,,,,reward missing
dirichlet_29,"[0.3381, 0.2432, 0.1225, 0.1646, 0.1316]",Fair,"alpha=2.0,eps=0.1",OK,"[0.3404, 0.2415, 0.1221, 0.166, 0.13]",0.003603564376590953,0.0032476911304023773,,,,reward missing
dirichlet_30,"[0.2062, 0.5462, 0.0861, 0.0533, 0.1082]",Avg,rho=0.5,OK,"[0.1652, 0.8348, 0.0, 0.0, 0.0]",0.327075938923231,0.29611647980492156,,,,reward missing
dirichlet_30,"[0.2062, 0.5462, 0.0861, 0.0533, 0.1082]",Cert,,FLOOR_COLLAPSED,"[0.2062, 0.5462, 0.0861, 0.0533, 0.1082]",2.3520701021126763e-16,2.6465206812845165e-16,,,,"certificate: lambda = p, Delta = 0 by construction"
dirichlet_30,"[0.2062, 0.5462, 0.0861, 0.0533, 0.1082]",MaxMin,c=0.0,INFEASIBLE_BALL_MISSES_SIMPLEX,,,,,,,INFEASIBLE_BALL_MISSES_SIMPLEX
dirichlet_30,"[0.2062, 0.5462, 0.0861, 0.0533, 0.1082]",MaxMin,c=0.25,OK,"[0.1763, 0.7912, 0.0032, 0.0, 0.0293]",0.27731305206317924,0.2509655242991634,,,,reward missing
dirichlet_30,"[0.2062, 0.5462, 0.0861, 0.0533, 0.1082]",MaxMin,c=0.5,OK,"[0.168, 0.7045, 0.0437, 0.0154, 0.0684]",0.17708529444467558,0.16064872384200002,,,,reward missing
dirichlet_30,"[0.2062, 0.5462, 0.0861, 0.0533, 0.1082]",MaxMin,c=0.75,OK,"[0.1877, 0.6229, 0.0656, 0.0349, 0.0889]",0.08585327783810782,0.07788461241570574,,,,reward missing
dirichlet_30,"[0.2062, 0.5462, 0.0861, 0.0533, 0.1082]",MaxMin,c=0.9,OK,"[0.1989, 0.5766, 0.078, 0.046, 0.1005]",0.03402043186700408,0.030862748830312276,,,,reward missing
dirichlet_30,"[0.2062, 0.5462, 0.0861, 0.0533, 0.1082]",MaxMin,c=1.0,OK,"[0.2062, 0.5462, 0.0861, 0.0533, 0.1082]",2.3520701021126763e-16,2.6465206812845165e-16,,,,reward missing
dirichlet_30,"[0.2062, 0.5462, 0.0861, 0.0533, 0.1082]",Fair,"alpha=0.0,eps=0.02",OK,"[0.3105, 0.5218, 0.06, 0.0265, 0.0812]",0.11653812337110381,0.10400300251814022,,,,reward missing
dirichlet_30,"[0.2062, 0.5462, 0.0861, 0.0533, 0.1082]",Fair,"alpha=0.0,eps=0.05",OK,"[0.453, 0.4853, 0.0208, 0.0, 0.0409]",0.27606636485679337,0.24644306066805632,,,,reward missing
dirichlet_30,"[0.2062, 0.5462, 0.0861, 0.0533, 0.1082]",Fair,"alpha=0.0,eps=0.1",OK,"[0.5757, 0.4243, 0.0, 0.0, 0.0]",0.4163281202817845,0.37224041121356993,,,,reward missing
dirichlet_30,"[0.2062, 0.5462, 0.0861, 0.0533, 0.1082]",Fair,"alpha=1.0,eps=0.02",OK,"[0.2072, 0.5455, 0.086, 0.0538, 0.1075]",0.001444234189076463,0.001301524656326574,,,,reward missing
dirichlet_30,"[0.2062, 0.5462, 0.0861, 0.0533, 0.1082]",Fair,"alpha=1.0,eps=0.05",OK,"[0.2086, 0.5445, 0.0857, 0.0547, 0.1066]",0.003610587074513353,0.0032538130834340808,,,,reward missing
dirichlet_30,"[0.2062, 0.5462, 0.0861, 0.0533, 0.1082]",Fair,"alpha=1.0,eps=0.1",OK,"[0.2109, 0.5428, 0.0853, 0.0561, 0.105]",0.007221173765406759,0.00650762582500536,,,,reward missing
dirichlet_30,"[0.2062, 0.5462, 0.0861, 0.0533, 0.1082]",Fair,"alpha=2.0,eps=0.02",OK,"[0.2067, 0.5458, 0.0861, 0.0535, 0.1079]",0.0007207128752610655,0.0006495382260191579,,,,reward missing
dirichlet_30,"[0.2062, 0.5462, 0.0861, 0.0533, 0.1082]",Fair,"alpha=2.0,eps=0.05",OK,"[0.2074, 0.5453, 0.0859, 0.054, 0.1074]",0.0018017821881087207,0.0016238455649391433,,,,reward missing
dirichlet_30,"[0.2062, 0.5462, 0.0861, 0.0533, 0.1082]",Fair,"alpha=2.0,eps=0.1",OK,"[0.2086, 0.5445, 0.0857, 0.0547, 0.1066]",0.003603564248598269,0.0032476910139729084,,,,reward missing
dirichlet_31,"[0.2857, 0.0382, 0.2997, 0.1487, 0.2276]",Avg,rho=0.5,OK,"[0.3475, 0.0, 0.3637, 0.0713, 0.2175]",0.12441137295672827,0.11113792275659383,,,,reward missing
dirichlet_31,"[0.2857, 0.0382, 0.2997, 0.1487, 0.2276]",Cert,,FLOOR_COLLAPSED,"[0.2857, 0.0382, 0.2997, 0.1487, 0.2276]",0.0,0.0,,,,"certificate: lambda = p, Delta = 0 by construction"
dirichlet_31,"[0.2857, 0.0382, 0.2997, 0.1487, 0.2276]",MaxMin,c=0.0,INFEASIBLE_BALL_MISSES_SIMPLEX,,,,,,,INFEASIBLE_BALL_MISSES_SIMPLEX
dirichlet_31,"[0.2857, 0.0382, 0.2997, 0.1487, 0.2276]",MaxMin,c=0.25,INFEASIBLE_BALL_MISSES_SIMPLEX,,,,,,,INFEASIBLE_BALL_MISSES_SIMPLEX
dirichlet_31,"[0.2857, 0.0382, 0.2997, 0.1487, 0.2276]",MaxMin,c=0.5,INFEASIBLE_BALL_MISSES_SIMPLEX,,,,,,,INFEASIBLE_BALL_MISSES_SIMPLEX
dirichlet_31,"[0.2857, 0.0382, 0.2997, 0.1487, 0.2276]",MaxMin,c=0.75,OK,"[0.321, 0.0145, 0.3356, 0.1241, 0.2047]",0.0650537918625185,0.05848827557380435,,,,reward missing
dirichlet_31,"[0.2857, 0.0382, 0.2997, 0.1487, 0.2276]",MaxMin,c=0.9,OK,"[0.2989, 0.0296, 0.3125, 0.1398, 0.2192]",0.02373341708328114,0.02133454133123784,,,,reward missing
dirichlet_31,"[0.2857, 0.0382, 0.2997, 0.1487, 0.2276]",MaxMin,c=1.0,OK,"[0.2857, 0.0382, 0.2997, 0.1487, 0.2276]",0.0,0.0,,,,reward missing
dirichlet_31,"[0.2857, 0.0382, 0.2997, 0.1487, 0.2276]",Fair,"alpha=0.0,eps=0.02",OK,"[0.3899, 0.0139, 0.2735, 0.122, 0.2006]",0.11653812337110377,0.1040030025181402,,,,reward missing
dirichlet_31,"[0.2857, 0.0382, 0.2997, 0.1487, 0.2276]",Fair,"alpha=0.0,eps=0.05",OK,"[0.522, 0.0, 0.2345, 0.0827, 0.1608]",0.2652997152287074,0.23648957466249926,,,,reward missing
dirichlet_31,"[0.2857, 0.0382, 0.2997, 0.1487, 0.2276]",Fair,"alpha=0.0,eps=0.1",OK,"[0.7175, 0.0, 0.1695, 0.0179, 0.0951]",0.4893588772867139,0.4357863533735186,,,,reward missing
dirichlet_31,"[0.2857, 0.0382, 0.2997, 0.1487, 0.2276]",Fair,"alpha=1.0,eps=0.02",OK,"[0.2867, 0.0376, 0.2995, 0.1493, 0.2269]",0.0014442341890763483,0.0013015246563264718,,,,reward missing
dirichlet_31,"[0.2857, 0.0382, 0.2997, 0.1487, 0.2276]",Fair,"alpha=1.0,eps=0.05",OK,"[0.288, 0.0365, 0.2993, 0.1502, 0.226]",0.0036105868505152306,0.0032538128858831416,,,,reward missing
dirichlet_31,"[0.2857, 0.0382, 0.2997, 0.1487, 0.2276]",Fair,"alpha=1.0,eps=0.1",OK,"[0.2904, 0.0348, 0.2989, 0.1516, 0.2243]",0.00722117368910098,0.006507625760751615,,,,reward missing
dirichlet_31,"[0.2857, 0.0382, 0.2997, 0.1487, 0.2276]",Fair,"alpha=2.0,eps=0.02",OK,"[0.2862, 0.0379, 0.2996, 0.149, 0.2273]",0.0007207128770676478,0.0006495382275356795,,,,reward missing
dirichlet_31,"[0.2857, 0.0382, 0.2997, 0.1487, 0.2276]",Fair,"alpha=2.0,eps=0.05",OK,"[0.2869, 0.0374, 0.2995, 0.1495, 0.2268]",0.001801782727848023,0.0016238460457028633,,,,reward missing
dirichlet_31,"[0.2857, 0.0382, 0.2997, 0.1487, 0.2276]",Fair,"alpha=2.0,eps=0.1",OK,"[0.288, 0.0365, 0.2993, 0.1502, 0.226]",0.003603564043687681,0.003247690835044382,,,,reward missing
dirichlet_32,"[0.1164, 0.0608, 0.0242, 0.4084, 0.3902]",Avg,rho=0.5,OK,"[0.0, 0.0, 0.0, 0.5202, 0.4798]",0.1958072368620146,0.1755563393622439,,,,reward missing
dirichlet_32,"[0.1164, 0.0608, 0.0242, 0.4084, 0.3902]",Cert,,FLOOR_COLLAPSED,"[0.1164, 0.0608, 0.0242, 0.4084, 0.3902]",0.0,0.0,,,,"certificate: lambda = p, Delta = 0 by construction"
dirichlet_32,"[0.1164, 0.0608, 0.0242, 0.4084, 0.3902]",MaxMin,c=0.0,INFEASIBLE_BALL_MISSES_SIMPLEX,,,,,,,INFEASIBLE_BALL_MISSES_SIMPLEX
dirichlet_32,"[0.1164, 0.0608, 0.0242, 0.4084, 0.3902]",MaxMin,c=0.25,INFEASIBLE_BALL_MISSES_SIMPLEX,,,,,,,INFEASIBLE_BALL_MISSES_SIMPLEX
dirichlet_32,"[0.1164, 0.0608, 0.0242, 0.4084, 0.3902]",MaxMin,c=0.5,INFEASIBLE_BALL_MISSES_SIMPLEX,,,,,,,INFEASIBLE_BALL_MISSES_SIMPLEX
dirichlet_32,"[0.1164, 0.0608, 0.0242, 0.4084, 0.3902]",MaxMin,c=0.75,OK,"[0.0826, 0.0296, 0.0, 0.4592, 0.4286]",0.08212545477711138,0.07411587697950499,,,,reward missing
dirichlet_32,"[0.1164, 0.0608, 0.0242, 0.4084, 0.3902]",MaxMin,c=0.9,OK,"[0.1041, 0.0496, 0.0127, 0.4376, 0.3959]",0.03593419358298343,0.03229462245345363,,,,reward missing
dirichlet_32,"[0.1164, 0.0608, 0.0242, 0.4084, 0.3902]",MaxMin,c=1.0,OK,"[0.1164, 0.0608, 0.0242, 0.4084, 0.3902]",0.0,0.0,,,,reward missing
dirichlet_32,"[0.1164, 0.0608, 0.0242, 0.4084, 0.3902]",Fair,"alpha=0.0,eps=0.02",OK,"[0.2186, 0.0364, 0.0, 0.3817, 0.3633]",0.11432483201760492,0.10202986950830965,,,,reward missing
dirichlet_32,"[0.1164, 0.0608, 0.0242, 0.4084, 0.3902]",Fair,"alpha=0.0,eps=0.05",OK,"[0.3333, 0.0, 0.0, 0.342, 0.3246]",0.2450857654754742,0.21880422578698352,,,,reward missing
dirichlet_32,"[0.1164, 0.0608, 0.0242, 0.4084, 0.3902]",Fair,"alpha=0.0,eps=0.1",OK,"[0.4602, 0.0, 0.0, 0.2781, 0.2617]",0.39498290094486826,0.35216694814420235,,,,reward missing
dirichlet_32,"[0.1164, 0.0608, 0.0242, 0.4084, 0.3902]",Fair,"alpha=1.0,eps=0.02",OK,"[0.1173, 0.0601, 0.0241, 0.409, 0.3895]",0.0014442347451735415,0.001301525156499781,,,,reward missing
dirichlet_32,"[0.1164, 0.0608, 0.0242, 0.4084, 0.3902]",Fair,"alpha=1.0,eps=0.05",OK,"[0.1187, 0.0591, 0.0238, 0.4098, 0.3886]",0.0036105868187919807,0.003253812853054435,,,,reward missing
dirichlet_32,"[0.1164, 0.0608, 0.0242, 0.4084, 0.3902]",Fair,"alpha=1.0,eps=0.1",OK,"[0.121, 0.0574, 0.0234, 0.4113, 0.387]",0.007221173639124717,0.006507625713591805,,,,reward missing
dirichlet_32,"[0.1164, 0.0608, 0.0242, 0.4084, 0.3902]",Fair,"alpha=2.0,eps=0.02",OK,"[0.1168, 0.0604, 0.0242, 0.4087, 0.3899]",0.000720712877017272,0.0006495382275117237,,,,reward missing
dirichlet_32,"[0.1164, 0.0608, 0.0242, 0.4084, 0.3902]",Fair,"alpha=2.0,eps=0.05",OK,"[0.1175, 0.0599, 0.024, 0.4091, 0.3894]",0.001801782188888155,0.0016238455655207696,,,,reward missing
dirichlet_32,"[0.1164, 0.0608, 0.0242, 0.4084, 0.3902]",Fair,"alpha=2.0,eps=0.1",OK,"[0.1187, 0.0591, 0.0238, 0.4099, 0.3886]",0.003603565301673765,0.003247691949228383,,,,reward missing
dirichlet_33,"[0.2771, 0.0249, 0.2651, 0.136, 0.2968]",Avg,rho=0.5,OK,"[0.3239, 0.0, 0.2874, 0.0394, 0.3493]",0.12402139914198533,0.11069039630738754,,,,reward missing
dirichlet_33,"[0.2771, 0.0249, 0.2651, 0.136, 0.2968]",Cert,,FLOOR_COLLAPSED,"[0.2771, 0.0249, 0.2651, 0.136, 0.2968]",0.0,0.0,,,,"certificate: lambda = p, Delta = 0 by construction"
dirichlet_33,"[0.2771, 0.0249, 0.2651, 0.136, 0.2968]",MaxMin,c=0.0,INFEASIBLE_BALL_MISSES_SIMPLEX,,,,,,,INFEASIBLE_BALL_MISSES_SIMPLEX
dirichlet_33,"[0.2771, 0.0249, 0.2651, 0.136, 0.2968]",MaxMin,c=0.25,INFEASIBLE_BALL_MISSES_SIMPLEX,,,,,,,INFEASIBLE_BALL_MISSES_SIMPLEX
dirichlet_33,"[0.2771, 0.0249, 0.2651, 0.136, 0.2968]",MaxMin,c=0.5,INFEASIBLE_BALL_MISSES_SIMPLEX,,,,,,,INFEASIBLE_BALL_MISSES_SIMPLEX
dirichlet_33,"[0.2771, 0.0249, 0.2651, 0.136, 0.2968]",MaxMin,c=0.75,OK,"[0.3064, 0.0, 0.2697, 0.0944, 0.3295]",0.06552557652219122,0.058721456517710505,,,,reward missing
dirichlet_33,"[0.2771, 0.0249, 0.2651, 0.136, 0.2968]",MaxMin,c=0.9,OK,"[0.2916, 0.0143, 0.2563, 0.1248, 0.313]",0.028063316443614733,0.02544090153332199,,,,reward missing
dirichlet_33,"[0.2771, 0.0249, 0.2651, 0.136, 0.2968]",MaxMin,c=1.0,OK,"[0.2771, 0.0249, 0.2651, 0.136, 0.2968]",0.0,0.0,,,,reward missing
dirichlet_33,"[0.2771, 0.0249, 0.2651, 0.136, 0.2968]",Fair,"alpha=0.0,eps=0.02",OK,"[0.3813, 0.0005, 0.239, 0.1093, 0.2699]",0.11653812337110377,0.10400300251814021,,,,reward missing
dirichlet_33,"[0.2771, 0.0249, 0.2651, 0.136, 0.2968]",Fair,"alpha=0.0,eps=0.05",OK,"[0.4992, 0.0, 0.2, 0.0704, 0.2305]",0.25074656103693405,0.2233618639541991,,,,reward missing
dirichlet_33,"[0.2771, 0.0249, 0.2651, 0.136, 0.2968]",Fair,"alpha=0.0,eps=0.1",OK,"[0.6946, 0.0, 0.135, 0.0057, 0.1647]",0.4756685652995629,0.42345409908592174,,,,reward missing
dirichlet_33,"[0.2771, 0.0249, 0.2651, 0.136, 0.2968]",Fair,"alpha=1.0,eps=0.02",OK,"[0.2781, 0.0242, 0.265, 0.1366, 0.2962]",0.0014442347824888894,0.001301525188574572,,,,reward missing
dirichlet_33,"[0.2771, 0.0249, 0.2651, 0.136, 0.2968]",Fair,"alpha=1.0,eps=0.05",OK,"[0.2794, 0.0232, 0.2647, 0.1374, 0.2952]",0.003610586844292774,0.0032538128574406437,,,,reward missing
dirichlet_33,"[0.2771, 0.0249, 0.2651, 0.136, 0.2968]",Fair,"alpha=1.0,eps=0.1",OK,"[0.2818, 0.0215, 0.2643, 0.1388, 0.2936]",0.007221173425905351,0.006507625524244667,,,,reward missing
dirichlet_33,"[0.2771, 0.0249, 0.2651, 0.136, 0.2968]",Fair,"alpha=2.0,eps=0.02",OK,"[0.2776, 0.0245, 0.265, 0.1363, 0.2965]",0.0007207129496305167,0.0006495382928342588,,,,reward missing
dirichlet_33,"[0.2771, 0.0249, 0.2651, 0.136, 0.2968]",Fair,"alpha=2.0,eps=0.05",OK,"[0.2783, 0.024, 0.2649, 0.1367, 0.296]",0.0018017822244522578,0.0016238455960397903,,,,reward missing
dirichlet_33,"[0.2771, 0.0249, 0.2651, 0.136, 0.2968]",Fair,"alpha=2.0,eps=0.1",OK,"[0.2794, 0.0232, 0.2647, 0.1374, 0.2952]",0.003603564417522949,0.0032476911658963453,,,,reward missing
dirichlet_34,"[0.1554, 0.425, 0.141, 0.1664, 0.1122]",Avg,rho=0.5,OK,"[0.1181, 0.6443, 0.081, 0.1374, 0.0192]",0.25013619779428703,0.22646686101845248,,,,reward missing
dirichlet_34,"[0.1554, 0.425, 0.141, 0.1664, 0.1122]",Cert,,FLOOR_COLLAPSED,"[0.1554, 0.425, 0.141, 0.1664, 0.1122]",0.0,0.0,,,,"certificate: lambda = p, Delta = 0 by construction"
dirichlet_34,"[0.1554, 0.425, 0.141, 0.1664, 0.1122]",MaxMin,c=0.0,OK_EXACT_D0,"[0.1227, 0.6053, 0.0957, 0.14, 0.0363]",0.20510434825439605,0.18581660440030645,,,,reward missing
dirichlet_34,"[0.1554, 0.425, 0.141, 0.1664, 0.1122]",MaxMin,c=0.25,OK,"[0.1196, 0.573, 0.1014, 0.131, 0.0749]",0.1655250518042215,0.15016147116911915,,,,reward missing
dirichlet_34,"[0.1554, 0.425, 0.141, 0.1664, 0.1122]",MaxMin,c=0.5,OK,"[0.1325, 0.5197, 0.1157, 0.1438, 0.0884]",0.10583447511645347,0.09601120984813294,,,,reward missing
dirichlet_34,"[0.1554, 0.425, 0.141, 0.1664, 0.1122]",MaxMin,c=0.75,OK,"[0.1441, 0.4718, 0.1285, 0.1552, 0.1004]",0.052319500373433914,0.04746334806286857,,,,reward missing
dirichlet_34,"[0.1554, 0.425, 0.141, 0.1664, 0.1122]",MaxMin,c=0.9,OK,"[0.1509, 0.4437, 0.136, 0.1619, 0.1075]",0.02085131197983404,0.018915950477402632,,,,reward missing
dirichlet_34,"[0.1554, 0.425, 0.141, 0.1664, 0.1122]",MaxMin,c=1.0,OK,"[0.1554, 0.425, 0.141, 0.1664, 0.1122]",0.0,0.0,,,,reward missing
dirichlet_34,"[0.1554, 0.425, 0.141, 0.1664, 0.1122]",Fair,"alpha=0.0,eps=0.02",OK,"[0.2596, 0.4007, 0.1149, 0.1396, 0.0852]",0.11653812337110382,0.10400300251814025,,,,reward missing
dirichlet_34,"[0.1554, 0.425, 0.141, 0.1664, 0.1122]",Fair,"alpha=0.0,eps=0.05",OK,"[0.416, 0.3641, 0.0756, 0.0995, 0.0448]",0.2913453084277595,0.2600075062953506,,,,reward missing
dirichlet_34,"[0.1554, 0.425, 0.141, 0.1664, 0.1122]",Fair,"alpha=0.0,eps=0.1",OK,"[0.6525, 0.3033, 0.0112, 0.033, 0.0]",0.5560632010964088,0.49640985767218526,,,,reward missing
dirichlet_34,"[0.1554, 0.425, 0.141, 0.1664, 0.1122]",Fair,"alpha=1.0,eps=0.02",OK,"[0.1563, 0.4243, 0.1409, 0.1669, 0.1115]",0.0014442348236913818,0.001301525226379533,,,,reward missing
dirichlet_34,"[0.1554, 0.425, 0.141, 0.1664, 0.1122]",Fair,"alpha=1.0,eps=0.05",OK,"[0.1577, 0.4233, 0.1406, 0.1678, 0.1106]",0.0036105862824588864,0.0032538123766239348,,,,reward missing
dirichlet_34,"[0.1554, 0.425, 0.141, 0.1664, 0.1122]",Fair,"alpha=1.0,eps=0.1",OK,"[0.16, 0.4216, 0.1402, 0.1692, 0.1089]",0.0072211734618223685,0.006507625548425801,,,,reward missing
dirichlet_34,"[0.1554, 0.425, 0.141, 0.1664, 0.1122]",Fair,"alpha=2.0,eps=0.02",OK,"[0.1559, 0.4247, 0.1409, 0.1667, 0.1118]",0.0007207128770676639,0.0006495382275356936,,,,reward missing
dirichlet_34,"[0.1554, 0.425, 0.141, 0.1664, 0.1122]",Fair,"alpha=2.0,eps=0.05",OK,"[0.1566, 0.4242, 0.1408, 0.1671, 0.1114]",0.001801782681301466,0.0016238460051880206,,,,reward missing
dirichlet_34,"[0.1554, 0.425, 0.141, 0.1664, 0.1122]",Fair,"alpha=2.0,eps=0.1",OK,"[0.1577, 0.4233, 0.1406, 0.1678, 0.1106]",0.0036035644389338854,0.0032476911851412648,,,,reward missing
dirichlet_35,"[0.026, 0.0024, 0.1897, 0.3021, 0.4798]",Avg,rho=0.5,OK,"[0.0, 0.0, 0.0616, 0.2981, 0.6403]",0.20702816280184996,0.18913781747473976,,,,reward missing
dirichlet_35,"[0.026, 0.0024, 0.1897, 0.3021, 0.4798]",Cert,,FLOOR_COLLAPSED,"[0.026, 0.0024, 0.1897, 0.3021, 0.4798]",0.0,0.0,,,,"certificate: lambda = p, Delta = 0 by construction"
dirichlet_35,"[0.026, 0.0024, 0.1897, 0.3021, 0.4798]",MaxMin,c=0.0,INFEASIBLE_BALL_MISSES_SIMPLEX,,,,,,,INFEASIBLE_BALL_MISSES_SIMPLEX
dirichlet_35,"[0.026, 0.0024, 0.1897, 0.3021, 0.4798]",MaxMin,c=0.25,INFEASIBLE_BALL_MISSES_SIMPLEX,,,,,,,INFEASIBLE_BALL_MISSES_SIMPLEX
dirichlet_35,"[0.026, 0.0024, 0.1897, 0.3021, 0.4798]",MaxMin,c=0.5,INFEASIBLE_BALL_MISSES_SIMPLEX,,,,,,,INFEASIBLE_BALL_MISSES_SIMPLEX
dirichlet_35,"[0.026, 0.0024, 0.1897, 0.3021, 0.4798]",MaxMin,c=0.75,INFEASIBLE_BALL_MISSES_SIMPLEX,,,,,,,INFEASIBLE_BALL_MISSES_SIMPLEX
dirichlet_35,"[0.026, 0.0024, 0.1897, 0.3021, 0.4798]",MaxMin,c=0.9,OK,"[0.0117, 0.0, 0.1771, 0.2881, 0.5231]",0.04938576704468149,0.044746694167789064,,,,reward missing
dirichlet_35,"[0.026, 0.0024, 0.1897, 0.3021, 0.4798]",MaxMin,c=1.0,OK,"[0.026, 0.0024, 0.1897, 0.3021, 0.4798]",0.0,0.0,,,,reward missing
dirichlet_35,"[0.026, 0.0024, 0.1897, 0.3021, 0.4798]",Fair,"alpha=0.0,eps=0.02",OK,"[0.1068, 0.0, 0.1637, 0.2761, 0.4534]",0.09259989824601075,0.0824101375390769,,,,reward missing
dirichlet_35,"[0.026, 0.0024, 0.1897, 0.3021, 0.4798]",Fair,"alpha=0.0,eps=0.05",OK,"[0.2241, 0.0, 0.1247, 0.2372, 0.414]",0.2279700569105485,0.20285050820256245,,,,reward missing
dirichlet_35,"[0.026, 0.0024, 0.1897, 0.3021, 0.4798]",Fair,"alpha=0.0,eps=0.1",OK,"[0.4195, 0.0, 0.0598, 0.1725, 0.3483]",0.45361837447654274,0.4036134813077296,,,,reward missing
dirichlet_35,"[0.026, 0.0024, 0.1897, 0.3021, 0.4798]",Fair,"alpha=1.0,eps=0.02",OK,"[0.027, 0.0017, 0.1895, 0.3026, 0.4791]",0.0014442347325486716,0.0013015251474656996,,,,reward missing
dirichlet_35,"[0.026, 0.0024, 0.1897, 0.3021, 0.4798]",Fair,"alpha=1.0,eps=0.05",OK,"[0.0283, 0.0007, 0.1893, 0.3035, 0.4782]",0.0036105867812070234,0.0032538128243443007,,,,reward missing
dirichlet_35,"[0.026, 0.0024, 0.1897, 0.3021, 0.4798]",Fair,"alpha=1.0,eps=0.1",OK,"[0.0304, 0.0, 0.1886, 0.3047, 0.4763]",0.006715942945205914,0.006034025172005975,,,,reward missing
dirichlet_35,"[0.026, 0.0024, 0.1897, 0.3021, 0.4798]",Fair,"alpha=2.0,eps=0.02",OK,"[0.0265, 0.0021, 0.1896, 0.3023, 0.4794]",0.0007207128625513292,0.0006495382145693886,,,,reward missing
dirichlet_35,"[0.026, 0.0024, 0.1897, 0.3021, 0.4798]",Fair,"alpha=2.0,eps=0.05",OK,"[0.0272, 0.0016, 0.1895, 0.3028, 0.479]",0.0018017821919904715,0.0016238455683001743,,,,reward missing
dirichlet_35,"[0.026, 0.0024, 0.1897, 0.3021, 0.4798]",Fair,"alpha=2.0,eps=0.1",OK,"[0.0283, 0.0007, 0.1893, 0.3035, 0.4782]",0.0036035643236458055,0.003247691084272054,,,,reward missing
dirichlet_36,"[0.0146, 0.2736, 0.4009, 0.0086, 0.3023]",Avg,rho=0.5,OK,"[0.0, 0.2342, 0.4842, 0.0, 0.2817]",0.09595726908777738,0.08648840066833638,,,,reward missing
dirichlet_36,"[0.0146, 0.2736, 0.4009, 0.0086, 0.3023]",Cert,,FLOOR_COLLAPSED,"[0.0146, 0.2736, 0.4009, 0.0086, 0.3023]",1.3602931225955671e-16,1.5632077926198774e-16,,,,"certificate: lambda = p, Delta = 0 by construction"
dirichlet_36,"[0.0146, 0.2736, 0.4009, 0.0086, 0.3023]",MaxMin,c=0.0,INFEASIBLE_BALL_MISSES_SIMPLEX,,,,,,,INFEASIBLE_BALL_MISSES_SIMPLEX
dirichlet_36,"[0.0146, 0.2736, 0.4009, 0.0086, 0.3023]",MaxMin,c=0.25,INFEASIBLE_BALL_MISSES_SIMPLEX,,,,,,,INFEASIBLE_BALL_MISSES_SIMPLEX
dirichlet_36,"[0.0146, 0.2736, 0.4009, 0.0086, 0.3023]",MaxMin,c=0.5,INFEASIBLE_BALL_MISSES_SIMPLEX,,,,,,,INFEASIBLE_BALL_MISSES_SIMPLEX
dirichlet_36,"[0.0146, 0.2736, 0.4009, 0.0086, 0.3023]",MaxMin,c=0.75,INFEASIBLE_BALL_MISSES_SIMPLEX,,,,,,,INFEASIBLE_BALL_MISSES_SIMPLEX
dirichlet_36,"[0.0146, 0.2736, 0.4009, 0.0086, 0.3023]",MaxMin,c=0.9,OK,"[0.002, 0.2607, 0.4461, 0.0, 0.2913]",0.050664227572308825,0.045683143713039547,,,,reward missing
dirichlet_36,"[0.0146, 0.2736, 0.4009, 0.0086, 0.3023]",MaxMin,c=1.0,OK,"[0.0146, 0.2736, 0.4009, 0.0086, 0.3023]",1.3602931225955671e-16,1.5632077926198774e-16,,,,reward missing
dirichlet_36,"[0.0146, 0.2736, 0.4009, 0.0086, 0.3023]",Fair,"alpha=0.0,eps=0.02",OK,"[0.1004, 0.2493, 0.3747, 0.0, 0.2755]",0.09710168879733065,0.08675925200001923,,,,reward missing
dirichlet_36,"[0.0146, 0.2736, 0.4009, 0.0086, 0.3023]",Fair,"alpha=0.0,eps=0.05",OK,"[0.2161, 0.213, 0.3355, 0.0, 0.2354]",0.23041798764493457,0.2059709808340436,,,,reward missing
dirichlet_36,"[0.0146, 0.2736, 0.4009, 0.0086, 0.3023]",Fair,"alpha=0.0,eps=0.1",OK,"[0.4089, 0.1524, 0.2702, 0.0, 0.1686]",0.4529729695801851,0.40498135361774684,,,,reward missing
dirichlet_36,"[0.0146, 0.2736, 0.4009, 0.0086, 0.3023]",Fair,"alpha=1.0,eps=0.02",OK,"[0.0155, 0.2729, 0.4007, 0.0092, 0.3017]",0.0014442347128731828,0.0013015251288899013,,,,reward missing
dirichlet_36,"[0.0146, 0.2736, 0.4009, 0.0086, 0.3023]",Fair,"alpha=1.0,eps=0.05",OK,"[0.0169, 0.2719, 0.4005, 0.01, 0.3007]",0.0036105867021201136,0.003253812745007959,,,,reward missing
dirichlet_36,"[0.0146, 0.2736, 0.4009, 0.0086, 0.3023]",Fair,"alpha=1.0,eps=0.1",OK,"[0.0192, 0.2702, 0.4, 0.0114, 0.2991]",0.007221173669399952,0.0065076257426537115,,,,reward missing
dirichlet_36,"[0.0146, 0.2736, 0.4009, 0.0086, 0.3023]",Fair,"alpha=2.0,eps=0.02",OK,"[0.0151, 0.2733, 0.4008, 0.0089, 0.302]",0.0007207128703217439,0.000649538220265151,,,,reward missing
dirichlet_36,"[0.0146, 0.2736, 0.4009, 0.0086, 0.3023]",Fair,"alpha=2.0,eps=0.05",OK,"[0.0158, 0.2728, 0.4007, 0.0093, 0.3015]",0.0018017821807919743,0.0016238455584209172,,,,reward missing
dirichlet_36,"[0.0146, 0.2736, 0.4009, 0.0086, 0.3023]",Fair,"alpha=2.0,eps=0.1",OK,"[0.0169, 0.2719, 0.4005, 0.01, 0.3007]",0.0036035645392895345,0.0032476912697745886,,,,reward missing
dirichlet_37,"[0.2687, 0.1013, 0.4084, 0.0907, 0.1309]",Avg,rho=0.5,OK,"[0.3391, 0.0, 0.6098, 0.0, 0.0511]",0.2653557010962272,0.23911539223229689,,,,reward missing
dirichlet_37,"[0.2687, 0.1013, 0.4084, 0.0907, 0.1309]",Cert,,FLOOR_COLLAPSED,"[0.2687, 0.1013, 0.4084, 0.0907, 0.1309]",0.0,0.0,,,,"certificate: lambda = p, Delta = 0 by construction"
dirichlet_37,"[0.2687, 0.1013, 0.4084, 0.0907, 0.1309]",MaxMin,c=0.0,OK_EXACT_D0,"[0.3296, 0.018, 0.5771, 0.0088, 0.0664]",0.2235603414140405,0.20134197911950408,,,,reward missing
dirichlet_37,"[0.2687, 0.1013, 0.4084, 0.0907, 0.1309]",MaxMin,c=0.25,OK,"[0.3001, 0.0435, 0.5463, 0.0321, 0.0781]",0.17195626612984477,0.15508267933996187,,,,reward missing
dirichlet_37,"[0.2687, 0.1013, 0.4084, 0.0907, 0.1309]",MaxMin,c=0.5,OK,"[0.2698, 0.0641, 0.5147, 0.0534, 0.098]",0.12319881446665756,0.11113134743081553,,,,reward missing
dirichlet_37,"[0.2687, 0.1013, 0.4084, 0.0907, 0.1309]",MaxMin,c=0.75,OK,"[0.2524, 0.0845, 0.4721, 0.0742, 0.1169]",0.0713410375110402,0.06428717590470995,,,,reward missing
dirichlet_37,"[0.2687, 0.1013, 0.4084, 0.0907, 0.1309]",MaxMin,c=0.9,OK,"[0.2625, 0.0949, 0.4326, 0.0844, 0.1256]",0.02706805492311281,0.024391694723688497,,,,reward missing
dirichlet_37,"[0.2687, 0.1013, 0.4084, 0.0907, 0.1309]",MaxMin,c=1.0,OK,"[0.2687, 0.1013, 0.4084, 0.0907, 0.1309]",0.0,0.0,,,,reward missing
dirichlet_37,"[0.2687, 0.1013, 0.4084, 0.0907, 0.1309]",Fair,"alpha=0.0,eps=0.02",OK,"[0.3729, 0.077, 0.3822, 0.0639, 0.104]",0.11653812337110382,0.10400300251814025,,,,reward missing
dirichlet_37,"[0.2687, 0.1013, 0.4084, 0.0907, 0.1309]",Fair,"alpha=0.0,eps=0.05",OK,"[0.5293, 0.0404, 0.343, 0.0238, 0.0636]",0.2913453084277594,0.26000750629535047,,,,reward missing
dirichlet_37,"[0.2687, 0.1013, 0.4084, 0.0907, 0.1309]",Fair,"alpha=0.0,eps=0.1",OK,"[0.7221, 0.0, 0.2779, 0.0, 0.0]",0.5081765550826808,0.4534810893971229,,,,reward missing
dirichlet_37,"[0.2687, 0.1013, 0.4084, 0.0907, 0.1309]",Fair,"alpha=1.0,eps=0.02",OK,"[0.2697, 0.1006, 0.4082, 0.0912, 0.1303]",0.0014442341890763771,0.0013015246563264963,,,,reward missing
dirichlet_37,"[0.2687, 0.1013, 0.4084, 0.0907, 0.1309]",Fair,"alpha=1.0,eps=0.05",OK,"[0.271, 0.0996, 0.4079, 0.0921, 0.1293]",0.0036105867245994545,0.0032538127753243126,,,,reward missing
dirichlet_37,"[0.2687, 0.1013, 0.4084, 0.0907, 0.1309]",Fair,"alpha=1.0,eps=0.1",OK,"[0.2734, 0.0979, 0.4075, 0.0935, 0.1277]",0.007221173621319457,0.0065076256983655975,,,,reward missing
dirichlet_37,"[0.2687, 0.1013, 0.4084, 0.0907, 0.1309]",Fair,"alpha=2.0,eps=0.02",OK,"[0.2692, 0.101, 0.4083, 0.0909, 0.1306]",0.0007207128325258014,0.0006495381871205469,,,,reward missing
dirichlet_37,"[0.2687, 0.1013, 0.4084, 0.0907, 0.1309]",Fair,"alpha=2.0,eps=0.05",OK,"[0.2699, 0.1005, 0.4082, 0.0914, 0.1301]",0.0018017821833427132,0.0016238455604633446,,,,reward missing
dirichlet_37,"[0.2687, 0.1013, 0.4084, 0.0907, 0.1309]",Fair,"alpha=2.0,eps=0.1",OK,"[0.271, 0.0996, 0.408, 0.0921, 0.1293]",0.00360356456023289,0.0032476912887672966,,,,reward missing
dirichlet_38,"[0.0303, 0.2709, 0.0293, 0.5986, 0.0709]",Avg,rho=0.5,OK,"[0.0, 0.17, 0.0, 0.83, 0.0]",0.26557220807106197,0.23880025968416155,,,,reward missing
dirichlet_38,"[0.0303, 0.2709, 0.0293, 0.5986, 0.0709]",Cert,,FLOOR_COLLAPSED,"[0.0303, 0.2709, 0.0293, 0.5986, 0.0709]",0.0,0.0,,,,"certificate: lambda = p, Delta = 0 by construction"
dirichlet_38,"[0.0303, 0.2709, 0.0293, 0.5986, 0.0709]",MaxMin,c=0.0,INFEASIBLE_BALL_MISSES_SIMPLEX,,,,,,,INFEASIBLE_BALL_MISSES_SIMPLEX
dirichlet_38,"[0.0303, 0.2709, 0.0293, 0.5986, 0.0709]",MaxMin,c=0.25,INFEASIBLE_BALL_MISSES_SIMPLEX,,,,,,,INFEASIBLE_BALL_MISSES_SIMPLEX
dirichlet_38,"[0.0303, 0.2709, 0.0293, 0.5986, 0.0709]",MaxMin,c=0.5,INFEASIBLE_BALL_MISSES_SIMPLEX,,,,,,,INFEASIBLE_BALL_MISSES_SIMPLEX
dirichlet_38,"[0.0303, 0.2709, 0.0293, 0.5986, 0.0709]",MaxMin,c=0.75,OK,"[0.0055, 0.2485, 0.0047, 0.6949, 0.0464]",0.10771032030241989,0.09642889373085115,,,,reward missing
dirichlet_38,"[0.0303, 0.2709, 0.0293, 0.5986, 0.0709]",MaxMin,c=0.9,OK,"[0.0206, 0.2621, 0.0197, 0.6364, 0.0613]",0.04224284343128983,0.037818387770900665,,,,reward missing
dirichlet_38,"[0.0303, 0.2709, 0.0293, 0.5986, 0.0709]",MaxMin,c=1.0,OK,"[0.0303, 0.2709, 0.0293, 0.5986, 0.0709]",0.0,0.0,,,,reward missing
dirichlet_38,"[0.0303, 0.2709, 0.0293, 0.5986, 0.0709]",Fair,"alpha=0.0,eps=0.02",OK,"[0.1346, 0.2466, 0.0031, 0.5718, 0.0439]",0.11653812337110381,0.10400300251814025,,,,reward missing
dirichlet_38,"[0.0303, 0.2709, 0.0293, 0.5986, 0.0709]",Fair,"alpha=0.0,eps=0.05",OK,"[0.2533, 0.2096, 0.0, 0.5321, 0.0051]",0.25113159809771507,0.2241908071947051,,,,reward missing
dirichlet_38,"[0.0303, 0.2709, 0.0293, 0.5986, 0.0709]",Fair,"alpha=0.0,eps=0.1",OK,"[0.3849, 0.1481, 0.0, 0.467, 0.0]",0.40495976240217924,0.3618345646331072,,,,reward missing
dirichlet_38,"[0.0303, 0.2709, 0.0293, 0.5986, 0.0709]",Fair,"alpha=1.0,eps=0.02",OK,"[0.0313, 0.2702, 0.0291, 0.5992, 0.0702]",0.001444234711121315,0.0013015251317795554,,,,reward missing
dirichlet_38,"[0.0303, 0.2709, 0.0293, 0.5986, 0.0709]",Fair,"alpha=1.0,eps=0.05",OK,"[0.0327, 0.2692, 0.0289, 0.6, 0.0692]",0.0036105868336442663,0.003253812870717149,,,,reward missing
dirichlet_38,"[0.0303, 0.2709, 0.0293, 0.5986, 0.0709]",Fair,"alpha=1.0,eps=0.1",OK,"[0.035, 0.2675, 0.0285, 0.6014, 0.0676]",0.0072211736170992415,0.006507625695757711,,,,reward missing
dirichlet_38,"[0.0303, 0.2709, 0.0293, 0.5986, 0.0709]",Fair,"alpha=2.0,eps=0.02",OK,"[0.0308, 0.2706, 0.0292, 0.5989, 0.0705]",0.0007207128988086291,0.0006495382472013231,,,,reward missing
dirichlet_38,"[0.0303, 0.2709, 0.0293, 0.5986, 0.0709]",Fair,"alpha=2.0,eps=0.05",OK,"[0.0315, 0.2701, 0.0291, 0.5993, 0.0701]",0.0018017823365835393,0.0016238456986562258,,,,reward missing
dirichlet_38,"[0.0303, 0.2709, 0.0293, 0.5986, 0.0709]",Fair,"alpha=2.0,eps=0.1",OK,"[0.0326, 0.2692, 0.0289, 0.6, 0.0692]",0.003603564273240065,0.0032476910455506948,,,,reward missing
dirichlet_39,"[0.082, 0.2051, 0.1794, 0.2323, 0.3011]",Avg,rho=0.5,OK,"[0.0, 0.1978, 0.1506, 0.262, 0.3896]",0.12781219848794287,0.114926688102866,,,,reward missing
dirichlet_39,"[0.082, 0.2051, 0.1794, 0.2323, 0.3011]",Cert,,FLOOR_COLLAPSED,"[0.082, 0.2051, 0.1794, 0.2323, 0.3011]",1.0103182026100663e-16,1.2784349025694867e-16,,,,"certificate: lambda = p, Delta = 0 by construction"
dirichlet_39,"[0.082, 0.2051, 0.1794, 0.2323, 0.3011]",MaxMin,c=0.0,INFEASIBLE_BALL_MISSES_SIMPLEX,,,,,,,INFEASIBLE_BALL_MISSES_SIMPLEX
dirichlet_39,"[0.082, 0.2051, 0.1794, 0.2323, 0.3011]",MaxMin,c=0.25,OK,"[0.0221, 0.1977, 0.1529, 0.2549, 0.3724]",0.09972618399138315,0.08982911936242857,,,,reward missing
dirichlet_39,"[0.082, 0.2051, 0.1794, 0.2323, 0.3011]",MaxMin,c=0.5,OK,"[0.0495, 0.1895, 0.1499, 0.247, 0.3641]",0.07979801356724064,0.07237955925102028,,,,reward missing
dirichlet_39,"[0.082, 0.2051, 0.1794, 0.2323, 0.3011]",MaxMin,c=0.75,OK,"[0.0697, 0.1935, 0.1689, 0.2259, 0.342]",0.04592476583408064,0.04163702970255272,,,,reward missing
dirichlet_39,"[0.082, 0.2051, 0.1794, 0.2323, 0.3011]",MaxMin,c=0.9,OK,"[0.0778, 0.2011, 0.1759, 0.2282, 0.317]",0.01777338641784166,0.016098818973073265,,,,reward missing
dirichlet_39,"[0.082, 0.2051, 0.1794, 0.2323, 0.3011]",MaxMin,c=1.0,OK,"[0.082, 0.2051, 0.1794, 0.2323, 0.3011]",1.0103182026100663e-16,1.2784349025694867e-16,,,,reward missing
dirichlet_39,"[0.082, 0.2051, 0.1794, 0.2323, 0.3011]",Fair,"alpha=0.0,eps=0.02",OK,"[0.1863, 0.1808, 0.1533, 0.2056, 0.2741]",0.1165381233711038,0.10400300251814022,,,,reward missing
dirichlet_39,"[0.082, 0.2051, 0.1794, 0.2323, 0.3011]",Fair,"alpha=0.0,eps=0.05",OK,"[0.3426, 0.1442, 0.114, 0.1654, 0.2337]",0.2913453084277595,0.2600075062953506,,,,reward missing
dirichlet_39,"[0.082, 0.2051, 0.1794, 0.2323, 0.3011]",Fair,"alpha=0.0,eps=0.1",OK,"[0.6031, 0.0833, 0.0486, 0.0985, 0.1664]",0.5826906168555189,0.5200150125907012,,,,reward missing
dirichlet_39,"[0.082, 0.2051, 0.1794, 0.2323, 0.3011]",Fair,"alpha=1.0,eps=0.02",OK,"[0.083, 0.2044, 0.1793, 0.2329, 0.3004]",0.0014442341890763136,0.001301524656326439,,,,reward missing
dirichlet_39,"[0.082, 0.2051, 0.1794, 0.2323, 0.3011]",Fair,"alpha=1.0,eps=0.05",OK,"[0.0844, 0.2034, 0.179, 0.2337, 0.2995]",0.0036105864354855394,0.003253812511749457,,,,reward missing
dirichlet_39,"[0.082, 0.2051, 0.1794, 0.2323, 0.3011]",Fair,"alpha=1.0,eps=0.1",OK,"[0.0867, 0.2017, 0.1786, 0.2352, 0.2979]",0.007221173670413491,0.006507625743556637,,,,reward missing
dirichlet_39,"[0.082, 0.2051, 0.1794, 0.2323, 0.3011]",Fair,"alpha=2.0,eps=0.02",OK,"[0.0825, 0.2048, 0.1793, 0.2326, 0.3008]",0.000720712860422611,0.0006495382108689126,,,,reward missing
dirichlet_39,"[0.082, 0.2051, 0.1794, 0.2323, 0.3011]",Fair,"alpha=2.0,eps=0.05",OK,"[0.0832, 0.2043, 0.1792, 0.233, 0.3003]",0.0018017821913763668,0.0016238455678679068,,,,reward missing
dirichlet_39,"[0.082, 0.2051, 0.1794, 0.2323, 0.3011]",Fair,"alpha=2.0,eps=0.1",OK,"[0.0843, 0.2034, 0.179, 0.2337, 0.2995]",0.003603564395314656,0.0032476911467201964,,,,reward missing
dirichlet_40,"[0.0994, 0.3629, 0.004, 0.4625, 0.0712]",Avg,rho=0.5,OK,"[0.0, 0.3962, 0.0, 0.6038, 0.0]",0.18984533424860067,0.1697436467454565,,,,reward missing
dirichlet_40,"[0.0994, 0.3629, 0.004, 0.4625, 0.0712]",Cert,,FLOOR_COLLAPSED,"[0.0994, 0.3629, 0.004, 0.4625, 0.0712]",1.2794982158516685e-16,1.4656672136217369e-16,,,,"certificate: lambda = p, Delta = 0 by construction"
dirichlet_40,"[0.0994, 0.3629, 0.004, 0.4625, 0.0712]",MaxMin,c=0.0,INFEASIBLE_BALL_MISSES_SIMPLEX,,,,,,,INFEASIBLE_BALL_MISSES_SIMPLEX
dirichlet_40,"[0.0994, 0.3629, 0.004, 0.4625, 0.0712]",MaxMin,c=0.25,INFEASIBLE_BALL_MISSES_SIMPLEX,,,,,,,INFEASIBLE_BALL_MISSES_SIMPLEX
dirichlet_40,"[0.0994, 0.3629, 0.004, 0.4625, 0.0712]",MaxMin,c=0.5,INFEASIBLE_BALL_MISSES_SIMPLEX,,,,,,,INFEASIBLE_BALL_MISSES_SIMPLEX
dirichlet_40,"[0.0994, 0.3629, 0.004, 0.4625, 0.0712]",MaxMin,c=0.75,OK,"[0.0536, 0.3651, 0.0, 0.5546, 0.0267]",0.11218762068291596,0.10033043059670373,,,,reward missing
dirichlet_40,"[0.0994, 0.3629, 0.004, 0.4625, 0.0712]",MaxMin,c=0.9,OK,"[0.0852, 0.3498, 0.0, 0.5074, 0.0575]",0.0508650035731894,0.04559168267534867,,,,reward missing
dirichlet_40,"[0.0994, 0.3629, 0.004, 0.4625, 0.0712]",MaxMin,c=1.0,OK,"[0.0994, 0.3629, 0.004, 0.4625, 0.0712]",1.2794982158516685e-16,1.4656672136217369e-16,,,,reward missing
dirichlet_40,"[0.0994, 0.3629, 0.004, 0.4625, 0.0712]",Fair,"alpha=0.0,eps=0.02",OK,"[0.1805, 0.3383, 0.0, 0.436, 0.0452]",0.09260238415826276,0.0827004826827009,,,,reward missing
dirichlet_40,"[0.0994, 0.3629, 0.004, 0.4625, 0.0712]",Fair,"alpha=0.0,eps=0.05",OK,"[0.2959, 0.3012, 0.0, 0.3963, 0.0065]",0.22584977284844088,0.20173265156697534,,,,reward missing
dirichlet_40,"[0.0994, 0.3629, 0.004, 0.4625, 0.0712]",Fair,"alpha=0.0,eps=0.1",OK,"[0.429, 0.2398, 0.0, 0.3312, 0.0]",0.38229292732318676,0.3416342612656942,,,,reward missing
dirichlet_40,"[0.0994, 0.3629, 0.004, 0.4625, 0.0712]",Fair,"alpha=1.0,eps=0.02",OK,"[0.1003, 0.3622, 0.0038, 0.4631, 0.0706]",0.0014442346887188415,0.0013015251069240083,,,,reward missing
dirichlet_40,"[0.0994, 0.3629, 0.004, 0.4625, 0.0712]",Fair,"alpha=1.0,eps=0.05",OK,"[0.1017, 0.3612, 0.0035, 0.4639, 0.0696]",0.0036105867741274013,0.003253812816063159,,,,reward missing
dirichlet_40,"[0.0994, 0.3629, 0.004, 0.4625, 0.0712]",Fair,"alpha=1.0,eps=0.1",OK,"[0.104, 0.3595, 0.0031, 0.4654, 0.068]",0.007221174731730791,0.006507626711908236,,,,reward missing
dirichlet_40,"[0.0994, 0.3629, 0.004, 0.4625, 0.0712]",Fair,"alpha=2.0,eps=0.02",OK,"[0.0999, 0.3626, 0.0039, 0.4628, 0.0709]",0.0007207128760824425,0.0006495382266824056,,,,reward missing
dirichlet_40,"[0.0994, 0.3629, 0.004, 0.4625, 0.0712]",Fair,"alpha=2.0,eps=0.05",OK,"[0.1006, 0.362, 0.0038, 0.4632, 0.0704]",0.0018017822117121435,0.0016238455856533553,,,,reward missing
dirichlet_40,"[0.0994, 0.3629, 0.004, 0.4625, 0.0712]",Fair,"alpha=2.0,eps=0.1",OK,"[0.1017, 0.3612, 0.0036, 0.4639, 0.0696]",0.0036035643732297844,0.0032476911264961543,,,,reward missing
dirichlet_41,"[0.0038, 0.1374, 0.5638, 0.2296, 0.0654]",Avg,rho=0.5,OK,"[0.0, 0.0, 0.8342, 0.1658, 0.0]",0.3168286091894061,0.28534594280437486,,,,reward missing
dirichlet_41,"[0.0038, 0.1374, 0.5638, 0.2296, 0.0654]",Cert,,FLOOR_COLLAPSED,"[0.0038, 0.1374, 0.5638, 0.2296, 0.0654]",1.2794982158516685e-16,1.467569863346463e-16,,,,"certificate: lambda = p, Delta = 0 by construction"
dirichlet_41,"[0.0038, 0.1374, 0.5638, 0.2296, 0.0654]",MaxMin,c=0.0,INFEASIBLE_BALL_MISSES_SIMPLEX,,,,,,,INFEASIBLE_BALL_MISSES_SIMPLEX
dirichlet_41,"[0.0038, 0.1374, 0.5638, 0.2296, 0.0654]",MaxMin,c=0.25,INFEASIBLE_BALL_MISSES_SIMPLEX,,,,,,,INFEASIBLE_BALL_MISSES_SIMPLEX
dirichlet_41,"[0.0038, 0.1374, 0.5638, 0.2296, 0.0654]",MaxMin,c=0.5,INFEASIBLE_BALL_MISSES_SIMPLEX,,,,,,,INFEASIBLE_BALL_MISSES_SIMPLEX
dirichlet_41,"[0.0038, 0.1374, 0.5638, 0.2296, 0.0654]",MaxMin,c=0.75,OK,"[0.0, 0.1038, 0.6642, 0.1961, 0.0359]",0.11501378380896402,0.10374039642632087,,,,reward missing
dirichlet_41,"[0.0038, 0.1374, 0.5638, 0.2296, 0.0654]",MaxMin,c=0.9,OK,"[0.0, 0.1257, 0.6011, 0.218, 0.0552]",0.042181557344379596,0.038040407442872105,,,,reward missing
dirichlet_41,"[0.0038, 0.1374, 0.5638, 0.2296, 0.0654]",MaxMin,c=1.0,OK,"[0.0038, 0.1374, 0.5638, 0.2296, 0.0654]",1.2794982158516685e-16,1.467569863346463e-16,,,,reward missing
dirichlet_41,"[0.0038, 0.1374, 0.5638, 0.2296, 0.0654]",Fair,"alpha=0.0,eps=0.02",OK,"[0.108, 0.113, 0.5376, 0.2029, 0.0384]",0.11653812337110382,0.10400300251814025,,,,reward missing
dirichlet_41,"[0.0038, 0.1374, 0.5638, 0.2296, 0.0654]",Fair,"alpha=0.0,eps=0.05",OK,"[0.2623, 0.0765, 0.4985, 0.1628, 0.0]",0.2890016316061812,0.2579289313065735,,,,reward missing
dirichlet_41,"[0.0038, 0.1374, 0.5638, 0.2296, 0.0654]",Fair,"alpha=0.0,eps=0.1",OK,"[0.4512, 0.0159, 0.4359, 0.097, 0.0]",0.5031936791511135,0.449631543956589,,,,reward missing
dirichlet_41,"[0.0038, 0.1374, 0.5638, 0.2296, 0.0654]",Fair,"alpha=1.0,eps=0.02",OK,"[0.0047, 0.1367, 0.5636, 0.2302, 0.0647]",0.0014442347822208814,0.0013015251913635853,,,,reward missing
dirichlet_41,"[0.0038, 0.1374, 0.5638, 0.2296, 0.0654]",Fair,"alpha=1.0,eps=0.05",OK,"[0.0061, 0.1357, 0.5634, 0.231, 0.0638]",0.003610587203856208,0.0032538132102738634,,,,reward missing
dirichlet_41,"[0.0038, 0.1374, 0.5638, 0.2296, 0.0654]",Fair,"alpha=1.0,eps=0.1",OK,"[0.0084, 0.134, 0.563, 0.2324, 0.0622]",0.0072211730726997264,0.006507625208216462,,,,reward missing
dirichlet_41,"[0.0038, 0.1374, 0.5638, 0.2296, 0.0654]",Fair,"alpha=2.0,eps=0.02",OK,"[0.0043, 0.1371, 0.5637, 0.2299, 0.0651]",0.0007207128770676728,0.0006495382275356978,,,,reward missing
dirichlet_41,"[0.0038, 0.1374, 0.5638, 0.2296, 0.0654]",Fair,"alpha=2.0,eps=0.05",OK,"[0.0049, 0.1366, 0.5636, 0.2303, 0.0646]",0.0018017820694810206,0.0016238454554475723,,,,reward missing
dirichlet_41,"[0.0038, 0.1374, 0.5638, 0.2296, 0.0654]",Fair,"alpha=2.0,eps=0.1",OK,"[0.0061, 0.1357, 0.5634, 0.231, 0.0638]",0.003603564438389333,0.00324769118596597,,,,reward missing
dirichlet_42,"[0.0534, 0.0933, 0.262, 0.2229, 0.3685]",Avg,rho=0.5,OK,"[0.0, 0.0, 0.2876, 0.2158, 0.4966]",0.16931369097196358,0.15199277572611175,,,,reward missing
dirichlet_42,"[0.0534, 0.0933, 0.262, 0.2229, 0.3685]",Cert,,FLOOR_COLLAPSED,"[0.0534, 0.0933, 0.262, 0.2229, 0.3685]",0.0,0.0,,,,"certificate: lambda = p, Delta = 0 by construction"
dirichlet_42,"[0.0534, 0.0933, 0.262, 0.2229, 0.3685]",MaxMin,c=0.0,INFEASIBLE_BALL_MISSES_SIMPLEX,,,,,,,INFEASIBLE_BALL_MISSES_SIMPLEX
dirichlet_42,"[0.0534, 0.0933, 0.262, 0.2229, 0.3685]",MaxMin,c=0.25,INFEASIBLE_BALL_MISSES_SIMPLEX,,,,,,,INFEASIBLE_BALL_MISSES_SIMPLEX
dirichlet_42,"[0.0534, 0.0933, 0.262, 0.2229, 0.3685]",MaxMin,c=0.5,OK,"[0.0069, 0.049, 0.2704, 0.2106, 0.4631]",0.11530516038307566,0.10349088049926472,,,,reward missing
dirichlet_42,"[0.0534, 0.0933, 0.262, 0.2229, 0.3685]",MaxMin,c=0.75,OK,"[0.0346, 0.0756, 0.2465, 0.2045, 0.4388]",0.07859123291992379,0.07117997083345713,,,,reward missing
dirichlet_42,"[0.0534, 0.0933, 0.262, 0.2229, 0.3685]",MaxMin,c=0.9,OK,"[0.0468, 0.0871, 0.2564, 0.2164, 0.3933]",0.02770180020747005,0.025091800531643442,,,,reward missing
dirichlet_42,"[0.0534, 0.0933, 0.262, 0.2229, 0.3685]",MaxMin,c=1.0,OK,"[0.0534, 0.0933, 0.262, 0.2229, 0.3685]",0.0,0.0,,,,reward missing
dirichlet_42,"[0.0534, 0.0933, 0.262, 0.2229, 0.3685]",Fair,"alpha=0.0,eps=0.02",OK,"[0.1576, 0.0689, 0.2358, 0.1961, 0.3416]",0.1165381233711038,0.10400300251814022,,,,reward missing
dirichlet_42,"[0.0534, 0.0933, 0.262, 0.2229, 0.3685]",Fair,"alpha=0.0,eps=0.05",OK,"[0.3139, 0.0324, 0.1966, 0.156, 0.3012]",0.2913453084277595,0.26000750629535063,,,,reward missing
dirichlet_42,"[0.0534, 0.0933, 0.262, 0.2229, 0.3685]",Fair,"alpha=0.0,eps=0.1",OK,"[0.544, 0.0, 0.1314, 0.0901, 0.2346]",0.5495632862228601,0.490097057591246,,,,reward missing
dirichlet_42,"[0.0534, 0.0933, 0.262, 0.2229, 0.3685]",Fair,"alpha=1.0,eps=0.02",OK,"[0.0543, 0.0926, 0.2618, 0.2234, 0.3679]",0.0014442341890764084,0.0013015246563265275,,,,reward missing
dirichlet_42,"[0.0534, 0.0933, 0.262, 0.2229, 0.3685]",Fair,"alpha=1.0,eps=0.05",OK,"[0.0557, 0.0916, 0.2615, 0.2243, 0.3669]",0.003610586519469594,0.003253812595053657,,,,reward missing
dirichlet_42,"[0.0534, 0.0933, 0.262, 0.2229, 0.3685]",Fair,"alpha=1.0,eps=0.1",OK,"[0.058, 0.0899, 0.2611, 0.2257, 0.3653]",0.0072211736386361145,0.006507625715936765,,,,reward missing
dirichlet_42,"[0.0534, 0.0933, 0.262, 0.2229, 0.3685]",Fair,"alpha=2.0,eps=0.02",OK,"[0.0538, 0.093, 0.2619, 0.2231, 0.3682]",0.0007207128770676409,0.0006495382275356758,,,,reward missing
dirichlet_42,"[0.0534, 0.0933, 0.262, 0.2229, 0.3685]",Fair,"alpha=2.0,eps=0.05",OK,"[0.0545, 0.0925, 0.2618, 0.2236, 0.3677]",0.0018017821714526629,0.001623845547013397,,,,reward missing
dirichlet_42,"[0.0534, 0.0933, 0.262, 0.2229, 0.3685]",Fair,"alpha=2.0,eps=0.1",OK,"[0.0557, 0.0916, 0.2616, 0.2243, 0.3669]",0.003603564375653383,0.0032476911294960966,,,,reward missing
dirichlet_43,"[0.1204, 0.3629, 0.0816, 0.158, 0.2771]",Avg,rho=0.5,OK,"[0.0383, 0.5101, 0.0, 0.1109, 0.3407]",0.20325278568097382,0.18432687446733456,,,,reward missing
dirichlet_43,"[0.1204, 0.3629, 0.0816, 0.158, 0.2771]",Cert,,FLOOR_COLLAPSED,"[0.1204, 0.3629, 0.0816, 0.158, 0.2771]",0.0,0.0,,,,"certificate: lambda = p, Delta = 0 by construction"
dirichlet_43,"[0.1204, 0.3629, 0.0816, 0.158, 0.2771]",MaxMin,c=0.0,INFEASIBLE_BALL_MISSES_SIMPLEX,,,,,,,INFEASIBLE_BALL_MISSES_SIMPLEX
dirichlet_43,"[0.1204, 0.3629, 0.0816, 0.158, 0.2771]",MaxMin,c=0.25,OK,"[0.0627, 0.4777, 0.0239, 0.1124, 0.3234]",0.15507321963719647,0.14071419566264273,,,,reward missing
dirichlet_43,"[0.1204, 0.3629, 0.0816, 0.158, 0.2771]",MaxMin,c=0.5,OK,"[0.0869, 0.4475, 0.0474, 0.125, 0.2933]",0.10389797261435363,0.09430813463863964,,,,reward missing
dirichlet_43,"[0.1204, 0.3629, 0.0816, 0.158, 0.2771]",MaxMin,c=0.75,OK,"[0.1056, 0.4198, 0.0655, 0.1435, 0.2657]",0.06367842640522291,0.05777384354945617,,,,reward missing
dirichlet_43,"[0.1204, 0.3629, 0.0816, 0.158, 0.2771]",MaxMin,c=0.9,OK,"[0.115, 0.385, 0.0757, 0.1527, 0.2715]",0.02468470743311717,0.02239354069449463,,,,reward missing
dirichlet_43,"[0.1204, 0.3629, 0.0816, 0.158, 0.2771]",MaxMin,c=1.0,OK,"[0.1204, 0.3629, 0.0816, 0.158, 0.2771]",0.0,0.0,,,,reward missing
dirichlet_43,"[0.1204, 0.3629, 0.0816, 0.158, 0.2771]",Fair,"alpha=0.0,eps=0.02",OK,"[0.2246, 0.3386, 0.0555, 0.1313, 0.2501]",0.11653812337110381,0.10400300251814022,,,,reward missing
dirichlet_43,"[0.1204, 0.3629, 0.0816, 0.158, 0.2771]",Fair,"alpha=0.0,eps=0.05",OK,"[0.3809, 0.302, 0.0162, 0.0911, 0.2097]",0.29134530842775946,0.2600075062953506,,,,reward missing
dirichlet_43,"[0.1204, 0.3629, 0.0816, 0.158, 0.2771]",Fair,"alpha=0.0,eps=0.1",OK,"[0.5902, 0.2405, 0.0, 0.0248, 0.1445]",0.5270083599962764,0.47040229277154,,,,reward missing
dirichlet_43,"[0.1204, 0.3629, 0.0816, 0.158, 0.2771]",Fair,"alpha=1.0,eps=0.02",OK,"[0.1213, 0.3622, 0.0815, 0.1586, 0.2764]",0.001444234189076317,0.0013015246563264427,,,,reward missing
dirichlet_43,"[0.1204, 0.3629, 0.0816, 0.158, 0.2771]",Fair,"alpha=1.0,eps=0.05",OK,"[0.1227, 0.3612, 0.0812, 0.1594, 0.2755]",0.0036105864354857684,0.003253812511749661,,,,reward missing
dirichlet_43,"[0.1204, 0.3629, 0.0816, 0.158, 0.2771]",Fair,"alpha=1.0,eps=0.1",OK,"[0.125, 0.3595, 0.0808, 0.1608, 0.2739]",0.007221173539806132,0.006507625622948237,,,,reward missing
dirichlet_43,"[0.1204, 0.3629, 0.0816, 0.158, 0.2771]",Fair,"alpha=2.0,eps=0.02",OK,"[0.1208, 0.3626, 0.0815, 0.1583, 0.2768]",0.0007207128777611504,0.0006495382281692716,,,,reward missing
dirichlet_43,"[0.1204, 0.3629, 0.0816, 0.158, 0.2771]",Fair,"alpha=2.0,eps=0.05",OK,"[0.1215, 0.3621, 0.0814, 0.1587, 0.2763]",0.001801782021675661,0.0016238454124306982,,,,reward missing
dirichlet_43,"[0.1204, 0.3629, 0.0816, 0.158, 0.2771]",Fair,"alpha=2.0,eps=0.1",OK,"[0.1227, 0.3612, 0.0812, 0.1594, 0.2755]",0.00360356437476918,0.003247691128041813,,,,reward missing
dirichlet_44,"[0.3035, 0.0972, 0.0438, 0.5027, 0.0528]",Avg,rho=0.5,OK,"[0.3017, 0.0, 0.0, 0.6983, 0.0]",0.22899445488664796,0.2062181700442517,,,,reward missing
dirichlet_44,"[0.3035, 0.0972, 0.0438, 0.5027, 0.0528]",Cert,,FLOOR_COLLAPSED,"[0.3035, 0.0972, 0.0438, 0.5027, 0.0528]",0.0,0.0,,,,"certificate: lambda = p, Delta = 0 by construction"
dirichlet_44,"[0.3035, 0.0972, 0.0438, 0.5027, 0.0528]",MaxMin,c=0.0,INFEASIBLE_BALL_MISSES_SIMPLEX,,,,,,,INFEASIBLE_BALL_MISSES_SIMPLEX
dirichlet_44,"[0.3035, 0.0972, 0.0438, 0.5027, 0.0528]",MaxMin,c=0.25,INFEASIBLE_BALL_MISSES_SIMPLEX,,,,,,,INFEASIBLE_BALL_MISSES_SIMPLEX
dirichlet_44,"[0.3035, 0.0972, 0.0438, 0.5027, 0.0528]",MaxMin,c=0.5,OK,"[0.3054, 0.0323, 0.0, 0.6623, 0.0]",0.18551302038267878,0.16675094820439865,,,,reward missing
dirichlet_44,"[0.3035, 0.0972, 0.0438, 0.5027, 0.0528]",MaxMin,c=0.75,OK,"[0.279, 0.0752, 0.0196, 0.5973, 0.0288]",0.10584978714161528,0.09476323018122819,,,,reward missing
dirichlet_44,"[0.3035, 0.0972, 0.0438, 0.5027, 0.0528]",MaxMin,c=0.9,OK,"[0.2942, 0.0889, 0.0346, 0.5385, 0.0437]",0.040079333207419826,0.03588148054717864,,,,reward missing
dirichlet_44,"[0.3035, 0.0972, 0.0438, 0.5027, 0.0528]",MaxMin,c=1.0,OK,"[0.3035, 0.0972, 0.0438, 0.5027, 0.0528]",0.0,0.0,,,,reward missing
dirichlet_44,"[0.3035, 0.0972, 0.0438, 0.5027, 0.0528]",Fair,"alpha=0.0,eps=0.02",OK,"[0.4077, 0.0729, 0.0176, 0.4759, 0.0259]",0.11653812337110386,0.10400300251814026,,,,reward missing
dirichlet_44,"[0.3035, 0.0972, 0.0438, 0.5027, 0.0528]",Fair,"alpha=0.0,eps=0.05",OK,"[0.5276, 0.0361, 0.0, 0.4363, 0.0]",0.25115645042877127,0.2242472500864581,,,,reward missing
dirichlet_44,"[0.3035, 0.0972, 0.0438, 0.5027, 0.0528]",Fair,"alpha=0.0,eps=0.1",OK,"[0.6279, 0.0, 0.0, 0.3721, 0.0]",0.3694280168347883,0.3298985055643873,,,,reward missing
dirichlet_44,"[0.3035, 0.0972, 0.0438, 0.5027, 0.0528]",Fair,"alpha=1.0,eps=0.02",OK,"[0.3044, 0.0966, 0.0436, 0.5033, 0.0522]",0.0014442341890763708,0.0013015246563264896,,,,reward missing
dirichlet_44,"[0.3035, 0.0972, 0.0438, 0.5027, 0.0528]",Fair,"alpha=1.0,eps=0.05",OK,"[0.3058, 0.0955, 0.0434, 0.5041, 0.0512]",0.0036105867932680804,0.003253812833399353,,,,reward missing
dirichlet_44,"[0.3035, 0.0972, 0.0438, 0.5027, 0.0528]",Fair,"alpha=1.0,eps=0.1",OK,"[0.3081, 0.0938, 0.0429, 0.5055, 0.0496]",0.00722117268430609,0.006507624842223729,,,,reward missing
dirichlet_44,"[0.3035, 0.0972, 0.0438, 0.5027, 0.0528]",Fair,"alpha=2.0,eps=0.02",OK,"[0.3039, 0.0969, 0.0437, 0.503, 0.0525]",0.0007207128770676784,0.0006495382275357076,,,,reward missing
dirichlet_44,"[0.3035, 0.0972, 0.0438, 0.5027, 0.0528]",Fair,"alpha=2.0,eps=0.05",OK,"[0.3046, 0.0964, 0.0436, 0.5034, 0.052]",0.001801782191692967,0.0016238455680136733,,,,reward missing
dirichlet_44,"[0.3035, 0.0972, 0.0438, 0.5027, 0.0528]",Fair,"alpha=2.0,eps=0.1",OK,"[0.3058, 0.0955, 0.0434, 0.5041, 0.0512]",0.003603564378809381,0.0032476911319920484,,,,reward missing
dirichlet_45,"[0.1664, 0.0448, 0.4767, 0.1724, 0.1397]",Avg,rho=0.5,OK,"[0.1121, 0.0, 0.7213, 0.1217, 0.045]",0.27619878951346155,0.2502028282369958,,,,reward missing
dirichlet_45,"[0.1664, 0.0448, 0.4767, 0.1724, 0.1397]",Cert,,FLOOR_COLLAPSED,"[0.1664, 0.0448, 0.4767, 0.1724, 0.1397]",7.376145397762941e-17,9.18337809093478e-17,,,,"certificate: lambda = p, Delta = 0 by construction"
dirichlet_45,"[0.1664, 0.0448, 0.4767, 0.1724, 0.1397]",MaxMin,c=0.0,INFEASIBLE_BALL_MISSES_SIMPLEX,,,,,,,INFEASIBLE_BALL_MISSES_SIMPLEX
dirichlet_45,"[0.1664, 0.0448, 0.4767, 0.1724, 0.1397]",MaxMin,c=0.25,INFEASIBLE_BALL_MISSES_SIMPLEX,,,,,,,INFEASIBLE_BALL_MISSES_SIMPLEX
dirichlet_45,"[0.1664, 0.0448, 0.4767, 0.1724, 0.1397]",MaxMin,c=0.5,OK,"[0.1314, 0.0085, 0.6137, 0.1369, 0.1095]",0.1532019398080386,0.13805406252828906,,,,reward missing
dirichlet_45,"[0.1664, 0.0448, 0.4767, 0.1724, 0.1397]",MaxMin,c=0.75,OK,"[0.1498, 0.0276, 0.5416, 0.1556, 0.1254]",0.07252214777348961,0.06535150361641713,,,,reward missing
dirichlet_45,"[0.1664, 0.0448, 0.4767, 0.1724, 0.1397]",MaxMin,c=0.9,OK,"[0.1599, 0.038, 0.5023, 0.1658, 0.1341]",0.028561814937672517,0.02573775887085711,,,,reward missing
dirichlet_45,"[0.1664, 0.0448, 0.4767, 0.1724, 0.1397]",MaxMin,c=1.0,OK,"[0.1664, 0.0448, 0.4767, 0.1724, 0.1397]",7.376145397762941e-17,9.18337809093478e-17,,,,reward missing
dirichlet_45,"[0.1664, 0.0448, 0.4767, 0.1724, 0.1397]",Fair,"alpha=0.0,eps=0.02",OK,"[0.2707, 0.0204, 0.4506, 0.1456, 0.1127]",0.11653812337110381,0.10400300251814022,,,,reward missing
dirichlet_45,"[0.1664, 0.0448, 0.4767, 0.1724, 0.1397]",Fair,"alpha=0.0,eps=0.05",OK,"[0.4097, 0.0, 0.4115, 0.1061, 0.0728]",0.272619909140594,0.2430968927803189,,,,reward missing
dirichlet_45,"[0.1664, 0.0448, 0.4767, 0.1724, 0.1397]",Fair,"alpha=0.0,eps=0.1",OK,"[0.6051, 0.0, 0.3465, 0.0413, 0.007]",0.4961739256803058,0.441928484460685,,,,reward missing
dirichlet_45,"[0.1664, 0.0448, 0.4767, 0.1724, 0.1397]",Fair,"alpha=1.0,eps=0.02",OK,"[0.1674, 0.0441, 0.4766, 0.1729, 0.139]",0.0014442341890763752,0.0013015246563264976,,,,reward missing
dirichlet_45,"[0.1664, 0.0448, 0.4767, 0.1724, 0.1397]",Fair,"alpha=1.0,eps=0.05",OK,"[0.1687, 0.0431, 0.4763, 0.1738, 0.1381]",0.0036105864805173376,0.0032538125481716847,,,,reward missing
dirichlet_45,"[0.1664, 0.0448, 0.4767, 0.1724, 0.1397]",Fair,"alpha=1.0,eps=0.1",OK,"[0.1711, 0.0413, 0.4759, 0.1752, 0.1365]",0.007221173071592012,0.006507625208506337,,,,reward missing
dirichlet_45,"[0.1664, 0.0448, 0.4767, 0.1724, 0.1397]",Fair,"alpha=2.0,eps=0.02",OK,"[0.1669, 0.0444, 0.4767, 0.1727, 0.1394]",0.0007207128770676611,0.0006495382275356936,,,,reward missing
dirichlet_45,"[0.1664, 0.0448, 0.4767, 0.1724, 0.1397]",Fair,"alpha=2.0,eps=0.05",OK,"[0.1676, 0.0439, 0.4765, 0.1731, 0.1389]",0.0018017821948959189,0.0016238455709313272,,,,reward missing
dirichlet_45,"[0.1664, 0.0448, 0.4767, 0.1724, 0.1397]",Fair,"alpha=2.0,eps=0.1",OK,"[0.1687, 0.043, 0.4763, 0.1738, 0.1381]",0.00360356431554254,0.0032476910750528954,,,,reward missing
dirichlet_46,"[0.0977, 0.2553, 0.1321, 0.2049, 0.3099]",Avg,rho=0.5,OK,"[0.0027, 0.3049, 0.0632, 0.2144, 0.4147]",0.16524632564309474,0.1493378604561778,,,,reward missing
dirichlet_46,"[0.0977, 0.2553, 0.1321, 0.2049, 0.3099]",Cert,,FLOOR_COLLAPSED,"[0.0977, 0.2553, 0.1321, 0.2049, 0.3099]",0.0,0.0,,,,"certificate: lambda = p, Delta = 0 by construction"
dirichlet_46,"[0.0977, 0.2553, 0.1321, 0.2049, 0.3099]",MaxMin,c=0.0,OK_EXACT_D0,"[0.0221, 0.2959, 0.0742, 0.2115, 0.3963]",0.13499238568444777,0.1220531083437313,,,,reward missing
dirichlet_46,"[0.0977, 0.2553, 0.1321, 0.2049, 0.3099]",MaxMin,c=0.25,OK,"[0.0473, 0.2839, 0.0845, 0.2001, 0.3843]",0.10575703977194537,0.09585954368001375,,,,reward missing
dirichlet_46,"[0.0977, 0.2553, 0.1321, 0.2049, 0.3099]",MaxMin,c=0.5,OK,"[0.0665, 0.271, 0.1032, 0.1878, 0.3714]",0.07826901305041663,0.07099326491756341,,,,reward missing
dirichlet_46,"[0.0977, 0.2553, 0.1321, 0.2049, 0.3099]",MaxMin,c=0.75,OK,"[0.0843, 0.2515, 0.1204, 0.1918, 0.352]",0.04773565810317957,0.04324881039029003,,,,reward missing
dirichlet_46,"[0.0977, 0.2553, 0.1321, 0.2049, 0.3099]",MaxMin,c=0.9,OK,"[0.093, 0.2509, 0.1282, 0.2003, 0.3277]",0.019902822370236186,0.018027624385076237,,,,reward missing
dirichlet_46,"[0.0977, 0.2553, 0.1321, 0.2049, 0.3099]",MaxMin,c=1.0,OK,"[0.0977, 0.2553, 0.1321, 0.2049, 0.3099]",0.0,0.0,,,,reward missing
dirichlet_46,"[0.0977, 0.2553, 0.1321, 0.2049, 0.3099]",Fair,"alpha=0.0,eps=0.02",OK,"[0.2019, 0.231, 0.106, 0.1781, 0.283]",0.1165381233711038,0.10400300251814022,,,,reward missing
dirichlet_46,"[0.0977, 0.2553, 0.1321, 0.2049, 0.3099]",Fair,"alpha=0.0,eps=0.05",OK,"[0.3583, 0.1944, 0.0668, 0.138, 0.2426]",0.29134530842775946,0.2600075062953506,,,,reward missing
dirichlet_46,"[0.0977, 0.2553, 0.1321, 0.2049, 0.3099]",Fair,"alpha=0.0,eps=0.1",OK,"[0.6188, 0.1335, 0.0014, 0.0711, 0.1752]",0.5826906168555189,0.5200150125907012,,,,reward missing
dirichlet_46,"[0.0977, 0.2553, 0.1321, 0.2049, 0.3099]",Fair,"alpha=1.0,eps=0.02",OK,"[0.0986, 0.2547, 0.132, 0.2054, 0.3093]",0.0014442341890763407,0.0013015246563264642,,,,reward missing
dirichlet_46,"[0.0977, 0.2553, 0.1321, 0.2049, 0.3099]",Fair,"alpha=1.0,eps=0.05",OK,"[0.1, 0.2536, 0.1317, 0.2063, 0.3083]",0.0036105864035696294,0.003253812483466076,,,,reward missing
dirichlet_46,"[0.0977, 0.2553, 0.1321, 0.2049, 0.3099]",Fair,"alpha=1.0,eps=0.1",OK,"[0.1023, 0.2519, 0.1313, 0.2077, 0.3067]",0.007221173474382548,0.0065076255675131,,,,reward missing
dirichlet_46,"[0.0977, 0.2553, 0.1321, 0.2049, 0.3099]",Fair,"alpha=2.0,eps=0.02",OK,"[0.0982, 0.255, 0.1321, 0.2052, 0.3096]",0.0007207129629370663,0.0006495383042778918,,,,reward missing
dirichlet_46,"[0.0977, 0.2553, 0.1321, 0.2049, 0.3099]",Fair,"alpha=2.0,eps=0.05",OK,"[0.0989, 0.2545, 0.1319, 0.2056, 0.3091]",0.0018017821942524256,0.001623845570469184,,,,reward missing
dirichlet_46,"[0.0977, 0.2553, 0.1321, 0.2049, 0.3099]",Fair,"alpha=2.0,eps=0.1",OK,"[0.1, 0.2536, 0.1317, 0.2063, 0.3083]",0.0036035643953147545,0.003247691146720283,,,,reward missing
dirichlet_47,"[0.019, 0.2165, 0.118, 0.144, 0.5025]",Avg,rho=0.5,OK,"[0.0, 0.1898, 0.0, 0.0516, 0.7586]",0.2985592731442491,0.2718649713239876,,,,reward missing
dirichlet_47,"[0.019, 0.2165, 0.118, 0.144, 0.5025]",Cert,,FLOOR_COLLAPSED,"[0.019, 0.2165, 0.118, 0.144, 0.5025]",0.0,0.0,,,,"certificate: lambda = p, Delta = 0 by construction"
dirichlet_47,"[0.019, 0.2165, 0.118, 0.144, 0.5025]",MaxMin,c=0.0,INFEASIBLE_BALL_MISSES_SIMPLEX,,,,,,,INFEASIBLE_BALL_MISSES_SIMPLEX
dirichlet_47,"[0.019, 0.2165, 0.118, 0.144, 0.5025]",MaxMin,c=0.25,INFEASIBLE_BALL_MISSES_SIMPLEX,,,,,,,INFEASIBLE_BALL_MISSES_SIMPLEX
dirichlet_47,"[0.019, 0.2165, 0.118, 0.144, 0.5025]",MaxMin,c=0.5,OK,"[0.0, 0.1687, 0.0634, 0.0824, 0.6855]",0.20715714480696898,0.18813988387000316,,,,reward missing
dirichlet_47,"[0.019, 0.2165, 0.118, 0.144, 0.5025]",MaxMin,c=0.75,OK,"[0.0, 0.1985, 0.1019, 0.1253, 0.5742]",0.08024821615722048,0.0726902948458666,,,,reward missing
dirichlet_47,"[0.019, 0.2165, 0.118, 0.144, 0.5025]",MaxMin,c=0.9,OK,"[0.0114, 0.2095, 0.1117, 0.1367, 0.5307]",0.03151864314289825,0.02854902933551559,,,,reward missing
dirichlet_47,"[0.019, 0.2165, 0.118, 0.144, 0.5025]",MaxMin,c=1.0,OK,"[0.019, 0.2165, 0.118, 0.144, 0.5025]",0.0,0.0,,,,reward missing
dirichlet_47,"[0.019, 0.2165, 0.118, 0.144, 0.5025]",Fair,"alpha=0.0,eps=0.02",OK,"[0.1232, 0.1922, 0.0918, 0.1173, 0.4756]",0.1165381233711038,0.10400300251814022,,,,reward missing
dirichlet_47,"[0.019, 0.2165, 0.118, 0.144, 0.5025]",Fair,"alpha=0.0,eps=0.05",OK,"[0.2795, 0.1556, 0.0526, 0.0771, 0.4351]",0.29134530842775946,0.2600075062953506,,,,reward missing
dirichlet_47,"[0.019, 0.2165, 0.118, 0.144, 0.5025]",Fair,"alpha=0.0,eps=0.1",OK,"[0.5267, 0.0946, 0.0, 0.0104, 0.3683]",0.567864211654565,0.5067979324577385,,,,reward missing
dirichlet_47,"[0.019, 0.2165, 0.118, 0.144, 0.5025]",Fair,"alpha=1.0,eps=0.02",OK,"[0.0199, 0.2159, 0.1178, 0.1446, 0.5019]",0.0014442347420671746,0.0013015251518182418,,,,reward missing
dirichlet_47,"[0.019, 0.2165, 0.118, 0.144, 0.5025]",Fair,"alpha=1.0,eps=0.05",OK,"[0.0213, 0.2148, 0.1176, 0.1454, 0.5009]",0.003610586435485513,0.003253812511749435,,,,reward missing
dirichlet_47,"[0.019, 0.2165, 0.118, 0.144, 0.5025]",Fair,"alpha=1.0,eps=0.1",OK,"[0.0236, 0.2131, 0.1172, 0.1468, 0.4993]",0.007221173661163379,0.006507625738103479,,,,reward missing
dirichlet_47,"[0.019, 0.2165, 0.118, 0.144, 0.5025]",Fair,"alpha=2.0,eps=0.02",OK,"[0.0194, 0.2162, 0.1179, 0.1443, 0.5022]",0.0007207128904084831,0.0006495382397409333,,,,reward missing
dirichlet_47,"[0.019, 0.2165, 0.118, 0.144, 0.5025]",Fair,"alpha=2.0,eps=0.05",OK,"[0.0201, 0.2157, 0.1178, 0.1447, 0.5017]",0.0018017820216756743,0.0016238454124307103,,,,reward missing
dirichlet_47,"[0.019, 0.2165, 0.118, 0.144, 0.5025]",Fair,"alpha=2.0,eps=0.1",OK,"[0.0213, 0.2148, 0.1176, 0.1454, 0.5009]",0.003603563784098223,0.003247690589074545,,,,reward missing
dirichlet_48,"[0.2279, 0.4868, 0.0994, 0.0841, 0.1019]",Avg,rho=0.5,OK,"[0.2471, 0.7529, 0.0, 0.0, 0.0]",0.313872284017954,0.28341834420196077,,,,reward missing
dirichlet_48,"[0.2279, 0.4868, 0.0994, 0.0841, 0.1019]",Cert,,FLOOR_COLLAPSED,"[0.2279, 0.4868, 0.0994, 0.0841, 0.1019]",0.0,0.0,,,,"certificate: lambda = p, Delta = 0 by construction"
dirichlet_48,"[0.2279, 0.4868, 0.0994, 0.0841, 0.1019]",MaxMin,c=0.0,INFEASIBLE_BALL_MISSES_SIMPLEX,,,,,,,INFEASIBLE_BALL_MISSES_SIMPLEX
dirichlet_48,"[0.2279, 0.4868, 0.0994, 0.0841, 0.1019]",MaxMin,c=0.25,OK,"[0.2158, 0.6792, 0.0364, 0.0267, 0.0419]",0.2191592617833756,0.1983850454369026,,,,reward missing
dirichlet_48,"[0.2279, 0.4868, 0.0994, 0.0841, 0.1019]",MaxMin,c=0.5,OK,"[0.1941, 0.6264, 0.062, 0.0507, 0.0668]",0.156182010293043,0.14168562510702518,,,,reward missing
dirichlet_48,"[0.2279, 0.4868, 0.0994, 0.0841, 0.1019]",MaxMin,c=0.75,OK,"[0.2118, 0.5531, 0.0816, 0.0682, 0.0852]",0.07421091385420853,0.06732286067690278,,,,reward missing
dirichlet_48,"[0.2279, 0.4868, 0.0994, 0.0841, 0.1019]",MaxMin,c=0.9,OK,"[0.2215, 0.5129, 0.0924, 0.0778, 0.0953]",0.029253410736923044,0.026538189507208113,,,,reward missing
dirichlet_48,"[0.2279, 0.4868, 0.0994, 0.0841, 0.1019]",MaxMin,c=1.0,OK,"[0.2279, 0.4868, 0.0994, 0.0841, 0.1019]",0.0,0.0,,,,reward missing
dirichlet_48,"[0.2279, 0.4868, 0.0994, 0.0841, 0.1019]",Fair,"alpha=0.0,eps=0.02",OK,"[0.3321, 0.4624, 0.0732, 0.0573, 0.0749]",0.11653812337110382,0.10400300251814026,,,,reward missing
dirichlet_48,"[0.2279, 0.4868, 0.0994, 0.0841, 0.1019]",Fair,"alpha=0.0,eps=0.05",OK,"[0.4884, 0.4259, 0.034, 0.0172, 0.0345]",0.2913453084277596,0.26000750629535063,,,,reward missing
dirichlet_48,"[0.2279, 0.4868, 0.0994, 0.0841, 0.1019]",Fair,"alpha=0.0,eps=0.1",OK,"[0.635, 0.365, 0.0, 0.0, 0.0]",0.4560522989705553,0.40751511416006875,,,,reward missing
dirichlet_48,"[0.2279, 0.4868, 0.0994, 0.0841, 0.1019]",Fair,"alpha=1.0,eps=0.02",OK,"[0.2288, 0.4861, 0.0992, 0.0847, 0.1012]",0.0014442347414071832,0.0013015251548549563,,,,reward missing
dirichlet_48,"[0.2279, 0.4868, 0.0994, 0.0841, 0.1019]",Fair,"alpha=1.0,eps=0.05",OK,"[0.2302, 0.4851, 0.099, 0.0855, 0.1003]",0.0036105868409052645,0.0032538128764079133,,,,reward missing
dirichlet_48,"[0.2279, 0.4868, 0.0994, 0.0841, 0.1019]",Fair,"alpha=1.0,eps=0.1",OK,"[0.2325, 0.4834, 0.0986, 0.0869, 0.0986]",0.00722117381947309,0.006507625874011955,,,,reward missing
dirichlet_48,"[0.2279, 0.4868, 0.0994, 0.0841, 0.1019]",Fair,"alpha=2.0,eps=0.02",OK,"[0.2283, 0.4864, 0.0993, 0.0844, 0.1016]",0.0007207128770676478,0.0006495382275356798,,,,reward missing
dirichlet_48,"[0.2279, 0.4868, 0.0994, 0.0841, 0.1019]",Fair,"alpha=2.0,eps=0.05",OK,"[0.229, 0.4859, 0.0992, 0.0848, 0.1011]",0.0018017820216756414,0.0016238454124306808,,,,reward missing
dirichlet_48,"[0.2279, 0.4868, 0.0994, 0.0841, 0.1019]",Fair,"alpha=2.0,eps=0.1",OK,"[0.2302, 0.4851, 0.099, 0.0855, 0.1003]",0.003603564368299167,0.0032476911236309185,,,,reward missing
dirichlet_49,"[0.5176, 0.0492, 0.2561, 0.1289, 0.0481]",Avg,rho=0.5,OK,"[0.7644, 0.0, 0.2356, 0.0, 0.0]",0.28750970346979343,0.25631841764742946,,,,reward missing
dirichlet_49,"[0.5176, 0.0492, 0.2561, 0.1289, 0.0481]",Cert,,FLOOR_COLLAPSED,"[0.5176, 0.0492, 0.2561, 0.1289, 0.0481]",1.2869730969111293e-16,1.5145101647125043e-16,,,,"certificate: lambda = p, Delta = 0 by construction"
dirichlet_49,"[0.5176, 0.0492, 0.2561, 0.1289, 0.0481]",MaxMin,c=0.0,INFEASIBLE_BALL_MISSES_SIMPLEX,,,,,,,INFEASIBLE_BALL_MISSES_SIMPLEX
dirichlet_49,"[0.5176, 0.0492, 0.2561, 0.1289, 0.0481]",MaxMin,c=0.25,INFEASIBLE_BALL_MISSES_SIMPLEX,,,,,,,INFEASIBLE_BALL_MISSES_SIMPLEX
dirichlet_49,"[0.5176, 0.0492, 0.2561, 0.1289, 0.0481]",MaxMin,c=0.5,OK,"[0.6954, 0.0019, 0.2251, 0.0775, 0.0]",0.19937129603942783,0.1779728326927795,,,,reward missing
dirichlet_49,"[0.5176, 0.0492, 0.2561, 0.1289, 0.0481]",MaxMin,c=0.75,OK,"[0.6033, 0.0292, 0.2346, 0.1069, 0.0259]",0.09582367666717832,0.0855166515250846,,,,reward missing
dirichlet_49,"[0.5176, 0.0492, 0.2561, 0.1289, 0.0481]",MaxMin,c=0.9,OK,"[0.5508, 0.0414, 0.2478, 0.1204, 0.0395]",0.03711684122799671,0.033124464510279936,,,,reward missing
dirichlet_49,"[0.5176, 0.0492, 0.2561, 0.1289, 0.0481]",MaxMin,c=1.0,OK,"[0.5176, 0.0492, 0.2561, 0.1289, 0.0481]",1.2869730969111293e-16,1.5145101647125043e-16,,,,reward missing
dirichlet_49,"[0.5176, 0.0492, 0.2561, 0.1289, 0.0481]",Fair,"alpha=0.0,eps=0.02",OK,"[0.6219, 0.0248, 0.23, 0.1022, 0.0212]",0.11653812337110368,0.10400300251814013,,,,reward missing
dirichlet_49,"[0.5176, 0.0492, 0.2561, 0.1289, 0.0481]",Fair,"alpha=0.0,eps=0.05",OK,"[0.7456, 0.0, 0.1916, 0.0628, 0.0]",0.25544959453605665,0.22796303747613567,,,,reward missing
dirichlet_49,"[0.5176, 0.0492, 0.2561, 0.1289, 0.0481]",Fair,"alpha=0.0,eps=0.1",OK,"[0.8707, 0.0, 0.1293, 0.0, 0.0]",0.40258376575614996,0.35914727890083625,,,,reward missing
dirichlet_49,"[0.5176, 0.0492, 0.2561, 0.1289, 0.0481]",Fair,"alpha=1.0,eps=0.02",OK,"[0.5186, 0.0485, 0.256, 0.1295, 0.0474]",0.0014442347602853793,0.0013015251717769646,,,,reward missing
dirichlet_49,"[0.5176, 0.0492, 0.2561, 0.1289, 0.0481]",Fair,"alpha=1.0,eps=0.05",OK,"[0.52, 0.0475, 0.2557, 0.1303, 0.0465]",0.003610586854718198,0.0032538128957529,,,,reward missing
dirichlet_49,"[0.5176, 0.0492, 0.2561, 0.1289, 0.0481]",Fair,"alpha=1.0,eps=0.1",OK,"[0.5223, 0.0458, 0.2553, 0.1318, 0.0449]",0.007221173232253547,0.006507625349496849,,,,reward missing
dirichlet_49,"[0.5176, 0.0492, 0.2561, 0.1289, 0.0481]",Fair,"alpha=2.0,eps=0.02",OK,"[0.5181, 0.0489, 0.256, 0.1292, 0.0478]",0.0007207128768612829,0.0006495382273453654,,,,reward missing
dirichlet_49,"[0.5176, 0.0492, 0.2561, 0.1289, 0.0481]",Fair,"alpha=2.0,eps=0.05",OK,"[0.5188, 0.0484, 0.2559, 0.1296, 0.0473]",0.0018017822236989882,0.0016238455972470596,,,,reward missing
dirichlet_49,"[0.5176, 0.0492, 0.2561, 0.1289, 0.0481]",Fair,"alpha=2.0,eps=0.1",OK,"[0.5199, 0.0475, 0.2557, 0.1303, 0.0465]",0.0036035644090865035,0.003247691157798362,,,,reward missing
dirichlet_50,"[0.08, 0.0915, 0.7193, 0.0405, 0.0687]",Avg,rho=0.5,OK,"[0.0, 0.0, 1.0, 0.0, 0.0]",0.31607148609685687,0.28495885456218545,,0.6303319447697466,,
dirichlet_50,"[0.08, 0.0915, 0.7193, 0.0405, 0.0687]",Cert,,FLOOR_COLLAPSED,"[0.08, 0.0915, 0.7193, 0.0405, 0.0687]",1.138063217752167e-16,1.2363168788856992e-16,,,,"certificate: lambda = p, Delta = 0 by construction"
dirichlet_50,"[0.08, 0.0915, 0.7193, 0.0405, 0.0687]",MaxMin,c=0.0,INFEASIBLE_BALL_MISSES_SIMPLEX,,,,,,,INFEASIBLE_BALL_MISSES_SIMPLEX
dirichlet_50,"[0.08, 0.0915, 0.7193, 0.0405, 0.0687]",MaxMin,c=0.25,INFEASIBLE_BALL_MISSES_SIMPLEX,,,,,,,INFEASIBLE_BALL_MISSES_SIMPLEX
dirichlet_50,"[0.08, 0.0915, 0.7193, 0.0405, 0.0687]",MaxMin,c=0.5,OK,"[0.0196, 0.0296, 0.9348, 0.0, 0.0161]",0.24147311791051537,0.21773601243708587,,,,reward missing
dirichlet_50,"[0.08, 0.0915, 0.7193, 0.0405, 0.0687]",MaxMin,c=0.75,OK,"[0.0527, 0.0633, 0.8259, 0.0129, 0.0452]",0.11923121395616691,0.10744220006256602,,,,reward missing
dirichlet_50,"[0.08, 0.0915, 0.7193, 0.0405, 0.0687]",MaxMin,c=0.9,OK,"[0.0691, 0.0802, 0.7619, 0.0295, 0.0593]",0.04764355799322446,0.042932790162501955,,,,reward missing
dirichlet_50,"[0.08, 0.0915, 0.7193, 0.0405, 0.0687]",MaxMin,c=1.0,OK,"[0.08, 0.0915, 0.7193, 0.0405, 0.0687]",1.138063217752167e-16,1.2363168788856992e-16,,,,reward missing
dirichlet_50,"[0.08, 0.0915, 0.7193, 0.0405, 0.0687]",Fair,"alpha=0.0,eps=0.02",OK,"[0.1842, 0.0671, 0.6932, 0.0138, 0.0417]",0.11653812337110382,0.10400300251814025,,,,reward missing
dirichlet_50,"[0.08, 0.0915, 0.7193, 0.0405, 0.0687]",Fair,"alpha=0.0,eps=0.05",OK,"[0.3138, 0.0307, 0.654, 0.0, 0.0015]",0.2622932325156272,0.2342219468492902,,,,reward missing
dirichlet_50,"[0.08, 0.0915, 0.7193, 0.0405, 0.0687]",Fair,"alpha=0.0,eps=0.1",OK,"[0.4085, 0.0, 0.5915, 0.0, 0.0]",0.3728457401730284,0.33338331063155763,,,,reward missing
dirichlet_50,"[0.08, 0.0915, 0.7193, 0.0405, 0.0687]",Fair,"alpha=1.0,eps=0.02",OK,"[0.0809, 0.0908, 0.7192, 0.0411, 0.068]",0.0014442341890763474,0.001301524656326472,,,,reward missing
dirichlet_50,"[0.08, 0.0915, 0.7193, 0.0405, 0.0687]",Fair,"alpha=1.0,eps=0.05",OK,"[0.0823, 0.0898, 0.7189, 0.0419, 0.0671]",0.0036105867370943893,0.0032538127831056793,,,,reward missing
dirichlet_50,"[0.08, 0.0915, 0.7193, 0.0405, 0.0687]",Fair,"alpha=1.0,eps=0.1",OK,"[0.0846, 0.0881, 0.7185, 0.0433, 0.0654]",0.007221173669247931,0.006507625742434296,,,,reward missing
dirichlet_50,"[0.08, 0.0915, 0.7193, 0.0405, 0.0687]",Fair,"alpha=2.0,eps=0.02",OK,"[0.0805, 0.0911, 0.7192, 0.0408, 0.0684]",0.0007207128527669807,0.0006495382054995969,,,,reward missing
dirichlet_50,"[0.08, 0.0915, 0.7193, 0.0405, 0.0687]",Fair,"alpha=2.0,eps=0.05",OK,"[0.0812, 0.0906, 0.7191, 0.0412, 0.0679]",0.001801782259122206,0.0016238456283901887,,,,reward missing
dirichlet_50,"[0.08, 0.0915, 0.7193, 0.0405, 0.0687]",Fair,"alpha=2.0,eps=0.1",OK,"[0.0823, 0.0898, 0.7189, 0.0419, 0.0671]",0.003603564340376176,0.0032476910964503104,,,,reward missing
dirichlet_51,"[0.1009, 0.2665, 0.0625, 0.1646, 0.4055]",Avg,rho=0.5,OK,"[0.0, 0.3038, 0.0, 0.1106, 0.5856]",0.22545072465524663,0.2040217118717649,,,,reward missing
dirichlet_51,"[0.1009, 0.2665, 0.0625, 0.1646, 0.4055]",Cert,,FLOOR_COLLAPSED,"[0.1009, 0.2665, 0.0625, 0.1646, 0.4055]",1.3092278833360675e-16,1.5579570559137058e-16,,,,"certificate: lambda = p, Delta = 0 by construction"
dirichlet_51,"[0.1009, 0.2665, 0.0625, 0.1646, 0.4055]",MaxMin,c=0.0,INFEASIBLE_BALL_MISSES_SIMPLEX,,,,,,,INFEASIBLE_BALL_MISSES_SIMPLEX
dirichlet_51,"[0.1009, 0.2665, 0.0625, 0.1646, 0.4055]",MaxMin,c=0.25,INFEASIBLE_BALL_MISSES_SIMPLEX,,,,,,,INFEASIBLE_BALL_MISSES_SIMPLEX
dirichlet_51,"[0.1009, 0.2665, 0.0625, 0.1646, 0.4055]",MaxMin,c=0.5,OK,"[0.0601, 0.2666, 0.0262, 0.1247, 0.5224]",0.13504718688924672,0.12237483245235234,,,,reward missing
dirichlet_51,"[0.1009, 0.2665, 0.0625, 0.1646, 0.4055]",MaxMin,c=0.75,OK,"[0.0835, 0.2501, 0.0479, 0.1476, 0.471]",0.07331241171911272,0.06640508550248105,,,,reward missing
dirichlet_51,"[0.1009, 0.2665, 0.0625, 0.1646, 0.4055]",MaxMin,c=0.9,OK,"[0.0944, 0.2603, 0.057, 0.1582, 0.4302]",0.027602169246494404,0.02500155656984841,,,,reward missing
dirichlet_51,"[0.1009, 0.2665, 0.0625, 0.1646, 0.4055]",MaxMin,c=1.0,OK,"[0.1009, 0.2665, 0.0625, 0.1646, 0.4055]",1.3092278833360675e-16,1.5579570559137058e-16,,,,reward missing
dirichlet_51,"[0.1009, 0.2665, 0.0625, 0.1646, 0.4055]",Fair,"alpha=0.0,eps=0.02",OK,"[0.2052, 0.2421, 0.0363, 0.1378, 0.3785]",0.11653812337110381,0.10400300251814024,,,,reward missing
dirichlet_51,"[0.1009, 0.2665, 0.0625, 0.1646, 0.4055]",Fair,"alpha=0.0,eps=0.05",OK,"[0.3585, 0.2056, 0.0, 0.0977, 0.3383]",0.28795178243447694,0.2569820621445563,,,,reward missing
dirichlet_51,"[0.1009, 0.2665, 0.0625, 0.1646, 0.4055]",Fair,"alpha=0.0,eps=0.1",OK,"[0.5508, 0.1438, 0.0, 0.0316, 0.2737]",0.5063721179836213,0.45203668612506537,,,,reward missing
dirichlet_51,"[0.1009, 0.2665, 0.0625, 0.1646, 0.4055]",Fair,"alpha=1.0,eps=0.02",OK,"[0.1019, 0.2658, 0.0623, 0.1652, 0.4048]",0.001444234757921834,0.001301525172378177,,,,reward missing
dirichlet_51,"[0.1009, 0.2665, 0.0625, 0.1646, 0.4055]",Fair,"alpha=1.0,eps=0.05",OK,"[0.1033, 0.2648, 0.0621, 0.166, 0.4039]",0.0036105869911136922,0.003253813022412516,,,,reward missing
dirichlet_51,"[0.1009, 0.2665, 0.0625, 0.1646, 0.4055]",Fair,"alpha=1.0,eps=0.1",OK,"[0.1056, 0.2631, 0.0617, 0.1674, 0.4022]",0.007221173679952095,0.006507625752184572,,,,reward missing
dirichlet_51,"[0.1009, 0.2665, 0.0625, 0.1646, 0.4055]",Fair,"alpha=2.0,eps=0.02",OK,"[0.1014, 0.2662, 0.0624, 0.1649, 0.4052]",0.0007207128770677189,0.0006495382275357404,,,,reward missing
dirichlet_51,"[0.1009, 0.2665, 0.0625, 0.1646, 0.4055]",Fair,"alpha=2.0,eps=0.05",OK,"[0.1021, 0.2656, 0.0623, 0.1653, 0.4047]",0.0018017822816172684,0.0016238456470704988,,,,reward missing
dirichlet_51,"[0.1009, 0.2665, 0.0625, 0.1646, 0.4055]",Fair,"alpha=2.0,eps=0.1",OK,"[0.1032, 0.2648, 0.0621, 0.166, 0.4039]",0.0036035643296999896,0.0032476910849824074,,,,reward missing
dirichlet_52,"[0.4197, 0.1157, 0.3452, 0.0042, 0.1151]",Avg,rho=0.5,OK,"[0.578, 0.0, 0.422, 0.0, 0.0]",0.23999914945031614,0.21648884434079135,,,,reward missing
dirichlet_52,"[0.4197, 0.1157, 0.3452, 0.0042, 0.1151]",Cert,,FLOOR_COLLAPSED,"[0.4197, 0.1157, 0.3452, 0.0042, 0.1151]",0.0,0.0,,,,"certificate: lambda = p, Delta = 0 by construction"
dirichlet_52,"[0.4197, 0.1157, 0.3452, 0.0042, 0.1151]",MaxMin,c=0.0,INFEASIBLE_BALL_MISSES_SIMPLEX,,,,,,,INFEASIBLE_BALL_MISSES_SIMPLEX
dirichlet_52,"[0.4197, 0.1157, 0.3452, 0.0042, 0.1151]",MaxMin,c=0.25,INFEASIBLE_BALL_MISSES_SIMPLEX,,,,,,,INFEASIBLE_BALL_MISSES_SIMPLEX
dirichlet_52,"[0.4197, 0.1157, 0.3452, 0.0042, 0.1151]",MaxMin,c=0.5,INFEASIBLE_BALL_MISSES_SIMPLEX,,,,,,,INFEASIBLE_BALL_MISSES_SIMPLEX
dirichlet_52,"[0.4197, 0.1157, 0.3452, 0.0042, 0.1151]",MaxMin,c=0.75,OK,"[0.4968, 0.0734, 0.358, 0.0, 0.0718]",0.09888222016616449,0.08886023854367654,,,,reward missing
dirichlet_52,"[0.4197, 0.1157, 0.3452, 0.0042, 0.1151]",MaxMin,c=0.9,OK,"[0.4634, 0.1033, 0.3319, 0.0, 0.1015]",0.04946104383446536,0.04419393213582452,,,,reward missing
dirichlet_52,"[0.4197, 0.1157, 0.3452, 0.0042, 0.1151]",MaxMin,c=1.0,OK,"[0.4197, 0.1157, 0.3452, 0.0042, 0.1151]",0.0,0.0,,,,reward missing
dirichlet_52,"[0.4197, 0.1157, 0.3452, 0.0042, 0.1151]",Fair,"alpha=0.0,eps=0.02",OK,"[0.5011, 0.0914, 0.3191, 0.0, 0.0884]",0.09291889343115517,0.08305397803427984,,,,reward missing
dirichlet_52,"[0.4197, 0.1157, 0.3452, 0.0042, 0.1151]",Fair,"alpha=0.0,eps=0.05",OK,"[0.6168, 0.055, 0.2799, 0.0, 0.0483]",0.22643946143798704,0.2024490570615113,,,,reward missing
dirichlet_52,"[0.4197, 0.1157, 0.3452, 0.0042, 0.1151]",Fair,"alpha=0.0,eps=0.1",OK,"[0.7847, 0.0, 0.2153, 0.0, 0.0]",0.42038445691066095,0.37598601408789223,,,,reward missing
dirichlet_52,"[0.4197, 0.1157, 0.3452, 0.0042, 0.1151]",Fair,"alpha=1.0,eps=0.02",OK,"[0.4206, 0.115, 0.3451, 0.0048, 0.1145]",0.0014442346707304139,0.0013015250925565568,,,,reward missing
dirichlet_52,"[0.4197, 0.1157, 0.3452, 0.0042, 0.1151]",Fair,"alpha=1.0,eps=0.05",OK,"[0.422, 0.114, 0.3448, 0.0057, 0.1135]",0.0036105866241516694,0.003253812682316122,,,,reward missing
dirichlet_52,"[0.4197, 0.1157, 0.3452, 0.0042, 0.1151]",Fair,"alpha=1.0,eps=0.1",OK,"[0.4243, 0.1123, 0.3444, 0.0071, 0.1119]",0.00722117388057871,0.006507625923560807,,,,reward missing
dirichlet_52,"[0.4197, 0.1157, 0.3452, 0.0042, 0.1151]",Fair,"alpha=2.0,eps=0.02",OK,"[0.4202, 0.1153, 0.3452, 0.0045, 0.1148]",0.0007207127574981691,0.0006495381177443977,,,,reward missing
dirichlet_52,"[0.4197, 0.1157, 0.3452, 0.0042, 0.1151]",Fair,"alpha=2.0,eps=0.05",OK,"[0.4209, 0.1148, 0.345, 0.0049, 0.1143]",0.0018017821758011382,0.0016238455532622568,,,,reward missing
dirichlet_52,"[0.4197, 0.1157, 0.3452, 0.0042, 0.1151]",Fair,"alpha=2.0,eps=0.1",OK,"[0.422, 0.114, 0.3448, 0.0057, 0.1135]",0.0036035644841100694,0.0032476912242216573,,,,reward missing
dirichlet_53,"[0.0463, 0.5007, 0.0809, 0.0493, 0.3228]",Avg,rho=0.5,OK,"[0.0, 0.6788, 0.0, 0.0, 0.3212]",0.20698350328329973,0.18753216416777999,,,,reward missing
dirichlet_53,"[0.0463, 0.5007, 0.0809, 0.0493, 0.3228]",Cert,,FLOOR_COLLAPSED,"[0.0463, 0.5007, 0.0809, 0.0493, 0.3228]",1.2586013583571652e-16,1.4250341605512066e-16,,,,"certificate: lambda = p, Delta = 0 by construction"
dirichlet_53,"[0.0463, 0.5007, 0.0809, 0.0493, 0.3228]",MaxMin,c=0.0,INFEASIBLE_BALL_MISSES_SIMPLEX,,,,,,,INFEASIBLE_BALL_MISSES_SIMPLEX
dirichlet_53,"[0.0463, 0.5007, 0.0809, 0.0493, 0.3228]",MaxMin,c=0.25,INFEASIBLE_BALL_MISSES_SIMPLEX,,,,,,,INFEASIBLE_BALL_MISSES_SIMPLEX
dirichlet_53,"[0.0463, 0.5007, 0.0809, 0.0493, 0.3228]",MaxMin,c=0.5,OK,"[0.0, 0.6591, 0.0125, 0.0, 0.3284]",0.18544297074008073,0.16814165699125286,,,,reward missing
dirichlet_53,"[0.0463, 0.5007, 0.0809, 0.0493, 0.3228]",MaxMin,c=0.75,OK,"[0.023, 0.597, 0.0551, 0.0263, 0.2986]",0.10771480967421718,0.09771701691725196,,,,reward missing
dirichlet_53,"[0.0463, 0.5007, 0.0809, 0.0493, 0.3228]",MaxMin,c=0.9,OK,"[0.0375, 0.5369, 0.0712, 0.0406, 0.3137]",0.04054183973439209,0.036778857532813077,,,,reward missing
dirichlet_53,"[0.0463, 0.5007, 0.0809, 0.0493, 0.3228]",MaxMin,c=1.0,OK,"[0.0463, 0.5007, 0.0809, 0.0493, 0.3228]",1.2586013583571652e-16,1.4250341605512066e-16,,,,reward missing
dirichlet_53,"[0.0463, 0.5007, 0.0809, 0.0493, 0.3228]",Fair,"alpha=0.0,eps=0.02",OK,"[0.1505, 0.4763, 0.0548, 0.0225, 0.2959]",0.1165381233711038,0.10400300251814022,,,,reward missing
dirichlet_53,"[0.0463, 0.5007, 0.0809, 0.0493, 0.3228]",Fair,"alpha=0.0,eps=0.05",OK,"[0.289, 0.4398, 0.0155, 0.0, 0.2556]",0.2717302016826073,0.24259479000517206,,,,reward missing
dirichlet_53,"[0.0463, 0.5007, 0.0809, 0.0493, 0.3228]",Fair,"alpha=0.0,eps=0.1",OK,"[0.4305, 0.3786, 0.0, 0.0, 0.1909]",0.434571297599654,0.3884275762442603,,,,reward missing
dirichlet_53,"[0.0463, 0.5007, 0.0809, 0.0493, 0.3228]",Fair,"alpha=1.0,eps=0.02",OK,"[0.0472, 0.5, 0.0807, 0.0499, 0.3222]",0.0014442341890762902,0.0013015246563264195,,,,reward missing
dirichlet_53,"[0.0463, 0.5007, 0.0809, 0.0493, 0.3228]",Fair,"alpha=1.0,eps=0.05",OK,"[0.0486, 0.499, 0.0805, 0.0507, 0.3212]",0.0036105869417697033,0.003253812964783076,,,,reward missing
dirichlet_53,"[0.0463, 0.5007, 0.0809, 0.0493, 0.3228]",Fair,"alpha=1.0,eps=0.1",OK,"[0.0509, 0.4973, 0.0801, 0.0521, 0.3196]",0.007221173672463666,0.006507625745393824,,,,reward missing
dirichlet_53,"[0.0463, 0.5007, 0.0809, 0.0493, 0.3228]",Fair,"alpha=2.0,eps=0.02",OK,"[0.0468, 0.5003, 0.0808, 0.0496, 0.3225]",0.0007207127978249596,0.0006495381545466611,,,,reward missing
dirichlet_53,"[0.0463, 0.5007, 0.0809, 0.0493, 0.3228]",Fair,"alpha=2.0,eps=0.05",OK,"[0.0475, 0.4998, 0.0807, 0.05, 0.322]",0.0018017820203629024,0.0016238454107833683,,,,reward missing
dirichlet_53,"[0.0463, 0.5007, 0.0809, 0.0493, 0.3228]",Fair,"alpha=2.0,eps=0.1",OK,"[0.0486, 0.499, 0.0805, 0.0507, 0.3212]",0.003603564260205438,0.003247691021888026,,,,reward missing
dirichlet_54,"[0.048, 0.0446, 0.3059, 0.3463, 0.2552]",Avg,rho=0.5,OK,"[0.0, 0.0, 0.338, 0.4281, 0.234]",0.11164269541620311,0.10027524071187394,,,,reward missing
dirichlet_54,"[0.048, 0.0446, 0.3059, 0.3463, 0.2552]",Cert,,FLOOR_COLLAPSED,"[0.048, 0.0446, 0.3059, 0.3463, 0.2552]",9.739201700399851e-17,1.1949033056875487e-16,,,,"certificate: lambda = p, Delta = 0 by construction"
dirichlet_54,"[0.048, 0.0446, 0.3059, 0.3463, 0.2552]",MaxMin,c=0.0,INFEASIBLE_BALL_MISSES_SIMPLEX,,,,,,,INFEASIBLE_BALL_MISSES_SIMPLEX
dirichlet_54,"[0.048, 0.0446, 0.3059, 0.3463, 0.2552]",MaxMin,c=0.25,INFEASIBLE_BALL_MISSES_SIMPLEX,,,,,,,INFEASIBLE_BALL_MISSES_SIMPLEX
dirichlet_54,"[0.048, 0.0446, 0.3059, 0.3463, 0.2552]",MaxMin,c=0.5,INFEASIBLE_BALL_MISSES_SIMPLEX,,,,,,,INFEASIBLE_BALL_MISSES_SIMPLEX
dirichlet_54,"[0.048, 0.0446, 0.3059, 0.3463, 0.2552]",MaxMin,c=0.75,OK,"[0.0199, 0.018, 0.3256, 0.4073, 0.2292]",0.07925871568920241,0.07128999278922034,,,,reward missing
dirichlet_54,"[0.048, 0.0446, 0.3059, 0.3463, 0.2552]",MaxMin,c=0.9,OK,"[0.0379, 0.0354, 0.2995, 0.3819, 0.2453]",0.03997370209750774,0.03580431287574619,,,,reward missing
dirichlet_54,"[0.048, 0.0446, 0.3059, 0.3463, 0.2552]",MaxMin,c=1.0,OK,"[0.048, 0.0446, 0.3059, 0.3463, 0.2552]",9.739201700399851e-17,1.1949033056875487e-16,,,,reward missing
dirichlet_54,"[0.048, 0.0446, 0.3059, 0.3463, 0.2552]",Fair,"alpha=0.0,eps=0.02",OK,"[0.1522, 0.0203, 0.2797, 0.3195, 0.2282]",0.1165381233711038,0.10400300251814022,,,,reward missing
dirichlet_54,"[0.048, 0.0446, 0.3059, 0.3463, 0.2552]",Fair,"alpha=0.0,eps=0.05",OK,"[0.2911, 0.0, 0.2406, 0.28, 0.1883]",0.2724837992988048,0.24297401743340769,,,,reward missing
dirichlet_54,"[0.048, 0.0446, 0.3059, 0.3463, 0.2552]",Fair,"alpha=0.0,eps=0.1",OK,"[0.4866, 0.0, 0.1756, 0.2152, 0.1225]",0.49604755076023266,0.44181457078694525,,,,reward missing
dirichlet_54,"[0.048, 0.0446, 0.3059, 0.3463, 0.2552]",Fair,"alpha=1.0,eps=0.02",OK,"[0.0489, 0.044, 0.3057, 0.3469, 0.2545]",0.0014442347338814957,0.0013015251485446436,,,,reward missing
dirichlet_54,"[0.048, 0.0446, 0.3059, 0.3463, 0.2552]",Fair,"alpha=1.0,eps=0.05",OK,"[0.0503, 0.0429, 0.3055, 0.3477, 0.2536]",0.003610586156264437,0.003253812251979772,,,,reward missing
dirichlet_54,"[0.048, 0.0446, 0.3059, 0.3463, 0.2552]",Fair,"alpha=1.0,eps=0.1",OK,"[0.0526, 0.0412, 0.3051, 0.3491, 0.252]",0.0072211741102302125,0.006507626155769341,,,,reward missing
dirichlet_54,"[0.048, 0.0446, 0.3059, 0.3463, 0.2552]",Fair,"alpha=2.0,eps=0.02",OK,"[0.0485, 0.0443, 0.3058, 0.3466, 0.2549]",0.0007207129483346033,0.0006495382972791812,,,,reward missing
dirichlet_54,"[0.048, 0.0446, 0.3059, 0.3463, 0.2552]",Fair,"alpha=2.0,eps=0.05",OK,"[0.0492, 0.0438, 0.3057, 0.347, 0.2544]",0.001801781896245467,0.0016238453028991572,,,,reward missing
dirichlet_54,"[0.048, 0.0446, 0.3059, 0.3463, 0.2552]",Fair,"alpha=2.0,eps=0.1",OK,"[0.0503, 0.0429, 0.3055, 0.3477, 0.2536]",0.003603564441679934,0.0032476911885010477,,,,reward missing
dirichlet_55,"[0.0711, 0.311, 0.283, 0.0951, 0.2398]",Avg,rho=0.5,OK,"[0.0, 0.3988, 0.346, 0.0, 0.2552]",0.16122826807491444,0.1460848107170133,,,,reward missing
dirichlet_55,"[0.0711, 0.311, 0.283, 0.0951, 0.2398]",Cert,,FLOOR_COLLAPSED,"[0.0711, 0.311, 0.283, 0.0951, 0.2398]",8.554842949272357e-17,1.0533940147024576e-16,,,,"certificate: lambda = p, Delta = 0 by construction"
dirichlet_55,"[0.0711, 0.311, 0.283, 0.0951, 0.2398]",MaxMin,c=0.0,INFEASIBLE_BALL_MISSES_SIMPLEX,,,,,,,INFEASIBLE_BALL_MISSES_SIMPLEX
dirichlet_55,"[0.0711, 0.311, 0.283, 0.0951, 0.2398]",MaxMin,c=0.25,OK,"[0.0035, 0.3847, 0.334, 0.028, 0.2497]",0.1311294355470533,0.11888392572100524,,,,reward missing
dirichlet_55,"[0.0711, 0.311, 0.283, 0.0951, 0.2398]",MaxMin,c=0.5,OK,"[0.0276, 0.3686, 0.3183, 0.0518, 0.2336]",0.09139783141286198,0.083181221361221,,,,reward missing
dirichlet_55,"[0.0711, 0.311, 0.283, 0.0951, 0.2398]",MaxMin,c=0.75,OK,"[0.0514, 0.3512, 0.3012, 0.0754, 0.2208]",0.05554584727453875,0.05081213912918297,,,,reward missing
dirichlet_55,"[0.0711, 0.311, 0.283, 0.0951, 0.2398]",MaxMin,c=0.9,OK,"[0.0639, 0.3325, 0.283, 0.0879, 0.2327]",0.02480673068795997,0.022609728253922753,,,,reward missing
dirichlet_55,"[0.0711, 0.311, 0.283, 0.0951, 0.2398]",MaxMin,c=1.0,OK,"[0.0711, 0.311, 0.283, 0.0951, 0.2398]",8.554842949272357e-17,1.0533940147024576e-16,,,,reward missing
dirichlet_55,"[0.0711, 0.311, 0.283, 0.0951, 0.2398]",Fair,"alpha=0.0,eps=0.02",OK,"[0.1753, 0.2867, 0.2569, 0.0683, 0.2129]",0.11653812337110381,0.10400300251814024,,,,reward missing
dirichlet_55,"[0.0711, 0.311, 0.283, 0.0951, 0.2398]",Fair,"alpha=0.0,eps=0.05",OK,"[0.3316, 0.2501, 0.2176, 0.0282, 0.1725]",0.2913453084277595,0.2600075062953506,,,,reward missing
dirichlet_55,"[0.0711, 0.311, 0.283, 0.0951, 0.2398]",Fair,"alpha=0.0,eps=0.1",OK,"[0.5529, 0.1894, 0.1523, 0.0, 0.1054]",0.5396262354797826,0.48178723138392454,,,,reward missing
dirichlet_55,"[0.0711, 0.311, 0.283, 0.0951, 0.2398]",Fair,"alpha=1.0,eps=0.02",OK,"[0.072, 0.3103, 0.2829, 0.0956, 0.2392]",0.0014442341890763667,0.0013015246563264882,,,,reward missing
dirichlet_55,"[0.0711, 0.311, 0.283, 0.0951, 0.2398]",Fair,"alpha=1.0,eps=0.05",OK,"[0.0734, 0.3093, 0.2826, 0.0965, 0.2382]",0.0036105868201747548,0.003253812856497997,,,,reward missing
dirichlet_55,"[0.0711, 0.311, 0.283, 0.0951, 0.2398]",Fair,"alpha=1.0,eps=0.1",OK,"[0.0757, 0.3076, 0.2822, 0.0979, 0.2366]",0.007221174809232196,0.006507626775370455,,,,reward missing
dirichlet_55,"[0.0711, 0.311, 0.283, 0.0951, 0.2398]",Fair,"alpha=2.0,eps=0.02",OK,"[0.0715, 0.3107, 0.2829, 0.0953, 0.2395]",0.0007207128763939409,0.0006495382269151839,,,,reward missing
dirichlet_55,"[0.0711, 0.311, 0.283, 0.0951, 0.2398]",Fair,"alpha=2.0,eps=0.05",OK,"[0.0722, 0.3102, 0.2828, 0.0958, 0.239]",0.0018017820216756734,0.00162384541243071,,,,reward missing
dirichlet_55,"[0.0711, 0.311, 0.283, 0.0951, 0.2398]",Fair,"alpha=2.0,eps=0.1",OK,"[0.0734, 0.3093, 0.2826, 0.0965, 0.2382]",0.003603563665193837,0.0032476904836481,,,,reward missing
dirichlet_56,"[0.3561, 0.0719, 0.0345, 0.2612, 0.2764]",Avg,rho=0.5,OK,"[0.4533, 0.0, 0.0, 0.2607, 0.286]",0.1260716387346332,0.11402911133885738,,,,reward missing
dirichlet_56,"[0.3561, 0.0719, 0.0345, 0.2612, 0.2764]",Cert,,FLOOR_COLLAPSED,"[0.3561, 0.0719, 0.0345, 0.2612, 0.2764]",9.739201700399851e-17,1.2024112931171733e-16,,,,"certificate: lambda = p, Delta = 0 by construction"
dirichlet_56,"[0.3561, 0.0719, 0.0345, 0.2612, 0.2764]",MaxMin,c=0.0,INFEASIBLE_BALL_MISSES_SIMPLEX,,,,,,,INFEASIBLE_BALL_MISSES_SIMPLEX
dirichlet_56,"[0.3561, 0.0719, 0.0345, 0.2612, 0.2764]",MaxMin,c=0.25,INFEASIBLE_BALL_MISSES_SIMPLEX,,,,,,,INFEASIBLE_BALL_MISSES_SIMPLEX
dirichlet_56,"[0.3561, 0.0719, 0.0345, 0.2612, 0.2764]",MaxMin,c=0.5,INFEASIBLE_BALL_MISSES_SIMPLEX,,,,,,,INFEASIBLE_BALL_MISSES_SIMPLEX
dirichlet_56,"[0.3561, 0.0719, 0.0345, 0.2612, 0.2764]",MaxMin,c=0.75,OK,"[0.4255, 0.0438, 0.0053, 0.2524, 0.273]",0.0809495065068821,0.07268262853382584,,,,reward missing
dirichlet_56,"[0.3561, 0.0719, 0.0345, 0.2612, 0.2764]",MaxMin,c=0.9,OK,"[0.3957, 0.0626, 0.0246, 0.251, 0.2661]",0.04428726043064548,0.03952361617685047,,,,reward missing
dirichlet_56,"[0.3561, 0.0719, 0.0345, 0.2612, 0.2764]",MaxMin,c=1.0,OK,"[0.3561, 0.0719, 0.0345, 0.2612, 0.2764]",9.739201700399851e-17,1.2024112931171733e-16,,,,reward missing
dirichlet_56,"[0.3561, 0.0719, 0.0345, 0.2612, 0.2764]",Fair,"alpha=0.0,eps=0.02",OK,"[0.4603, 0.0475, 0.0083, 0.2344, 0.2494]",0.11653812337110381,0.10400300251814022,,,,reward missing
dirichlet_56,"[0.3561, 0.0719, 0.0345, 0.2612, 0.2764]",Fair,"alpha=0.0,eps=0.05",OK,"[0.5844, 0.0106, 0.0, 0.1947, 0.2103]",0.2566647740360226,0.22911350554088816,,,,reward missing
dirichlet_56,"[0.3561, 0.0719, 0.0345, 0.2612, 0.2764]",Fair,"alpha=0.0,eps=0.1",OK,"[0.7225, 0.0, 0.0, 0.1303, 0.1471]",0.41767831406171857,0.37245174273357856,,,,reward missing
dirichlet_56,"[0.3561, 0.0719, 0.0345, 0.2612, 0.2764]",Fair,"alpha=1.0,eps=0.02",OK,"[0.357, 0.0712, 0.0343, 0.2618, 0.2757]",0.001444234189076332,0.0013015246563264575,,,,reward missing
dirichlet_56,"[0.3561, 0.0719, 0.0345, 0.2612, 0.2764]",Fair,"alpha=1.0,eps=0.05",OK,"[0.3584, 0.0702, 0.0341, 0.2626, 0.2747]",0.003610586830597871,0.0032538128681742317,,,,reward missing
dirichlet_56,"[0.3561, 0.0719, 0.0345, 0.2612, 0.2764]",Fair,"alpha=1.0,eps=0.1",OK,"[0.3607, 0.0685, 0.0337, 0.264, 0.2731]",0.007221173626578404,0.0065076257022542855,,,,reward missing
dirichlet_56,"[0.3561, 0.0719, 0.0345, 0.2612, 0.2764]",Fair,"alpha=2.0,eps=0.02",OK,"[0.3566, 0.0715, 0.0344, 0.2615, 0.276]",0.0007207127978242533,0.0006495381545460876,,,,reward missing
dirichlet_56,"[0.3561, 0.0719, 0.0345, 0.2612, 0.2764]",Fair,"alpha=2.0,eps=0.05",OK,"[0.3572, 0.071, 0.0343, 0.2619, 0.2755]",0.0018017821489432389,0.0016238455329327238,,,,reward missing
dirichlet_56,"[0.3561, 0.0719, 0.0345, 0.2612, 0.2764]",Fair,"alpha=2.0,eps=0.1",OK,"[0.3584, 0.0702, 0.0341, 0.2626, 0.2747]",0.0036035643375335485,0.003247691093278824,,,,reward missing
dirichlet_57,"[0.0248, 0.0315, 0.0992, 0.238, 0.6065]",Avg,rho=0.5,OK,"[0.0, 0.0, 0.0, 0.1358, 0.8642]",0.2971880507454377,0.2701705768834727,,,,reward missing
dirichlet_57,"[0.0248, 0.0315, 0.0992, 0.238, 0.6065]",Cert,,FLOOR_COLLAPSED,"[0.0248, 0.0315, 0.0992, 0.238, 0.6065]",1.1553831367574147e-16,1.2566743176221673e-16,,,,"certificate: lambda = p, Delta = 0 by construction"
dirichlet_57,"[0.0248, 0.0315, 0.0992, 0.238, 0.6065]",MaxMin,c=0.0,INFEASIBLE_BALL_MISSES_SIMPLEX,,,,,,,INFEASIBLE_BALL_MISSES_SIMPLEX
dirichlet_57,"[0.0248, 0.0315, 0.0992, 0.238, 0.6065]",MaxMin,c=0.25,INFEASIBLE_BALL_MISSES_SIMPLEX,,,,,,,INFEASIBLE_BALL_MISSES_SIMPLEX
dirichlet_57,"[0.0248, 0.0315, 0.0992, 0.238, 0.6065]",MaxMin,c=0.5,INFEASIBLE_BALL_MISSES_SIMPLEX,,,,,,,INFEASIBLE_BALL_MISSES_SIMPLEX
dirichlet_57,"[0.0248, 0.0315, 0.0992, 0.238, 0.6065]",MaxMin,c=0.75,OK,"[0.0, 0.0067, 0.077, 0.2123, 0.704]",0.10908614900730916,0.09882900908466145,,,,reward missing
dirichlet_57,"[0.0248, 0.0315, 0.0992, 0.238, 0.6065]",MaxMin,c=0.9,OK,"[0.0146, 0.0219, 0.0906, 0.2281, 0.6447]",0.04278209080255403,0.03875126095432851,,,,reward missing
dirichlet_57,"[0.0248, 0.0315, 0.0992, 0.238, 0.6065]",MaxMin,c=1.0,OK,"[0.0248, 0.0315, 0.0992, 0.238, 0.6065]",1.1553831367574147e-16,1.2566743176221673e-16,,,,reward missing
dirichlet_57,"[0.0248, 0.0315, 0.0992, 0.238, 0.6065]",Fair,"alpha=0.0,eps=0.02",OK,"[0.129, 0.0071, 0.073, 0.2113, 0.5795]",0.11653812337110378,0.10400300251814022,,,,reward missing
dirichlet_57,"[0.0248, 0.0315, 0.0992, 0.238, 0.6065]",Fair,"alpha=0.0,eps=0.05",OK,"[0.2539, 0.0, 0.034, 0.1722, 0.5399]",0.2578774222631489,0.22979272451083838,,,,reward missing
dirichlet_57,"[0.0248, 0.0315, 0.0992, 0.238, 0.6065]",Fair,"alpha=0.0,eps=0.1",OK,"[0.4166, 0.0, 0.0, 0.1078, 0.4755]",0.44548995950927417,0.3966551718729882,,,,reward missing
dirichlet_57,"[0.0248, 0.0315, 0.0992, 0.238, 0.6065]",Fair,"alpha=1.0,eps=0.02",OK,"[0.0257, 0.0308, 0.099, 0.2386, 0.6058]",0.0014442341890762594,0.0013015246563263948,,,,reward missing
dirichlet_57,"[0.0248, 0.0315, 0.0992, 0.238, 0.6065]",Fair,"alpha=1.0,eps=0.05",OK,"[0.0271, 0.0298, 0.0987, 0.2395, 0.6049]",0.003610586007813408,0.003253812124422281,,,,reward missing
dirichlet_57,"[0.0248, 0.0315, 0.0992, 0.238, 0.6065]",Fair,"alpha=1.0,eps=0.1",OK,"[0.0294, 0.0281, 0.0983, 0.2409, 0.6033]",0.007221173664346129,0.00650762574007885,,,,reward missing
dirichlet_57,"[0.0248, 0.0315, 0.0992, 0.238, 0.6065]",Fair,"alpha=2.0,eps=0.02",OK,"[0.0253, 0.0312, 0.0991, 0.2383, 0.6062]",0.0007207128861049324,0.0006495382356400535,,,,reward missing
dirichlet_57,"[0.0248, 0.0315, 0.0992, 0.238, 0.6065]",Fair,"alpha=2.0,eps=0.05",OK,"[0.026, 0.0307, 0.099, 0.2388, 0.6057]",0.0018017821916920976,0.0016238455680611138,,,,reward missing
dirichlet_57,"[0.0248, 0.0315, 0.0992, 0.238, 0.6065]",Fair,"alpha=2.0,eps=0.1",OK,"[0.0271, 0.0298, 0.0988, 0.2395, 0.6049]",0.0036035644167724257,0.0032476911653113493,,,,reward missing
dirichlet_58,"[0.5566, 0.0828, 0.1601, 0.115, 0.0855]",Avg,rho=0.5,OK,"[0.8953, 0.0, 0.0947, 0.0099, 0.0]",0.3797607672986994,0.3388932353841224,,,,reward missing
dirichlet_58,"[0.5566, 0.0828, 0.1601, 0.115, 0.0855]",Cert,,FLOOR_COLLAPSED,"[0.5566, 0.0828, 0.1601, 0.115, 0.0855]",1.1693631858900543e-16,1.316443382083366e-16,,,,"certificate: lambda = p, Delta = 0 by construction"
dirichlet_58,"[0.5566, 0.0828, 0.1601, 0.115, 0.0855]",MaxMin,c=0.0,INFEASIBLE_BALL_MISSES_SIMPLEX,,,,,,,INFEASIBLE_BALL_MISSES_SIMPLEX
dirichlet_58,"[0.5566, 0.0828, 0.1601, 0.115, 0.0855]",MaxMin,c=0.25,OK,"[0.7964, 0.0267, 0.1, 0.0534, 0.0235]",0.2681144212104415,0.23927538918318814,,,,reward missing
dirichlet_58,"[0.5566, 0.0828, 0.1601, 0.115, 0.0855]",MaxMin,c=0.5,OK,"[0.7094, 0.047, 0.1218, 0.0757, 0.046]",0.17088220298240336,0.15250170221542256,,,,reward missing
dirichlet_58,"[0.5566, 0.0828, 0.1601, 0.115, 0.0855]",MaxMin,c=0.75,OK,"[0.6321, 0.0651, 0.1412, 0.0956, 0.066]",0.08441861293745849,0.07533834388214795,,,,reward missing
dirichlet_58,"[0.5566, 0.0828, 0.1601, 0.115, 0.0855]",MaxMin,c=0.9,OK,"[0.5867, 0.0757, 0.1526, 0.1073, 0.0777]",0.03363692492199974,0.030018856372220112,,,,reward missing
dirichlet_58,"[0.5566, 0.0828, 0.1601, 0.115, 0.0855]",MaxMin,c=1.0,OK,"[0.5566, 0.0828, 0.1601, 0.115, 0.0855]",1.1693631858900543e-16,1.316443382083366e-16,,,,reward missing
dirichlet_58,"[0.5566, 0.0828, 0.1601, 0.115, 0.0855]",Fair,"alpha=0.0,eps=0.02",OK,"[0.6608, 0.0584, 0.134, 0.0882, 0.0586]",0.11653812337110385,0.10400300251814026,,,,reward missing
dirichlet_58,"[0.5566, 0.0828, 0.1601, 0.115, 0.0855]",Fair,"alpha=0.0,eps=0.05",OK,"[0.8171, 0.0219, 0.0948, 0.0481, 0.0182]",0.2913453084277596,0.26000750629535063,,,,reward missing
dirichlet_58,"[0.5566, 0.0828, 0.1601, 0.115, 0.0855]",Fair,"alpha=0.0,eps=0.1",OK,"[0.9684, 0.0, 0.0316, 0.0, 0.0]",0.46203640094230025,0.4122886074838097,,,,reward missing
dirichlet_58,"[0.5566, 0.0828, 0.1601, 0.115, 0.0855]",Fair,"alpha=1.0,eps=0.02",OK,"[0.5575, 0.0821, 0.16, 0.1155, 0.0849]",0.001444234902426854,0.0013015253090796308,,,,reward missing
dirichlet_58,"[0.5566, 0.0828, 0.1601, 0.115, 0.0855]",Fair,"alpha=1.0,eps=0.05",OK,"[0.5589, 0.0811, 0.1597, 0.1164, 0.0839]",0.0036105868409054857,0.003253812876408111,,,,reward missing
dirichlet_58,"[0.5566, 0.0828, 0.1601, 0.115, 0.0855]",Fair,"alpha=1.0,eps=0.1",OK,"[0.5612, 0.0794, 0.1593, 0.1178, 0.0823]",0.007221173594981602,0.006507625666394316,,,,reward missing
dirichlet_58,"[0.5566, 0.0828, 0.1601, 0.115, 0.0855]",Fair,"alpha=2.0,eps=0.02",OK,"[0.5571, 0.0824, 0.1601, 0.1153, 0.0852]",0.0007207128770677063,0.0006495382275357332,,,,reward missing
dirichlet_58,"[0.5566, 0.0828, 0.1601, 0.115, 0.0855]",Fair,"alpha=2.0,eps=0.05",OK,"[0.5577, 0.0819, 0.1599, 0.1157, 0.0847]",0.0018017820216756628,0.0016238454124307034,,,,reward missing
dirichlet_58,"[0.5566, 0.0828, 0.1601, 0.115, 0.0855]",Fair,"alpha=2.0,eps=0.1",OK,"[0.5589, 0.0811, 0.1597, 0.1164, 0.0839]",0.003603564344053691,0.003247691100493311,,,,reward missing
dirichlet_59,"[0.04, 0.1866, 0.2201, 0.0824, 0.4709]",Avg,rho=0.5,OK,"[0.0, 0.1225, 0.1904, 0.0, 0.687]",0.24519125854091722,0.22162751697154934,,,,reward missing
dirichlet_59,"[0.04, 0.1866, 0.2201, 0.0824, 0.4709]",Cert,,FLOOR_COLLAPSED,"[0.04, 0.1866, 0.2201, 0.0824, 0.4709]",1.2813490069415586e-16,1.4740565800425747e-16,,,,"certificate: lambda = p, Delta = 0 by construction"
dirichlet_59,"[0.04, 0.1866, 0.2201, 0.0824, 0.4709]",MaxMin,c=0.0,INFEASIBLE_BALL_MISSES_SIMPLEX,,,,,,,INFEASIBLE_BALL_MISSES_SIMPLEX
dirichlet_59,"[0.04, 0.1866, 0.2201, 0.0824, 0.4709]",MaxMin,c=0.25,INFEASIBLE_BALL_MISSES_SIMPLEX,,,,,,,INFEASIBLE_BALL_MISSES_SIMPLEX
dirichlet_59,"[0.04, 0.1866, 0.2201, 0.0824, 0.4709]",MaxMin,c=0.5,OK,"[0.0025, 0.1514, 0.1887, 0.0459, 0.6115]",0.15732295160962648,0.1425003462328653,,,,reward missing
dirichlet_59,"[0.04, 0.1866, 0.2201, 0.0824, 0.4709]",MaxMin,c=0.75,OK,"[0.0226, 0.1703, 0.2056, 0.0655, 0.536]",0.07284828250857403,0.06598468547488265,,,,reward missing
dirichlet_59,"[0.04, 0.1866, 0.2201, 0.0824, 0.4709]",MaxMin,c=0.9,OK,"[0.0332, 0.1802, 0.2144, 0.0758, 0.4964]",0.028549825393542824,0.02585992674204799,,,,reward missing
dirichlet_59,"[0.04, 0.1866, 0.2201, 0.0824, 0.4709]",MaxMin,c=1.0,OK,"[0.04, 0.1866, 0.2201, 0.0824, 0.4709]",1.2813490069415586e-16,1.4740565800425747e-16,,,,reward missing
dirichlet_59,"[0.04, 0.1866, 0.2201, 0.0824, 0.4709]",Fair,"alpha=0.0,eps=0.02",OK,"[0.1442, 0.1623, 0.1939, 0.0557, 0.4439]",0.11653812337110378,0.10400300251814021,,,,reward missing
dirichlet_59,"[0.04, 0.1866, 0.2201, 0.0824, 0.4709]",Fair,"alpha=0.0,eps=0.05",OK,"[0.3005, 0.1257, 0.1547, 0.0156, 0.4035]",0.2913453084277595,0.2600075062953506,,,,reward missing
dirichlet_59,"[0.04, 0.1866, 0.2201, 0.0824, 0.4709]",Fair,"alpha=0.0,eps=0.1",OK,"[0.5091, 0.0651, 0.0893, 0.0, 0.3366]",0.5260766353599281,0.46976578549966314,,,,reward missing
dirichlet_59,"[0.04, 0.1866, 0.2201, 0.0824, 0.4709]",Fair,"alpha=1.0,eps=0.02",OK,"[0.0409, 0.186, 0.2199, 0.083, 0.4702]",0.0014442341890762813,0.001301524656326414,,,,reward missing
dirichlet_59,"[0.04, 0.1866, 0.2201, 0.0824, 0.4709]",Fair,"alpha=1.0,eps=0.05",OK,"[0.0423, 0.1849, 0.2197, 0.0839, 0.4692]",0.003610586733949918,0.0032538127808609874,,,,reward missing
dirichlet_59,"[0.04, 0.1866, 0.2201, 0.0824, 0.4709]",Fair,"alpha=1.0,eps=0.1",OK,"[0.0446, 0.1832, 0.2193, 0.0853, 0.4676]",0.007221173669988878,0.006507625743060184,,,,reward missing
dirichlet_59,"[0.04, 0.1866, 0.2201, 0.0824, 0.4709]",Fair,"alpha=2.0,eps=0.02",OK,"[0.0404, 0.1863, 0.22, 0.0827, 0.4705]",0.0007207128889099426,0.0006495382384012682,,,,reward missing
dirichlet_59,"[0.04, 0.1866, 0.2201, 0.0824, 0.4709]",Fair,"alpha=2.0,eps=0.05",OK,"[0.0411, 0.1858, 0.2199, 0.0831, 0.4701]",0.0018017823293669762,0.0016238456926112729,,,,reward missing
dirichlet_59,"[0.04, 0.1866, 0.2201, 0.0824, 0.4709]",Fair,"alpha=2.0,eps=0.1",OK,"[0.0423, 0.1849, 0.2197, 0.0839, 0.4692]",0.0036035653675408215,0.0032476920112174705,,,,reward missing
dirichlet_60,"[0.3777, 0.055, 0.0199, 0.0383, 0.5091]",Avg,rho=0.5,OK,"[0.3704, 0.0, 0.0, 0.0, 0.6296]",0.13955987405893902,0.12646509695934138,,,,reward missing
dirichlet_60,"[0.3777, 0.055, 0.0199, 0.0383, 0.5091]",Cert,,FLOOR_COLLAPSED,"[0.3777, 0.055, 0.0199, 0.0383, 0.5091]",0.0,0.0,,,,"certificate: lambda = p, Delta = 0 by construction"
dirichlet_60,"[0.3777, 0.055, 0.0199, 0.0383, 0.5091]",MaxMin,c=0.0,INFEASIBLE_BALL_MISSES_SIMPLEX,,,,,,,INFEASIBLE_BALL_MISSES_SIMPLEX
dirichlet_60,"[0.3777, 0.055, 0.0199, 0.0383, 0.5091]",MaxMin,c=0.25,INFEASIBLE_BALL_MISSES_SIMPLEX,,,,,,,INFEASIBLE_BALL_MISSES_SIMPLEX
dirichlet_60,"[0.3777, 0.055, 0.0199, 0.0383, 0.5091]",MaxMin,c=0.5,INFEASIBLE_BALL_MISSES_SIMPLEX,,,,,,,INFEASIBLE_BALL_MISSES_SIMPLEX
dirichlet_60,"[0.3777, 0.055, 0.0199, 0.0383, 0.5091]",MaxMin,c=0.75,OK,"[0.3712, 0.0164, 0.0, 0.0, 0.6125]",0.11871875298790995,0.10757705629490744,,,,reward missing
dirichlet_60,"[0.3777, 0.055, 0.0199, 0.0383, 0.5091]",MaxMin,c=0.9,OK,"[0.3651, 0.0431, 0.0094, 0.026, 0.5564]",0.052916480817670766,0.04793081213384415,,,,reward missing
dirichlet_60,"[0.3777, 0.055, 0.0199, 0.0383, 0.5091]",MaxMin,c=1.0,OK,"[0.3777, 0.055, 0.0199, 0.0383, 0.5091]",0.0,0.0,,,,reward missing
dirichlet_60,"[0.3777, 0.055, 0.0199, 0.0383, 0.5091]",Fair,"alpha=0.0,eps=0.02",OK,"[0.4754, 0.0306, 0.0, 0.0116, 0.4824]",0.10938815765813681,0.09763070980375342,,,,reward missing
dirichlet_60,"[0.3777, 0.055, 0.0199, 0.0383, 0.5091]",Fair,"alpha=0.0,eps=0.05",OK,"[0.556, 0.0, 0.0, 0.0, 0.444]",0.20219111564263537,0.18064809639536436,,,,reward missing
dirichlet_60,"[0.3777, 0.055, 0.0199, 0.0383, 0.5091]",Fair,"alpha=0.0,eps=0.1",OK,"[0.6184, 0.0, 0.0, 0.0, 0.3816]",0.28111768970554124,0.2510508305202295,,,,reward missing
dirichlet_60,"[0.3777, 0.055, 0.0199, 0.0383, 0.5091]",Fair,"alpha=1.0,eps=0.02",OK,"[0.3787, 0.0543, 0.0198, 0.0389, 0.5084]",0.0014442348822136918,0.0013015252816234854,,,,reward missing
dirichlet_60,"[0.3777, 0.055, 0.0199, 0.0383, 0.5091]",Fair,"alpha=1.0,eps=0.05",OK,"[0.38, 0.0533, 0.0195, 0.0397, 0.5074]",0.003610586832753572,0.0032538128699428873,,,,reward missing
dirichlet_60,"[0.3777, 0.055, 0.0199, 0.0383, 0.5091]",Fair,"alpha=1.0,eps=0.1",OK,"[0.3824, 0.0516, 0.0191, 0.0411, 0.5058]",0.007221175772651142,0.006507627599620001,,,,reward missing
dirichlet_60,"[0.3777, 0.055, 0.0199, 0.0383, 0.5091]",Fair,"alpha=2.0,eps=0.02",OK,"[0.3782, 0.0547, 0.0198, 0.0386, 0.5087]",0.0007207128761165289,0.0006495382266920172,,,,reward missing
dirichlet_60,"[0.3777, 0.055, 0.0199, 0.0383, 0.5091]",Fair,"alpha=2.0,eps=0.05",OK,"[0.3789, 0.0542, 0.0197, 0.039, 0.5082]",0.0018017818442007162,0.001623845256981908,,,,reward missing
dirichlet_60,"[0.3777, 0.055, 0.0199, 0.0383, 0.5091]",Fair,"alpha=2.0,eps=0.1",OK,"[0.38, 0.0533, 0.0195, 0.0397, 0.5074]",0.003603564403837832,0.003247691155487522,,,,reward missing
dirichlet_61,"[0.1521, 0.179, 0.0589, 0.2231, 0.3869]",Avg,rho=0.5,OK,"[0.0901, 0.1302, 0.0, 0.2293, 0.5504]",0.19086453251256244,0.17330058658043937,,,,reward missing
dirichlet_61,"[0.1521, 0.179, 0.0589, 0.2231, 0.3869]",Cert,,FLOOR_COLLAPSED,"[0.1521, 0.179, 0.0589, 0.2231, 0.3869]",7.376145397762941e-17,9.174366254490918e-17,,,,"certificate: lambda = p, Delta = 0 by construction"
dirichlet_61,"[0.1521, 0.179, 0.0589, 0.2231, 0.3869]",MaxMin,c=0.0,INFEASIBLE_BALL_MISSES_SIMPLEX,,,,,,,INFEASIBLE_BALL_MISSES_SIMPLEX
dirichlet_61,"[0.1521, 0.179, 0.0589, 0.2231, 0.3869]",MaxMin,c=0.25,INFEASIBLE_BALL_MISSES_SIMPLEX,,,,,,,INFEASIBLE_BALL_MISSES_SIMPLEX
dirichlet_61,"[0.1521, 0.179, 0.0589, 0.2231, 0.3869]",MaxMin,c=0.5,OK,"[0.114, 0.1434, 0.0262, 0.2125, 0.504]",0.1327127298304898,0.12037771681707626,,,,reward missing
dirichlet_61,"[0.1521, 0.179, 0.0589, 0.2231, 0.3869]",MaxMin,c=0.75,OK,"[0.137, 0.1648, 0.0463, 0.2084, 0.4436]",0.06334932830171619,0.05738070080844857,,,,reward missing
dirichlet_61,"[0.1521, 0.179, 0.0589, 0.2231, 0.3869]",MaxMin,c=0.9,OK,"[0.1463, 0.1736, 0.0541, 0.2175, 0.4085]",0.02408361461425265,0.02181451203372859,,,,reward missing
dirichlet_61,"[0.1521, 0.179, 0.0589, 0.2231, 0.3869]",MaxMin,c=1.0,OK,"[0.1521, 0.179, 0.0589, 0.2231, 0.3869]",7.376145397762941e-17,9.174366254490918e-17,,,,reward missing
dirichlet_61,"[0.1521, 0.179, 0.0589, 0.2231, 0.3869]",Fair,"alpha=0.0,eps=0.02",OK,"[0.2563, 0.1546, 0.0327, 0.1963, 0.36]",0.1165381233711038,0.10400300251814024,,,,reward missing
dirichlet_61,"[0.1521, 0.179, 0.0589, 0.2231, 0.3869]",Fair,"alpha=0.0,eps=0.05",OK,"[0.4058, 0.118, 0.0, 0.1563, 0.3199]",0.28380616711568885,0.2532867164579129,,,,reward missing
dirichlet_61,"[0.1521, 0.179, 0.0589, 0.2231, 0.3869]",Fair,"alpha=0.0,eps=0.1",OK,"[0.5982, 0.0563, 0.0, 0.0901, 0.2553]",0.5025756495791552,0.44865953381927176,,,,reward missing
dirichlet_61,"[0.1521, 0.179, 0.0589, 0.2231, 0.3869]",Fair,"alpha=1.0,eps=0.02",OK,"[0.153, 0.1783, 0.0587, 0.2236, 0.3863]",0.0014442341890763652,0.0013015246563264893,,,,reward missing
dirichlet_61,"[0.1521, 0.179, 0.0589, 0.2231, 0.3869]",Fair,"alpha=1.0,eps=0.05",OK,"[0.1544, 0.1773, 0.0585, 0.2245, 0.3853]",0.003610586832449055,0.003253812869298461,,,,reward missing
dirichlet_61,"[0.1521, 0.179, 0.0589, 0.2231, 0.3869]",Fair,"alpha=1.0,eps=0.1",OK,"[0.1567, 0.1756, 0.0581, 0.2259, 0.3837]",0.007221174188812244,0.006507626229782822,,,,reward missing
dirichlet_61,"[0.1521, 0.179, 0.0589, 0.2231, 0.3869]",Fair,"alpha=2.0,eps=0.02",OK,"[0.1525, 0.1787, 0.0588, 0.2234, 0.3866]",0.0007207128765678154,0.0006495382271101143,,,,reward missing
dirichlet_61,"[0.1521, 0.179, 0.0589, 0.2231, 0.3869]",Fair,"alpha=2.0,eps=0.05",OK,"[0.1532, 0.1782, 0.0587, 0.2238, 0.3861]",0.001801782210615081,0.0016238455852238363,,,,reward missing
dirichlet_61,"[0.1521, 0.179, 0.0589, 0.2231, 0.3869]",Fair,"alpha=2.0,eps=0.1",OK,"[0.1544, 0.1773, 0.0585, 0.2245, 0.3853]",0.003603564931325542,0.0032476916167696315,,,,reward missing
dirichlet_62,"[0.0213, 0.1241, 0.5395, 0.1221, 0.193]",Avg,rho=0.5,OK,"[0.0, 0.0073, 0.8403, 0.0104, 0.142]",0.3458812964821145,0.3108700093694204,,,,reward missing
dirichlet_62,"[0.0213, 0.1241, 0.5395, 0.1221, 0.193]",Cert,,FLOOR_COLLAPSED,"[0.0213, 0.1241, 0.5395, 0.1221, 0.193]",0.0,0.0,,,,"certificate: lambda = p, Delta = 0 by construction"
dirichlet_62,"[0.0213, 0.1241, 0.5395, 0.1221, 0.193]",MaxMin,c=0.0,INFEASIBLE_BALL_MISSES_SIMPLEX,,,,,,,INFEASIBLE_BALL_MISSES_SIMPLEX
dirichlet_62,"[0.0213, 0.1241, 0.5395, 0.1221, 0.193]",MaxMin,c=0.25,INFEASIBLE_BALL_MISSES_SIMPLEX,,,,,,,INFEASIBLE_BALL_MISSES_SIMPLEX
dirichlet_62,"[0.0213, 0.1241, 0.5395, 0.1221, 0.193]",MaxMin,c=0.5,OK,"[0.0, 0.0733, 0.7057, 0.0718, 0.1492]",0.18735878712198817,0.16894827119440342,,,,reward missing
dirichlet_62,"[0.0213, 0.1241, 0.5395, 0.1221, 0.193]",MaxMin,c=0.75,OK,"[0.0024, 0.1045, 0.6134, 0.103, 0.1767]",0.08261619893586128,0.07444750313234942,,,,reward missing
dirichlet_62,"[0.0213, 0.1241, 0.5395, 0.1221, 0.193]",MaxMin,c=0.9,OK,"[0.0138, 0.1163, 0.5688, 0.1145, 0.1865]",0.0327947224663926,0.02955213668734299,,,,reward missing
dirichlet_62,"[0.0213, 0.1241, 0.5395, 0.1221, 0.193]",MaxMin,c=1.0,OK,"[0.0213, 0.1241, 0.5395, 0.1221, 0.193]",0.0,0.0,,,,reward missing
dirichlet_62,"[0.0213, 0.1241, 0.5395, 0.1221, 0.193]",Fair,"alpha=0.0,eps=0.02",OK,"[0.1256, 0.0997, 0.5134, 0.0954, 0.166]",0.11653812337110382,0.10400300251814025,,,,reward missing
dirichlet_62,"[0.0213, 0.1241, 0.5395, 0.1221, 0.193]",Fair,"alpha=0.0,eps=0.05",OK,"[0.2819, 0.0632, 0.4741, 0.0552, 0.1256]",0.2913453084277595,0.2600075062953506,,,,reward missing
dirichlet_62,"[0.0213, 0.1241, 0.5395, 0.1221, 0.193]",Fair,"alpha=0.0,eps=0.1",OK,"[0.5306, 0.0023, 0.4087, 0.0, 0.0583]",0.5694940631252942,0.5082976125139466,,,,reward missing
dirichlet_62,"[0.0213, 0.1241, 0.5395, 0.1221, 0.193]",Fair,"alpha=1.0,eps=0.02",OK,"[0.0223, 0.1234, 0.5394, 0.1227, 0.1923]",0.001444234189076371,0.0013015246563264913,,,,reward missing
dirichlet_62,"[0.0213, 0.1241, 0.5395, 0.1221, 0.193]",Fair,"alpha=1.0,eps=0.05",OK,"[0.0236, 0.1224, 0.5391, 0.1235, 0.1913]",0.003610586806634262,0.003253812846184356,,,,reward missing
dirichlet_62,"[0.0213, 0.1241, 0.5395, 0.1221, 0.193]",Fair,"alpha=1.0,eps=0.1",OK,"[0.026, 0.1207, 0.5387, 0.1249, 0.1897]",0.007221173805943182,0.006507625858874601,,,,reward missing
dirichlet_62,"[0.0213, 0.1241, 0.5395, 0.1221, 0.193]",Fair,"alpha=2.0,eps=0.02",OK,"[0.0218, 0.1237, 0.5394, 0.1224, 0.1926]",0.0007207128272246292,0.0006495381789542093,,,,reward missing
dirichlet_62,"[0.0213, 0.1241, 0.5395, 0.1221, 0.193]",Fair,"alpha=2.0,eps=0.05",OK,"[0.0225, 0.1232, 0.5393, 0.1228, 0.1922]",0.0018017824202791772,0.0016238457823683032,,,,reward missing
dirichlet_62,"[0.0213, 0.1241, 0.5395, 0.1221, 0.193]",Fair,"alpha=2.0,eps=0.1",OK,"[0.0236, 0.1224, 0.5391, 0.1235, 0.1913]",0.003603563934683485,0.003247690729739294,,,,reward missing
dirichlet_63,"[0.1491, 0.2136, 0.0339, 0.5891, 0.0143]",Avg,rho=0.5,OK,"[0.0012, 0.1191, 0.0, 0.8797, 0.0]",0.34139880034540715,0.30562748443244936,,,,reward missing
dirichlet_63,"[0.1491, 0.2136, 0.0339, 0.5891, 0.0143]",Cert,,FLOOR_COLLAPSED,"[0.1491, 0.2136, 0.0339, 0.5891, 0.0143]",0.0,0.0,,,,"certificate: lambda = p, Delta = 0 by construction"
dirichlet_63,"[0.1491, 0.2136, 0.0339, 0.5891, 0.0143]",MaxMin,c=0.0,INFEASIBLE_BALL_MISSES_SIMPLEX,,,,,,,INFEASIBLE_BALL_MISSES_SIMPLEX
dirichlet_63,"[0.1491, 0.2136, 0.0339, 0.5891, 0.0143]",MaxMin,c=0.25,INFEASIBLE_BALL_MISSES_SIMPLEX,,,,,,,INFEASIBLE_BALL_MISSES_SIMPLEX
dirichlet_63,"[0.1491, 0.2136, 0.0339, 0.5891, 0.0143]",MaxMin,c=0.5,INFEASIBLE_BALL_MISSES_SIMPLEX,,,,,,,INFEASIBLE_BALL_MISSES_SIMPLEX
dirichlet_63,"[0.1491, 0.2136, 0.0339, 0.5891, 0.0143]",MaxMin,c=0.75,OK,"[0.1214, 0.1885, 0.007, 0.6831, 0.0]",0.10559496381363077,0.09458583350889867,,,,reward missing
dirichlet_63,"[0.1491, 0.2136, 0.0339, 0.5891, 0.0143]",MaxMin,c=0.9,OK,"[0.1399, 0.2053, 0.0248, 0.6247, 0.0053]",0.03982874863918078,0.03565714185211702,,,,reward missing
dirichlet_63,"[0.1491, 0.2136, 0.0339, 0.5891, 0.0143]",MaxMin,c=1.0,OK,"[0.1491, 0.2136, 0.0339, 0.5891, 0.0143]",0.0,0.0,,,,reward missing
dirichlet_63,"[0.1491, 0.2136, 0.0339, 0.5891, 0.0143]",Fair,"alpha=0.0,eps=0.02",OK,"[0.2399, 0.1893, 0.0083, 0.5626, 0.0]",0.10199998814717788,0.09112909805117836,,,,reward missing
dirichlet_63,"[0.1491, 0.2136, 0.0339, 0.5891, 0.0143]",Fair,"alpha=0.0,eps=0.05",OK,"[0.324, 0.1525, 0.0, 0.5234, 0.0]",0.1999997918234125,0.17886893825035496,,,,reward missing
dirichlet_63,"[0.1491, 0.2136, 0.0339, 0.5891, 0.0143]",Fair,"alpha=0.0,eps=0.1",OK,"[0.4505, 0.0911, 0.0, 0.4584, 0.0]",0.35254523697149265,0.3153982674061485,,,,reward missing
dirichlet_63,"[0.1491, 0.2136, 0.0339, 0.5891, 0.0143]",Fair,"alpha=1.0,eps=0.02",OK,"[0.15, 0.2129, 0.0337, 0.5897, 0.0137]",0.0014442350152080322,0.0013015253939596071,,,,reward missing
dirichlet_63,"[0.1491, 0.2136, 0.0339, 0.5891, 0.0143]",Fair,"alpha=1.0,eps=0.05",OK,"[0.1514, 0.2119, 0.0335, 0.5905, 0.0127]",0.003610586653534294,0.00325381270959628,,,,reward missing
dirichlet_63,"[0.1491, 0.2136, 0.0339, 0.5891, 0.0143]",Fair,"alpha=1.0,eps=0.1",OK,"[0.1537, 0.2102, 0.0331, 0.5919, 0.0111]",0.007221173686670859,0.006507625758565315,,,,reward missing
dirichlet_63,"[0.1491, 0.2136, 0.0339, 0.5891, 0.0143]",Fair,"alpha=2.0,eps=0.02",OK,"[0.1495, 0.2132, 0.0338, 0.5894, 0.014]",0.0007207128223122824,0.0006495381747429837,,,,reward missing
dirichlet_63,"[0.1491, 0.2136, 0.0339, 0.5891, 0.0143]",Fair,"alpha=2.0,eps=0.05",OK,"[0.1502, 0.2127, 0.0337, 0.5898, 0.0135]",0.0018017821916202629,0.0016238455679083604,,,,reward missing
dirichlet_63,"[0.1491, 0.2136, 0.0339, 0.5891, 0.0143]",Fair,"alpha=2.0,eps=0.1",OK,"[0.1514, 0.2119, 0.0335, 0.5905, 0.0127]",0.0036035643320927973,0.0032476910904999544,,,,reward missing
dirichlet_64,"[0.2729, 0.3763, 0.1287, 0.0194, 0.2028]",Avg,rho=0.5,OK,"[0.3126, 0.5104, 0.0163, 0.0, 0.1607]",0.18533286187870845,0.16597033728392332,,,,reward missing
dirichlet_64,"[0.2729, 0.3763, 0.1287, 0.0194, 0.2028]",Cert,,FLOOR_COLLAPSED,"[0.2729, 0.3763, 0.1287, 0.0194, 0.2028]",0.0,0.0,,,,"certificate: lambda = p, Delta = 0 by construction"
dirichlet_64,"[0.2729, 0.3763, 0.1287, 0.0194, 0.2028]",MaxMin,c=0.0,INFEASIBLE_BALL_MISSES_SIMPLEX,,,,,,,INFEASIBLE_BALL_MISSES_SIMPLEX
dirichlet_64,"[0.2729, 0.3763, 0.1287, 0.0194, 0.2028]",MaxMin,c=0.25,INFEASIBLE_BALL_MISSES_SIMPLEX,,,,,,,INFEASIBLE_BALL_MISSES_SIMPLEX
dirichlet_64,"[0.2729, 0.3763, 0.1287, 0.0194, 0.2028]",MaxMin,c=0.5,INFEASIBLE_BALL_MISSES_SIMPLEX,,,,,,,INFEASIBLE_BALL_MISSES_SIMPLEX
dirichlet_64,"[0.2729, 0.3763, 0.1287, 0.0194, 0.2028]",MaxMin,c=0.75,OK,"[0.2631, 0.4475, 0.1071, 0.0, 0.1823]",0.08020524100264455,0.07267651838079632,,,,reward missing
dirichlet_64,"[0.2729, 0.3763, 0.1287, 0.0194, 0.2028]",MaxMin,c=0.9,OK,"[0.2661, 0.4043, 0.1211, 0.0127, 0.1957]",0.03131544444256629,0.02840883090840176,,,,reward missing
dirichlet_64,"[0.2729, 0.3763, 0.1287, 0.0194, 0.2028]",MaxMin,c=1.0,OK,"[0.2729, 0.3763, 0.1287, 0.0194, 0.2028]",0.0,0.0,,,,reward missing
dirichlet_64,"[0.2729, 0.3763, 0.1287, 0.0194, 0.2028]",Fair,"alpha=0.0,eps=0.02",OK,"[0.3696, 0.352, 0.1025, 0.0, 0.1759]",0.10832280967822536,0.09671022734595719,,,,reward missing
dirichlet_64,"[0.2729, 0.3763, 0.1287, 0.0194, 0.2028]",Fair,"alpha=0.0,eps=0.05",OK,"[0.4853, 0.3156, 0.0633, 0.0, 0.1358]",0.24070279744922554,0.21508038788220515,,,,reward missing
dirichlet_64,"[0.2729, 0.3763, 0.1287, 0.0194, 0.2028]",Fair,"alpha=0.0,eps=0.1",OK,"[0.676, 0.255, 0.0, 0.0, 0.0691]",0.4604257012324132,0.4115658923521266,,,,reward missing
dirichlet_64,"[0.2729, 0.3763, 0.1287, 0.0194, 0.2028]",Fair,"alpha=1.0,eps=0.02",OK,"[0.2738, 0.3756, 0.1285, 0.0199, 0.2021]",0.0014442341454117106,0.0013015246165970025,,,,reward missing
dirichlet_64,"[0.2729, 0.3763, 0.1287, 0.0194, 0.2028]",Fair,"alpha=1.0,eps=0.05",OK,"[0.2752, 0.3746, 0.1282, 0.0208, 0.2012]",0.003610587062800136,0.0032538130694853137,,,,reward missing
dirichlet_64,"[0.2729, 0.3763, 0.1287, 0.0194, 0.2028]",Fair,"alpha=1.0,eps=0.1",OK,"[0.2775, 0.3729, 0.1278, 0.0222, 0.1995]",0.007221174730342682,0.0065076266970844066,,,,reward missing
dirichlet_64,"[0.2729, 0.3763, 0.1287, 0.0194, 0.2028]",Fair,"alpha=2.0,eps=0.02",OK,"[0.2734, 0.376, 0.1286, 0.0197, 0.2025]",0.0007207128771070977,0.0006495382276092407,,,,reward missing
dirichlet_64,"[0.2729, 0.3763, 0.1287, 0.0194, 0.2028]",Fair,"alpha=2.0,eps=0.05",OK,"[0.274, 0.3754, 0.1285, 0.0201, 0.202]",0.001801781831492817,0.001623845245445764,,,,reward missing
dirichlet_64,"[0.2729, 0.3763, 0.1287, 0.0194, 0.2028]",Fair,"alpha=2.0,eps=0.1",OK,"[0.2752, 0.3746, 0.1283, 0.0208, 0.2012]",0.0036035640247305363,0.0032476908221683596,,,,reward missing
dirichlet_65,"[0.1547, 0.1092, 0.0648, 0.2765, 0.3948]",Avg,rho=0.5,OK,"[0.0962, 0.0, 0.0, 0.3372, 0.5666]",0.22963999583453945,0.20881181633841248,,,,reward missing
dirichlet_65,"[0.1547, 0.1092, 0.0648, 0.2765, 0.3948]",Cert,,FLOOR_COLLAPSED,"[0.1547, 0.1092, 0.0648, 0.2765, 0.3948]",0.0,0.0,,,,"certificate: lambda = p, Delta = 0 by construction"
dirichlet_65,"[0.1547, 0.1092, 0.0648, 0.2765, 0.3948]",MaxMin,c=0.0,INFEASIBLE_BALL_MISSES_SIMPLEX,,,,,,,INFEASIBLE_BALL_MISSES_SIMPLEX
dirichlet_65,"[0.1547, 0.1092, 0.0648, 0.2765, 0.3948]",MaxMin,c=0.25,OK,"[0.1117, 0.021, 0.0, 0.3274, 0.5398]",0.1935197948616551,0.1762376273356151,,,,reward missing
dirichlet_65,"[0.1547, 0.1092, 0.0648, 0.2765, 0.3948]",MaxMin,c=0.5,OK,"[0.11, 0.0677, 0.0256, 0.2943, 0.5024]",0.13092704213026074,0.11884053983563947,,,,reward missing
dirichlet_65,"[0.1547, 0.1092, 0.0648, 0.2765, 0.3948]",MaxMin,c=0.75,OK,"[0.1351, 0.0909, 0.0484, 0.2596, 0.466]",0.07962260270633861,0.07213659835831158,,,,reward missing
dirichlet_65,"[0.1547, 0.1092, 0.0648, 0.2765, 0.3948]",MaxMin,c=0.9,OK,"[0.1475, 0.1025, 0.0589, 0.2696, 0.4215]",0.029850962201100867,0.027038473442807978,,,,reward missing
dirichlet_65,"[0.1547, 0.1092, 0.0648, 0.2765, 0.3948]",MaxMin,c=1.0,OK,"[0.1547, 0.1092, 0.0648, 0.2765, 0.3948]",0.0,0.0,,,,reward missing
dirichlet_65,"[0.1547, 0.1092, 0.0648, 0.2765, 0.3948]",Fair,"alpha=0.0,eps=0.02",OK,"[0.2589, 0.0848, 0.0387, 0.2498, 0.3678]",0.1165381233711038,0.10400300251814022,,,,reward missing
dirichlet_65,"[0.1547, 0.1092, 0.0648, 0.2765, 0.3948]",Fair,"alpha=0.0,eps=0.05",OK,"[0.4146, 0.0483, 0.0, 0.2096, 0.3274]",0.2906841610576048,0.2594180367619062,,,,reward missing
dirichlet_65,"[0.1547, 0.1092, 0.0648, 0.2765, 0.3948]",Fair,"alpha=0.0,eps=0.1",OK,"[0.5928, 0.0, 0.0, 0.144, 0.2633]",0.4928746034440804,0.43982369762421514,,,,reward missing
dirichlet_65,"[0.1547, 0.1092, 0.0648, 0.2765, 0.3948]",Fair,"alpha=1.0,eps=0.02",OK,"[0.1556, 0.1085, 0.0647, 0.2771, 0.3941]",0.0014442341890763956,0.0013015246563265134,,,,reward missing
dirichlet_65,"[0.1547, 0.1092, 0.0648, 0.2765, 0.3948]",Fair,"alpha=1.0,eps=0.05",OK,"[0.157, 0.1075, 0.0644, 0.2779, 0.3932]",0.0036105868412057486,0.0032538128767703655,,,,reward missing
dirichlet_65,"[0.1547, 0.1092, 0.0648, 0.2765, 0.3948]",Fair,"alpha=1.0,eps=0.1",OK,"[0.1593, 0.1058, 0.064, 0.2794, 0.3915]",0.0072211736409952725,0.006507625716184018,,,,reward missing
dirichlet_65,"[0.1547, 0.1092, 0.0648, 0.2765, 0.3948]",Fair,"alpha=2.0,eps=0.02",OK,"[0.1551, 0.1089, 0.0647, 0.2768, 0.3945]",0.0007207128738238354,0.0006495382246189577,,,,reward missing
dirichlet_65,"[0.1547, 0.1092, 0.0648, 0.2765, 0.3948]",Fair,"alpha=2.0,eps=0.05",OK,"[0.1558, 0.1084, 0.0646, 0.2772, 0.394]",0.0018017824413408018,0.0016238457840949375,,,,reward missing
dirichlet_65,"[0.1547, 0.1092, 0.0648, 0.2765, 0.3948]",Fair,"alpha=2.0,eps=0.1",OK,"[0.157, 0.1075, 0.0644, 0.2779, 0.3932]",0.0036035644432216027,0.0032476911918938945,,,,reward missing
dirichlet_66,"[0.3563, 0.1313, 0.0316, 0.163, 0.3178]",Avg,rho=0.5,OK,"[0.4846, 0.0203, 0.0, 0.095, 0.4]",0.2028718060688965,0.18336802059662166,,,,reward missing
dirichlet_66,"[0.3563, 0.1313, 0.0316, 0.163, 0.3178]",Cert,,FLOOR_COLLAPSED,"[0.3563, 0.1313, 0.0316, 0.163, 0.3178]",0.0,0.0,,,,"certificate: lambda = p, Delta = 0 by construction"
dirichlet_66,"[0.3563, 0.1313, 0.0316, 0.163, 0.3178]",MaxMin,c=0.0,INFEASIBLE_BALL_MISSES_SIMPLEX,,,,,,,INFEASIBLE_BALL_MISSES_SIMPLEX
dirichlet_66,"[0.3563, 0.1313, 0.0316, 0.163, 0.3178]",MaxMin,c=0.25,INFEASIBLE_BALL_MISSES_SIMPLEX,,,,,,,INFEASIBLE_BALL_MISSES_SIMPLEX
dirichlet_66,"[0.3563, 0.1313, 0.0316, 0.163, 0.3178]",MaxMin,c=0.5,INFEASIBLE_BALL_MISSES_SIMPLEX,,,,,,,INFEASIBLE_BALL_MISSES_SIMPLEX
dirichlet_66,"[0.3563, 0.1313, 0.0316, 0.163, 0.3178]",MaxMin,c=0.75,OK,"[0.4102, 0.1092, 0.0093, 0.1392, 0.3321]",0.06821734979631705,0.061362424289533285,,,,reward missing
dirichlet_66,"[0.3563, 0.1313, 0.0316, 0.163, 0.3178]",MaxMin,c=0.9,OK,"[0.3898, 0.123, 0.0228, 0.1539, 0.3104]",0.037483182575863444,0.033464019799661515,,,,reward missing
dirichlet_66,"[0.3563, 0.1313, 0.0316, 0.163, 0.3178]",MaxMin,c=1.0,OK,"[0.3563, 0.1313, 0.0316, 0.163, 0.3178]",0.0,0.0,,,,reward missing
dirichlet_66,"[0.3563, 0.1313, 0.0316, 0.163, 0.3178]",Fair,"alpha=0.0,eps=0.02",OK,"[0.4605, 0.1069, 0.0055, 0.1362, 0.2909]",0.11653812337110385,0.10400300251814028,,,,reward missing
dirichlet_66,"[0.3563, 0.1313, 0.0316, 0.163, 0.3178]",Fair,"alpha=0.0,eps=0.05",OK,"[0.5817, 0.0699, 0.0, 0.0965, 0.2519]",0.25360559509805225,0.22639157727054762,,,,reward missing
dirichlet_66,"[0.3563, 0.1313, 0.0316, 0.163, 0.3178]",Fair,"alpha=0.0,eps=0.1",OK,"[0.7741, 0.0082, 0.0, 0.0304, 0.1874]",0.47462916960222057,0.42381789835865596,,,,reward missing
dirichlet_66,"[0.3563, 0.1313, 0.0316, 0.163, 0.3178]",Fair,"alpha=1.0,eps=0.02",OK,"[0.3572, 0.1306, 0.0315, 0.1636, 0.3171]",0.0014442341890763882,0.0013015246563265082,,,,reward missing
dirichlet_66,"[0.3563, 0.1313, 0.0316, 0.163, 0.3178]",Fair,"alpha=1.0,eps=0.05",OK,"[0.3586, 0.1296, 0.0312, 0.1644, 0.3162]",0.00361058684085655,0.003253812876999743,,,,reward missing
dirichlet_66,"[0.3563, 0.1313, 0.0316, 0.163, 0.3178]",Fair,"alpha=1.0,eps=0.1",OK,"[0.3609, 0.1279, 0.0308, 0.1658, 0.3146]",0.007221173705979205,0.0065076257755650666,,,,reward missing
dirichlet_66,"[0.3563, 0.1313, 0.0316, 0.163, 0.3178]",Fair,"alpha=2.0,eps=0.02",OK,"[0.3568, 0.1309, 0.0316, 0.1633, 0.3175]",0.0007207128825964395,0.0006495382324502864,,,,reward missing
dirichlet_66,"[0.3563, 0.1313, 0.0316, 0.163, 0.3178]",Fair,"alpha=2.0,eps=0.05",OK,"[0.3575, 0.1304, 0.0314, 0.1637, 0.317]",0.0018017822089409438,0.0016238455843279231,,,,reward missing
dirichlet_66,"[0.3563, 0.1313, 0.0316, 0.163, 0.3178]",Fair,"alpha=2.0,eps=0.1",OK,"[0.3586, 0.1296, 0.0312, 0.1644, 0.3162]",0.003603564024137611,0.0032476908144052808,,,,reward missing
dirichlet_67,"[0.0467, 0.066, 0.0146, 0.6151, 0.2577]",Avg,rho=0.5,OK,"[0.0, 0.0, 0.0, 0.8584, 0.1416]",0.28185367900902447,0.2529259789311527,,,,reward missing
dirichlet_67,"[0.0467, 0.066, 0.0146, 0.6151, 0.2577]",Cert,,FLOOR_COLLAPSED,"[0.0467, 0.066, 0.0146, 0.6151, 0.2577]",0.0,0.0,,,,"certificate: lambda = p, Delta = 0 by construction"
dirichlet_67,"[0.0467, 0.066, 0.0146, 0.6151, 0.2577]",MaxMin,c=0.0,INFEASIBLE_BALL_MISSES_SIMPLEX,,,,,,,INFEASIBLE_BALL_MISSES_SIMPLEX
dirichlet_67,"[0.0467, 0.066, 0.0146, 0.6151, 0.2577]",MaxMin,c=0.25,INFEASIBLE_BALL_MISSES_SIMPLEX,,,,,,,INFEASIBLE_BALL_MISSES_SIMPLEX
dirichlet_67,"[0.0467, 0.066, 0.0146, 0.6151, 0.2577]",MaxMin,c=0.5,INFEASIBLE_BALL_MISSES_SIMPLEX,,,,,,,INFEASIBLE_BALL_MISSES_SIMPLEX
dirichlet_67,"[0.0467, 0.066, 0.0146, 0.6151, 0.2577]",MaxMin,c=0.75,OK,"[0.0148, 0.0367, 0.0, 0.7218, 0.2267]",0.12017557580447527,0.10767529776019903,,,,reward missing
dirichlet_67,"[0.0467, 0.066, 0.0146, 0.6151, 0.2577]",MaxMin,c=0.9,OK,"[0.0364, 0.0566, 0.0043, 0.6552, 0.2475]",0.04485760953765404,0.04015928697437245,,,,reward missing
dirichlet_67,"[0.0467, 0.066, 0.0146, 0.6151, 0.2577]",MaxMin,c=1.0,OK,"[0.0467, 0.066, 0.0146, 0.6151, 0.2577]",0.0,0.0,,,,reward missing
dirichlet_67,"[0.0467, 0.066, 0.0146, 0.6151, 0.2577]",Fair,"alpha=0.0,eps=0.02",OK,"[0.1389, 0.0415, 0.0, 0.5884, 0.2312]",0.10350494192146342,0.09239208435873628,,,,reward missing
dirichlet_67,"[0.0467, 0.066, 0.0146, 0.6151, 0.2577]",Fair,"alpha=0.0,eps=0.05",OK,"[0.2543, 0.0044, 0.0, 0.5488, 0.1925]",0.23608609141854797,0.21081780931948968,,,,reward missing
dirichlet_67,"[0.0467, 0.066, 0.0146, 0.6151, 0.2577]",Fair,"alpha=0.0,eps=0.1",OK,"[0.3859, 0.0, 0.0, 0.4846, 0.1295]",0.39120659719312545,0.348900708483129,,,,reward missing
dirichlet_67,"[0.0467, 0.066, 0.0146, 0.6151, 0.2577]",Fair,"alpha=1.0,eps=0.02",OK,"[0.0477, 0.0653, 0.0144, 0.6156, 0.257]",0.00144423480056384,0.0013015252091665202,,,,reward missing
dirichlet_67,"[0.0467, 0.066, 0.0146, 0.6151, 0.2577]",Fair,"alpha=1.0,eps=0.05",OK,"[0.049, 0.0643, 0.0142, 0.6165, 0.256]",0.003610586235917109,0.003253812347915154,,,,reward missing
dirichlet_67,"[0.0467, 0.066, 0.0146, 0.6151, 0.2577]",Fair,"alpha=1.0,eps=0.1",OK,"[0.0514, 0.0626, 0.0138, 0.6179, 0.2544]",0.007221174774265678,0.006507626719346833,,,,reward missing
dirichlet_67,"[0.0467, 0.066, 0.0146, 0.6151, 0.2577]",Fair,"alpha=2.0,eps=0.02",OK,"[0.0472, 0.0656, 0.0145, 0.6154, 0.2573]",0.0007207128771348772,0.0006495382275714074,,,,reward missing
dirichlet_67,"[0.0467, 0.066, 0.0146, 0.6151, 0.2577]",Fair,"alpha=2.0,eps=0.05",OK,"[0.0479, 0.0651, 0.0144, 0.6158, 0.2568]",0.0018017819063320842,0.0016238453099631635,,,,reward missing
dirichlet_67,"[0.0467, 0.066, 0.0146, 0.6151, 0.2577]",Fair,"alpha=2.0,eps=0.1",OK,"[0.049, 0.0643, 0.0142, 0.6165, 0.256]",0.0036035643645335,0.0032476911194675682,,,,reward missing
dirichlet_68,"[0.0699, 0.4903, 0.302, 0.054, 0.0838]",Avg,rho=0.5,OK,"[0.0, 0.6871, 0.3129, 0.0, 0.0]",0.23169095891318564,0.21130563930142887,,,,reward missing
dirichlet_68,"[0.0699, 0.4903, 0.302, 0.054, 0.0838]",Cert,,FLOOR_COLLAPSED,"[0.0699, 0.4903, 0.302, 0.054, 0.0838]",0.0,0.0,,,,"certificate: lambda = p, Delta = 0 by construction"
dirichlet_68,"[0.0699, 0.4903, 0.302, 0.054, 0.0838]",MaxMin,c=0.0,INFEASIBLE_BALL_MISSES_SIMPLEX,,,,,,,INFEASIBLE_BALL_MISSES_SIMPLEX
dirichlet_68,"[0.0699, 0.4903, 0.302, 0.054, 0.0838]",MaxMin,c=0.25,INFEASIBLE_BALL_MISSES_SIMPLEX,,,,,,,INFEASIBLE_BALL_MISSES_SIMPLEX
dirichlet_68,"[0.0699, 0.4903, 0.302, 0.054, 0.0838]",MaxMin,c=0.5,OK,"[0.0193, 0.6407, 0.3032, 0.0037, 0.0332]",0.17399241353288522,0.15860443560370782,,,,reward missing
dirichlet_68,"[0.0699, 0.4903, 0.302, 0.054, 0.0838]",MaxMin,c=0.75,OK,"[0.0478, 0.5818, 0.2775, 0.0321, 0.0608]",0.1023451838264212,0.09284578499106322,,,,reward missing
dirichlet_68,"[0.0699, 0.4903, 0.302, 0.054, 0.0838]",MaxMin,c=0.9,OK,"[0.0615, 0.5249, 0.2928, 0.0457, 0.0751]",0.03869238938377551,0.03510106808356825,,,,reward missing
dirichlet_68,"[0.0699, 0.4903, 0.302, 0.054, 0.0838]",MaxMin,c=1.0,OK,"[0.0699, 0.4903, 0.302, 0.054, 0.0838]",0.0,0.0,,,,reward missing
dirichlet_68,"[0.0699, 0.4903, 0.302, 0.054, 0.0838]",Fair,"alpha=0.0,eps=0.02",OK,"[0.1741, 0.4659, 0.2759, 0.0272, 0.0569]",0.11653812337110382,0.10400300251814025,,,,reward missing
dirichlet_68,"[0.0699, 0.4903, 0.302, 0.054, 0.0838]",Fair,"alpha=0.0,eps=0.05",OK,"[0.3174, 0.4294, 0.2366, 0.0, 0.0166]",0.27684380876334813,0.2471330945682133,,,,reward missing
dirichlet_68,"[0.0699, 0.4903, 0.302, 0.054, 0.0838]",Fair,"alpha=0.0,eps=0.1",OK,"[0.4576, 0.3691, 0.1734, 0.0, 0.0]",0.4375941388410068,0.3913976361655258,,,,reward missing
dirichlet_68,"[0.0699, 0.4903, 0.302, 0.054, 0.0838]",Fair,"alpha=1.0,eps=0.02",OK,"[0.0708, 0.4896, 0.3019, 0.0545, 0.0832]",0.0014442341890763917,0.001301524656326511,,,,reward missing
dirichlet_68,"[0.0699, 0.4903, 0.302, 0.054, 0.0838]",Fair,"alpha=1.0,eps=0.05",OK,"[0.0722, 0.4886, 0.3016, 0.0554, 0.0822]",0.0036105867336597235,0.0032538127868992524,,,,reward missing
dirichlet_68,"[0.0699, 0.4903, 0.302, 0.054, 0.0838]",Fair,"alpha=1.0,eps=0.1",OK,"[0.0745, 0.4869, 0.3012, 0.0568, 0.0806]",0.007221173683020099,0.006507625753904109,,,,reward missing
dirichlet_68,"[0.0699, 0.4903, 0.302, 0.054, 0.0838]",Fair,"alpha=2.0,eps=0.02",OK,"[0.0704, 0.49, 0.302, 0.0542, 0.0835]",0.0007207128834026343,0.0006495382330860648,,,,reward missing
dirichlet_68,"[0.0699, 0.4903, 0.302, 0.054, 0.0838]",Fair,"alpha=2.0,eps=0.05",OK,"[0.0711, 0.4894, 0.3018, 0.0547, 0.083]",0.0018017820153344733,0.0016238454063017345,,,,reward missing
dirichlet_68,"[0.0699, 0.4903, 0.302, 0.054, 0.0838]",Fair,"alpha=2.0,eps=0.1",OK,"[0.0722, 0.4886, 0.3016, 0.0554, 0.0822]",0.0036035640855593886,0.0032476908682684364,,,,reward missing
dirichlet_69,"[0.4343, 0.1447, 0.1326, 0.128, 0.1604]",Avg,rho=0.5,OK,"[0.6759, 0.0836, 0.0641, 0.0607, 0.1157]",0.27077199262392515,0.2418225598549703,,,,reward missing
dirichlet_69,"[0.4343, 0.1447, 0.1326, 0.128, 0.1604]",Cert,,FLOOR_COLLAPSED,"[0.4343, 0.1447, 0.1326, 0.128, 0.1604]",0.0,0.0,,,,"certificate: lambda = p, Delta = 0 by construction"
dirichlet_69,"[0.4343, 0.1447, 0.1326, 0.128, 0.1604]",MaxMin,c=0.0,OK_EXACT_D0,"[0.6269, 0.0927, 0.0777, 0.0758, 0.127]",0.21600867183025574,0.19298781565137282,,,,reward missing
dirichlet_69,"[0.4343, 0.1447, 0.1326, 0.128, 0.1604]",MaxMin,c=0.25,OK,"[0.5818, 0.1102, 0.0956, 0.0902, 0.1223]",0.16496365795817225,0.14721977012957035,,,,reward missing
dirichlet_69,"[0.4343, 0.1447, 0.1326, 0.128, 0.1604]",MaxMin,c=0.5,SOLVER_FAILED,,,,,,,SOLVER_FAILED
dirichlet_69,"[0.4343, 0.1447, 0.1326, 0.128, 0.1604]",MaxMin,c=0.75,OK,"[0.4829, 0.1333, 0.1204, 0.1156, 0.1478]",0.05435953125850471,0.04851248932814903,,,,reward missing
dirichlet_69,"[0.4343, 0.1447, 0.1326, 0.128, 0.1604]",MaxMin,c=0.9,OK,"[0.4537, 0.1401, 0.1277, 0.1231, 0.1554]",0.021723819644246436,0.019387153352122724,,,,reward missing
dirichlet_69,"[0.4343, 0.1447, 0.1326, 0.128, 0.1604]",MaxMin,c=1.0,OK,"[0.4343, 0.1447, 0.1326, 0.128, 0.1604]",0.0,0.0,,,,reward missing
dirichlet_69,"[0.4343, 0.1447, 0.1326, 0.128, 0.1604]",Fair,"alpha=0.0,eps=0.02",OK,"[0.5385, 0.1203, 0.1064, 0.1013, 0.1335]",0.11653812337110377,0.10400300251814018,,,,reward missing
dirichlet_69,"[0.4343, 0.1447, 0.1326, 0.128, 0.1604]",Fair,"alpha=0.0,eps=0.05",OK,"[0.6948, 0.0838, 0.0672, 0.0612, 0.0931]",0.29134530842775946,0.2600075062953506,,,,reward missing
dirichlet_69,"[0.4343, 0.1447, 0.1326, 0.128, 0.1604]",Fair,"alpha=0.0,eps=0.1",OK,"[0.9496, 0.0229, 0.0018, 0.0, 0.0257]",0.5761797407402719,0.5142336156343968,,,,reward missing
dirichlet_69,"[0.4343, 0.1447, 0.1326, 0.128, 0.1604]",Fair,"alpha=1.0,eps=0.02",OK,"[0.4352, 0.144, 0.1324, 0.1286, 0.1598]",0.0014442347478069567,0.0013015251624546953,,,,reward missing
dirichlet_69,"[0.4343, 0.1447, 0.1326, 0.128, 0.1604]",Fair,"alpha=1.0,eps=0.05",OK,"[0.4366, 0.143, 0.1322, 0.1295, 0.1588]",0.0036105868201749556,0.003253812856498174,,,,reward missing
dirichlet_69,"[0.4343, 0.1447, 0.1326, 0.128, 0.1604]",Fair,"alpha=1.0,eps=0.1",OK,"[0.4389, 0.1413, 0.1318, 0.1309, 0.1572]",0.007221173549139027,0.006507625635079273,,,,reward missing
dirichlet_69,"[0.4343, 0.1447, 0.1326, 0.128, 0.1604]",Fair,"alpha=2.0,eps=0.02",OK,"[0.4348, 0.1443, 0.1325, 0.1283, 0.1601]",0.0007207127772103224,0.0006495381373150016,,,,reward missing
dirichlet_69,"[0.4343, 0.1447, 0.1326, 0.128, 0.1604]",Fair,"alpha=2.0,eps=0.05",OK,"[0.4354, 0.1438, 0.1324, 0.1287, 0.1596]",0.0018017827565016417,0.0016238460836066903,,,,reward missing
dirichlet_69,"[0.4343, 0.1447, 0.1326, 0.128, 0.1604]",Fair,"alpha=2.0,eps=0.1",OK,"[0.4366, 0.143, 0.1322, 0.1295, 0.1588]",0.0036035654187186812,0.0032476920563712978,,,,reward missing
dirichlet_70,"[0.1468, 0.0819, 0.2381, 0.1691, 0.3641]",Avg,rho=0.5,OK,"[0.0908, 0.0, 0.2639, 0.1328, 0.5125]",0.1840020134641859,0.16500414996732418,,,,reward missing
dirichlet_70,"[0.1468, 0.0819, 0.2381, 0.1691, 0.3641]",Cert,,FLOOR_COLLAPSED,"[0.1468, 0.0819, 0.2381, 0.1691, 0.3641]",0.0,0.0,,,,"certificate: lambda = p, Delta = 0 by construction"
dirichlet_70,"[0.1468, 0.0819, 0.2381, 0.1691, 0.3641]",MaxMin,c=0.0,INFEASIBLE_BALL_MISSES_SIMPLEX,,,,,,,INFEASIBLE_BALL_MISSES_SIMPLEX
dirichlet_70,"[0.1468, 0.0819, 0.2381, 0.1691, 0.3641]",MaxMin,c=0.25,OK,"[0.1032, 0.0187, 0.2541, 0.1404, 0.4836]",0.14581401978896774,0.1308806730173799,,,,reward missing
dirichlet_70,"[0.1468, 0.0819, 0.2381, 0.1691, 0.3641]",MaxMin,c=0.5,OK,"[0.1157, 0.0523, 0.2321, 0.1386, 0.4612]",0.11065243954095524,0.09974381437276106,,,,reward missing
dirichlet_70,"[0.1468, 0.0819, 0.2381, 0.1691, 0.3641]",MaxMin,c=0.75,OK,"[0.1341, 0.07, 0.2275, 0.1567, 0.4116]",0.05319207828168257,0.04818044344091517,,,,reward missing
dirichlet_70,"[0.1468, 0.0819, 0.2381, 0.1691, 0.3641]",MaxMin,c=0.9,OK,"[0.142, 0.0774, 0.2341, 0.1644, 0.3822]",0.02027308235599853,0.018362999329593135,,,,reward missing
dirichlet_70,"[0.1468, 0.0819, 0.2381, 0.1691, 0.3641]",MaxMin,c=1.0,OK,"[0.1468, 0.0819, 0.2381, 0.1691, 0.3641]",0.0,0.0,,,,reward missing
dirichlet_70,"[0.1468, 0.0819, 0.2381, 0.1691, 0.3641]",Fair,"alpha=0.0,eps=0.02",OK,"[0.251, 0.0576, 0.2119, 0.1423, 0.3371]",0.1165381233711038,0.10400300251814022,,,,reward missing
dirichlet_70,"[0.1468, 0.0819, 0.2381, 0.1691, 0.3641]",Fair,"alpha=0.0,eps=0.05",OK,"[0.4074, 0.021, 0.1727, 0.1022, 0.2967]",0.2913453084277595,0.2600075062953506,,,,reward missing
dirichlet_70,"[0.1468, 0.0819, 0.2381, 0.1691, 0.3641]",Fair,"alpha=0.0,eps=0.1",OK,"[0.6253, 0.0, 0.1076, 0.0367, 0.2304]",0.5366992472810119,0.47848436929064,,,,reward missing
dirichlet_70,"[0.1468, 0.0819, 0.2381, 0.1691, 0.3641]",Fair,"alpha=1.0,eps=0.02",OK,"[0.1477, 0.0813, 0.2379, 0.1696, 0.3634]",0.001444234189076399,0.0013015246563265156,,,,reward missing
dirichlet_70,"[0.1468, 0.0819, 0.2381, 0.1691, 0.3641]",Fair,"alpha=1.0,eps=0.05",OK,"[0.1491, 0.0802, 0.2377, 0.1705, 0.3625]",0.0036105868409053218,0.0032538128764079627,,,,reward missing
dirichlet_70,"[0.1468, 0.0819, 0.2381, 0.1691, 0.3641]",Fair,"alpha=1.0,eps=0.1",OK,"[0.1514, 0.0785, 0.2373, 0.1719, 0.3608]",0.007221173644045259,0.0065076257197963965,,,,reward missing
dirichlet_70,"[0.1468, 0.0819, 0.2381, 0.1691, 0.3641]",Fair,"alpha=2.0,eps=0.02",OK,"[0.1473, 0.0816, 0.238, 0.1694, 0.3638]",0.0007207128770676717,0.0006495382275357,,,,reward missing
dirichlet_70,"[0.1468, 0.0819, 0.2381, 0.1691, 0.3641]",Fair,"alpha=2.0,eps=0.05",OK,"[0.148, 0.0811, 0.2379, 0.1698, 0.3633]",0.0018017820216757142,0.0016238454124307448,,,,reward missing
dirichlet_70,"[0.1468, 0.0819, 0.2381, 0.1691, 0.3641]",Fair,"alpha=2.0,eps=0.1",OK,"[0.1491, 0.0802, 0.2377, 0.1705, 0.3625]",0.003603564452877314,0.003247691189379644,,,,reward missing
dirichlet_71,"[0.3736, 0.1812, 0.0935, 0.0046, 0.347]",Avg,rho=0.5,OK,"[0.4852, 0.092, 0.0, 0.0, 0.4228]",0.18683976255937093,0.17027064613235124,,,,reward missing
dirichlet_71,"[0.3736, 0.1812, 0.0935, 0.0046, 0.347]",Cert,,FLOOR_COLLAPSED,"[0.3736, 0.1812, 0.0935, 0.0046, 0.347]",0.0,0.0,,,,"certificate: lambda = p, Delta = 0 by construction"
dirichlet_71,"[0.3736, 0.1812, 0.0935, 0.0046, 0.347]",MaxMin,c=0.0,INFEASIBLE_BALL_MISSES_SIMPLEX,,,,,,,INFEASIBLE_BALL_MISSES_SIMPLEX
dirichlet_71,"[0.3736, 0.1812, 0.0935, 0.0046, 0.347]",MaxMin,c=0.25,INFEASIBLE_BALL_MISSES_SIMPLEX,,,,,,,INFEASIBLE_BALL_MISSES_SIMPLEX
dirichlet_71,"[0.3736, 0.1812, 0.0935, 0.0046, 0.347]",MaxMin,c=0.5,INFEASIBLE_BALL_MISSES_SIMPLEX,,,,,,,INFEASIBLE_BALL_MISSES_SIMPLEX
dirichlet_71,"[0.3736, 0.1812, 0.0935, 0.0046, 0.347]",MaxMin,c=0.75,OK,"[0.4363, 0.1344, 0.0462, 0.0, 0.3831]",0.09840600087490009,0.08954592612884735,,,,reward missing
dirichlet_71,"[0.3736, 0.1812, 0.0935, 0.0046, 0.347]",MaxMin,c=0.9,OK,"[0.4042, 0.1672, 0.079, 0.0, 0.3496]",0.03703982200135437,0.03334881024296794,,,,reward missing
dirichlet_71,"[0.3736, 0.1812, 0.0935, 0.0046, 0.347]",MaxMin,c=1.0,OK,"[0.3736, 0.1812, 0.0935, 0.0046, 0.347]",0.0,0.0,,,,reward missing
dirichlet_71,"[0.3736, 0.1812, 0.0935, 0.0046, 0.347]",Fair,"alpha=0.0,eps=0.02",OK,"[0.4554, 0.157, 0.0673, 0.0, 0.3203]",0.09330159194657461,0.08339287249749291,,,,reward missing
dirichlet_71,"[0.3736, 0.1812, 0.0935, 0.0046, 0.347]",Fair,"alpha=0.0,eps=0.05",OK,"[0.5711, 0.1206, 0.0281, 0.0, 0.2802]",0.22680826144655716,0.20277548161520545,,,,reward missing
dirichlet_71,"[0.3736, 0.1812, 0.0935, 0.0046, 0.347]",Fair,"alpha=0.0,eps=0.1",OK,"[0.7255, 0.0595, 0.0, 0.0, 0.2149]",0.406025983971568,0.36322574924836565,,,,reward missing
dirichlet_71,"[0.3736, 0.1812, 0.0935, 0.0046, 0.347]",Fair,"alpha=1.0,eps=0.02",OK,"[0.3745, 0.1806, 0.0933, 0.0052, 0.3464]",0.0014442347097201927,0.0013015251271373052,,,,reward missing
dirichlet_71,"[0.3736, 0.1812, 0.0935, 0.0046, 0.347]",Fair,"alpha=1.0,eps=0.05",OK,"[0.3759, 0.1795, 0.0931, 0.0061, 0.3454]",0.0036105868353240294,0.003253812871772696,,,,reward missing
dirichlet_71,"[0.3736, 0.1812, 0.0935, 0.0046, 0.347]",Fair,"alpha=1.0,eps=0.1",OK,"[0.3782, 0.1778, 0.0927, 0.0075, 0.3438]",0.007221173801395752,0.006507625872204471,,,,reward missing
dirichlet_71,"[0.3736, 0.1812, 0.0935, 0.0046, 0.347]",Fair,"alpha=2.0,eps=0.02",OK,"[0.3741, 0.1809, 0.0934, 0.0049, 0.3467]",0.0007207129103628757,0.0006495382575687906,,,,reward missing
dirichlet_71,"[0.3736, 0.1812, 0.0935, 0.0046, 0.347]",Fair,"alpha=2.0,eps=0.05",OK,"[0.3748, 0.1804, 0.0933, 0.0054, 0.3462]",0.0018017821773937289,0.0016238455551617695,,,,reward missing
dirichlet_71,"[0.3736, 0.1812, 0.0935, 0.0046, 0.347]",Fair,"alpha=2.0,eps=0.1",OK,"[0.3759, 0.1795, 0.0931, 0.0061, 0.3454]",0.0036035643825125248,0.0032476911351165512,,,,reward missing
dirichlet_72,"[0.1541, 0.5808, 0.1281, 0.1094, 0.0276]",Avg,rho=0.5,OK,"[0.0702, 0.9134, 0.0165, 0.0, 0.0]",0.37791006438990854,0.34287567848396083,,,,reward missing
dirichlet_72,"[0.1541, 0.5808, 0.1281, 0.1094, 0.0276]",Cert,,FLOOR_COLLAPSED,"[0.1541, 0.5808, 0.1281, 0.1094, 0.0276]",1.2118257228641695e-16,1.3962956823542874e-16,,,,"certificate: lambda = p, Delta = 0 by construction"
dirichlet_72,"[0.1541, 0.5808, 0.1281, 0.1094, 0.0276]",MaxMin,c=0.0,INFEASIBLE_BALL_MISSES_SIMPLEX,,,,,,,INFEASIBLE_BALL_MISSES_SIMPLEX
dirichlet_72,"[0.1541, 0.5808, 0.1281, 0.1094, 0.0276]",MaxMin,c=0.25,INFEASIBLE_BALL_MISSES_SIMPLEX,,,,,,,INFEASIBLE_BALL_MISSES_SIMPLEX
dirichlet_72,"[0.1541, 0.5808, 0.1281, 0.1094, 0.0276]",MaxMin,c=0.5,OK,"[0.1048, 0.7598, 0.0747, 0.0607, 0.0]",0.2010967934218139,0.18246603317827367,,,,reward missing
dirichlet_72,"[0.1541, 0.5808, 0.1281, 0.1094, 0.0276]",MaxMin,c=0.75,OK,"[0.1342, 0.6633, 0.106, 0.0897, 0.0069]",0.09224707000787317,0.08368495035909537,,,,reward missing
dirichlet_72,"[0.1541, 0.5808, 0.1281, 0.1094, 0.0276]",MaxMin,c=0.9,OK,"[0.1462, 0.6136, 0.1193, 0.1015, 0.0194]",0.036655688809305975,0.03325340846189921,,,,reward missing
dirichlet_72,"[0.1541, 0.5808, 0.1281, 0.1094, 0.0276]",MaxMin,c=1.0,OK,"[0.1541, 0.5808, 0.1281, 0.1094, 0.0276]",1.2118257228641695e-16,1.3962956823542874e-16,,,,reward missing
dirichlet_72,"[0.1541, 0.5808, 0.1281, 0.1094, 0.0276]",Fair,"alpha=0.0,eps=0.02",OK,"[0.2583, 0.5564, 0.1019, 0.0826, 0.0007]",0.11653812337110374,0.10400300251814018,,,,reward missing
dirichlet_72,"[0.1541, 0.5808, 0.1281, 0.1094, 0.0276]",Fair,"alpha=0.0,eps=0.05",OK,"[0.3725, 0.5201, 0.0643, 0.0432, 0.0]",0.24614202984459008,0.2199989631069639,,,,reward missing
dirichlet_72,"[0.1541, 0.5808, 0.1281, 0.1094, 0.0276]",Fair,"alpha=0.0,eps=0.1",OK,"[0.5388, 0.4596, 0.0017, 0.0, 0.0]",0.43745920100506075,0.3915354401278518,,,,reward missing
dirichlet_72,"[0.1541, 0.5808, 0.1281, 0.1094, 0.0276]",Fair,"alpha=1.0,eps=0.02",OK,"[0.155, 0.5801, 0.1279, 0.1099, 0.027]",0.0014442341890764543,0.0013015246563265659,,,,reward missing
dirichlet_72,"[0.1541, 0.5808, 0.1281, 0.1094, 0.0276]",Fair,"alpha=1.0,eps=0.05",OK,"[0.1564, 0.5791, 0.1277, 0.1108, 0.026]",0.0036105869115607473,0.003253812934331797,,,,reward missing
dirichlet_72,"[0.1541, 0.5808, 0.1281, 0.1094, 0.0276]",Fair,"alpha=1.0,eps=0.1",OK,"[0.1587, 0.5774, 0.1272, 0.1122, 0.0244]",0.0072211755284916695,0.006507627400172236,,,,reward missing
dirichlet_72,"[0.1541, 0.5808, 0.1281, 0.1094, 0.0276]",Fair,"alpha=2.0,eps=0.02",OK,"[0.1546, 0.5805, 0.128, 0.1097, 0.0273]",0.0007207128773932932,0.0006495382278689197,,,,reward missing
dirichlet_72,"[0.1541, 0.5808, 0.1281, 0.1094, 0.0276]",Fair,"alpha=2.0,eps=0.05",OK,"[0.1553, 0.5799, 0.1279, 0.1101, 0.0268]",0.001801782229852818,0.0016238456004631348,,,,reward missing
dirichlet_72,"[0.1541, 0.5808, 0.1281, 0.1094, 0.0276]",Fair,"alpha=2.0,eps=0.1",OK,"[0.1564, 0.5791, 0.1277, 0.1108, 0.026]",0.003603564406415703,0.003247691157605085,,,,reward missing
dirichlet_73,"[0.0749, 0.4121, 0.0515, 0.1045, 0.3569]",Avg,rho=0.5,OK,"[0.0, 0.5535, 0.0, 0.0, 0.4465]",0.2172972968149626,0.19717954600741827,,,,reward missing
dirichlet_73,"[0.0749, 0.4121, 0.0515, 0.1045, 0.3569]",Cert,,FLOOR_COLLAPSED,"[0.0749, 0.4121, 0.0515, 0.1045, 0.3569]",0.0,0.0,,,,"certificate: lambda = p, Delta = 0 by construction"
dirichlet_73,"[0.0749, 0.4121, 0.0515, 0.1045, 0.3569]",MaxMin,c=0.0,INFEASIBLE_BALL_MISSES_SIMPLEX,,,,,,,INFEASIBLE_BALL_MISSES_SIMPLEX
dirichlet_73,"[0.0749, 0.4121, 0.0515, 0.1045, 0.3569]",MaxMin,c=0.25,INFEASIBLE_BALL_MISSES_SIMPLEX,,,,,,,INFEASIBLE_BALL_MISSES_SIMPLEX
dirichlet_73,"[0.0749, 0.4121, 0.0515, 0.1045, 0.3569]",MaxMin,c=0.5,OK,"[0.0245, 0.509, 0.0015, 0.0549, 0.4101]",0.14047244963621192,0.12750247181147079,,,,reward missing
dirichlet_73,"[0.0749, 0.4121, 0.0515, 0.1045, 0.3569]",MaxMin,c=0.75,OK,"[0.0504, 0.4708, 0.0266, 0.0804, 0.3719]",0.07398477609551707,0.06715719590918245,,,,reward missing
dirichlet_73,"[0.0749, 0.4121, 0.0515, 0.1045, 0.3569]",MaxMin,c=0.9,OK,"[0.0658, 0.448, 0.0415, 0.0955, 0.3492]",0.04018435057723122,0.036457284108375725,,,,reward missing
dirichlet_73,"[0.0749, 0.4121, 0.0515, 0.1045, 0.3569]",MaxMin,c=1.0,OK,"[0.0749, 0.4121, 0.0515, 0.1045, 0.3569]",0.0,0.0,,,,reward missing
dirichlet_73,"[0.0749, 0.4121, 0.0515, 0.1045, 0.3569]",Fair,"alpha=0.0,eps=0.02",OK,"[0.1792, 0.3877, 0.0254, 0.0778, 0.33]",0.11653812337110382,0.10400300251814025,,,,reward missing
dirichlet_73,"[0.0749, 0.4121, 0.0515, 0.1045, 0.3569]",Fair,"alpha=0.0,eps=0.05",OK,"[0.321, 0.351, 0.0, 0.0378, 0.2902]",0.275420468786441,0.24581405849394616,,,,reward missing
dirichlet_73,"[0.0749, 0.4121, 0.0515, 0.1045, 0.3569]",Fair,"alpha=0.0,eps=0.1",OK,"[0.4847, 0.2894, 0.0, 0.0, 0.2259]",0.4623095474742514,0.41292178285099324,,,,reward missing
dirichlet_73,"[0.0749, 0.4121, 0.0515, 0.1045, 0.3569]",Fair,"alpha=1.0,eps=0.02",OK,"[0.0759, 0.4114, 0.0514, 0.1051, 0.3563]",0.0014442341890763173,0.0013015246563264449,,,,reward missing
dirichlet_73,"[0.0749, 0.4121, 0.0515, 0.1045, 0.3569]",Fair,"alpha=1.0,eps=0.05",OK,"[0.0773, 0.4104, 0.0511, 0.1059, 0.3553]",0.003610586368812428,0.003253812454535637,,,,reward missing
dirichlet_73,"[0.0749, 0.4121, 0.0515, 0.1045, 0.3569]",Fair,"alpha=1.0,eps=0.1",OK,"[0.0796, 0.4087, 0.0507, 0.1073, 0.3537]",0.007221173685863031,0.0065076257565868266,,,,reward missing
dirichlet_73,"[0.0749, 0.4121, 0.0515, 0.1045, 0.3569]",Fair,"alpha=2.0,eps=0.02",OK,"[0.0754, 0.4117, 0.0514, 0.1048, 0.3566]",0.0007207128152470039,0.0006495381669475106,,,,reward missing
dirichlet_73,"[0.0749, 0.4121, 0.0515, 0.1045, 0.3569]",Fair,"alpha=2.0,eps=0.05",OK,"[0.0761, 0.4112, 0.0513, 0.1052, 0.3561]",0.001801782481676746,0.0016238458363215737,,,,reward missing
dirichlet_73,"[0.0749, 0.4121, 0.0515, 0.1045, 0.3569]",Fair,"alpha=2.0,eps=0.1",OK,"[0.0773, 0.4104, 0.0511, 0.1059, 0.3553]",0.0036035644843573564,0.0032476912231124496,,,,reward missing
dirichlet_74,"[0.3763, 0.2106, 0.0944, 0.1802, 0.1386]",Avg,rho=0.5,OK,"[0.5567, 0.2122, 0.0, 0.1619, 0.0693]",0.21584856990822632,0.19201773208955814,,,,reward missing
dirichlet_74,"[0.3763, 0.2106, 0.0944, 0.1802, 0.1386]",Cert,,FLOOR_COLLAPSED,"[0.3763, 0.2106, 0.0944, 0.1802, 0.1386]",1.3311106448512297e-16,1.6187548059179532e-16,,,,"certificate: lambda = p, Delta = 0 by construction"
dirichlet_74,"[0.3763, 0.2106, 0.0944, 0.1802, 0.1386]",MaxMin,c=0.0,OK_EXACT_D0,"[0.522, 0.2124, 0.0095, 0.1685, 0.0876]",0.17660595722580716,0.15716150125376738,,,,reward missing
dirichlet_74,"[0.3763, 0.2106, 0.0944, 0.1802, 0.1386]",MaxMin,c=0.25,OK,"[0.509, 0.1985, 0.0468, 0.1553, 0.0904]",0.15158596128617807,0.13498438278392902,,,,reward missing
dirichlet_74,"[0.3763, 0.2106, 0.0944, 0.1802, 0.1386]",MaxMin,c=0.5,OK,"[0.4706, 0.1885, 0.0707, 0.156, 0.1142]",0.10551353411587028,0.0941642446000784,,,,reward missing
dirichlet_74,"[0.3763, 0.2106, 0.0944, 0.1802, 0.1386]",MaxMin,c=0.75,OK,"[0.4201, 0.2003, 0.0834, 0.1689, 0.1273]",0.048987971033357655,0.04371870704075695,,,,reward missing
dirichlet_74,"[0.3763, 0.2106, 0.0944, 0.1802, 0.1386]",MaxMin,c=0.9,OK,"[0.3935, 0.2066, 0.0901, 0.1758, 0.1341]",0.019209430686736983,0.017143218118613714,,,,reward missing
dirichlet_74,"[0.3763, 0.2106, 0.0944, 0.1802, 0.1386]",MaxMin,c=1.0,OK,"[0.3763, 0.2106, 0.0944, 0.1802, 0.1386]",1.3311106448512297e-16,1.6187548059179532e-16,,,,reward missing
dirichlet_74,"[0.3763, 0.2106, 0.0944, 0.1802, 0.1386]",Fair,"alpha=0.0,eps=0.02",OK,"[0.4805, 0.1862, 0.0682, 0.1534, 0.1116]",0.11653812337110385,0.10400300251814026,,,,reward missing
dirichlet_74,"[0.3763, 0.2106, 0.0944, 0.1802, 0.1386]",Fair,"alpha=0.0,eps=0.05",OK,"[0.6368, 0.1497, 0.029, 0.1133, 0.0712]",0.29134530842775946,0.2600075062953506,,,,reward missing
dirichlet_74,"[0.3763, 0.2106, 0.0944, 0.1802, 0.1386]",Fair,"alpha=0.0,eps=0.1",OK,"[0.8594, 0.0883, 0.0, 0.0468, 0.0054]",0.5410993060584864,0.48295019236503234,,,,reward missing
dirichlet_74,"[0.3763, 0.2106, 0.0944, 0.1802, 0.1386]",Fair,"alpha=1.0,eps=0.02",OK,"[0.3772, 0.2099, 0.0942, 0.1808, 0.1379]",0.0014442341890764023,0.0013015246563265214,,,,reward missing
dirichlet_74,"[0.3763, 0.2106, 0.0944, 0.1802, 0.1386]",Fair,"alpha=1.0,eps=0.05",OK,"[0.3786, 0.2089, 0.094, 0.1816, 0.137]",0.0036105864354857636,0.0032538125117496587,,,,reward missing
dirichlet_74,"[0.3763, 0.2106, 0.0944, 0.1802, 0.1386]",Fair,"alpha=1.0,eps=0.1",OK,"[0.3809, 0.2072, 0.0935, 0.183, 0.1354]",0.007221173714664375,0.006507625777182292,,,,reward missing
dirichlet_74,"[0.3763, 0.2106, 0.0944, 0.1802, 0.1386]",Fair,"alpha=2.0,eps=0.02",OK,"[0.3767, 0.2102, 0.0943, 0.1805, 0.1383]",0.0007207129109208379,0.00064953825837048,,,,reward missing
dirichlet_74,"[0.3763, 0.2106, 0.0944, 0.1802, 0.1386]",Fair,"alpha=2.0,eps=0.05",OK,"[0.3774, 0.2097, 0.0942, 0.1809, 0.1378]",0.001801782021675755,0.0016238454124307825,,,,reward missing
dirichlet_74,"[0.3763, 0.2106, 0.0944, 0.1802, 0.1386]",Fair,"alpha=2.0,eps=0.1",OK,"[0.3786, 0.2089, 0.094, 0.1816, 0.137]",0.003603564335046466,0.0032476910916629164,,,,reward missing
